
/Users/vladistone/MyTools/Pico/projects/DX7_RP2350/build/dx7_tft_interface.elf:     file format elf32-littlearm

Sections:
Idx Name          Size      VMA       LMA       File off  Algn
  0 .text         00005a3c  10000000  10000000  00001000  2**3
                  CONTENTS, ALLOC, LOAD, READONLY, CODE
  1 .rodata       0000060c  10005a3c  10005a3c  00006a3c  2**2
                  CONTENTS, ALLOC, LOAD, READONLY, DATA
  2 .ARM.exidx    00000008  10006048  10006048  00007048  2**2
                  CONTENTS, ALLOC, LOAD, READONLY, DATA
  3 .binary_info  00000020  10006050  10006050  00007050  2**2
                  CONTENTS, ALLOC, LOAD, READONLY, DATA
  4 .psram_load   00000000  11000000  11000000  000087a8  2**0
                  CONTENTS
  5 .psram_noload 00000000  11000000  11000000  000087a8  2**0
                  CONTENTS
  6 .xip_ram      00000000  13ffc000  13ffc000  000087a8  2**0
                  CONTENTS
  7 .ram_vector_table 00000110  20000000  20000000  00009000  2**2
                  ALLOC
  8 .uninitialized_data 00000000  20000110  20000110  000087a8  2**0
                  CONTENTS
  9 .data         00000724  20000110  10006070  00007110  2**3
                  CONTENTS, ALLOC, LOAD, READONLY, CODE
 10 .tdata        00000000  20000834  20000834  000087a8  2**0
                  CONTENTS, ALLOC, LOAD, DATA, THREAD_LOCAL
 11 .tbss         00000000  20000834  20000834  00000000  2**0
                  ALLOC, THREAD_LOCAL
 12 .tbss_space   00000000  20000834  20000834  000087a8  2**0
                  CONTENTS
 13 .bss          000007e4  20000838  10006794  00008838  2**3
                  ALLOC
 14 .tls0         00000000  2000101c  2000101c  000087a8  2**0
                  CONTENTS
 15 .tls1         00000000  2000101c  2000101c  000087a8  2**0
                  CONTENTS
 16 .persistent_data 00000000  2000101c  2000101c  000087a8  2**0
                  CONTENTS
 17 .dummy_pre_heap 00000000  2000101c  2000101c  000087a8  2**0
                  CONTENTS
 18 .heap         00000800  2000101c  2000101c  00009000  2**2
                  ALLOC, READONLY
 19 .scratch_x    00000000  20080000  20080000  000087a8  2**0
                  CONTENTS
 20 .scratch_y    00000000  20081000  20081000  000087a8  2**0
                  CONTENTS
 21 .stack_dummy  00000800  20081000  20081000  00009000  2**5
                  ALLOC, READONLY
 22 .flash_end    00000014  10006794  10006794  00008794  2**2
                  CONTENTS, ALLOC, LOAD, READONLY, DATA
 23 .debug_info   000431c0  00000000  00000000  000087a8  2**0
                  CONTENTS, READONLY, DEBUGGING, OCTETS
 24 .debug_abbrev 0000915d  00000000  00000000  0004b968  2**0
                  CONTENTS, READONLY, DEBUGGING, OCTETS
 25 .debug_loclists 0001f325  00000000  00000000  00054ac5  2**0
                  CONTENTS, READONLY, DEBUGGING, OCTETS
 26 .debug_aranges 000012c8  00000000  00000000  00073df0  2**3
                  CONTENTS, READONLY, DEBUGGING, OCTETS
 27 .debug_rnglists 00004e60  00000000  00000000  000750b8  2**0
                  CONTENTS, READONLY, DEBUGGING, OCTETS
 28 .debug_line   0002718b  00000000  00000000  00079f18  2**0
                  CONTENTS, READONLY, DEBUGGING, OCTETS
 29 .debug_str    00009aba  00000000  00000000  000a10a3  2**0
                  CONTENTS, READONLY, DEBUGGING, OCTETS
 30 .comment      00000038  00000000  00000000  000aab5d  2**0
                  CONTENTS, READONLY
 31 .ARM.attributes 00000036  00000000  00000000  000aab95  2**0
                  CONTENTS, READONLY
 32 .debug_frame  000034c4  00000000  00000000  000aabcc  2**2
                  CONTENTS, READONLY, DEBUGGING, OCTETS
 33 .debug_line_str 000000d7  00000000  00000000  000ae090  2**0
                  CONTENTS, READONLY, DEBUGGING, OCTETS

/Users/vladistone/MyTools/Pico/projects/DX7_RP2350/build/dx7_tft_interface.elf:     file format elf32-littlearm


Disassembly of section .text:

10000000 <__VECTOR_TABLE>:
10000000:	20082000 	.word	0x20082000
10000004:	1000015b 	.word	0x1000015b
10000008:	1000011b 	.word	0x1000011b
1000000c:	1000011d 	.word	0x1000011d
10000010:	10000111 	.word	0x10000111
10000014:	10000111 	.word	0x10000111
10000018:	10000111 	.word	0x10000111
1000001c:	10000111 	.word	0x10000111
10000020:	10000119 	.word	0x10000119
10000024:	10000119 	.word	0x10000119
10000028:	10000119 	.word	0x10000119
1000002c:	1000011f 	.word	0x1000011f
10000030:	10000111 	.word	0x10000111
10000034:	10000119 	.word	0x10000119
10000038:	10000121 	.word	0x10000121
1000003c:	10000123 	.word	0x10000123
10000040:	10000111 	.word	0x10000111
10000044:	10000111 	.word	0x10000111
10000048:	10000111 	.word	0x10000111
1000004c:	10000111 	.word	0x10000111
10000050:	10000111 	.word	0x10000111
10000054:	10000111 	.word	0x10000111
10000058:	10000111 	.word	0x10000111
1000005c:	10000111 	.word	0x10000111
10000060:	10000111 	.word	0x10000111
10000064:	10000111 	.word	0x10000111
10000068:	10000111 	.word	0x10000111
1000006c:	10000111 	.word	0x10000111
10000070:	10000111 	.word	0x10000111
10000074:	10000111 	.word	0x10000111
10000078:	10000111 	.word	0x10000111
1000007c:	10000111 	.word	0x10000111
10000080:	10000111 	.word	0x10000111
10000084:	10000111 	.word	0x10000111
10000088:	10000111 	.word	0x10000111
1000008c:	10000111 	.word	0x10000111
10000090:	10000111 	.word	0x10000111
10000094:	10000111 	.word	0x10000111
10000098:	10000111 	.word	0x10000111
1000009c:	10000111 	.word	0x10000111
100000a0:	10000111 	.word	0x10000111
100000a4:	10000111 	.word	0x10000111
100000a8:	10000111 	.word	0x10000111
100000ac:	10000111 	.word	0x10000111
100000b0:	10000111 	.word	0x10000111
100000b4:	10000111 	.word	0x10000111
100000b8:	10000111 	.word	0x10000111
100000bc:	10000111 	.word	0x10000111
100000c0:	10000111 	.word	0x10000111
100000c4:	10000111 	.word	0x10000111
100000c8:	10000111 	.word	0x10000111
100000cc:	10000111 	.word	0x10000111
100000d0:	10000111 	.word	0x10000111
100000d4:	10000111 	.word	0x10000111
100000d8:	10000111 	.word	0x10000111
100000dc:	10000111 	.word	0x10000111
100000e0:	10000111 	.word	0x10000111
100000e4:	10000111 	.word	0x10000111
100000e8:	10000111 	.word	0x10000111
100000ec:	10000111 	.word	0x10000111
100000f0:	10000111 	.word	0x10000111
100000f4:	10000111 	.word	0x10000111
100000f8:	10000111 	.word	0x10000111
100000fc:	10000111 	.word	0x10000111
10000100:	10000111 	.word	0x10000111
10000104:	10000111 	.word	0x10000111
10000108:	10000111 	.word	0x10000111
1000010c:	10000111 	.word	0x10000111

10000110 <__unhandled_user_irq>:
10000110:	f3ef 8005 	mrs	r0, IPSR
10000114:	3810      	subs	r0, #16

10000116 <unhandled_user_irq_num_in_r0>:
10000116:	be00      	bkpt	0x0000

10000118 <isr_invalid>:
10000118:	be00      	bkpt	0x0000

1000011a <isr_nmi>:
1000011a:	be00      	bkpt	0x0000

1000011c <isr_hardfault>:
1000011c:	be00      	bkpt	0x0000

1000011e <isr_svcall>:
1000011e:	be00      	bkpt	0x0000

10000120 <isr_pendsv>:
10000120:	be00      	bkpt	0x0000

10000122 <isr_systick>:
10000122:	be00      	bkpt	0x0000

10000124 <__default_isrs_end>:
10000124:	7188ebf2 	.word	0x7188ebf2
10000128:	10006050 	.word	0x10006050
1000012c:	10006070 	.word	0x10006070
10000130:	1000019c 	.word	0x1000019c
10000134:	e71aa390 	.word	0xe71aa390

10000138 <__binary_info_header_end>:
10000138:	ffffded3 	.word	0xffffded3
1000013c:	10210142 	.word	0x10210142
10000140:	000001ff 	.word	0x000001ff
10000144:	0000665c 	.word	0x0000665c
10000148:	ab123579 	.word	0xab123579

1000014c <_entry_point>:
1000014c:	2000      	movs	r0, #0

1000014e <_enter_vtable_in_r0>:
1000014e:	491e      	ldr	r1, [pc, #120]	@ (100001c8 <data_cpy_table+0x2c>)
10000150:	6008      	str	r0, [r1, #0]
10000152:	c806      	ldmia	r0!, {r1, r2}
10000154:	f381 8808 	msr	MSP, r1
10000158:	4710      	bx	r2

1000015a <_reset_handler>:
1000015a:	f04f 4050 	mov.w	r0, #3489660928	@ 0xd0000000
1000015e:	6800      	ldr	r0, [r0, #0]
10000160:	b108      	cbz	r0, 10000166 <hold_non_core0_in_bootrom+0x4>

10000162 <hold_non_core0_in_bootrom>:
10000162:	2000      	movs	r0, #0
10000164:	e7f3      	b.n	1000014e <_enter_vtable_in_r0>
10000166:	a40d      	add	r4, pc, #52	@ (adr r4, 1000019c <data_cpy_table>)
10000168:	cc0e      	ldmia	r4!, {r1, r2, r3}
1000016a:	2900      	cmp	r1, #0
1000016c:	d002      	beq.n	10000174 <hold_non_core0_in_bootrom+0x12>
1000016e:	f000 f812 	bl	10000196 <data_cpy>
10000172:	e7f9      	b.n	10000168 <hold_non_core0_in_bootrom+0x6>
10000174:	4915      	ldr	r1, [pc, #84]	@ (100001cc <data_cpy_table+0x30>)
10000176:	4a16      	ldr	r2, [pc, #88]	@ (100001d0 <data_cpy_table+0x34>)
10000178:	2000      	movs	r0, #0
1000017a:	e000      	b.n	1000017e <bss_fill_test>

1000017c <bss_fill_loop>:
1000017c:	c101      	stmia	r1!, {r0}

1000017e <bss_fill_test>:
1000017e:	4291      	cmp	r1, r2
10000180:	d1fc      	bne.n	1000017c <bss_fill_loop>

10000182 <platform_entry>:
10000182:	4914      	ldr	r1, [pc, #80]	@ (100001d4 <data_cpy_table+0x38>)
10000184:	4788      	blx	r1
10000186:	4914      	ldr	r1, [pc, #80]	@ (100001d8 <data_cpy_table+0x3c>)
10000188:	4788      	blx	r1
1000018a:	4914      	ldr	r1, [pc, #80]	@ (100001dc <data_cpy_table+0x40>)
1000018c:	4788      	blx	r1
1000018e:	be00      	bkpt	0x0000
10000190:	e7fd      	b.n	1000018e <platform_entry+0xc>

10000192 <data_cpy_loop>:
10000192:	c901      	ldmia	r1!, {r0}
10000194:	c201      	stmia	r2!, {r0}

10000196 <data_cpy>:
10000196:	429a      	cmp	r2, r3
10000198:	d3fb      	bcc.n	10000192 <data_cpy_loop>

1000019a <data_cpy_done>:
1000019a:	4770      	bx	lr

1000019c <data_cpy_table>:
1000019c:	10006070 	.word	0x10006070
100001a0:	20000110 	.word	0x20000110
100001a4:	20000834 	.word	0x20000834
100001a8:	10006794 	.word	0x10006794
100001ac:	20080000 	.word	0x20080000
100001b0:	20080000 	.word	0x20080000
100001b4:	10006794 	.word	0x10006794
100001b8:	20081000 	.word	0x20081000
100001bc:	20081000 	.word	0x20081000
100001c0:	00000000 	.word	0x00000000
100001c4:	4770      	bx	lr
100001c6:	0000      	.short	0x0000
100001c8:	e000ed08 	.word	0xe000ed08
100001cc:	20000834 	.word	0x20000834
100001d0:	2000101c 	.word	0x2000101c
100001d4:	10002a19 	.word	0x10002a19
100001d8:	100004f5 	.word	0x100004f5
100001dc:	10002a11 	.word	0x10002a11

100001e0 <show_animated_splash>:
100001e0:	e92d 43f0 	stmdb	sp!, {r4, r5, r6, r7, r8, r9, lr}
100001e4:	ed2d 8b08 	vpush	{d8-d11}
100001e8:	2000      	movs	r0, #0
100001ea:	b083      	sub	sp, #12
100001ec:	f000 fc9e 	bl	10000b2c <fill_screen>
100001f0:	f04f 0900 	mov.w	r9, #0
100001f4:	eddf aa85 	vldr	s21, [pc, #532]	@ 1000040c <show_animated_splash+0x22c>
100001f8:	eeb1 aa00 	vmov.f32	s20, #16	@ 0x40800000  4.0
100001fc:	ee07 9a90 	vmov	s15, r9
10000200:	eef8 7ae7 	vcvt.f32.s32	s15, s15
10000204:	2400      	movs	r4, #0
10000206:	239e      	movs	r3, #158	@ 0x9e
10000208:	ee67 7aaa 	vmul.f32	s15, s15, s21
1000020c:	2117      	movs	r1, #23
1000020e:	2051      	movs	r0, #81	@ 0x51
10000210:	461a      	mov	r2, r3
10000212:	9400      	str	r4, [sp, #0]
10000214:	ee17 6a90 	vmov	r6, s15
10000218:	2780      	movs	r7, #128	@ 0x80
1000021a:	f000 fd6d 	bl	10000cf8 <clear_rect>
1000021e:	ee09 4a90 	vmov	s19, r4
10000222:	f8df 81f4 	ldr.w	r8, [pc, #500]	@ 10000418 <show_animated_splash+0x238>
10000226:	2400      	movs	r4, #0
10000228:	eeb3 ba00 	vmov.f32	s22, #48	@ 0x41800000  16.0
1000022c:	f818 5f01 	ldrb.w	r5, [r8, #1]!
10000230:	fa47 f304 	asr.w	r3, r7, r4
10000234:	422b      	tst	r3, r5
10000236:	d03a      	beq.n	100002ae <show_animated_splash+0xce>
10000238:	ee07 4a90 	vmov	s15, r4
1000023c:	eef8 8ae9 	vcvt.f32.s32	s17, s19
10000240:	eeb8 8ae7 	vcvt.f32.s32	s16, s15
10000244:	eef1 7a08 	vmov.f32	s15, #24	@ 0x40c00000  6.0
10000248:	4630      	mov	r0, r6
1000024a:	ee78 8ae7 	vsub.f32	s17, s17, s15
1000024e:	f002 faa2 	bl	10002796 <__wrap_cosf>
10000252:	4603      	mov	r3, r0
10000254:	4630      	mov	r0, r6
10000256:	ee09 3a10 	vmov	s18, r3
1000025a:	f002 fa99 	bl	10002790 <__wrap_sinf>
1000025e:	ee38 8a4a 	vsub.f32	s16, s16, s20
10000262:	ee07 0a10 	vmov	s14, r0
10000266:	ee68 8a8b 	vmul.f32	s17, s17, s22
1000026a:	ee28 8a0b 	vmul.f32	s16, s16, s22
1000026e:	ee67 7a68 	vnmul.f32	s15, s14, s17
10000272:	eee8 7a09 	vfma.f32	s15, s16, s18
10000276:	eefd 7ae7 	vcvt.s32.f32	s15, s15
1000027a:	ee17 0a90 	vmov	r0, s15
1000027e:	309a      	adds	r0, #154	@ 0x9a
10000280:	f5b0 7f9a 	cmp.w	r0, #308	@ 0x134
10000284:	d813      	bhi.n	100002ae <show_animated_splash+0xce>
10000286:	ee28 8a07 	vmul.f32	s16, s16, s14
1000028a:	eea8 8a89 	vfma.f32	s16, s17, s18
1000028e:	eebd 8ac8 	vcvt.s32.f32	s16, s16
10000292:	ee18 1a10 	vmov	r1, s16
10000296:	3160      	adds	r1, #96	@ 0x60
10000298:	29c1      	cmp	r1, #193	@ 0xc1
1000029a:	b280      	uxth	r0, r0
1000029c:	b289      	uxth	r1, r1
1000029e:	d806      	bhi.n	100002ae <show_animated_splash+0xce>
100002a0:	f240 72ff 	movw	r2, #2047	@ 0x7ff
100002a4:	230c      	movs	r3, #12
100002a6:	9200      	str	r2, [sp, #0]
100002a8:	461a      	mov	r2, r3
100002aa:	f000 fd25 	bl	10000cf8 <clear_rect>
100002ae:	3401      	adds	r4, #1
100002b0:	2c08      	cmp	r4, #8
100002b2:	d1bd      	bne.n	10000230 <show_animated_splash+0x50>
100002b4:	ee19 3a90 	vmov	r3, s19
100002b8:	3301      	adds	r3, #1
100002ba:	2b0c      	cmp	r3, #12
100002bc:	ee09 3a90 	vmov	s19, r3
100002c0:	d1b1      	bne.n	10000226 <show_animated_splash+0x46>
100002c2:	201e      	movs	r0, #30
100002c4:	f109 0901 	add.w	r9, r9, #1
100002c8:	f001 fe50 	bl	10001f6c <sleep_ms>
100002cc:	f1b9 0f18 	cmp.w	r9, #24
100002d0:	d194      	bne.n	100001fc <show_animated_splash+0x1c>
100002d2:	2000      	movs	r0, #0
100002d4:	f000 fc2a 	bl	10000b2c <fill_screen>
100002d8:	f241 0482 	movw	r4, #4226	@ 0x1082
100002dc:	2703      	movs	r7, #3
100002de:	2600      	movs	r6, #0
100002e0:	f8df 812c 	ldr.w	r8, [pc, #300]	@ 10000410 <show_animated_splash+0x230>
100002e4:	4623      	mov	r3, r4
100002e6:	4642      	mov	r2, r8
100002e8:	211e      	movs	r1, #30
100002ea:	204f      	movs	r0, #79	@ 0x4f
100002ec:	f241 0582 	movw	r5, #4226	@ 0x1082
100002f0:	e9cd 6700 	strd	r6, r7, [sp]
100002f4:	f000 ff06 	bl	10001104 <draw_text_scaled>
100002f8:	2032      	movs	r0, #50	@ 0x32
100002fa:	f001 fe37 	bl	10001f6c <sleep_ms>
100002fe:	f24b 5396 	movw	r3, #46486	@ 0xb596
10000302:	442c      	add	r4, r5
10000304:	b2a4      	uxth	r4, r4
10000306:	429c      	cmp	r4, r3
10000308:	d1ec      	bne.n	100002e4 <show_animated_splash+0x104>
1000030a:	e9cd 6700 	strd	r6, r7, [sp]
1000030e:	f64f 73ff 	movw	r3, #65535	@ 0xffff
10000312:	211e      	movs	r1, #30
10000314:	204f      	movs	r0, #79	@ 0x4f
10000316:	4a3e      	ldr	r2, [pc, #248]	@ (10000410 <show_animated_splash+0x230>)
10000318:	f000 fef4 	bl	10001104 <draw_text_scaled>
1000031c:	20c8      	movs	r0, #200	@ 0xc8
1000031e:	f001 fe25 	bl	10001f6c <sleep_ms>
10000322:	2705      	movs	r7, #5
10000324:	2600      	movs	r6, #0
10000326:	f8df 80ec 	ldr.w	r8, [pc, #236]	@ 10000414 <show_animated_splash+0x234>
1000032a:	462b      	mov	r3, r5
1000032c:	4642      	mov	r2, r8
1000032e:	2156      	movs	r1, #86	@ 0x56
10000330:	205e      	movs	r0, #94	@ 0x5e
10000332:	f241 0482 	movw	r4, #4226	@ 0x1082
10000336:	e9cd 6700 	strd	r6, r7, [sp]
1000033a:	f000 fee3 	bl	10001104 <draw_text_scaled>
1000033e:	2032      	movs	r0, #50	@ 0x32
10000340:	f001 fe14 	bl	10001f6c <sleep_ms>
10000344:	f24b 5396 	movw	r3, #46486	@ 0xb596
10000348:	4425      	add	r5, r4
1000034a:	b2ad      	uxth	r5, r5
1000034c:	429d      	cmp	r5, r3
1000034e:	d1ec      	bne.n	1000032a <show_animated_splash+0x14a>
10000350:	f64f 73ff 	movw	r3, #65535	@ 0xffff
10000354:	2156      	movs	r1, #86	@ 0x56
10000356:	205e      	movs	r0, #94	@ 0x5e
10000358:	e9cd 6700 	strd	r6, r7, [sp]
1000035c:	4a2d      	ldr	r2, [pc, #180]	@ (10000414 <show_animated_splash+0x234>)
1000035e:	f000 fed1 	bl	10001104 <draw_text_scaled>
10000362:	f44f 7096 	mov.w	r0, #300	@ 0x12c
10000366:	f001 fe01 	bl	10001f6c <sleep_ms>
1000036a:	2608      	movs	r6, #8
1000036c:	2500      	movs	r5, #0
1000036e:	0863      	lsrs	r3, r4, #1
10000370:	2237      	movs	r2, #55	@ 0x37
10000372:	213e      	movs	r1, #62	@ 0x3e
10000374:	20c6      	movs	r0, #198	@ 0xc6
10000376:	e9cd 5600 	strd	r5, r6, [sp]
1000037a:	f000 fd7b 	bl	10000e74 <draw_char_scaled>
1000037e:	2032      	movs	r0, #50	@ 0x32
10000380:	f001 fdf4 	bl	10001f6c <sleep_ms>
10000384:	f249 4392 	movw	r3, #38034	@ 0x9492
10000388:	f504 5484 	add.w	r4, r4, #4224	@ 0x1080
1000038c:	3402      	adds	r4, #2
1000038e:	b2a4      	uxth	r4, r4
10000390:	429c      	cmp	r4, r3
10000392:	d1ec      	bne.n	1000036e <show_animated_splash+0x18e>
10000394:	2400      	movs	r4, #0
10000396:	e9cd 5600 	strd	r5, r6, [sp]
1000039a:	f240 73ff 	movw	r3, #2047	@ 0x7ff
1000039e:	2237      	movs	r2, #55	@ 0x37
100003a0:	213e      	movs	r1, #62	@ 0x3e
100003a2:	20c6      	movs	r0, #198	@ 0xc6
100003a4:	f000 fd66 	bl	10000e74 <draw_char_scaled>
100003a8:	2508      	movs	r5, #8
100003aa:	4626      	mov	r6, r4
100003ac:	f44f 7096 	mov.w	r0, #300	@ 0x12c
100003b0:	f001 fddc 	bl	10001f6c <sleep_ms>
100003b4:	f014 0701 	ands.w	r7, r4, #1
100003b8:	d112      	bne.n	100003e0 <show_animated_splash+0x200>
100003ba:	f240 73ff 	movw	r3, #2047	@ 0x7ff
100003be:	2237      	movs	r2, #55	@ 0x37
100003c0:	213e      	movs	r1, #62	@ 0x3e
100003c2:	20c6      	movs	r0, #198	@ 0xc6
100003c4:	e9cd 7500 	strd	r7, r5, [sp]
100003c8:	f000 fd54 	bl	10000e74 <draw_char_scaled>
100003cc:	2c02      	cmp	r4, #2
100003ce:	d014      	beq.n	100003fa <show_animated_splash+0x21a>
100003d0:	2401      	movs	r4, #1
100003d2:	f44f 7096 	mov.w	r0, #300	@ 0x12c
100003d6:	f001 fdc9 	bl	10001f6c <sleep_ms>
100003da:	f014 0701 	ands.w	r7, r4, #1
100003de:	d0ec      	beq.n	100003ba <show_animated_splash+0x1da>
100003e0:	f44f 63fc 	mov.w	r3, #2016	@ 0x7e0
100003e4:	2237      	movs	r2, #55	@ 0x37
100003e6:	213e      	movs	r1, #62	@ 0x3e
100003e8:	20c6      	movs	r0, #198	@ 0xc6
100003ea:	e9cd 6500 	strd	r6, r5, [sp]
100003ee:	f000 fd41 	bl	10000e74 <draw_char_scaled>
100003f2:	2c02      	cmp	r4, #2
100003f4:	d001      	beq.n	100003fa <show_animated_splash+0x21a>
100003f6:	2402      	movs	r4, #2
100003f8:	e7d8      	b.n	100003ac <show_animated_splash+0x1cc>
100003fa:	f44f 707a 	mov.w	r0, #1000	@ 0x3e8
100003fe:	b003      	add	sp, #12
10000400:	ecbd 8b08 	vpop	{d8-d11}
10000404:	e8bd 43f0 	ldmia.w	sp!, {r4, r5, r6, r7, r8, r9, lr}
10000408:	f001 bdb0 	b.w	10001f6c <sleep_ms>
1000040c:	3e860a8b 	.word	0x3e860a8b
10000410:	10005a3c 	.word	0x10005a3c
10000414:	10005a44 	.word	0x10005a44
10000418:	10005c9f 	.word	0x10005c9f

1000041c <run_system_config_mode>:
1000041c:	b5f0      	push	{r4, r5, r6, r7, lr}
1000041e:	f04f 4450 	mov.w	r4, #3489660928	@ 0xd0000000
10000422:	6863      	ldr	r3, [r4, #4]
10000424:	b083      	sub	sp, #12
10000426:	021e      	lsls	r6, r3, #8
10000428:	d405      	bmi.n	10000436 <run_system_config_mode+0x1a>
1000042a:	200a      	movs	r0, #10
1000042c:	f001 fd9e 	bl	10001f6c <sleep_ms>
10000430:	6863      	ldr	r3, [r4, #4]
10000432:	021d      	lsls	r5, r3, #8
10000434:	d5f9      	bpl.n	1000042a <run_system_config_mode+0xe>
10000436:	2502      	movs	r5, #2
10000438:	241f      	movs	r4, #31
1000043a:	201e      	movs	r0, #30
1000043c:	f001 fd96 	bl	10001f6c <sleep_ms>
10000440:	201f      	movs	r0, #31
10000442:	f000 fb73 	bl	10000b2c <fill_screen>
10000446:	e9cd 4500 	strd	r4, r5, [sp]
1000044a:	f64f 73ff 	movw	r3, #65535	@ 0xffff
1000044e:	211e      	movs	r1, #30
10000450:	200f      	movs	r0, #15
10000452:	4a25      	ldr	r2, [pc, #148]	@ (100004e8 <run_system_config_mode+0xcc>)
10000454:	f000 fe56 	bl	10001104 <draw_text_scaled>
10000458:	e9cd 4500 	strd	r4, r5, [sp]
1000045c:	f64f 73e0 	movw	r3, #65504	@ 0xffe0
10000460:	2150      	movs	r1, #80	@ 0x50
10000462:	200f      	movs	r0, #15
10000464:	4a21      	ldr	r2, [pc, #132]	@ (100004ec <run_system_config_mode+0xd0>)
10000466:	f000 fe4d 	bl	10001104 <draw_text_scaled>
1000046a:	e9cd 4500 	strd	r4, r5, [sp]
1000046e:	f64f 73e0 	movw	r3, #65504	@ 0xffe0
10000472:	216e      	movs	r1, #110	@ 0x6e
10000474:	200f      	movs	r0, #15
10000476:	4a1e      	ldr	r2, [pc, #120]	@ (100004f0 <run_system_config_mode+0xd4>)
10000478:	f000 fe44 	bl	10001104 <draw_text_scaled>
1000047c:	2400      	movs	r4, #0
1000047e:	2718      	movs	r7, #24
10000480:	2619      	movs	r6, #25
10000482:	f04f 4550 	mov.w	r5, #3489660928	@ 0xd0000000
10000486:	e002      	b.n	1000048e <run_system_config_mode+0x72>
10000488:	20c8      	movs	r0, #200	@ 0xc8
1000048a:	f001 fd6f 	bl	10001f6c <sleep_ms>
1000048e:	ec44 7040 	gpioc_bit_out_put r7, r4
10000492:	f084 0401 	eor.w	r4, r4, #1
10000496:	ec44 6040 	gpioc_bit_out_put r6, r4
1000049a:	686b      	ldr	r3, [r5, #4]
1000049c:	0218      	lsls	r0, r3, #8
1000049e:	d4f3      	bmi.n	10000488 <run_system_config_mode+0x6c>
100004a0:	201e      	movs	r0, #30
100004a2:	f001 fd63 	bl	10001f6c <sleep_ms>
100004a6:	686b      	ldr	r3, [r5, #4]
100004a8:	0219      	lsls	r1, r3, #8
100004aa:	d4ed      	bmi.n	10000488 <run_system_config_mode+0x6c>
100004ac:	686b      	ldr	r3, [r5, #4]
100004ae:	021a      	lsls	r2, r3, #8
100004b0:	d407      	bmi.n	100004c2 <run_system_config_mode+0xa6>
100004b2:	f04f 4450 	mov.w	r4, #3489660928	@ 0xd0000000
100004b6:	200a      	movs	r0, #10
100004b8:	f001 fd58 	bl	10001f6c <sleep_ms>
100004bc:	6863      	ldr	r3, [r4, #4]
100004be:	021b      	lsls	r3, r3, #8
100004c0:	d5f9      	bpl.n	100004b6 <run_system_config_mode+0x9a>
100004c2:	201e      	movs	r0, #30
100004c4:	f001 fd52 	bl	10001f6c <sleep_ms>
100004c8:	2318      	movs	r3, #24
100004ca:	f04f 0201 	mov.w	r2, #1
100004ce:	ec42 3040 	gpioc_bit_out_put r3, r2
100004d2:	2319      	movs	r3, #25
100004d4:	f04f 0200 	mov.w	r2, #0
100004d8:	ec42 3040 	gpioc_bit_out_put r3, r2
100004dc:	2000      	movs	r0, #0
100004de:	b003      	add	sp, #12
100004e0:	e8bd 40f0 	ldmia.w	sp!, {r4, r5, r6, r7, lr}
100004e4:	f000 bb22 	b.w	10000b2c <fill_screen>
100004e8:	10005a48 	.word	0x10005a48
100004ec:	10005a54 	.word	0x10005a54
100004f0:	10005a60 	.word	0x10005a60

100004f4 <main>:
100004f4:	b5f8      	push	{r3, r4, r5, r6, r7, lr}
100004f6:	f002 fb8b 	bl	10002c10 <stdio_init_all>
100004fa:	2018      	movs	r0, #24
100004fc:	f000 fe72 	bl	100011e4 <gpio_init>
10000500:	2518      	movs	r5, #24
10000502:	f04f 0401 	mov.w	r4, #1
10000506:	ec44 5044 	gpioc_bit_oe_put r5, r4
1000050a:	2019      	movs	r0, #25
1000050c:	f000 fe6a 	bl	100011e4 <gpio_init>
10000510:	2319      	movs	r3, #25
10000512:	ec44 3044 	gpioc_bit_oe_put r3, r4
10000516:	2405      	movs	r4, #5
10000518:	f04f 0700 	mov.w	r7, #0
1000051c:	f04f 0601 	mov.w	r6, #1
10000520:	ec46 5040 	gpioc_bit_out_put r5, r6
10000524:	2064      	movs	r0, #100	@ 0x64
10000526:	f001 fd21 	bl	10001f6c <sleep_ms>
1000052a:	ec47 5040 	gpioc_bit_out_put r5, r7
1000052e:	2064      	movs	r0, #100	@ 0x64
10000530:	f001 fd1c 	bl	10001f6c <sleep_ms>
10000534:	3c01      	subs	r4, #1
10000536:	d1f1      	bne.n	1000051c <main+0x28>
10000538:	ec46 5040 	gpioc_bit_out_put r5, r6
1000053c:	f000 f98c 	bl	10000858 <tft_init_interface>
10000540:	2017      	movs	r0, #23
10000542:	f000 fe4f 	bl	100011e4 <gpio_init>
10000546:	2017      	movs	r0, #23
10000548:	ec47 0044 	gpioc_bit_oe_put r0, r7
1000054c:	4622      	mov	r2, r4
1000054e:	f04f 4450 	mov.w	r4, #3489660928	@ 0xd0000000
10000552:	2101      	movs	r1, #1
10000554:	f000 fe22 	bl	1000119c <gpio_set_pulls>
10000558:	6863      	ldr	r3, [r4, #4]
1000055a:	0218      	lsls	r0, r3, #8
1000055c:	d521      	bpl.n	100005a2 <main+0xae>
1000055e:	f7ff fe3f 	bl	100001e0 <show_animated_splash>
10000562:	f04f 0601 	mov.w	r6, #1
10000566:	f04f 0500 	mov.w	r5, #0
1000056a:	e00c      	b.n	10000586 <main+0x92>
1000056c:	2419      	movs	r4, #25
1000056e:	ec46 4040 	gpioc_bit_out_put r4, r6
10000572:	f44f 70fa 	mov.w	r0, #500	@ 0x1f4
10000576:	f001 fcf9 	bl	10001f6c <sleep_ms>
1000057a:	ec45 4040 	gpioc_bit_out_put r4, r5
1000057e:	f44f 70fa 	mov.w	r0, #500	@ 0x1f4
10000582:	f001 fcf3 	bl	10001f6c <sleep_ms>
10000586:	f04f 4450 	mov.w	r4, #3489660928	@ 0xd0000000
1000058a:	6863      	ldr	r3, [r4, #4]
1000058c:	021a      	lsls	r2, r3, #8
1000058e:	d4ed      	bmi.n	1000056c <main+0x78>
10000590:	201e      	movs	r0, #30
10000592:	f001 fceb 	bl	10001f6c <sleep_ms>
10000596:	6863      	ldr	r3, [r4, #4]
10000598:	021b      	lsls	r3, r3, #8
1000059a:	d4e7      	bmi.n	1000056c <main+0x78>
1000059c:	f7ff ff3e 	bl	1000041c <run_system_config_mode>
100005a0:	e7e4      	b.n	1000056c <main+0x78>
100005a2:	201e      	movs	r0, #30
100005a4:	f001 fce2 	bl	10001f6c <sleep_ms>
100005a8:	6863      	ldr	r3, [r4, #4]
100005aa:	0219      	lsls	r1, r3, #8
100005ac:	d4d7      	bmi.n	1000055e <main+0x6a>
100005ae:	f7ff ff35 	bl	1000041c <run_system_config_mode>
100005b2:	e7d4      	b.n	1000055e <main+0x6a>

100005b4 <st7789_init_registers>:
100005b4:	e92d 41f0 	stmdb	sp!, {r4, r5, r6, r7, r8, lr}
100005b8:	2401      	movs	r4, #1
100005ba:	b082      	sub	sp, #8
100005bc:	f88d 4007 	strb.w	r4, [sp, #7]
100005c0:	bf00      	nop
100005c2:	2700      	movs	r7, #0
100005c4:	ec47 7040 	gpioc_bit_out_put r7, r7
100005c8:	ec47 4040 	gpioc_bit_out_put r4, r7
100005cc:	bf00      	nop
100005ce:	f8df 8284 	ldr.w	r8, [pc, #644]	@ 10000854 <st7789_init_registers+0x2a0>
100005d2:	4622      	mov	r2, r4
100005d4:	4640      	mov	r0, r8
100005d6:	f10d 0107 	add.w	r1, sp, #7
100005da:	f005 f9fd 	bl	100059d8 <__spi_write_blocking_veneer>
100005de:	bf00      	nop
100005e0:	ec44 4040 	gpioc_bit_out_put r4, r4
100005e4:	2037      	movs	r0, #55	@ 0x37
100005e6:	f001 fcc1 	bl	10001f6c <sleep_ms>
100005ea:	2311      	movs	r3, #17
100005ec:	f88d 3007 	strb.w	r3, [sp, #7]
100005f0:	bf00      	nop
100005f2:	ec47 7040 	gpioc_bit_out_put r7, r7
100005f6:	ec47 4040 	gpioc_bit_out_put r4, r7
100005fa:	bf00      	nop
100005fc:	4622      	mov	r2, r4
100005fe:	4640      	mov	r0, r8
10000600:	f10d 0107 	add.w	r1, sp, #7
10000604:	f005 f9e8 	bl	100059d8 <__spi_write_blocking_veneer>
10000608:	bf00      	nop
1000060a:	ec44 4040 	gpioc_bit_out_put r4, r4
1000060e:	2037      	movs	r0, #55	@ 0x37
10000610:	f001 fcac 	bl	10001f6c <sleep_ms>
10000614:	233a      	movs	r3, #58	@ 0x3a
10000616:	f88d 3007 	strb.w	r3, [sp, #7]
1000061a:	bf00      	nop
1000061c:	ec47 7040 	gpioc_bit_out_put r7, r7
10000620:	ec47 4040 	gpioc_bit_out_put r4, r7
10000624:	bf00      	nop
10000626:	4622      	mov	r2, r4
10000628:	4640      	mov	r0, r8
1000062a:	f10d 0107 	add.w	r1, sp, #7
1000062e:	f005 f9d3 	bl	100059d8 <__spi_write_blocking_veneer>
10000632:	bf00      	nop
10000634:	ec44 4040 	gpioc_bit_out_put r4, r4
10000638:	2355      	movs	r3, #85	@ 0x55
1000063a:	f88d 3007 	strb.w	r3, [sp, #7]
1000063e:	bf00      	nop
10000640:	ec44 7040 	gpioc_bit_out_put r7, r4
10000644:	ec47 4040 	gpioc_bit_out_put r4, r7
10000648:	bf00      	nop
1000064a:	4622      	mov	r2, r4
1000064c:	4640      	mov	r0, r8
1000064e:	f10d 0107 	add.w	r1, sp, #7
10000652:	f005 f9c1 	bl	100059d8 <__spi_write_blocking_veneer>
10000656:	bf00      	nop
10000658:	ec44 4040 	gpioc_bit_out_put r4, r4
1000065c:	2336      	movs	r3, #54	@ 0x36
1000065e:	f88d 3007 	strb.w	r3, [sp, #7]
10000662:	bf00      	nop
10000664:	ec47 7040 	gpioc_bit_out_put r7, r7
10000668:	ec47 4040 	gpioc_bit_out_put r4, r7
1000066c:	bf00      	nop
1000066e:	4622      	mov	r2, r4
10000670:	4640      	mov	r0, r8
10000672:	f10d 0107 	add.w	r1, sp, #7
10000676:	f005 f9af 	bl	100059d8 <__spi_write_blocking_veneer>
1000067a:	bf00      	nop
1000067c:	ec44 4040 	gpioc_bit_out_put r4, r4
10000680:	2360      	movs	r3, #96	@ 0x60
10000682:	f88d 3007 	strb.w	r3, [sp, #7]
10000686:	bf00      	nop
10000688:	ec44 7040 	gpioc_bit_out_put r7, r4
1000068c:	ec47 4040 	gpioc_bit_out_put r4, r7
10000690:	bf00      	nop
10000692:	4622      	mov	r2, r4
10000694:	4640      	mov	r0, r8
10000696:	f10d 0107 	add.w	r1, sp, #7
1000069a:	f005 f99d 	bl	100059d8 <__spi_write_blocking_veneer>
1000069e:	bf00      	nop
100006a0:	ec44 4040 	gpioc_bit_out_put r4, r4
100006a4:	2321      	movs	r3, #33	@ 0x21
100006a6:	f88d 3007 	strb.w	r3, [sp, #7]
100006aa:	bf00      	nop
100006ac:	ec47 7040 	gpioc_bit_out_put r7, r7
100006b0:	ec47 4040 	gpioc_bit_out_put r4, r7
100006b4:	bf00      	nop
100006b6:	4622      	mov	r2, r4
100006b8:	4640      	mov	r0, r8
100006ba:	f10d 0107 	add.w	r1, sp, #7
100006be:	f005 f98b 	bl	100059d8 <__spi_write_blocking_veneer>
100006c2:	bf00      	nop
100006c4:	ec44 4040 	gpioc_bit_out_put r4, r4
100006c8:	232a      	movs	r3, #42	@ 0x2a
100006ca:	f88d 3007 	strb.w	r3, [sp, #7]
100006ce:	bf00      	nop
100006d0:	ec47 7040 	gpioc_bit_out_put r7, r7
100006d4:	ec47 4040 	gpioc_bit_out_put r4, r7
100006d8:	bf00      	nop
100006da:	4622      	mov	r2, r4
100006dc:	4640      	mov	r0, r8
100006de:	f10d 0107 	add.w	r1, sp, #7
100006e2:	f005 f979 	bl	100059d8 <__spi_write_blocking_veneer>
100006e6:	bf00      	nop
100006e8:	ec44 4040 	gpioc_bit_out_put r4, r4
100006ec:	f88d 7007 	strb.w	r7, [sp, #7]
100006f0:	bf00      	nop
100006f2:	ec44 7040 	gpioc_bit_out_put r7, r4
100006f6:	ec47 4040 	gpioc_bit_out_put r4, r7
100006fa:	bf00      	nop
100006fc:	4622      	mov	r2, r4
100006fe:	4640      	mov	r0, r8
10000700:	f10d 0107 	add.w	r1, sp, #7
10000704:	f005 f968 	bl	100059d8 <__spi_write_blocking_veneer>
10000708:	bf00      	nop
1000070a:	ec44 4040 	gpioc_bit_out_put r4, r4
1000070e:	f88d 7006 	strb.w	r7, [sp, #6]
10000712:	bf00      	nop
10000714:	ec44 7040 	gpioc_bit_out_put r7, r4
10000718:	ec47 4040 	gpioc_bit_out_put r4, r7
1000071c:	bf00      	nop
1000071e:	4622      	mov	r2, r4
10000720:	4640      	mov	r0, r8
10000722:	f10d 0106 	add.w	r1, sp, #6
10000726:	f005 f957 	bl	100059d8 <__spi_write_blocking_veneer>
1000072a:	bf00      	nop
1000072c:	ec44 4040 	gpioc_bit_out_put r4, r4
10000730:	f88d 4005 	strb.w	r4, [sp, #5]
10000734:	bf00      	nop
10000736:	ec44 7040 	gpioc_bit_out_put r7, r4
1000073a:	ec47 4040 	gpioc_bit_out_put r4, r7
1000073e:	bf00      	nop
10000740:	4622      	mov	r2, r4
10000742:	4640      	mov	r0, r8
10000744:	f10d 0105 	add.w	r1, sp, #5
10000748:	f005 f946 	bl	100059d8 <__spi_write_blocking_veneer>
1000074c:	bf00      	nop
1000074e:	ec44 4040 	gpioc_bit_out_put r4, r4
10000752:	233f      	movs	r3, #63	@ 0x3f
10000754:	f88d 3005 	strb.w	r3, [sp, #5]
10000758:	bf00      	nop
1000075a:	ec44 7040 	gpioc_bit_out_put r7, r4
1000075e:	ec47 4040 	gpioc_bit_out_put r4, r7
10000762:	bf00      	nop
10000764:	4622      	mov	r2, r4
10000766:	4640      	mov	r0, r8
10000768:	f10d 0105 	add.w	r1, sp, #5
1000076c:	f005 f934 	bl	100059d8 <__spi_write_blocking_veneer>
10000770:	bf00      	nop
10000772:	ec44 4040 	gpioc_bit_out_put r4, r4
10000776:	232b      	movs	r3, #43	@ 0x2b
10000778:	f88d 3005 	strb.w	r3, [sp, #5]
1000077c:	bf00      	nop
1000077e:	ec47 7040 	gpioc_bit_out_put r7, r7
10000782:	ec47 4040 	gpioc_bit_out_put r4, r7
10000786:	bf00      	nop
10000788:	4622      	mov	r2, r4
1000078a:	4640      	mov	r0, r8
1000078c:	f10d 0105 	add.w	r1, sp, #5
10000790:	f005 f922 	bl	100059d8 <__spi_write_blocking_veneer>
10000794:	bf00      	nop
10000796:	ec44 4040 	gpioc_bit_out_put r4, r4
1000079a:	f88d 7005 	strb.w	r7, [sp, #5]
1000079e:	bf00      	nop
100007a0:	ec44 7040 	gpioc_bit_out_put r7, r4
100007a4:	ec47 4040 	gpioc_bit_out_put r4, r7
100007a8:	bf00      	nop
100007aa:	4622      	mov	r2, r4
100007ac:	4640      	mov	r0, r8
100007ae:	f10d 0105 	add.w	r1, sp, #5
100007b2:	f005 f911 	bl	100059d8 <__spi_write_blocking_veneer>
100007b6:	bf00      	nop
100007b8:	ec44 4040 	gpioc_bit_out_put r4, r4
100007bc:	f88d 7004 	strb.w	r7, [sp, #4]
100007c0:	bf00      	nop
100007c2:	ec44 7040 	gpioc_bit_out_put r7, r4
100007c6:	ec47 4040 	gpioc_bit_out_put r4, r7
100007ca:	bf00      	nop
100007cc:	4622      	mov	r2, r4
100007ce:	4640      	mov	r0, r8
100007d0:	a901      	add	r1, sp, #4
100007d2:	f005 f901 	bl	100059d8 <__spi_write_blocking_veneer>
100007d6:	bf00      	nop
100007d8:	ec44 4040 	gpioc_bit_out_put r4, r4
100007dc:	f88d 7003 	strb.w	r7, [sp, #3]
100007e0:	bf00      	nop
100007e2:	ec44 7040 	gpioc_bit_out_put r7, r4
100007e6:	ec47 4040 	gpioc_bit_out_put r4, r7
100007ea:	bf00      	nop
100007ec:	4622      	mov	r2, r4
100007ee:	4640      	mov	r0, r8
100007f0:	f10d 0103 	add.w	r1, sp, #3
100007f4:	f005 f8f0 	bl	100059d8 <__spi_write_blocking_veneer>
100007f8:	bf00      	nop
100007fa:	ec44 4040 	gpioc_bit_out_put r4, r4
100007fe:	23cc      	movs	r3, #204	@ 0xcc
10000800:	f88d 3002 	strb.w	r3, [sp, #2]
10000804:	bf00      	nop
10000806:	ec44 7040 	gpioc_bit_out_put r7, r4
1000080a:	ec47 4040 	gpioc_bit_out_put r4, r7
1000080e:	bf00      	nop
10000810:	4622      	mov	r2, r4
10000812:	4640      	mov	r0, r8
10000814:	f10d 0102 	add.w	r1, sp, #2
10000818:	f005 f8de 	bl	100059d8 <__spi_write_blocking_veneer>
1000081c:	bf00      	nop
1000081e:	ec44 4040 	gpioc_bit_out_put r4, r4
10000822:	2329      	movs	r3, #41	@ 0x29
10000824:	f88d 3002 	strb.w	r3, [sp, #2]
10000828:	bf00      	nop
1000082a:	ec47 7040 	gpioc_bit_out_put r7, r7
1000082e:	ec47 4040 	gpioc_bit_out_put r4, r7
10000832:	bf00      	nop
10000834:	4622      	mov	r2, r4
10000836:	4640      	mov	r0, r8
10000838:	f10d 0102 	add.w	r1, sp, #2
1000083c:	f005 f8cc 	bl	100059d8 <__spi_write_blocking_veneer>
10000840:	bf00      	nop
10000842:	ec44 4040 	gpioc_bit_out_put r4, r4
10000846:	2037      	movs	r0, #55	@ 0x37
10000848:	f001 fb90 	bl	10001f6c <sleep_ms>
1000084c:	b002      	add	sp, #8
1000084e:	e8bd 81f0 	ldmia.w	sp!, {r4, r5, r6, r7, r8, pc}
10000852:	bf00      	nop
10000854:	40080000 	.word	0x40080000

10000858 <tft_init_interface>:
10000858:	b5f8      	push	{r3, r4, r5, r6, r7, lr}
1000085a:	200c      	movs	r0, #12
1000085c:	f000 fcc2 	bl	100011e4 <gpio_init>
10000860:	2401      	movs	r4, #1
10000862:	260c      	movs	r6, #12
10000864:	ec44 6044 	gpioc_bit_oe_put r6, r4
10000868:	2000      	movs	r0, #0
1000086a:	f000 fcbb 	bl	100011e4 <gpio_init>
1000086e:	2700      	movs	r7, #0
10000870:	ec44 7044 	gpioc_bit_oe_put r7, r4
10000874:	4620      	mov	r0, r4
10000876:	f000 fcb5 	bl	100011e4 <gpio_init>
1000087a:	ec44 4044 	gpioc_bit_oe_put r4, r4
1000087e:	ec44 4040 	gpioc_bit_out_put r4, r4
10000882:	ec44 6040 	gpioc_bit_out_put r6, r4
10000886:	2064      	movs	r0, #100	@ 0x64
10000888:	f001 fb70 	bl	10001f6c <sleep_ms>
1000088c:	ec47 6040 	gpioc_bit_out_put r6, r7
10000890:	2064      	movs	r0, #100	@ 0x64
10000892:	f001 fb6b 	bl	10001f6c <sleep_ms>
10000896:	ec44 6040 	gpioc_bit_out_put r6, r4
1000089a:	2602      	movs	r6, #2
1000089c:	2064      	movs	r0, #100	@ 0x64
1000089e:	f001 fb65 	bl	10001f6c <sleep_ms>
100008a2:	4d18      	ldr	r5, [pc, #96]	@ (10000904 <tft_init_interface+0xac>)
100008a4:	4621      	mov	r1, r4
100008a6:	2003      	movs	r0, #3
100008a8:	f000 fc5a 	bl	10001160 <gpio_set_function>
100008ac:	4621      	mov	r1, r4
100008ae:	2002      	movs	r0, #2
100008b0:	f000 fc56 	bl	10001160 <gpio_set_function>
100008b4:	4628      	mov	r0, r5
100008b6:	4914      	ldr	r1, [pc, #80]	@ (10000908 <tft_init_interface+0xb0>)
100008b8:	f004 ffd6 	bl	10005868 <spi_init>
100008bc:	2103      	movs	r1, #3
100008be:	4b13      	ldr	r3, [pc, #76]	@ (1000090c <tft_init_interface+0xb4>)
100008c0:	686a      	ldr	r2, [r5, #4]
100008c2:	605e      	str	r6, [r3, #4]
100008c4:	682b      	ldr	r3, [r5, #0]
100008c6:	f8df c04c 	ldr.w	ip, [pc, #76]	@ 10000914 <tft_init_interface+0xbc>
100008ca:	4811      	ldr	r0, [pc, #68]	@ (10000910 <tft_init_interface+0xb8>)
100008cc:	f083 0307 	eor.w	r3, r3, #7
100008d0:	4032      	ands	r2, r6
100008d2:	f003 03cf 	and.w	r3, r3, #207	@ 0xcf
100008d6:	f8cc 3000 	str.w	r3, [ip]
100008da:	6042      	str	r2, [r0, #4]
100008dc:	4608      	mov	r0, r1
100008de:	f000 fc71 	bl	100011c4 <gpio_set_drive_strength>
100008e2:	4630      	mov	r0, r6
100008e4:	2103      	movs	r1, #3
100008e6:	f000 fc6d 	bl	100011c4 <gpio_set_drive_strength>
100008ea:	4638      	mov	r0, r7
100008ec:	2103      	movs	r1, #3
100008ee:	f000 fc69 	bl	100011c4 <gpio_set_drive_strength>
100008f2:	4620      	mov	r0, r4
100008f4:	2103      	movs	r1, #3
100008f6:	f000 fc65 	bl	100011c4 <gpio_set_drive_strength>
100008fa:	e8bd 40f8 	ldmia.w	sp!, {r3, r4, r5, r6, r7, lr}
100008fe:	f7ff be59 	b.w	100005b4 <st7789_init_registers>
10000902:	bf00      	nop
10000904:	40080000 	.word	0x40080000
10000908:	03b9aca0 	.word	0x03b9aca0
1000090c:	40083000 	.word	0x40083000
10000910:	40082000 	.word	0x40082000
10000914:	40081000 	.word	0x40081000

10000918 <draw_rectangle>:
10000918:	e92d 4ff0 	stmdb	sp!, {r4, r5, r6, r7, r8, r9, sl, fp, lr}
1000091c:	b085      	sub	sp, #20
1000091e:	f8bd 4038 	ldrh.w	r4, [sp, #56]	@ 0x38
10000922:	4681      	mov	r9, r0
10000924:	9400      	str	r4, [sp, #0]
10000926:	242a      	movs	r4, #42	@ 0x2a
10000928:	4688      	mov	r8, r1
1000092a:	4616      	mov	r6, r2
1000092c:	469a      	mov	sl, r3
1000092e:	f88d 400f 	strb.w	r4, [sp, #15]
10000932:	bf00      	nop
10000934:	2400      	movs	r4, #0
10000936:	ec44 4040 	gpioc_bit_out_put r4, r4
1000093a:	f04f 0b01 	mov.w	fp, #1
1000093e:	ec44 b040 	gpioc_bit_out_put fp, r4
10000942:	bf00      	nop
10000944:	4878      	ldr	r0, [pc, #480]	@ (10000b28 <draw_rectangle+0x210>)
10000946:	465a      	mov	r2, fp
10000948:	f10d 010f 	add.w	r1, sp, #15
1000094c:	f005 f844 	bl	100059d8 <__spi_write_blocking_veneer>
10000950:	bf00      	nop
10000952:	ec4b b040 	gpioc_bit_out_put fp, fp
10000956:	ea4f 2319 	mov.w	r3, r9, lsr #8
1000095a:	f88d 300f 	strb.w	r3, [sp, #15]
1000095e:	bf00      	nop
10000960:	ec4b 4040 	gpioc_bit_out_put r4, fp
10000964:	ec44 b040 	gpioc_bit_out_put fp, r4
10000968:	bf00      	nop
1000096a:	486f      	ldr	r0, [pc, #444]	@ (10000b28 <draw_rectangle+0x210>)
1000096c:	465a      	mov	r2, fp
1000096e:	f10d 010f 	add.w	r1, sp, #15
10000972:	f005 f831 	bl	100059d8 <__spi_write_blocking_veneer>
10000976:	bf00      	nop
10000978:	ec4b b040 	gpioc_bit_out_put fp, fp
1000097c:	fa5f f389 	uxtb.w	r3, r9
10000980:	f88d 300f 	strb.w	r3, [sp, #15]
10000984:	9301      	str	r3, [sp, #4]
10000986:	bf00      	nop
10000988:	ec4b 4040 	gpioc_bit_out_put r4, fp
1000098c:	ec44 b040 	gpioc_bit_out_put fp, r4
10000990:	bf00      	nop
10000992:	4865      	ldr	r0, [pc, #404]	@ (10000b28 <draw_rectangle+0x210>)
10000994:	465a      	mov	r2, fp
10000996:	f10d 010f 	add.w	r1, sp, #15
1000099a:	f005 f81d 	bl	100059d8 <__spi_write_blocking_veneer>
1000099e:	bf00      	nop
100009a0:	ec4b b040 	gpioc_bit_out_put fp, fp
100009a4:	44b1      	add	r9, r6
100009a6:	f109 39ff 	add.w	r9, r9, #4294967295	@ 0xffffffff
100009aa:	ea4f 2929 	mov.w	r9, r9, asr #8
100009ae:	f88d 900f 	strb.w	r9, [sp, #15]
100009b2:	bf00      	nop
100009b4:	ec4b 4040 	gpioc_bit_out_put r4, fp
100009b8:	ec44 b040 	gpioc_bit_out_put fp, r4
100009bc:	bf00      	nop
100009be:	485a      	ldr	r0, [pc, #360]	@ (10000b28 <draw_rectangle+0x210>)
100009c0:	465a      	mov	r2, fp
100009c2:	f10d 010f 	add.w	r1, sp, #15
100009c6:	f005 f807 	bl	100059d8 <__spi_write_blocking_veneer>
100009ca:	bf00      	nop
100009cc:	ec4b b040 	gpioc_bit_out_put fp, fp
100009d0:	9b01      	ldr	r3, [sp, #4]
100009d2:	1e71      	subs	r1, r6, #1
100009d4:	440b      	add	r3, r1
100009d6:	f88d 300f 	strb.w	r3, [sp, #15]
100009da:	bf00      	nop
100009dc:	ec4b 4040 	gpioc_bit_out_put r4, fp
100009e0:	ec44 b040 	gpioc_bit_out_put fp, r4
100009e4:	bf00      	nop
100009e6:	4850      	ldr	r0, [pc, #320]	@ (10000b28 <draw_rectangle+0x210>)
100009e8:	465a      	mov	r2, fp
100009ea:	f10d 010f 	add.w	r1, sp, #15
100009ee:	f004 fff3 	bl	100059d8 <__spi_write_blocking_veneer>
100009f2:	bf00      	nop
100009f4:	ec4b b040 	gpioc_bit_out_put fp, fp
100009f8:	232b      	movs	r3, #43	@ 0x2b
100009fa:	f88d 300f 	strb.w	r3, [sp, #15]
100009fe:	bf00      	nop
10000a00:	ec44 4040 	gpioc_bit_out_put r4, r4
10000a04:	ec44 b040 	gpioc_bit_out_put fp, r4
10000a08:	bf00      	nop
10000a0a:	4847      	ldr	r0, [pc, #284]	@ (10000b28 <draw_rectangle+0x210>)
10000a0c:	465a      	mov	r2, fp
10000a0e:	f10d 010f 	add.w	r1, sp, #15
10000a12:	f004 ffe1 	bl	100059d8 <__spi_write_blocking_veneer>
10000a16:	bf00      	nop
10000a18:	ec4b b040 	gpioc_bit_out_put fp, fp
10000a1c:	ea4f 2318 	mov.w	r3, r8, lsr #8
10000a20:	f88d 300f 	strb.w	r3, [sp, #15]
10000a24:	bf00      	nop
10000a26:	ec4b 4040 	gpioc_bit_out_put r4, fp
10000a2a:	ec44 b040 	gpioc_bit_out_put fp, r4
10000a2e:	bf00      	nop
10000a30:	483d      	ldr	r0, [pc, #244]	@ (10000b28 <draw_rectangle+0x210>)
10000a32:	465a      	mov	r2, fp
10000a34:	f10d 010f 	add.w	r1, sp, #15
10000a38:	f004 ffce 	bl	100059d8 <__spi_write_blocking_veneer>
10000a3c:	bf00      	nop
10000a3e:	ec4b b040 	gpioc_bit_out_put fp, fp
10000a42:	fa5f f988 	uxtb.w	r9, r8
10000a46:	f88d 900f 	strb.w	r9, [sp, #15]
10000a4a:	bf00      	nop
10000a4c:	ec4b 4040 	gpioc_bit_out_put r4, fp
10000a50:	ec44 b040 	gpioc_bit_out_put fp, r4
10000a54:	bf00      	nop
10000a56:	4834      	ldr	r0, [pc, #208]	@ (10000b28 <draw_rectangle+0x210>)
10000a58:	465a      	mov	r2, fp
10000a5a:	f10d 010f 	add.w	r1, sp, #15
10000a5e:	f004 ffbb 	bl	100059d8 <__spi_write_blocking_veneer>
10000a62:	bf00      	nop
10000a64:	ec4b b040 	gpioc_bit_out_put fp, fp
10000a68:	44d0      	add	r8, sl
10000a6a:	f108 38ff 	add.w	r8, r8, #4294967295	@ 0xffffffff
10000a6e:	ea4f 2828 	mov.w	r8, r8, asr #8
10000a72:	f88d 800f 	strb.w	r8, [sp, #15]
10000a76:	bf00      	nop
10000a78:	ec4b 4040 	gpioc_bit_out_put r4, fp
10000a7c:	ec44 b040 	gpioc_bit_out_put fp, r4
10000a80:	bf00      	nop
10000a82:	4829      	ldr	r0, [pc, #164]	@ (10000b28 <draw_rectangle+0x210>)
10000a84:	465a      	mov	r2, fp
10000a86:	f10d 010f 	add.w	r1, sp, #15
10000a8a:	f004 ffa5 	bl	100059d8 <__spi_write_blocking_veneer>
10000a8e:	bf00      	nop
10000a90:	ec4b b040 	gpioc_bit_out_put fp, fp
10000a94:	f10a 33ff 	add.w	r3, sl, #4294967295	@ 0xffffffff
10000a98:	4499      	add	r9, r3
10000a9a:	f88d 900f 	strb.w	r9, [sp, #15]
10000a9e:	bf00      	nop
10000aa0:	ec4b 4040 	gpioc_bit_out_put r4, fp
10000aa4:	ec44 b040 	gpioc_bit_out_put fp, r4
10000aa8:	bf00      	nop
10000aaa:	481f      	ldr	r0, [pc, #124]	@ (10000b28 <draw_rectangle+0x210>)
10000aac:	465a      	mov	r2, fp
10000aae:	f10d 010f 	add.w	r1, sp, #15
10000ab2:	f004 ff91 	bl	100059d8 <__spi_write_blocking_veneer>
10000ab6:	bf00      	nop
10000ab8:	ec4b b040 	gpioc_bit_out_put fp, fp
10000abc:	232c      	movs	r3, #44	@ 0x2c
10000abe:	f88d 300f 	strb.w	r3, [sp, #15]
10000ac2:	bf00      	nop
10000ac4:	ec44 4040 	gpioc_bit_out_put r4, r4
10000ac8:	ec44 b040 	gpioc_bit_out_put fp, r4
10000acc:	bf00      	nop
10000ace:	4816      	ldr	r0, [pc, #88]	@ (10000b28 <draw_rectangle+0x210>)
10000ad0:	465a      	mov	r2, fp
10000ad2:	f10d 010f 	add.w	r1, sp, #15
10000ad6:	f004 ff7f 	bl	100059d8 <__spi_write_blocking_veneer>
10000ada:	bf00      	nop
10000adc:	ec4b b040 	gpioc_bit_out_put fp, fp
10000ae0:	ec4b 4040 	gpioc_bit_out_put r4, fp
10000ae4:	ec44 b040 	gpioc_bit_out_put fp, r4
10000ae8:	fb0a f606 	mul.w	r6, sl, r6
10000aec:	9b00      	ldr	r3, [sp, #0]
10000aee:	ea4f 2b13 	mov.w	fp, r3, lsr #8
10000af2:	f88d 300f 	strb.w	r3, [sp, #15]
10000af6:	f88d b00e 	strb.w	fp, [sp, #14]
10000afa:	b17e      	cbz	r6, 10000b1c <draw_rectangle+0x204>
10000afc:	4d0a      	ldr	r5, [pc, #40]	@ (10000b28 <draw_rectangle+0x210>)
10000afe:	2201      	movs	r2, #1
10000b00:	f10d 010e 	add.w	r1, sp, #14
10000b04:	4628      	mov	r0, r5
10000b06:	f004 ff67 	bl	100059d8 <__spi_write_blocking_veneer>
10000b0a:	3401      	adds	r4, #1
10000b0c:	2201      	movs	r2, #1
10000b0e:	4628      	mov	r0, r5
10000b10:	f10d 010f 	add.w	r1, sp, #15
10000b14:	f004 ff60 	bl	100059d8 <__spi_write_blocking_veneer>
10000b18:	42a6      	cmp	r6, r4
10000b1a:	d1f0      	bne.n	10000afe <draw_rectangle+0x1e6>
10000b1c:	2301      	movs	r3, #1
10000b1e:	ec43 3040 	gpioc_bit_out_put r3, r3
10000b22:	b005      	add	sp, #20
10000b24:	e8bd 8ff0 	ldmia.w	sp!, {r4, r5, r6, r7, r8, r9, sl, fp, pc}
10000b28:	40080000 	.word	0x40080000

10000b2c <fill_screen>:
10000b2c:	232a      	movs	r3, #42	@ 0x2a
10000b2e:	b5f0      	push	{r4, r5, r6, r7, lr}
10000b30:	b083      	sub	sp, #12
10000b32:	f88d 3007 	strb.w	r3, [sp, #7]
10000b36:	0a03      	lsrs	r3, r0, #8
10000b38:	f88d 3001 	strb.w	r3, [sp, #1]
10000b3c:	f88d 0002 	strb.w	r0, [sp, #2]
10000b40:	bf00      	nop
10000b42:	2600      	movs	r6, #0
10000b44:	ec46 6040 	gpioc_bit_out_put r6, r6
10000b48:	2401      	movs	r4, #1
10000b4a:	ec46 4040 	gpioc_bit_out_put r4, r6
10000b4e:	bf00      	nop
10000b50:	4868      	ldr	r0, [pc, #416]	@ (10000cf4 <fill_screen+0x1c8>)
10000b52:	4622      	mov	r2, r4
10000b54:	f10d 0107 	add.w	r1, sp, #7
10000b58:	f004 ff3e 	bl	100059d8 <__spi_write_blocking_veneer>
10000b5c:	bf00      	nop
10000b5e:	ec44 4040 	gpioc_bit_out_put r4, r4
10000b62:	f88d 6007 	strb.w	r6, [sp, #7]
10000b66:	bf00      	nop
10000b68:	ec44 6040 	gpioc_bit_out_put r6, r4
10000b6c:	ec46 4040 	gpioc_bit_out_put r4, r6
10000b70:	bf00      	nop
10000b72:	4860      	ldr	r0, [pc, #384]	@ (10000cf4 <fill_screen+0x1c8>)
10000b74:	4622      	mov	r2, r4
10000b76:	f10d 0107 	add.w	r1, sp, #7
10000b7a:	f004 ff2d 	bl	100059d8 <__spi_write_blocking_veneer>
10000b7e:	bf00      	nop
10000b80:	ec44 4040 	gpioc_bit_out_put r4, r4
10000b84:	f88d 6006 	strb.w	r6, [sp, #6]
10000b88:	bf00      	nop
10000b8a:	ec44 6040 	gpioc_bit_out_put r6, r4
10000b8e:	ec46 4040 	gpioc_bit_out_put r4, r6
10000b92:	bf00      	nop
10000b94:	4857      	ldr	r0, [pc, #348]	@ (10000cf4 <fill_screen+0x1c8>)
10000b96:	4622      	mov	r2, r4
10000b98:	f10d 0106 	add.w	r1, sp, #6
10000b9c:	f004 ff1c 	bl	100059d8 <__spi_write_blocking_veneer>
10000ba0:	bf00      	nop
10000ba2:	ec44 4040 	gpioc_bit_out_put r4, r4
10000ba6:	f88d 4005 	strb.w	r4, [sp, #5]
10000baa:	bf00      	nop
10000bac:	ec44 6040 	gpioc_bit_out_put r6, r4
10000bb0:	ec46 4040 	gpioc_bit_out_put r4, r6
10000bb4:	bf00      	nop
10000bb6:	484f      	ldr	r0, [pc, #316]	@ (10000cf4 <fill_screen+0x1c8>)
10000bb8:	4622      	mov	r2, r4
10000bba:	f10d 0105 	add.w	r1, sp, #5
10000bbe:	f004 ff0b 	bl	100059d8 <__spi_write_blocking_veneer>
10000bc2:	bf00      	nop
10000bc4:	ec44 4040 	gpioc_bit_out_put r4, r4
10000bc8:	233f      	movs	r3, #63	@ 0x3f
10000bca:	f88d 3005 	strb.w	r3, [sp, #5]
10000bce:	bf00      	nop
10000bd0:	ec44 6040 	gpioc_bit_out_put r6, r4
10000bd4:	ec46 4040 	gpioc_bit_out_put r4, r6
10000bd8:	bf00      	nop
10000bda:	4846      	ldr	r0, [pc, #280]	@ (10000cf4 <fill_screen+0x1c8>)
10000bdc:	4622      	mov	r2, r4
10000bde:	f10d 0105 	add.w	r1, sp, #5
10000be2:	f004 fef9 	bl	100059d8 <__spi_write_blocking_veneer>
10000be6:	bf00      	nop
10000be8:	ec44 4040 	gpioc_bit_out_put r4, r4
10000bec:	232b      	movs	r3, #43	@ 0x2b
10000bee:	f88d 3005 	strb.w	r3, [sp, #5]
10000bf2:	bf00      	nop
10000bf4:	ec46 6040 	gpioc_bit_out_put r6, r6
10000bf8:	ec46 4040 	gpioc_bit_out_put r4, r6
10000bfc:	bf00      	nop
10000bfe:	483d      	ldr	r0, [pc, #244]	@ (10000cf4 <fill_screen+0x1c8>)
10000c00:	4622      	mov	r2, r4
10000c02:	f10d 0105 	add.w	r1, sp, #5
10000c06:	f004 fee7 	bl	100059d8 <__spi_write_blocking_veneer>
10000c0a:	bf00      	nop
10000c0c:	ec44 4040 	gpioc_bit_out_put r4, r4
10000c10:	f88d 6005 	strb.w	r6, [sp, #5]
10000c14:	bf00      	nop
10000c16:	ec44 6040 	gpioc_bit_out_put r6, r4
10000c1a:	ec46 4040 	gpioc_bit_out_put r4, r6
10000c1e:	bf00      	nop
10000c20:	4834      	ldr	r0, [pc, #208]	@ (10000cf4 <fill_screen+0x1c8>)
10000c22:	4622      	mov	r2, r4
10000c24:	f10d 0105 	add.w	r1, sp, #5
10000c28:	f004 fed6 	bl	100059d8 <__spi_write_blocking_veneer>
10000c2c:	bf00      	nop
10000c2e:	ec44 4040 	gpioc_bit_out_put r4, r4
10000c32:	2323      	movs	r3, #35	@ 0x23
10000c34:	f88d 3004 	strb.w	r3, [sp, #4]
10000c38:	bf00      	nop
10000c3a:	ec44 6040 	gpioc_bit_out_put r6, r4
10000c3e:	ec46 4040 	gpioc_bit_out_put r4, r6
10000c42:	bf00      	nop
10000c44:	482b      	ldr	r0, [pc, #172]	@ (10000cf4 <fill_screen+0x1c8>)
10000c46:	4622      	mov	r2, r4
10000c48:	a901      	add	r1, sp, #4
10000c4a:	f004 fec5 	bl	100059d8 <__spi_write_blocking_veneer>
10000c4e:	bf00      	nop
10000c50:	ec44 4040 	gpioc_bit_out_put r4, r4
10000c54:	f88d 6004 	strb.w	r6, [sp, #4]
10000c58:	bf00      	nop
10000c5a:	ec44 6040 	gpioc_bit_out_put r6, r4
10000c5e:	ec46 4040 	gpioc_bit_out_put r4, r6
10000c62:	bf00      	nop
10000c64:	4823      	ldr	r0, [pc, #140]	@ (10000cf4 <fill_screen+0x1c8>)
10000c66:	4622      	mov	r2, r4
10000c68:	a901      	add	r1, sp, #4
10000c6a:	f004 feb5 	bl	100059d8 <__spi_write_blocking_veneer>
10000c6e:	bf00      	nop
10000c70:	ec44 4040 	gpioc_bit_out_put r4, r4
10000c74:	23cc      	movs	r3, #204	@ 0xcc
10000c76:	f88d 3003 	strb.w	r3, [sp, #3]
10000c7a:	bf00      	nop
10000c7c:	ec44 6040 	gpioc_bit_out_put r6, r4
10000c80:	ec46 4040 	gpioc_bit_out_put r4, r6
10000c84:	bf00      	nop
10000c86:	481b      	ldr	r0, [pc, #108]	@ (10000cf4 <fill_screen+0x1c8>)
10000c88:	4622      	mov	r2, r4
10000c8a:	f10d 0103 	add.w	r1, sp, #3
10000c8e:	f004 fea3 	bl	100059d8 <__spi_write_blocking_veneer>
10000c92:	bf00      	nop
10000c94:	ec44 4040 	gpioc_bit_out_put r4, r4
10000c98:	232c      	movs	r3, #44	@ 0x2c
10000c9a:	f88d 3003 	strb.w	r3, [sp, #3]
10000c9e:	bf00      	nop
10000ca0:	ec46 6040 	gpioc_bit_out_put r6, r6
10000ca4:	ec46 4040 	gpioc_bit_out_put r4, r6
10000ca8:	bf00      	nop
10000caa:	4812      	ldr	r0, [pc, #72]	@ (10000cf4 <fill_screen+0x1c8>)
10000cac:	4622      	mov	r2, r4
10000cae:	f10d 0103 	add.w	r1, sp, #3
10000cb2:	f004 fe91 	bl	100059d8 <__spi_write_blocking_veneer>
10000cb6:	bf00      	nop
10000cb8:	ec44 4040 	gpioc_bit_out_put r4, r4
10000cbc:	ec44 6040 	gpioc_bit_out_put r6, r4
10000cc0:	ec46 4040 	gpioc_bit_out_put r4, r6
10000cc4:	bf00      	nop
10000cc6:	f24d 4480 	movw	r4, #54400	@ 0xd480
10000cca:	4d0a      	ldr	r5, [pc, #40]	@ (10000cf4 <fill_screen+0x1c8>)
10000ccc:	2201      	movs	r2, #1
10000cce:	4628      	mov	r0, r5
10000cd0:	eb0d 0102 	add.w	r1, sp, r2
10000cd4:	f004 fe80 	bl	100059d8 <__spi_write_blocking_veneer>
10000cd8:	2201      	movs	r2, #1
10000cda:	4628      	mov	r0, r5
10000cdc:	f10d 0102 	add.w	r1, sp, #2
10000ce0:	f004 fe7a 	bl	100059d8 <__spi_write_blocking_veneer>
10000ce4:	3c01      	subs	r4, #1
10000ce6:	d1f1      	bne.n	10000ccc <fill_screen+0x1a0>
10000ce8:	bf00      	nop
10000cea:	2301      	movs	r3, #1
10000cec:	ec43 3040 	gpioc_bit_out_put r3, r3
10000cf0:	b003      	add	sp, #12
10000cf2:	bdf0      	pop	{r4, r5, r6, r7, pc}
10000cf4:	40080000 	.word	0x40080000

10000cf8 <clear_rect>:
10000cf8:	e92d 41f0 	stmdb	sp!, {r4, r5, r6, r7, r8, lr}
10000cfc:	b084      	sub	sp, #16
10000cfe:	f8bd 4028 	ldrh.w	r4, [sp, #40]	@ 0x28
10000d02:	9400      	str	r4, [sp, #0]
10000d04:	f7ff fe08 	bl	10000918 <draw_rectangle>
10000d08:	232a      	movs	r3, #42	@ 0x2a
10000d0a:	f88d 300f 	strb.w	r3, [sp, #15]
10000d0e:	bf00      	nop
10000d10:	2600      	movs	r6, #0
10000d12:	ec46 6040 	gpioc_bit_out_put r6, r6
10000d16:	2401      	movs	r4, #1
10000d18:	ec46 4040 	gpioc_bit_out_put r4, r6
10000d1c:	bf00      	nop
10000d1e:	f8df 8150 	ldr.w	r8, [pc, #336]	@ 10000e70 <clear_rect+0x178>
10000d22:	4622      	mov	r2, r4
10000d24:	4640      	mov	r0, r8
10000d26:	f10d 010f 	add.w	r1, sp, #15
10000d2a:	f004 fe55 	bl	100059d8 <__spi_write_blocking_veneer>
10000d2e:	bf00      	nop
10000d30:	ec44 4040 	gpioc_bit_out_put r4, r4
10000d34:	f88d 600f 	strb.w	r6, [sp, #15]
10000d38:	bf00      	nop
10000d3a:	ec44 6040 	gpioc_bit_out_put r6, r4
10000d3e:	ec46 4040 	gpioc_bit_out_put r4, r6
10000d42:	bf00      	nop
10000d44:	4622      	mov	r2, r4
10000d46:	4640      	mov	r0, r8
10000d48:	f10d 010f 	add.w	r1, sp, #15
10000d4c:	f004 fe44 	bl	100059d8 <__spi_write_blocking_veneer>
10000d50:	bf00      	nop
10000d52:	ec44 4040 	gpioc_bit_out_put r4, r4
10000d56:	f88d 600e 	strb.w	r6, [sp, #14]
10000d5a:	bf00      	nop
10000d5c:	ec44 6040 	gpioc_bit_out_put r6, r4
10000d60:	ec46 4040 	gpioc_bit_out_put r4, r6
10000d64:	bf00      	nop
10000d66:	4622      	mov	r2, r4
10000d68:	4640      	mov	r0, r8
10000d6a:	f10d 010e 	add.w	r1, sp, #14
10000d6e:	f004 fe33 	bl	100059d8 <__spi_write_blocking_veneer>
10000d72:	bf00      	nop
10000d74:	ec44 4040 	gpioc_bit_out_put r4, r4
10000d78:	f88d 400d 	strb.w	r4, [sp, #13]
10000d7c:	bf00      	nop
10000d7e:	ec44 6040 	gpioc_bit_out_put r6, r4
10000d82:	ec46 4040 	gpioc_bit_out_put r4, r6
10000d86:	bf00      	nop
10000d88:	4622      	mov	r2, r4
10000d8a:	4640      	mov	r0, r8
10000d8c:	f10d 010d 	add.w	r1, sp, #13
10000d90:	f004 fe22 	bl	100059d8 <__spi_write_blocking_veneer>
10000d94:	bf00      	nop
10000d96:	ec44 4040 	gpioc_bit_out_put r4, r4
10000d9a:	233f      	movs	r3, #63	@ 0x3f
10000d9c:	f88d 300d 	strb.w	r3, [sp, #13]
10000da0:	bf00      	nop
10000da2:	ec44 6040 	gpioc_bit_out_put r6, r4
10000da6:	ec46 4040 	gpioc_bit_out_put r4, r6
10000daa:	bf00      	nop
10000dac:	4622      	mov	r2, r4
10000dae:	4640      	mov	r0, r8
10000db0:	f10d 010d 	add.w	r1, sp, #13
10000db4:	f004 fe10 	bl	100059d8 <__spi_write_blocking_veneer>
10000db8:	bf00      	nop
10000dba:	ec44 4040 	gpioc_bit_out_put r4, r4
10000dbe:	232b      	movs	r3, #43	@ 0x2b
10000dc0:	f88d 300d 	strb.w	r3, [sp, #13]
10000dc4:	bf00      	nop
10000dc6:	ec46 6040 	gpioc_bit_out_put r6, r6
10000dca:	ec46 4040 	gpioc_bit_out_put r4, r6
10000dce:	bf00      	nop
10000dd0:	4622      	mov	r2, r4
10000dd2:	4640      	mov	r0, r8
10000dd4:	f10d 010d 	add.w	r1, sp, #13
10000dd8:	f004 fdfe 	bl	100059d8 <__spi_write_blocking_veneer>
10000ddc:	bf00      	nop
10000dde:	ec44 4040 	gpioc_bit_out_put r4, r4
10000de2:	f88d 600d 	strb.w	r6, [sp, #13]
10000de6:	bf00      	nop
10000de8:	ec44 6040 	gpioc_bit_out_put r6, r4
10000dec:	ec46 4040 	gpioc_bit_out_put r4, r6
10000df0:	bf00      	nop
10000df2:	4622      	mov	r2, r4
10000df4:	4640      	mov	r0, r8
10000df6:	f10d 010d 	add.w	r1, sp, #13
10000dfa:	f004 fded 	bl	100059d8 <__spi_write_blocking_veneer>
10000dfe:	bf00      	nop
10000e00:	ec44 4040 	gpioc_bit_out_put r4, r4
10000e04:	f88d 600c 	strb.w	r6, [sp, #12]
10000e08:	bf00      	nop
10000e0a:	ec44 6040 	gpioc_bit_out_put r6, r4
10000e0e:	ec46 4040 	gpioc_bit_out_put r4, r6
10000e12:	bf00      	nop
10000e14:	4622      	mov	r2, r4
10000e16:	4640      	mov	r0, r8
10000e18:	a903      	add	r1, sp, #12
10000e1a:	f004 fddd 	bl	100059d8 <__spi_write_blocking_veneer>
10000e1e:	bf00      	nop
10000e20:	ec44 4040 	gpioc_bit_out_put r4, r4
10000e24:	f88d 600b 	strb.w	r6, [sp, #11]
10000e28:	bf00      	nop
10000e2a:	ec44 6040 	gpioc_bit_out_put r6, r4
10000e2e:	ec46 4040 	gpioc_bit_out_put r4, r6
10000e32:	bf00      	nop
10000e34:	4622      	mov	r2, r4
10000e36:	4640      	mov	r0, r8
10000e38:	f10d 010b 	add.w	r1, sp, #11
10000e3c:	f004 fdcc 	bl	100059d8 <__spi_write_blocking_veneer>
10000e40:	bf00      	nop
10000e42:	ec44 4040 	gpioc_bit_out_put r4, r4
10000e46:	23cc      	movs	r3, #204	@ 0xcc
10000e48:	f88d 300a 	strb.w	r3, [sp, #10]
10000e4c:	bf00      	nop
10000e4e:	ec44 6040 	gpioc_bit_out_put r6, r4
10000e52:	ec46 4040 	gpioc_bit_out_put r4, r6
10000e56:	bf00      	nop
10000e58:	4622      	mov	r2, r4
10000e5a:	4640      	mov	r0, r8
10000e5c:	f10d 010a 	add.w	r1, sp, #10
10000e60:	f004 fdba 	bl	100059d8 <__spi_write_blocking_veneer>
10000e64:	bf00      	nop
10000e66:	ec44 4040 	gpioc_bit_out_put r4, r4
10000e6a:	b004      	add	sp, #16
10000e6c:	e8bd 81f0 	ldmia.w	sp!, {r4, r5, r6, r7, r8, pc}
10000e70:	40080000 	.word	0x40080000

10000e74 <draw_char_scaled>:
10000e74:	e92d 4ff0 	stmdb	sp!, {r4, r5, r6, r7, r8, r9, sl, fp, lr}
10000e78:	3a20      	subs	r2, #32
10000e7a:	b087      	sub	sp, #28
10000e7c:	2a5e      	cmp	r2, #94	@ 0x5e
10000e7e:	e9cd 1201 	strd	r1, r2, [sp, #4]
10000e82:	f8bd 6040 	ldrh.w	r6, [sp, #64]	@ 0x40
10000e86:	9c11      	ldr	r4, [sp, #68]	@ 0x44
10000e88:	d902      	bls.n	10000e90 <draw_char_scaled+0x1c>
10000e8a:	b007      	add	sp, #28
10000e8c:	e8bd 8ff0 	ldmia.w	sp!, {r4, r5, r6, r7, r8, r9, sl, fp, pc}
10000e90:	461d      	mov	r5, r3
10000e92:	232a      	movs	r3, #42	@ 0x2a
10000e94:	4683      	mov	fp, r0
10000e96:	f88d 3017 	strb.w	r3, [sp, #23]
10000e9a:	bf00      	nop
10000e9c:	f04f 0900 	mov.w	r9, #0
10000ea0:	ec49 9040 	gpioc_bit_out_put r9, r9
10000ea4:	f04f 0a01 	mov.w	sl, #1
10000ea8:	ec49 a040 	gpioc_bit_out_put sl, r9
10000eac:	bf00      	nop
10000eae:	4893      	ldr	r0, [pc, #588]	@ (100010fc <draw_char_scaled+0x288>)
10000eb0:	4652      	mov	r2, sl
10000eb2:	f10d 0117 	add.w	r1, sp, #23
10000eb6:	f004 fd8f 	bl	100059d8 <__spi_write_blocking_veneer>
10000eba:	bf00      	nop
10000ebc:	ec4a a040 	gpioc_bit_out_put sl, sl
10000ec0:	ea4f 231b 	mov.w	r3, fp, lsr #8
10000ec4:	f88d 3017 	strb.w	r3, [sp, #23]
10000ec8:	bf00      	nop
10000eca:	ec4a 9040 	gpioc_bit_out_put r9, sl
10000ece:	ec49 a040 	gpioc_bit_out_put sl, r9
10000ed2:	bf00      	nop
10000ed4:	4889      	ldr	r0, [pc, #548]	@ (100010fc <draw_char_scaled+0x288>)
10000ed6:	4652      	mov	r2, sl
10000ed8:	f10d 0117 	add.w	r1, sp, #23
10000edc:	f004 fd7c 	bl	100059d8 <__spi_write_blocking_veneer>
10000ee0:	bf00      	nop
10000ee2:	ec4a a040 	gpioc_bit_out_put sl, sl
10000ee6:	fa5f f38b 	uxtb.w	r3, fp
10000eea:	f88d 3017 	strb.w	r3, [sp, #23]
10000eee:	9303      	str	r3, [sp, #12]
10000ef0:	bf00      	nop
10000ef2:	ec4a 9040 	gpioc_bit_out_put r9, sl
10000ef6:	ec49 a040 	gpioc_bit_out_put sl, r9
10000efa:	bf00      	nop
10000efc:	487f      	ldr	r0, [pc, #508]	@ (100010fc <draw_char_scaled+0x288>)
10000efe:	4652      	mov	r2, sl
10000f00:	f10d 0117 	add.w	r1, sp, #23
10000f04:	f004 fd68 	bl	100059d8 <__spi_write_blocking_veneer>
10000f08:	bf00      	nop
10000f0a:	ec4a a040 	gpioc_bit_out_put sl, sl
10000f0e:	eb0b 01c4 	add.w	r1, fp, r4, lsl #3
10000f12:	3901      	subs	r1, #1
10000f14:	1209      	asrs	r1, r1, #8
10000f16:	f88d 1017 	strb.w	r1, [sp, #23]
10000f1a:	bf00      	nop
10000f1c:	ec4a 9040 	gpioc_bit_out_put r9, sl
10000f20:	ec49 a040 	gpioc_bit_out_put sl, r9
10000f24:	bf00      	nop
10000f26:	4875      	ldr	r0, [pc, #468]	@ (100010fc <draw_char_scaled+0x288>)
10000f28:	4652      	mov	r2, sl
10000f2a:	f10d 0117 	add.w	r1, sp, #23
10000f2e:	f004 fd53 	bl	100059d8 <__spi_write_blocking_veneer>
10000f32:	bf00      	nop
10000f34:	ec4a a040 	gpioc_bit_out_put sl, sl
10000f38:	9b03      	ldr	r3, [sp, #12]
10000f3a:	fa5f fb84 	uxtb.w	fp, r4
10000f3e:	eb03 03cb 	add.w	r3, r3, fp, lsl #3
10000f42:	3b01      	subs	r3, #1
10000f44:	f88d 3017 	strb.w	r3, [sp, #23]
10000f48:	bf00      	nop
10000f4a:	ec4a 9040 	gpioc_bit_out_put r9, sl
10000f4e:	ec49 a040 	gpioc_bit_out_put sl, r9
10000f52:	bf00      	nop
10000f54:	4869      	ldr	r0, [pc, #420]	@ (100010fc <draw_char_scaled+0x288>)
10000f56:	4652      	mov	r2, sl
10000f58:	f10d 0117 	add.w	r1, sp, #23
10000f5c:	f004 fd3c 	bl	100059d8 <__spi_write_blocking_veneer>
10000f60:	bf00      	nop
10000f62:	ec4a a040 	gpioc_bit_out_put sl, sl
10000f66:	232b      	movs	r3, #43	@ 0x2b
10000f68:	f88d 3017 	strb.w	r3, [sp, #23]
10000f6c:	bf00      	nop
10000f6e:	ec49 9040 	gpioc_bit_out_put r9, r9
10000f72:	ec49 a040 	gpioc_bit_out_put sl, r9
10000f76:	bf00      	nop
10000f78:	4860      	ldr	r0, [pc, #384]	@ (100010fc <draw_char_scaled+0x288>)
10000f7a:	4652      	mov	r2, sl
10000f7c:	f10d 0117 	add.w	r1, sp, #23
10000f80:	f004 fd2a 	bl	100059d8 <__spi_write_blocking_veneer>
10000f84:	bf00      	nop
10000f86:	ec4a a040 	gpioc_bit_out_put sl, sl
10000f8a:	9b01      	ldr	r3, [sp, #4]
10000f8c:	0a1b      	lsrs	r3, r3, #8
10000f8e:	f88d 3017 	strb.w	r3, [sp, #23]
10000f92:	bf00      	nop
10000f94:	ec4a 9040 	gpioc_bit_out_put r9, sl
10000f98:	ec49 a040 	gpioc_bit_out_put sl, r9
10000f9c:	bf00      	nop
10000f9e:	4857      	ldr	r0, [pc, #348]	@ (100010fc <draw_char_scaled+0x288>)
10000fa0:	4652      	mov	r2, sl
10000fa2:	f10d 0117 	add.w	r1, sp, #23
10000fa6:	f004 fd17 	bl	100059d8 <__spi_write_blocking_veneer>
10000faa:	bf00      	nop
10000fac:	ec4a a040 	gpioc_bit_out_put sl, sl
10000fb0:	f89d 3004 	ldrb.w	r3, [sp, #4]
10000fb4:	f88d 3017 	strb.w	r3, [sp, #23]
10000fb8:	9303      	str	r3, [sp, #12]
10000fba:	bf00      	nop
10000fbc:	ec4a 9040 	gpioc_bit_out_put r9, sl
10000fc0:	ec49 a040 	gpioc_bit_out_put sl, r9
10000fc4:	bf00      	nop
10000fc6:	484d      	ldr	r0, [pc, #308]	@ (100010fc <draw_char_scaled+0x288>)
10000fc8:	4652      	mov	r2, sl
10000fca:	f10d 0117 	add.w	r1, sp, #23
10000fce:	f004 fd03 	bl	100059d8 <__spi_write_blocking_veneer>
10000fd2:	bf00      	nop
10000fd4:	ec4a a040 	gpioc_bit_out_put sl, sl
10000fd8:	9b01      	ldr	r3, [sp, #4]
10000fda:	eb04 0144 	add.w	r1, r4, r4, lsl #1
10000fde:	eb03 0181 	add.w	r1, r3, r1, lsl #2
10000fe2:	3901      	subs	r1, #1
10000fe4:	1209      	asrs	r1, r1, #8
10000fe6:	f88d 1017 	strb.w	r1, [sp, #23]
10000fea:	bf00      	nop
10000fec:	ec4a 9040 	gpioc_bit_out_put r9, sl
10000ff0:	ec49 a040 	gpioc_bit_out_put sl, r9
10000ff4:	bf00      	nop
10000ff6:	4841      	ldr	r0, [pc, #260]	@ (100010fc <draw_char_scaled+0x288>)
10000ff8:	4652      	mov	r2, sl
10000ffa:	f10d 0117 	add.w	r1, sp, #23
10000ffe:	f004 fceb 	bl	100059d8 <__spi_write_blocking_veneer>
10001002:	bf00      	nop
10001004:	ec4a a040 	gpioc_bit_out_put sl, sl
10001008:	9b03      	ldr	r3, [sp, #12]
1000100a:	eb0b 0b4b 	add.w	fp, fp, fp, lsl #1
1000100e:	3b01      	subs	r3, #1
10001010:	eb03 038b 	add.w	r3, r3, fp, lsl #2
10001014:	f88d 3017 	strb.w	r3, [sp, #23]
10001018:	bf00      	nop
1000101a:	ec4a 9040 	gpioc_bit_out_put r9, sl
1000101e:	ec49 a040 	gpioc_bit_out_put sl, r9
10001022:	bf00      	nop
10001024:	4835      	ldr	r0, [pc, #212]	@ (100010fc <draw_char_scaled+0x288>)
10001026:	4652      	mov	r2, sl
10001028:	f10d 0117 	add.w	r1, sp, #23
1000102c:	f004 fcd4 	bl	100059d8 <__spi_write_blocking_veneer>
10001030:	bf00      	nop
10001032:	ec4a a040 	gpioc_bit_out_put sl, sl
10001036:	232c      	movs	r3, #44	@ 0x2c
10001038:	f88d 3017 	strb.w	r3, [sp, #23]
1000103c:	bf00      	nop
1000103e:	ec49 9040 	gpioc_bit_out_put r9, r9
10001042:	ec49 a040 	gpioc_bit_out_put sl, r9
10001046:	bf00      	nop
10001048:	482c      	ldr	r0, [pc, #176]	@ (100010fc <draw_char_scaled+0x288>)
1000104a:	4652      	mov	r2, sl
1000104c:	f10d 0117 	add.w	r1, sp, #23
10001050:	f004 fcc2 	bl	100059d8 <__spi_write_blocking_veneer>
10001054:	bf00      	nop
10001056:	ec4a a040 	gpioc_bit_out_put sl, sl
1000105a:	ec4a 9040 	gpioc_bit_out_put r9, sl
1000105e:	ec49 a040 	gpioc_bit_out_put sl, r9
10001062:	454c      	cmp	r4, r9
10001064:	dd43      	ble.n	100010ee <draw_char_scaled+0x27a>
10001066:	f04f 0980 	mov.w	r9, #128	@ 0x80
1000106a:	9a02      	ldr	r2, [sp, #8]
1000106c:	4b24      	ldr	r3, [pc, #144]	@ (10001100 <draw_char_scaled+0x28c>)
1000106e:	eb02 0142 	add.w	r1, r2, r2, lsl #1
10001072:	f8df 8088 	ldr.w	r8, [pc, #136]	@ 100010fc <draw_char_scaled+0x288>
10001076:	f103 020c 	add.w	r2, r3, #12
1000107a:	eb02 0281 	add.w	r2, r2, r1, lsl #2
1000107e:	eb03 0381 	add.w	r3, r3, r1, lsl #2
10001082:	2700      	movs	r7, #0
10001084:	4639      	mov	r1, r7
10001086:	f813 ab01 	ldrb.w	sl, [r3], #1
1000108a:	9203      	str	r2, [sp, #12]
1000108c:	9302      	str	r3, [sp, #8]
1000108e:	2700      	movs	r7, #0
10001090:	9101      	str	r1, [sp, #4]
10001092:	fa49 f307 	asr.w	r3, r9, r7
10001096:	ea13 0f0a 	tst.w	r3, sl
1000109a:	bf0c      	ite	eq
1000109c:	4632      	moveq	r2, r6
1000109e:	462a      	movne	r2, r5
100010a0:	f04f 0b00 	mov.w	fp, #0
100010a4:	f88d 2017 	strb.w	r2, [sp, #23]
100010a8:	0a12      	lsrs	r2, r2, #8
100010aa:	f88d 2016 	strb.w	r2, [sp, #22]
100010ae:	2201      	movs	r2, #1
100010b0:	f10d 0116 	add.w	r1, sp, #22
100010b4:	4640      	mov	r0, r8
100010b6:	f004 fc8f 	bl	100059d8 <__spi_write_blocking_veneer>
100010ba:	2201      	movs	r2, #1
100010bc:	4640      	mov	r0, r8
100010be:	f10d 0117 	add.w	r1, sp, #23
100010c2:	f004 fc89 	bl	100059d8 <__spi_write_blocking_veneer>
100010c6:	465a      	mov	r2, fp
100010c8:	f10b 0b01 	add.w	fp, fp, #1
100010cc:	455c      	cmp	r4, fp
100010ce:	d1ee      	bne.n	100010ae <draw_char_scaled+0x23a>
100010d0:	3701      	adds	r7, #1
100010d2:	2f08      	cmp	r7, #8
100010d4:	d1dd      	bne.n	10001092 <draw_char_scaled+0x21e>
100010d6:	4613      	mov	r3, r2
100010d8:	9901      	ldr	r1, [sp, #4]
100010da:	4299      	cmp	r1, r3
100010dc:	f101 0201 	add.w	r2, r1, #1
100010e0:	d001      	beq.n	100010e6 <draw_char_scaled+0x272>
100010e2:	4611      	mov	r1, r2
100010e4:	e7d3      	b.n	1000108e <draw_char_scaled+0x21a>
100010e6:	e9dd 3202 	ldrd	r3, r2, [sp, #8]
100010ea:	4293      	cmp	r3, r2
100010ec:	d1c9      	bne.n	10001082 <draw_char_scaled+0x20e>
100010ee:	2301      	movs	r3, #1
100010f0:	ec43 3040 	gpioc_bit_out_put r3, r3
100010f4:	b007      	add	sp, #28
100010f6:	e8bd 8ff0 	ldmia.w	sp!, {r4, r5, r6, r7, r8, r9, sl, fp, pc}
100010fa:	bf00      	nop
100010fc:	40080000 	.word	0x40080000
10001100:	10005b8c 	.word	0x10005b8c

10001104 <draw_text_scaled>:
10001104:	e92d 47f0 	stmdb	sp!, {r4, r5, r6, r7, r8, r9, sl, lr}
10001108:	4614      	mov	r4, r2
1000110a:	7812      	ldrb	r2, [r2, #0]
1000110c:	b082      	sub	sp, #8
1000110e:	f8bd a028 	ldrh.w	sl, [sp, #40]	@ 0x28
10001112:	f8dd 802c 	ldr.w	r8, [sp, #44]	@ 0x2c
10001116:	b17a      	cbz	r2, 10001138 <draw_text_scaled+0x34>
10001118:	4605      	mov	r5, r0
1000111a:	460e      	mov	r6, r1
1000111c:	461f      	mov	r7, r3
1000111e:	ea4f 09c8 	mov.w	r9, r8, lsl #3
10001122:	ea4f 0c48 	mov.w	ip, r8, lsl #1
10001126:	44e1      	add	r9, ip
10001128:	f1a2 0320 	sub.w	r3, r2, #32
1000112c:	2b5e      	cmp	r3, #94	@ 0x5e
1000112e:	d906      	bls.n	1000113e <draw_text_scaled+0x3a>
10001130:	f814 2f01 	ldrb.w	r2, [r4, #1]!
10001134:	2a00      	cmp	r2, #0
10001136:	d1f7      	bne.n	10001128 <draw_text_scaled+0x24>
10001138:	b002      	add	sp, #8
1000113a:	e8bd 87f0 	ldmia.w	sp!, {r4, r5, r6, r7, r8, r9, sl, pc}
1000113e:	4628      	mov	r0, r5
10001140:	463b      	mov	r3, r7
10001142:	4631      	mov	r1, r6
10001144:	e9cd a800 	strd	sl, r8, [sp]
10001148:	f7ff fe94 	bl	10000e74 <draw_char_scaled>
1000114c:	f814 2f01 	ldrb.w	r2, [r4, #1]!
10001150:	444d      	add	r5, r9
10001152:	b2ad      	uxth	r5, r5
10001154:	2a00      	cmp	r2, #0
10001156:	d1e7      	bne.n	10001128 <draw_text_scaled+0x24>
10001158:	b002      	add	sp, #8
1000115a:	e8bd 87f0 	ldmia.w	sp!, {r4, r5, r6, r7, r8, r9, sl, pc}
1000115e:	bf00      	nop

10001160 <gpio_set_function>:
10001160:	b410      	push	{r4}
10001162:	f44f 7480 	mov.w	r4, #256	@ 0x100
10001166:	4b0c      	ldr	r3, [pc, #48]	@ (10001198 <gpio_set_function+0x38>)
10001168:	f853 2020 	ldr.w	r2, [r3, r0, lsl #2]
1000116c:	eb03 0380 	add.w	r3, r3, r0, lsl #2
10001170:	00c0      	lsls	r0, r0, #3
10001172:	f082 0240 	eor.w	r2, r2, #64	@ 0x40
10001176:	f100 4080 	add.w	r0, r0, #1073741824	@ 0x40000000
1000117a:	f503 5c80 	add.w	ip, r3, #4096	@ 0x1000
1000117e:	f002 02c0 	and.w	r2, r2, #192	@ 0xc0
10001182:	f500 3020 	add.w	r0, r0, #163840	@ 0x28000
10001186:	f503 5340 	add.w	r3, r3, #12288	@ 0x3000
1000118a:	f8cc 2000 	str.w	r2, [ip]
1000118e:	6041      	str	r1, [r0, #4]
10001190:	601c      	str	r4, [r3, #0]
10001192:	f85d 4b04 	ldr.w	r4, [sp], #4
10001196:	4770      	bx	lr
10001198:	40038004 	.word	0x40038004

1000119c <gpio_set_pulls>:
1000119c:	b410      	push	{r4}
1000119e:	4c08      	ldr	r4, [pc, #32]	@ (100011c0 <gpio_set_pulls+0x24>)
100011a0:	00c9      	lsls	r1, r1, #3
100011a2:	ea41 0182 	orr.w	r1, r1, r2, lsl #2
100011a6:	f854 2020 	ldr.w	r2, [r4, r0, lsl #2]
100011aa:	eb04 0380 	add.w	r3, r4, r0, lsl #2
100011ae:	4051      	eors	r1, r2
100011b0:	f503 5380 	add.w	r3, r3, #4096	@ 0x1000
100011b4:	f001 010c 	and.w	r1, r1, #12
100011b8:	f85d 4b04 	ldr.w	r4, [sp], #4
100011bc:	6019      	str	r1, [r3, #0]
100011be:	4770      	bx	lr
100011c0:	40038004 	.word	0x40038004

100011c4 <gpio_set_drive_strength>:
100011c4:	4b06      	ldr	r3, [pc, #24]	@ (100011e0 <gpio_set_drive_strength+0x1c>)
100011c6:	f853 2020 	ldr.w	r2, [r3, r0, lsl #2]
100011ca:	eb03 0380 	add.w	r3, r3, r0, lsl #2
100011ce:	ea82 1201 	eor.w	r2, r2, r1, lsl #4
100011d2:	f002 0230 	and.w	r2, r2, #48	@ 0x30
100011d6:	f503 5380 	add.w	r3, r3, #4096	@ 0x1000
100011da:	601a      	str	r2, [r3, #0]
100011dc:	4770      	bx	lr
100011de:	bf00      	nop
100011e0:	40038004 	.word	0x40038004

100011e4 <gpio_init>:
100011e4:	b430      	push	{r4, r5}
100011e6:	f04f 0300 	mov.w	r3, #0
100011ea:	ec43 0044 	gpioc_bit_oe_put r0, r3
100011ee:	ec43 0040 	gpioc_bit_out_put r0, r3
100011f2:	2505      	movs	r5, #5
100011f4:	f44f 7480 	mov.w	r4, #256	@ 0x100
100011f8:	4b0b      	ldr	r3, [pc, #44]	@ (10001228 <gpio_init+0x44>)
100011fa:	00c2      	lsls	r2, r0, #3
100011fc:	f853 1020 	ldr.w	r1, [r3, r0, lsl #2]
10001200:	eb03 0080 	add.w	r0, r3, r0, lsl #2
10001204:	f081 0140 	eor.w	r1, r1, #64	@ 0x40
10001208:	f102 4380 	add.w	r3, r2, #1073741824	@ 0x40000000
1000120c:	f503 3320 	add.w	r3, r3, #163840	@ 0x28000
10001210:	f001 02c0 	and.w	r2, r1, #192	@ 0xc0
10001214:	f500 5180 	add.w	r1, r0, #4096	@ 0x1000
10001218:	f500 5040 	add.w	r0, r0, #12288	@ 0x3000
1000121c:	600a      	str	r2, [r1, #0]
1000121e:	605d      	str	r5, [r3, #4]
10001220:	6004      	str	r4, [r0, #0]
10001222:	bc30      	pop	{r4, r5}
10001224:	4770      	bx	lr
10001226:	bf00      	nop
10001228:	40038004 	.word	0x40038004

1000122c <panic>:
1000122c:	b40f      	push	{r0, r1, r2, r3}
1000122e:	b500      	push	{lr}
10001230:	b083      	sub	sp, #12
10001232:	9c04      	ldr	r4, [sp, #16]
10001234:	4807      	ldr	r0, [pc, #28]	@ (10001254 <panic+0x28>)
10001236:	f001 fd2f 	bl	10002c98 <__wrap_puts>
1000123a:	b13c      	cbz	r4, 1000124c <panic+0x20>
1000123c:	a905      	add	r1, sp, #20
1000123e:	4620      	mov	r0, r4
10001240:	9101      	str	r1, [sp, #4]
10001242:	f001 fbc9 	bl	100029d8 <weak_raw_vprintf>
10001246:	4804      	ldr	r0, [pc, #16]	@ (10001258 <panic+0x2c>)
10001248:	f001 fd26 	bl	10002c98 <__wrap_puts>
1000124c:	2001      	movs	r0, #1
1000124e:	f001 fbdb 	bl	10002a08 <_exit>
10001252:	bf00      	nop
10001254:	10005a68 	.word	0x10005a68
10001258:	10005b48 	.word	0x10005b48

1000125c <hw_claim_or_assert>:
1000125c:	b570      	push	{r4, r5, r6, lr}
1000125e:	4686      	mov	lr, r0
10001260:	f3ef 8510 	mrs	r5, PRIMASK
10001264:	b672      	cpsid	i
10001266:	4c12      	ldr	r4, [pc, #72]	@ (100012b0 <hw_claim_or_assert+0x54>)
10001268:	e8d4 6fcf 	ldaexb	r6, [r4]
1000126c:	2001      	movs	r0, #1
1000126e:	2e00      	cmp	r6, #0
10001270:	d1fa      	bne.n	10001268 <hw_claim_or_assert+0xc>
10001272:	e8c4 0f46 	strexb	r6, r0, [r4]
10001276:	2e00      	cmp	r6, #0
10001278:	d1f6      	bne.n	10001268 <hw_claim_or_assert+0xc>
1000127a:	f3bf 8f5f 	dmb	sy
1000127e:	f04f 0c01 	mov.w	ip, #1
10001282:	08c8      	lsrs	r0, r1, #3
10001284:	f001 0307 	and.w	r3, r1, #7
10001288:	fa0c f303 	lsl.w	r3, ip, r3
1000128c:	f81e c000 	ldrb.w	ip, [lr, r0]
10001290:	ea1c 0603 	ands.w	r6, ip, r3
10001294:	d108      	bne.n	100012a8 <hw_claim_or_assert+0x4c>
10001296:	ea4c 0c03 	orr.w	ip, ip, r3
1000129a:	f80e c000 	strb.w	ip, [lr, r0]
1000129e:	e8c4 6f8f 	stlb	r6, [r4]
100012a2:	f385 8810 	msr	PRIMASK, r5
100012a6:	bd70      	pop	{r4, r5, r6, pc}
100012a8:	4610      	mov	r0, r2
100012aa:	f7ff ffbf 	bl	1000122c <panic>
100012ae:	bf00      	nop
100012b0:	20000b6b 	.word	0x20000b6b

100012b4 <hw_claim_unused_from_range>:
100012b4:	b5f8      	push	{r3, r4, r5, r6, r7, lr}
100012b6:	f3ef 8510 	mrs	r5, PRIMASK
100012ba:	b672      	cpsid	i
100012bc:	4c23      	ldr	r4, [pc, #140]	@ (1000134c <hw_claim_unused_from_range+0x98>)
100012be:	e8d4 7fcf 	ldaexb	r7, [r4]
100012c2:	2601      	movs	r6, #1
100012c4:	2f00      	cmp	r7, #0
100012c6:	d1fa      	bne.n	100012be <hw_claim_unused_from_range+0xa>
100012c8:	e8c4 6f47 	strexb	r7, r6, [r4]
100012cc:	2f00      	cmp	r7, #0
100012ce:	d1f6      	bne.n	100012be <hw_claim_unused_from_range+0xa>
100012d0:	f3bf 8f5f 	dmb	sy
100012d4:	429a      	cmp	r2, r3
100012d6:	d827      	bhi.n	10001328 <hw_claim_unused_from_range+0x74>
100012d8:	2601      	movs	r6, #1
100012da:	08d7      	lsrs	r7, r2, #3
100012dc:	f810 e007 	ldrb.w	lr, [r0, r7]
100012e0:	f002 0c07 	and.w	ip, r2, #7
100012e4:	fa06 fc0c 	lsl.w	ip, r6, ip
100012e8:	ea1e 0f0c 	tst.w	lr, ip
100012ec:	eb00 07d2 	add.w	r7, r0, r2, lsr #3
100012f0:	d10d      	bne.n	1000130e <hw_claim_unused_from_range+0x5a>
100012f2:	e025      	b.n	10001340 <hw_claim_unused_from_range+0x8c>
100012f4:	ea4f 0ed2 	mov.w	lr, r2, lsr #3
100012f8:	f810 e00e 	ldrb.w	lr, [r0, lr]
100012fc:	f002 0c07 	and.w	ip, r2, #7
10001300:	fa06 fc0c 	lsl.w	ip, r6, ip
10001304:	ea1e 0f0c 	tst.w	lr, ip
10001308:	eb00 07d2 	add.w	r7, r0, r2, lsr #3
1000130c:	d018      	beq.n	10001340 <hw_claim_unused_from_range+0x8c>
1000130e:	3201      	adds	r2, #1
10001310:	4293      	cmp	r3, r2
10001312:	d2ef      	bcs.n	100012f4 <hw_claim_unused_from_range+0x40>
10001314:	f04f 30ff 	mov.w	r0, #4294967295	@ 0xffffffff
10001318:	2300      	movs	r3, #0
1000131a:	e8c4 3f8f 	stlb	r3, [r4]
1000131e:	f385 8810 	msr	PRIMASK, r5
10001322:	4298      	cmp	r0, r3
10001324:	db07      	blt.n	10001336 <hw_claim_unused_from_range+0x82>
10001326:	bdf8      	pop	{r3, r4, r5, r6, r7, pc}
10001328:	2300      	movs	r3, #0
1000132a:	e8c4 3f8f 	stlb	r3, [r4]
1000132e:	f385 8810 	msr	PRIMASK, r5
10001332:	f04f 30ff 	mov.w	r0, #4294967295	@ 0xffffffff
10001336:	2900      	cmp	r1, #0
10001338:	d0f5      	beq.n	10001326 <hw_claim_unused_from_range+0x72>
1000133a:	9806      	ldr	r0, [sp, #24]
1000133c:	f7ff ff76 	bl	1000122c <panic>
10001340:	ea4e 0e0c 	orr.w	lr, lr, ip
10001344:	4610      	mov	r0, r2
10001346:	f887 e000 	strb.w	lr, [r7]
1000134a:	e7e5      	b.n	10001318 <hw_claim_unused_from_range+0x64>
1000134c:	20000b6b 	.word	0x20000b6b

10001350 <next_striped_spin_lock_num>:
10001350:	4a04      	ldr	r2, [pc, #16]	@ (10001364 <next_striped_spin_lock_num+0x14>)
10001352:	7810      	ldrb	r0, [r2, #0]
10001354:	1c43      	adds	r3, r0, #1
10001356:	b2db      	uxtb	r3, r3
10001358:	2b18      	cmp	r3, #24
1000135a:	bf28      	it	cs
1000135c:	2310      	movcs	r3, #16
1000135e:	7013      	strb	r3, [r2, #0]
10001360:	4770      	bx	lr
10001362:	bf00      	nop
10001364:	20000768 	.word	0x20000768

10001368 <spin_lock_claim_unused>:
10001368:	b510      	push	{r4, lr}
1000136a:	4c05      	ldr	r4, [pc, #20]	@ (10001380 <spin_lock_claim_unused+0x18>)
1000136c:	b082      	sub	sp, #8
1000136e:	4601      	mov	r1, r0
10001370:	231f      	movs	r3, #31
10001372:	2218      	movs	r2, #24
10001374:	9400      	str	r4, [sp, #0]
10001376:	4803      	ldr	r0, [pc, #12]	@ (10001384 <spin_lock_claim_unused+0x1c>)
10001378:	f7ff ff9c 	bl	100012b4 <hw_claim_unused_from_range>
1000137c:	b002      	add	sp, #8
1000137e:	bd10      	pop	{r4, pc}
10001380:	10005a78 	.word	0x10005a78
10001384:	20000cd0 	.word	0x20000cd0

10001388 <spinlock_set_extexclall>:
10001388:	f04f 22e0 	mov.w	r2, #3758153728	@ 0xe000e000
1000138c:	6893      	ldr	r3, [r2, #8]
1000138e:	f043 5300 	orr.w	r3, r3, #536870912	@ 0x20000000
10001392:	6093      	str	r3, [r2, #8]
10001394:	4770      	bx	lr
10001396:	bf00      	nop

10001398 <spin_locks_reset>:
10001398:	2100      	movs	r1, #0
1000139a:	4b04      	ldr	r3, [pc, #16]	@ (100013ac <spin_locks_reset+0x14>)
1000139c:	f103 0220 	add.w	r2, r3, #32
100013a0:	e8c3 1f8f 	stlb	r1, [r3]
100013a4:	3301      	adds	r3, #1
100013a6:	4293      	cmp	r3, r2
100013a8:	d1fa      	bne.n	100013a0 <spin_locks_reset+0x8>
100013aa:	4770      	bx	lr
100013ac:	20000b60 	.word	0x20000b60

100013b0 <runtime_init_per_core_irq_priorities>:
100013b0:	f04f 23e0 	mov.w	r3, #3758153728	@ 0xe000e000
100013b4:	f04f 3280 	mov.w	r2, #2155905152	@ 0x80808080
100013b8:	f8c3 2400 	str.w	r2, [r3, #1024]	@ 0x400
100013bc:	f8c3 2404 	str.w	r2, [r3, #1028]	@ 0x404
100013c0:	f8c3 2408 	str.w	r2, [r3, #1032]	@ 0x408
100013c4:	f8c3 240c 	str.w	r2, [r3, #1036]	@ 0x40c
100013c8:	f8c3 2410 	str.w	r2, [r3, #1040]	@ 0x410
100013cc:	f8c3 2414 	str.w	r2, [r3, #1044]	@ 0x414
100013d0:	f8c3 2418 	str.w	r2, [r3, #1048]	@ 0x418
100013d4:	f8c3 241c 	str.w	r2, [r3, #1052]	@ 0x41c
100013d8:	f8c3 2420 	str.w	r2, [r3, #1056]	@ 0x420
100013dc:	f8c3 2424 	str.w	r2, [r3, #1060]	@ 0x424
100013e0:	f8c3 2428 	str.w	r2, [r3, #1064]	@ 0x428
100013e4:	f8c3 242c 	str.w	r2, [r3, #1068]	@ 0x42c
100013e8:	f8c3 2430 	str.w	r2, [r3, #1072]	@ 0x430
100013ec:	b662      	cpsie	i
100013ee:	4770      	bx	lr

100013f0 <irq_set_enabled>:
100013f0:	2301      	movs	r3, #1
100013f2:	f000 021f 	and.w	r2, r0, #31
100013f6:	4093      	lsls	r3, r2
100013f8:	0940      	lsrs	r0, r0, #5
100013fa:	b141      	cbz	r1, 1000140e <irq_set_enabled+0x1e>
100013fc:	0080      	lsls	r0, r0, #2
100013fe:	f100 4060 	add.w	r0, r0, #3758096384	@ 0xe0000000
10001402:	f500 4061 	add.w	r0, r0, #57600	@ 0xe100
10001406:	f8c0 3180 	str.w	r3, [r0, #384]	@ 0x180
1000140a:	6003      	str	r3, [r0, #0]
1000140c:	4770      	bx	lr
1000140e:	4a02      	ldr	r2, [pc, #8]	@ (10001418 <irq_set_enabled+0x28>)
10001410:	3020      	adds	r0, #32
10001412:	f842 3020 	str.w	r3, [r2, r0, lsl #2]
10001416:	4770      	bx	lr
10001418:	e000e100 	.word	0xe000e100

1000141c <irq_is_enabled>:
1000141c:	2301      	movs	r3, #1
1000141e:	4a06      	ldr	r2, [pc, #24]	@ (10001438 <irq_is_enabled+0x1c>)
10001420:	0941      	lsrs	r1, r0, #5
10001422:	f852 2021 	ldr.w	r2, [r2, r1, lsl #2]
10001426:	f000 001f 	and.w	r0, r0, #31
1000142a:	4083      	lsls	r3, r0
1000142c:	4213      	tst	r3, r2
1000142e:	bf14      	ite	ne
10001430:	2001      	movne	r0, #1
10001432:	2000      	moveq	r0, #0
10001434:	4770      	bx	lr
10001436:	bf00      	nop
10001438:	e000e100 	.word	0xe000e100

1000143c <irq_set_pending>:
1000143c:	2201      	movs	r2, #1
1000143e:	0943      	lsrs	r3, r0, #5
10001440:	4903      	ldr	r1, [pc, #12]	@ (10001450 <irq_set_pending+0x14>)
10001442:	f000 001f 	and.w	r0, r0, #31
10001446:	4082      	lsls	r2, r0
10001448:	3340      	adds	r3, #64	@ 0x40
1000144a:	f841 2023 	str.w	r2, [r1, r3, lsl #2]
1000144e:	4770      	bx	lr
10001450:	e000e100 	.word	0xe000e100

10001454 <irq_has_shared_handler>:
10001454:	4a05      	ldr	r2, [pc, #20]	@ (1000146c <irq_has_shared_handler+0x18>)
10001456:	3010      	adds	r0, #16
10001458:	6892      	ldr	r2, [r2, #8]
1000145a:	4b05      	ldr	r3, [pc, #20]	@ (10001470 <irq_has_shared_handler+0x1c>)
1000145c:	f852 0020 	ldr.w	r0, [r2, r0, lsl #2]
10001460:	1ac0      	subs	r0, r0, r3
10001462:	2847      	cmp	r0, #71	@ 0x47
10001464:	bf8c      	ite	hi
10001466:	2000      	movhi	r0, #0
10001468:	2001      	movls	r0, #1
1000146a:	4770      	bx	lr
1000146c:	e000ed00 	.word	0xe000ed00
10001470:	2000076c 	.word	0x2000076c

10001474 <irq_set_exclusive_handler>:
10001474:	b510      	push	{r4, lr}
10001476:	f3ef 8c10 	mrs	ip, PRIMASK
1000147a:	b672      	cpsid	i
1000147c:	4b11      	ldr	r3, [pc, #68]	@ (100014c4 <irq_set_exclusive_handler+0x50>)
1000147e:	e8d3 4fcf 	ldaexb	r4, [r3]
10001482:	2201      	movs	r2, #1
10001484:	2c00      	cmp	r4, #0
10001486:	d1fa      	bne.n	1000147e <irq_set_exclusive_handler+0xa>
10001488:	e8c3 2f44 	strexb	r4, r2, [r3]
1000148c:	2c00      	cmp	r4, #0
1000148e:	d1f6      	bne.n	1000147e <irq_set_exclusive_handler+0xa>
10001490:	f3bf 8f5f 	dmb	sy
10001494:	4a0c      	ldr	r2, [pc, #48]	@ (100014c8 <irq_set_exclusive_handler+0x54>)
10001496:	3010      	adds	r0, #16
10001498:	6892      	ldr	r2, [r2, #8]
1000149a:	4c0c      	ldr	r4, [pc, #48]	@ (100014cc <irq_set_exclusive_handler+0x58>)
1000149c:	f852 2020 	ldr.w	r2, [r2, r0, lsl #2]
100014a0:	42a2      	cmp	r2, r4
100014a2:	d001      	beq.n	100014a8 <irq_set_exclusive_handler+0x34>
100014a4:	4291      	cmp	r1, r2
100014a6:	d10b      	bne.n	100014c0 <irq_set_exclusive_handler+0x4c>
100014a8:	4a07      	ldr	r2, [pc, #28]	@ (100014c8 <irq_set_exclusive_handler+0x54>)
100014aa:	6892      	ldr	r2, [r2, #8]
100014ac:	f842 1020 	str.w	r1, [r2, r0, lsl #2]
100014b0:	f3bf 8f5f 	dmb	sy
100014b4:	2200      	movs	r2, #0
100014b6:	e8c3 2f8f 	stlb	r2, [r3]
100014ba:	f38c 8810 	msr	PRIMASK, ip
100014be:	bd10      	pop	{r4, pc}
100014c0:	f000 ff86 	bl	100023d0 <hard_assertion_failure>
100014c4:	20000b69 	.word	0x20000b69
100014c8:	e000ed00 	.word	0xe000ed00
100014cc:	10000111 	.word	0x10000111

100014d0 <irq_add_shared_handler>:
100014d0:	e92d 4ff0 	stmdb	sp!, {r4, r5, r6, r7, r8, r9, sl, fp, lr}
100014d4:	460b      	mov	r3, r1
100014d6:	b083      	sub	sp, #12
100014d8:	f3ef 8a10 	mrs	sl, PRIMASK
100014dc:	b672      	cpsid	i
100014de:	f8df 91ac 	ldr.w	r9, [pc, #428]	@ 1000168c <irq_add_shared_handler+0x1bc>
100014e2:	e8d9 4fcf 	ldaexb	r4, [r9]
100014e6:	2101      	movs	r1, #1
100014e8:	2c00      	cmp	r4, #0
100014ea:	d1fa      	bne.n	100014e2 <irq_add_shared_handler+0x12>
100014ec:	e8c9 1f44 	strexb	r4, r1, [r9]
100014f0:	2c00      	cmp	r4, #0
100014f2:	d1f6      	bne.n	100014e2 <irq_add_shared_handler+0x12>
100014f4:	f3bf 8f5f 	dmb	sy
100014f8:	495d      	ldr	r1, [pc, #372]	@ (10001670 <irq_add_shared_handler+0x1a0>)
100014fa:	f991 8000 	ldrsb.w	r8, [r1]
100014fe:	f1b8 0f00 	cmp.w	r8, #0
10001502:	f2c0 80b2 	blt.w	1000166a <irq_add_shared_handler+0x19a>
10001506:	4c5b      	ldr	r4, [pc, #364]	@ (10001674 <irq_add_shared_handler+0x1a4>)
10001508:	eb08 0748 	add.w	r7, r8, r8, lsl #1
1000150c:	eb04 0587 	add.w	r5, r4, r7, lsl #2
10001510:	79ae      	ldrb	r6, [r5, #6]
10001512:	3010      	adds	r0, #16
10001514:	700e      	strb	r6, [r1, #0]
10001516:	4958      	ldr	r1, [pc, #352]	@ (10001678 <irq_add_shared_handler+0x1a8>)
10001518:	ea4f 0648 	mov.w	r6, r8, lsl #1
1000151c:	6889      	ldr	r1, [r1, #8]
1000151e:	9600      	str	r6, [sp, #0]
10001520:	f851 1020 	ldr.w	r1, [r1, r0, lsl #2]
10001524:	00bf      	lsls	r7, r7, #2
10001526:	1b0e      	subs	r6, r1, r4
10001528:	2e47      	cmp	r6, #71	@ 0x47
1000152a:	d834      	bhi.n	10001596 <irq_add_shared_handler+0xc6>
1000152c:	f021 0e01 	bic.w	lr, r1, #1
10001530:	f89e 6007 	ldrb.w	r6, [lr, #7]
10001534:	4296      	cmp	r6, r2
10001536:	d809      	bhi.n	1000154c <irq_add_shared_handler+0x7c>
10001538:	e071      	b.n	1000161e <irq_add_shared_handler+0x14e>
1000153a:	eb0c 064c 	add.w	r6, ip, ip, lsl #1
1000153e:	eb04 0686 	add.w	r6, r4, r6, lsl #2
10001542:	f896 b007 	ldrb.w	fp, [r6, #7]
10001546:	4593      	cmp	fp, r2
10001548:	d94e      	bls.n	100015e8 <irq_add_shared_handler+0x118>
1000154a:	46b6      	mov	lr, r6
1000154c:	f99e c006 	ldrsb.w	ip, [lr, #6]
10001550:	f1bc 0f00 	cmp.w	ip, #0
10001554:	daf1      	bge.n	1000153a <irq_add_shared_handler+0x6a>
10001556:	f64b 5601 	movw	r6, #48385	@ 0xbd01
1000155a:	f10e 0b04 	add.w	fp, lr, #4
1000155e:	3d04      	subs	r5, #4
10001560:	eba5 050b 	sub.w	r5, r5, fp
10001564:	f3c5 054a 	ubfx	r5, r5, #1, #11
10001568:	ea6f 45c5 	mvn.w	r5, r5, lsl #19
1000156c:	9f00      	ldr	r7, [sp, #0]
1000156e:	ea6f 45d5 	mvn.w	r5, r5, lsr #19
10001572:	4447      	add	r7, r8
10001574:	46bb      	mov	fp, r7
10001576:	f88e 8006 	strb.w	r8, [lr, #6]
1000157a:	f8df 810c 	ldr.w	r8, [pc, #268]	@ 10001688 <irq_add_shared_handler+0x1b8>
1000157e:	eb04 0787 	add.w	r7, r4, r7, lsl #2
10001582:	f8ae 5004 	strh.w	r5, [lr, #4]
10001586:	f844 802b 	str.w	r8, [r4, fp, lsl #2]
1000158a:	80be      	strh	r6, [r7, #4]
1000158c:	f887 c006 	strb.w	ip, [r7, #6]
10001590:	71fa      	strb	r2, [r7, #7]
10001592:	60bb      	str	r3, [r7, #8]
10001594:	e01a      	b.n	100015cc <irq_add_shared_handler+0xfc>
10001596:	4e39      	ldr	r6, [pc, #228]	@ (1000167c <irq_add_shared_handler+0x1ac>)
10001598:	42b1      	cmp	r1, r6
1000159a:	d166      	bne.n	1000166a <irq_add_shared_handler+0x19a>
1000159c:	60ab      	str	r3, [r5, #8]
1000159e:	4b38      	ldr	r3, [pc, #224]	@ (10001680 <irq_add_shared_handler+0x1b0>)
100015a0:	71ea      	strb	r2, [r5, #7]
100015a2:	1cba      	adds	r2, r7, #2
100015a4:	4422      	add	r2, r4
100015a6:	3b04      	subs	r3, #4
100015a8:	1a9b      	subs	r3, r3, r2
100015aa:	f3c3 034a 	ubfx	r3, r3, #1, #11
100015ae:	ea6f 43c3 	mvn.w	r3, r3, lsl #19
100015b2:	f44f 4221 	mov.w	r2, #41216	@ 0xa100
100015b6:	ea6f 43d3 	mvn.w	r3, r3, lsr #19
100015ba:	53e2      	strh	r2, [r4, r7]
100015bc:	806b      	strh	r3, [r5, #2]
100015be:	22ff      	movs	r2, #255	@ 0xff
100015c0:	f64b 5301 	movw	r3, #48385	@ 0xbd01
100015c4:	71aa      	strb	r2, [r5, #6]
100015c6:	80ab      	strh	r3, [r5, #4]
100015c8:	f045 0101 	orr.w	r1, r5, #1
100015cc:	4b2a      	ldr	r3, [pc, #168]	@ (10001678 <irq_add_shared_handler+0x1a8>)
100015ce:	689b      	ldr	r3, [r3, #8]
100015d0:	f843 1020 	str.w	r1, [r3, r0, lsl #2]
100015d4:	f3bf 8f5f 	dmb	sy
100015d8:	2300      	movs	r3, #0
100015da:	e8c9 3f8f 	stlb	r3, [r9]
100015de:	f38a 8810 	msr	PRIMASK, sl
100015e2:	b003      	add	sp, #12
100015e4:	e8bd 8ff0 	ldmia.w	sp!, {r4, r5, r6, r7, r8, r9, sl, fp, pc}
100015e8:	46f3      	mov	fp, lr
100015ea:	f83b 6f04 	ldrh.w	r6, [fp, #4]!
100015ee:	0576      	lsls	r6, r6, #21
100015f0:	d40f      	bmi.n	10001612 <irq_add_shared_handler+0x142>
100015f2:	1576      	asrs	r6, r6, #21
100015f4:	3602      	adds	r6, #2
100015f6:	eb0b 0646 	add.w	r6, fp, r6, lsl #1
100015fa:	9601      	str	r6, [sp, #4]
100015fc:	f06f 0607 	mvn.w	r6, #7
10001600:	1bf6      	subs	r6, r6, r7
10001602:	9f01      	ldr	r7, [sp, #4]
10001604:	1b36      	subs	r6, r6, r4
10001606:	443e      	add	r6, r7
10001608:	f3c6 064a 	ubfx	r6, r6, #1, #11
1000160c:	f446 4660 	orr.w	r6, r6, #57344	@ 0xe000
10001610:	e7a5      	b.n	1000155e <irq_add_shared_handler+0x8e>
10001612:	f506 16ff 	add.w	r6, r6, #2088960	@ 0x1fe000
10001616:	f506 56ff 	add.w	r6, r6, #8160	@ 0x1fe0
1000161a:	361f      	adds	r6, #31
1000161c:	e7e9      	b.n	100015f2 <irq_add_shared_handler+0x122>
1000161e:	60ab      	str	r3, [r5, #8]
10001620:	f06f 0307 	mvn.w	r3, #7
10001624:	71ea      	strb	r2, [r5, #7]
10001626:	f44f 4221 	mov.w	r2, #41216	@ 0xa100
1000162a:	1bdb      	subs	r3, r3, r7
1000162c:	1b1b      	subs	r3, r3, r4
1000162e:	4473      	add	r3, lr
10001630:	53e2      	strh	r2, [r4, r7]
10001632:	f3c3 024a 	ubfx	r2, r3, #1, #11
10001636:	4b12      	ldr	r3, [pc, #72]	@ (10001680 <irq_add_shared_handler+0x1b0>)
10001638:	4e12      	ldr	r6, [pc, #72]	@ (10001684 <irq_add_shared_handler+0x1b4>)
1000163a:	3702      	adds	r7, #2
1000163c:	4427      	add	r7, r4
1000163e:	3b04      	subs	r3, #4
10001640:	4332      	orrs	r2, r6
10001642:	1bdb      	subs	r3, r3, r7
10001644:	80aa      	strh	r2, [r5, #4]
10001646:	f3c3 034a 	ubfx	r3, r3, #1, #11
1000164a:	4a0f      	ldr	r2, [pc, #60]	@ (10001688 <irq_add_shared_handler+0x1b8>)
1000164c:	4333      	orrs	r3, r6
1000164e:	806b      	strh	r3, [r5, #2]
10001650:	f64a 21aa 	movw	r1, #43690	@ 0xaaaa
10001654:	4673      	mov	r3, lr
10001656:	1b1b      	subs	r3, r3, r4
10001658:	415b      	adcs	r3, r3
1000165a:	4359      	muls	r1, r3
1000165c:	0d09      	lsrs	r1, r1, #20
1000165e:	71a9      	strb	r1, [r5, #6]
10001660:	f8ce 2000 	str.w	r2, [lr]
10001664:	f045 0101 	orr.w	r1, r5, #1
10001668:	e7b0      	b.n	100015cc <irq_add_shared_handler+0xfc>
1000166a:	f000 feb1 	bl	100023d0 <hard_assertion_failure>
1000166e:	bf00      	nop
10001670:	20001014 	.word	0x20001014
10001674:	2000076c 	.word	0x2000076c
10001678:	e000ed00 	.word	0xe000ed00
1000167c:	10000111 	.word	0x10000111
10001680:	200007b4 	.word	0x200007b4
10001684:	ffffe000 	.word	0xffffe000
10001688:	47804801 	.word	0x47804801
1000168c:	20000b69 	.word	0x20000b69

10001690 <irq_add_tail_to_free_list>:
10001690:	b5f0      	push	{r4, r5, r6, r7, lr}
10001692:	f3ef 8505 	mrs	r5, IPSR
10001696:	b2ed      	uxtb	r5, r5
10001698:	f3ef 8c10 	mrs	ip, PRIMASK
1000169c:	b672      	cpsid	i
1000169e:	492c      	ldr	r1, [pc, #176]	@ (10001750 <irq_add_tail_to_free_list+0xc0>)
100016a0:	e8d1 2fcf 	ldaexb	r2, [r1]
100016a4:	2301      	movs	r3, #1
100016a6:	2a00      	cmp	r2, #0
100016a8:	d1fa      	bne.n	100016a0 <irq_add_tail_to_free_list+0x10>
100016aa:	e8c1 3f42 	strexb	r2, r3, [r1]
100016ae:	2a00      	cmp	r2, #0
100016b0:	d1f6      	bne.n	100016a0 <irq_add_tail_to_free_list+0x10>
100016b2:	f3bf 8f5f 	dmb	sy
100016b6:	4e27      	ldr	r6, [pc, #156]	@ (10001754 <irq_add_tail_to_free_list+0xc4>)
100016b8:	f040 0e01 	orr.w	lr, r0, #1
100016bc:	68b4      	ldr	r4, [r6, #8]
100016be:	f64a 23aa 	movw	r3, #43690	@ 0xaaaa
100016c2:	f854 7025 	ldr.w	r7, [r4, r5, lsl #2]
100016c6:	4a24      	ldr	r2, [pc, #144]	@ (10001758 <irq_add_tail_to_free_list+0xc8>)
100016c8:	4604      	mov	r4, r0
100016ca:	1aa4      	subs	r4, r4, r2
100016cc:	4164      	adcs	r4, r4
100016ce:	4363      	muls	r3, r4
100016d0:	0d1b      	lsrs	r3, r3, #20
100016d2:	4577      	cmp	r7, lr
100016d4:	b25b      	sxtb	r3, r3
100016d6:	d023      	beq.n	10001720 <irq_add_tail_to_free_list+0x90>
100016d8:	f992 4006 	ldrsb.w	r4, [r2, #6]
100016dc:	429c      	cmp	r4, r3
100016de:	d024      	beq.n	1000172a <irq_add_tail_to_free_list+0x9a>
100016e0:	f992 4012 	ldrsb.w	r4, [r2, #18]
100016e4:	429c      	cmp	r4, r3
100016e6:	d02b      	beq.n	10001740 <irq_add_tail_to_free_list+0xb0>
100016e8:	f992 401e 	ldrsb.w	r4, [r2, #30]
100016ec:	429c      	cmp	r4, r3
100016ee:	d029      	beq.n	10001744 <irq_add_tail_to_free_list+0xb4>
100016f0:	f992 402a 	ldrsb.w	r4, [r2, #42]	@ 0x2a
100016f4:	429c      	cmp	r4, r3
100016f6:	d027      	beq.n	10001748 <irq_add_tail_to_free_list+0xb8>
100016f8:	f992 4036 	ldrsb.w	r4, [r2, #54]	@ 0x36
100016fc:	429c      	cmp	r4, r3
100016fe:	d025      	beq.n	1000174c <irq_add_tail_to_free_list+0xbc>
10001700:	f992 4042 	ldrsb.w	r4, [r2, #66]	@ 0x42
10001704:	429c      	cmp	r4, r3
10001706:	bf08      	it	eq
10001708:	2405      	moveq	r4, #5
1000170a:	d00f      	beq.n	1000172c <irq_add_tail_to_free_list+0x9c>
1000170c:	4a13      	ldr	r2, [pc, #76]	@ (1000175c <irq_add_tail_to_free_list+0xcc>)
1000170e:	2400      	movs	r4, #0
10001710:	7815      	ldrb	r5, [r2, #0]
10001712:	7013      	strb	r3, [r2, #0]
10001714:	7185      	strb	r5, [r0, #6]
10001716:	e8c1 4f8f 	stlb	r4, [r1]
1000171a:	f38c 8810 	msr	PRIMASK, ip
1000171e:	bdf0      	pop	{r4, r5, r6, r7, pc}
10001720:	68b2      	ldr	r2, [r6, #8]
10001722:	4c0f      	ldr	r4, [pc, #60]	@ (10001760 <irq_add_tail_to_free_list+0xd0>)
10001724:	f842 4025 	str.w	r4, [r2, r5, lsl #2]
10001728:	e7f0      	b.n	1000170c <irq_add_tail_to_free_list+0x7c>
1000172a:	2400      	movs	r4, #0
1000172c:	eb04 0444 	add.w	r4, r4, r4, lsl #1
10001730:	eb02 0284 	add.w	r2, r2, r4, lsl #2
10001734:	24ff      	movs	r4, #255	@ 0xff
10001736:	7194      	strb	r4, [r2, #6]
10001738:	f64b 5401 	movw	r4, #48385	@ 0xbd01
1000173c:	8094      	strh	r4, [r2, #4]
1000173e:	e7e5      	b.n	1000170c <irq_add_tail_to_free_list+0x7c>
10001740:	2401      	movs	r4, #1
10001742:	e7f3      	b.n	1000172c <irq_add_tail_to_free_list+0x9c>
10001744:	2402      	movs	r4, #2
10001746:	e7f1      	b.n	1000172c <irq_add_tail_to_free_list+0x9c>
10001748:	2403      	movs	r4, #3
1000174a:	e7ef      	b.n	1000172c <irq_add_tail_to_free_list+0x9c>
1000174c:	2404      	movs	r4, #4
1000174e:	e7ed      	b.n	1000172c <irq_add_tail_to_free_list+0x9c>
10001750:	20000b69 	.word	0x20000b69
10001754:	e000ed00 	.word	0xe000ed00
10001758:	2000076c 	.word	0x2000076c
1000175c:	20001014 	.word	0x20001014
10001760:	10000111 	.word	0x10000111

10001764 <user_irq_claim_unused>:
10001764:	b510      	push	{r4, lr}
10001766:	4c07      	ldr	r4, [pc, #28]	@ (10001784 <user_irq_claim_unused+0x20>)
10001768:	b082      	sub	sp, #8
1000176a:	4601      	mov	r1, r0
1000176c:	2305      	movs	r3, #5
1000176e:	2200      	movs	r2, #0
10001770:	9400      	str	r4, [sp, #0]
10001772:	4805      	ldr	r0, [pc, #20]	@ (10001788 <user_irq_claim_unused+0x24>)
10001774:	f7ff fd9e 	bl	100012b4 <hw_claim_unused_from_range>
10001778:	2800      	cmp	r0, #0
1000177a:	bfa8      	it	ge
1000177c:	f1c0 0033 	rsbge	r0, r0, #51	@ 0x33
10001780:	b002      	add	sp, #8
10001782:	bd10      	pop	{r4, pc}
10001784:	10005a94 	.word	0x10005a94
10001788:	20001019 	.word	0x20001019

1000178c <lock_init>:
1000178c:	4b01      	ldr	r3, [pc, #4]	@ (10001794 <lock_init+0x8>)
1000178e:	440b      	add	r3, r1
10001790:	6003      	str	r3, [r0, #0]
10001792:	4770      	bx	lr
10001794:	20000b60 	.word	0x20000b60

10001798 <runtime_init_mutex>:
10001798:	b570      	push	{r4, r5, r6, lr}
1000179a:	4c10      	ldr	r4, [pc, #64]	@ (100017dc <runtime_init_mutex+0x44>)
1000179c:	4d10      	ldr	r5, [pc, #64]	@ (100017e0 <runtime_init_mutex+0x48>)
1000179e:	42ac      	cmp	r4, r5
100017a0:	d20e      	bcs.n	100017c0 <runtime_init_mutex+0x28>
100017a2:	26ff      	movs	r6, #255	@ 0xff
100017a4:	6823      	ldr	r3, [r4, #0]
100017a6:	b163      	cbz	r3, 100017c2 <runtime_init_mutex+0x2a>
100017a8:	f7ff fdd2 	bl	10001350 <next_striped_spin_lock_num>
100017ac:	4601      	mov	r1, r0
100017ae:	4620      	mov	r0, r4
100017b0:	f7ff ffec 	bl	1000178c <lock_init>
100017b4:	80a6      	strh	r6, [r4, #4]
100017b6:	f3bf 8f5f 	dmb	sy
100017ba:	3408      	adds	r4, #8
100017bc:	42ac      	cmp	r4, r5
100017be:	d3f1      	bcc.n	100017a4 <runtime_init_mutex+0xc>
100017c0:	bd70      	pop	{r4, r5, r6, pc}
100017c2:	f7ff fdc5 	bl	10001350 <next_striped_spin_lock_num>
100017c6:	4601      	mov	r1, r0
100017c8:	4620      	mov	r0, r4
100017ca:	f7ff ffdf 	bl	1000178c <lock_init>
100017ce:	7126      	strb	r6, [r4, #4]
100017d0:	f3bf 8f5f 	dmb	sy
100017d4:	3408      	adds	r4, #8
100017d6:	42ac      	cmp	r4, r5
100017d8:	d3e4      	bcc.n	100017a4 <runtime_init_mutex+0xc>
100017da:	bd70      	pop	{r4, r5, r6, pc}
100017dc:	2000082c 	.word	0x2000082c
100017e0:	20000834 	.word	0x20000834

100017e4 <mutex_init>:
100017e4:	b510      	push	{r4, lr}
100017e6:	4604      	mov	r4, r0
100017e8:	f7ff fdb2 	bl	10001350 <next_striped_spin_lock_num>
100017ec:	4601      	mov	r1, r0
100017ee:	4620      	mov	r0, r4
100017f0:	f7ff ffcc 	bl	1000178c <lock_init>
100017f4:	23ff      	movs	r3, #255	@ 0xff
100017f6:	7123      	strb	r3, [r4, #4]
100017f8:	f3bf 8f5f 	dmb	sy
100017fc:	bd10      	pop	{r4, pc}
100017fe:	bf00      	nop

10001800 <critical_section_init>:
10001800:	b510      	push	{r4, lr}
10001802:	4604      	mov	r4, r0
10001804:	2001      	movs	r0, #1
10001806:	f7ff fdaf 	bl	10001368 <spin_lock_claim_unused>
1000180a:	4b03      	ldr	r3, [pc, #12]	@ (10001818 <critical_section_init+0x18>)
1000180c:	4403      	add	r3, r0
1000180e:	6023      	str	r3, [r4, #0]
10001810:	f3bf 8f5f 	dmb	sy
10001814:	bd10      	pop	{r4, pc}
10001816:	bf00      	nop
10001818:	20000b60 	.word	0x20000b60

1000181c <critical_section_init_with_lock_num>:
1000181c:	4b02      	ldr	r3, [pc, #8]	@ (10001828 <critical_section_init_with_lock_num+0xc>)
1000181e:	440b      	add	r3, r1
10001820:	6003      	str	r3, [r0, #0]
10001822:	f3bf 8f5f 	dmb	sy
10001826:	4770      	bx	lr
10001828:	20000b60 	.word	0x20000b60

1000182c <sleep_until_callback>:
1000182c:	4910      	ldr	r1, [pc, #64]	@ (10001870 <sleep_until_callback+0x44>)
1000182e:	680b      	ldr	r3, [r1, #0]
10001830:	f3ef 8010 	mrs	r0, PRIMASK
10001834:	b672      	cpsid	i
10001836:	e8d3 cfcf 	ldaexb	ip, [r3]
1000183a:	2201      	movs	r2, #1
1000183c:	f1bc 0f00 	cmp.w	ip, #0
10001840:	d1f9      	bne.n	10001836 <sleep_until_callback+0xa>
10001842:	e8c3 2f4c 	strexb	ip, r2, [r3]
10001846:	f1bc 0f00 	cmp.w	ip, #0
1000184a:	d1f4      	bne.n	10001836 <sleep_until_callback+0xa>
1000184c:	f3bf 8f5f 	dmb	sy
10001850:	4a08      	ldr	r2, [pc, #32]	@ (10001874 <sleep_until_callback+0x48>)
10001852:	f04f 0c00 	mov.w	ip, #0
10001856:	7813      	ldrb	r3, [r2, #0]
10001858:	6809      	ldr	r1, [r1, #0]
1000185a:	3301      	adds	r3, #1
1000185c:	b2db      	uxtb	r3, r3
1000185e:	7013      	strb	r3, [r2, #0]
10001860:	e8c1 cf8f 	stlb	ip, [r1]
10001864:	f380 8810 	msr	PRIMASK, r0
10001868:	bf40      	sev
1000186a:	2000      	movs	r0, #0
1000186c:	2100      	movs	r1, #0
1000186e:	4770      	bx	lr
10001870:	20000ff4 	.word	0x20000ff4
10001874:	20001016 	.word	0x20001016

10001878 <alarm_pool_irq_handler>:
10001878:	e92d 4ff0 	stmdb	sp!, {r4, r5, r6, r7, r8, r9, sl, fp, lr}
1000187c:	ed2d 8b02 	vpush	{d8}
10001880:	b085      	sub	sp, #20
10001882:	f3ef 8305 	mrs	r3, IPSR
10001886:	b2db      	uxtb	r3, r3
10001888:	3b10      	subs	r3, #16
1000188a:	089a      	lsrs	r2, r3, #2
1000188c:	bf18      	it	ne
1000188e:	2201      	movne	r2, #1
10001890:	f04f 0101 	mov.w	r1, #1
10001894:	f003 0003 	and.w	r0, r3, #3
10001898:	bf18      	it	ne
1000189a:	4daf      	ldrne	r5, [pc, #700]	@ (10001b58 <alarm_pool_irq_handler+0x2e0>)
1000189c:	4baf      	ldr	r3, [pc, #700]	@ (10001b5c <alarm_pool_irq_handler+0x2e4>)
1000189e:	bf08      	it	eq
100018a0:	4daf      	ldreq	r5, [pc, #700]	@ (10001b60 <alarm_pool_irq_handler+0x2e8>)
100018a2:	eb00 0282 	add.w	r2, r0, r2, lsl #2
100018a6:	f853 6022 	ldr.w	r6, [r3, r2, lsl #2]
100018aa:	fa01 fb00 	lsl.w	fp, r1, r0
100018ae:	f505 5341 	add.w	r3, r5, #12352	@ 0x3040
100018b2:	ed9f 8ba7 	vldr	d8, [pc, #668]	@ 10001b50 <alarm_pool_irq_handler+0x2d8>
100018b6:	9001      	str	r0, [sp, #4]
100018b8:	f8c3 b004 	str.w	fp, [r3, #4]
100018bc:	e02e      	b.n	1000191c <alarm_pool_irq_handler+0xa4>
100018be:	88b3      	ldrh	r3, [r6, #4]
100018c0:	0418      	lsls	r0, r3, #16
100018c2:	f140 8092 	bpl.w	100019ea <alarm_pool_irq_handler+0x172>
100018c6:	79b3      	ldrb	r3, [r6, #6]
100018c8:	2b00      	cmp	r3, #0
100018ca:	f040 80dc 	bne.w	10001a86 <alarm_pool_irq_handler+0x20e>
100018ce:	f9b6 1008 	ldrsh.w	r1, [r6, #8]
100018d2:	2900      	cmp	r1, #0
100018d4:	f2c0 811d 	blt.w	10001b12 <alarm_pool_irq_handler+0x29a>
100018d8:	6973      	ldr	r3, [r6, #20]
100018da:	eb01 0141 	add.w	r1, r1, r1, lsl #1
100018de:	eb03 03c1 	add.w	r3, r3, r1, lsl #3
100018e2:	e9d3 4702 	ldrd	r4, r7, [r3, #8]
100018e6:	f1b7 3fff 	cmp.w	r7, #4294967295	@ 0xffffffff
100018ea:	bf08      	it	eq
100018ec:	f1b4 3fff 	cmpeq.w	r4, #4294967295	@ 0xffffffff
100018f0:	d00d      	beq.n	1000190e <alarm_pool_irq_handler+0x96>
100018f2:	9b01      	ldr	r3, [sp, #4]
100018f4:	eb05 0183 	add.w	r1, r5, r3, lsl #2
100018f8:	6aab      	ldr	r3, [r5, #40]	@ 0x28
100018fa:	690a      	ldr	r2, [r1, #16]
100018fc:	1ad2      	subs	r2, r2, r3
100018fe:	1ae3      	subs	r3, r4, r3
10001900:	4293      	cmp	r3, r2
10001902:	d303      	bcc.n	1000190c <alarm_pool_irq_handler+0x94>
10001904:	6a2b      	ldr	r3, [r5, #32]
10001906:	ea13 0f0b 	tst.w	r3, fp
1000190a:	d100      	bne.n	1000190e <alarm_pool_irq_handler+0x96>
1000190c:	610c      	str	r4, [r1, #16]
1000190e:	4628      	mov	r0, r5
10001910:	f000 fbbe 	bl	10002090 <timer_time_us_64>
10001914:	42a0      	cmp	r0, r4
10001916:	41b9      	sbcs	r1, r7
10001918:	f2c0 80fb 	blt.w	10001b12 <alarm_pool_irq_handler+0x29a>
1000191c:	f9b6 3008 	ldrsh.w	r3, [r6, #8]
10001920:	f8c5 b03c 	str.w	fp, [r5, #60]	@ 0x3c
10001924:	2b00      	cmp	r3, #0
10001926:	9300      	str	r3, [sp, #0]
10001928:	dbc9      	blt.n	100018be <alarm_pool_irq_handler+0x46>
1000192a:	f8d6 9014 	ldr.w	r9, [r6, #20]
1000192e:	eb03 0a43 	add.w	sl, r3, r3, lsl #1
10001932:	4628      	mov	r0, r5
10001934:	eb09 07ca 	add.w	r7, r9, sl, lsl #3
10001938:	e9d7 4802 	ldrd	r4, r8, [r7, #8]
1000193c:	f000 fba8 	bl	10002090 <timer_time_us_64>
10001940:	42a0      	cmp	r0, r4
10001942:	eb71 0108 	sbcs.w	r1, r1, r8
10001946:	dbba      	blt.n	100018be <alarm_pool_irq_handler+0x46>
10001948:	f1b8 0f00 	cmp.w	r8, #0
1000194c:	f2c0 80c3 	blt.w	10001ad6 <alarm_pool_irq_handler+0x25e>
10001950:	e9d7 3104 	ldrd	r3, r1, [r7, #16]
10001954:	4a83      	ldr	r2, [pc, #524]	@ (10001b64 <alarm_pool_irq_handler+0x2ec>)
10001956:	4293      	cmp	r3, r2
10001958:	f000 80ed 	beq.w	10001b36 <alarm_pool_irq_handler+0x2be>
1000195c:	887a      	ldrh	r2, [r7, #2]
1000195e:	f9b6 0008 	ldrsh.w	r0, [r6, #8]
10001962:	b292      	uxth	r2, r2
10001964:	ea42 4000 	orr.w	r0, r2, r0, lsl #16
10001968:	4798      	blx	r3
1000196a:	4602      	mov	r2, r0
1000196c:	460b      	mov	r3, r1
1000196e:	ea52 0103 	orrs.w	r1, r2, r3
10001972:	f000 80b0 	beq.w	10001ad6 <alarm_pool_irq_handler+0x25e>
10001976:	2b00      	cmp	r3, #0
10001978:	f280 80d1 	bge.w	10001b1e <alarm_pool_irq_handler+0x2a6>
1000197c:	ebb4 0e02 	subs.w	lr, r4, r2
10001980:	eb68 0803 	sbc.w	r8, r8, r3
10001984:	f939 303a 	ldrsh.w	r3, [r9, sl, lsl #3]
10001988:	e9c7 e802 	strd	lr, r8, [r7, #8]
1000198c:	2b00      	cmp	r3, #0
1000198e:	db96      	blt.n	100018be <alarm_pool_irq_handler+0x46>
10001990:	6971      	ldr	r1, [r6, #20]
10001992:	eb03 0243 	add.w	r2, r3, r3, lsl #1
10001996:	eb01 02c2 	add.w	r2, r1, r2, lsl #3
1000199a:	e9d2 7002 	ldrd	r7, r0, [r2, #8]
1000199e:	45be      	cmp	lr, r7
100019a0:	eb78 0c00 	sbcs.w	ip, r8, r0
100019a4:	ea4f 0243 	mov.w	r2, r3, lsl #1
100019a8:	db89      	blt.n	100018be <alarm_pool_irq_handler+0x46>
100019aa:	46b4      	mov	ip, r6
100019ac:	f82c 3f08 	strh.w	r3, [ip, #8]!
100019b0:	e00b      	b.n	100019ca <alarm_pool_irq_handler+0x152>
100019b2:	f931 3032 	ldrsh.w	r3, [r1, r2, lsl #3]
100019b6:	46a4      	mov	ip, r4
100019b8:	2b00      	cmp	r3, #0
100019ba:	db0d      	blt.n	100019d8 <alarm_pool_irq_handler+0x160>
100019bc:	eb03 0043 	add.w	r0, r3, r3, lsl #1
100019c0:	eb01 00c0 	add.w	r0, r1, r0, lsl #3
100019c4:	005a      	lsls	r2, r3, #1
100019c6:	e9d0 7002 	ldrd	r7, r0, [r0, #8]
100019ca:	45be      	cmp	lr, r7
100019cc:	441a      	add	r2, r3
100019ce:	eb78 0000 	sbcs.w	r0, r8, r0
100019d2:	eb01 04c2 	add.w	r4, r1, r2, lsl #3
100019d6:	daec      	bge.n	100019b2 <alarm_pool_irq_handler+0x13a>
100019d8:	f829 303a 	strh.w	r3, [r9, sl, lsl #3]
100019dc:	9b00      	ldr	r3, [sp, #0]
100019de:	f8ac 3000 	strh.w	r3, [ip]
100019e2:	88b3      	ldrh	r3, [r6, #4]
100019e4:	0418      	lsls	r0, r3, #16
100019e6:	f53f af6e 	bmi.w	100018c6 <alarm_pool_irq_handler+0x4e>
100019ea:	6933      	ldr	r3, [r6, #16]
100019ec:	f3ef 8210 	mrs	r2, PRIMASK
100019f0:	b672      	cpsid	i
100019f2:	e8d3 0fcf 	ldaexb	r0, [r3]
100019f6:	2101      	movs	r1, #1
100019f8:	2800      	cmp	r0, #0
100019fa:	d1fa      	bne.n	100019f2 <alarm_pool_irq_handler+0x17a>
100019fc:	e8c3 1f40 	strexb	r0, r1, [r3]
10001a00:	2800      	cmp	r0, #0
10001a02:	d1f6      	bne.n	100019f2 <alarm_pool_irq_handler+0x17a>
10001a04:	f3bf 8f5f 	dmb	sy
10001a08:	f64f 74ff 	movw	r4, #65535	@ 0xffff
10001a0c:	88b0      	ldrh	r0, [r6, #4]
10001a0e:	2300      	movs	r3, #0
10001a10:	6931      	ldr	r1, [r6, #16]
10001a12:	b200      	sxth	r0, r0
10001a14:	80b4      	strh	r4, [r6, #4]
10001a16:	e8c1 3f8f 	stlb	r3, [r1]
10001a1a:	f382 8810 	msr	PRIMASK, r2
10001a1e:	4298      	cmp	r0, r3
10001a20:	f6ff af51 	blt.w	100018c6 <alarm_pool_irq_handler+0x4e>
10001a24:	4607      	mov	r7, r0
10001a26:	46a9      	mov	r9, r5
10001a28:	6974      	ldr	r4, [r6, #20]
10001a2a:	f106 0808 	add.w	r8, r6, #8
10001a2e:	eb07 0e47 	add.w	lr, r7, r7, lsl #1
10001a32:	eb04 03ce 	add.w	r3, r4, lr, lsl #3
10001a36:	e9d3 5002 	ldrd	r5, r0, [r3, #8]
10001a3a:	f9b6 3008 	ldrsh.w	r3, [r6, #8]
10001a3e:	46c4      	mov	ip, r8
10001a40:	2b00      	cmp	r3, #0
10001a42:	db13      	blt.n	10001a6c <alarm_pool_irq_handler+0x1f4>
10001a44:	46b2      	mov	sl, r6
10001a46:	9700      	str	r7, [sp, #0]
10001a48:	e004      	b.n	10001a54 <alarm_pool_irq_handler+0x1dc>
10001a4a:	f934 3036 	ldrsh.w	r3, [r4, r6, lsl #3]
10001a4e:	4694      	mov	ip, r2
10001a50:	2b00      	cmp	r3, #0
10001a52:	db09      	blt.n	10001a68 <alarm_pool_irq_handler+0x1f0>
10001a54:	eb03 0643 	add.w	r6, r3, r3, lsl #1
10001a58:	eb04 02c6 	add.w	r2, r4, r6, lsl #3
10001a5c:	e9d2 7102 	ldrd	r7, r1, [r2, #8]
10001a60:	42bd      	cmp	r5, r7
10001a62:	eb70 0101 	sbcs.w	r1, r0, r1
10001a66:	daf0      	bge.n	10001a4a <alarm_pool_irq_handler+0x1d2>
10001a68:	4656      	mov	r6, sl
10001a6a:	9f00      	ldr	r7, [sp, #0]
10001a6c:	f8ac 7000 	strh.w	r7, [ip]
10001a70:	f934 703e 	ldrsh.w	r7, [r4, lr, lsl #3]
10001a74:	f824 303e 	strh.w	r3, [r4, lr, lsl #3]
10001a78:	2f00      	cmp	r7, #0
10001a7a:	dad8      	bge.n	10001a2e <alarm_pool_irq_handler+0x1b6>
10001a7c:	79b3      	ldrb	r3, [r6, #6]
10001a7e:	464d      	mov	r5, r9
10001a80:	2b00      	cmp	r3, #0
10001a82:	f43f af24 	beq.w	100018ce <alarm_pool_irq_handler+0x56>
10001a86:	2300      	movs	r3, #0
10001a88:	71b3      	strb	r3, [r6, #6]
10001a8a:	f9b6 3008 	ldrsh.w	r3, [r6, #8]
10001a8e:	f106 0808 	add.w	r8, r6, #8
10001a92:	1c59      	adds	r1, r3, #1
10001a94:	d03d      	beq.n	10001b12 <alarm_pool_irq_handler+0x29a>
10001a96:	4619      	mov	r1, r3
10001a98:	6977      	ldr	r7, [r6, #20]
10001a9a:	e003      	b.n	10001aa4 <alarm_pool_irq_handler+0x22c>
10001a9c:	4680      	mov	r8, r0
10001a9e:	1c5a      	adds	r2, r3, #1
10001aa0:	f43f af17 	beq.w	100018d2 <alarm_pool_irq_handler+0x5a>
10001aa4:	eb03 0243 	add.w	r2, r3, r3, lsl #1
10001aa8:	eb07 00c2 	add.w	r0, r7, r2, lsl #3
10001aac:	f8b0 c002 	ldrh.w	ip, [r0, #2]
10001ab0:	461c      	mov	r4, r3
10001ab2:	f41c 4f00 	tst.w	ip, #32768	@ 0x8000
10001ab6:	469e      	mov	lr, r3
10001ab8:	f937 3032 	ldrsh.w	r3, [r7, r2, lsl #3]
10001abc:	d0ee      	beq.n	10001a9c <alarm_pool_irq_handler+0x224>
10001abe:	428c      	cmp	r4, r1
10001ac0:	ed80 8b02 	vstr	d8, [r0, #8]
10001ac4:	d005      	beq.n	10001ad2 <alarm_pool_irq_handler+0x25a>
10001ac6:	f8a8 3000 	strh.w	r3, [r8]
10001aca:	8931      	ldrh	r1, [r6, #8]
10001acc:	f827 1032 	strh.w	r1, [r7, r2, lsl #3]
10001ad0:	8134      	strh	r4, [r6, #8]
10001ad2:	4671      	mov	r1, lr
10001ad4:	e7e3      	b.n	10001a9e <alarm_pool_irq_handler+0x226>
10001ad6:	f839 303a 	ldrh.w	r3, [r9, sl, lsl #3]
10001ada:	8133      	strh	r3, [r6, #8]
10001adc:	6933      	ldr	r3, [r6, #16]
10001ade:	f3ef 8210 	mrs	r2, PRIMASK
10001ae2:	b672      	cpsid	i
10001ae4:	e8d3 0fcf 	ldaexb	r0, [r3]
10001ae8:	2101      	movs	r1, #1
10001aea:	2800      	cmp	r0, #0
10001aec:	d1fa      	bne.n	10001ae4 <alarm_pool_irq_handler+0x26c>
10001aee:	e8c3 1f40 	strexb	r0, r1, [r3]
10001af2:	2800      	cmp	r0, #0
10001af4:	d1f6      	bne.n	10001ae4 <alarm_pool_irq_handler+0x26c>
10001af6:	f3bf 8f5f 	dmb	sy
10001afa:	8873      	ldrh	r3, [r6, #2]
10001afc:	6931      	ldr	r1, [r6, #16]
10001afe:	f829 303a 	strh.w	r3, [r9, sl, lsl #3]
10001b02:	9b00      	ldr	r3, [sp, #0]
10001b04:	8073      	strh	r3, [r6, #2]
10001b06:	2300      	movs	r3, #0
10001b08:	e8c1 3f8f 	stlb	r3, [r1]
10001b0c:	f382 8810 	msr	PRIMASK, r2
10001b10:	e6d5      	b.n	100018be <alarm_pool_irq_handler+0x46>
10001b12:	bf40      	sev
10001b14:	b005      	add	sp, #20
10001b16:	ecbd 8b02 	vpop	{d8}
10001b1a:	e8bd 8ff0 	ldmia.w	sp!, {r4, r5, r6, r7, r8, r9, sl, fp, pc}
10001b1e:	4628      	mov	r0, r5
10001b20:	e9cd 2302 	strd	r2, r3, [sp, #8]
10001b24:	f000 fab4 	bl	10002090 <timer_time_us_64>
10001b28:	9a02      	ldr	r2, [sp, #8]
10001b2a:	9b03      	ldr	r3, [sp, #12]
10001b2c:	eb10 0e02 	adds.w	lr, r0, r2
10001b30:	eb43 0801 	adc.w	r8, r3, r1
10001b34:	e726      	b.n	10001984 <alarm_pool_irq_handler+0x10c>
10001b36:	4608      	mov	r0, r1
10001b38:	690b      	ldr	r3, [r1, #16]
10001b3a:	9102      	str	r1, [sp, #8]
10001b3c:	4798      	blx	r3
10001b3e:	2800      	cmp	r0, #0
10001b40:	d0c9      	beq.n	10001ad6 <alarm_pool_irq_handler+0x25e>
10001b42:	9902      	ldr	r1, [sp, #8]
10001b44:	e9d1 2300 	ldrd	r2, r3, [r1]
10001b48:	e711      	b.n	1000196e <alarm_pool_irq_handler+0xf6>
10001b4a:	bf00      	nop
10001b4c:	f3af 8000 	nop.w
10001b50:	ffffffff 	.word	0xffffffff
10001b54:	ffffffff 	.word	0xffffffff
10001b58:	400b8000 	.word	0x400b8000
10001b5c:	20000fc4 	.word	0x20000fc4
10001b60:	400b0000 	.word	0x400b0000
10001b64:	10001879 	.word	0x10001879

10001b68 <runtime_init_default_alarm_pool>:
10001b68:	e92d 4ff8 	stmdb	sp!, {r3, r4, r5, r6, r7, r8, r9, sl, fp, lr}
10001b6c:	4c36      	ldr	r4, [pc, #216]	@ (10001c48 <runtime_init_default_alarm_pool+0xe0>)
10001b6e:	6925      	ldr	r5, [r4, #16]
10001b70:	b12d      	cbz	r5, 10001b7e <runtime_init_default_alarm_pool+0x16>
10001b72:	e8bd 4ff8 	ldmia.w	sp!, {r3, r4, r5, r6, r7, r8, r9, sl, fp, lr}
10001b76:	210a      	movs	r1, #10
10001b78:	4834      	ldr	r0, [pc, #208]	@ (10001c4c <runtime_init_default_alarm_pool+0xe4>)
10001b7a:	f7ff be07 	b.w	1000178c <lock_init>
10001b7e:	f8df 80e4 	ldr.w	r8, [pc, #228]	@ 10001c64 <runtime_init_default_alarm_pool+0xfc>
10001b82:	2103      	movs	r1, #3
10001b84:	4640      	mov	r0, r8
10001b86:	f000 fa71 	bl	1000206c <timer_hardware_alarm_claim>
10001b8a:	2603      	movs	r6, #3
10001b8c:	f8c4 800c 	str.w	r8, [r4, #12]
10001b90:	f7ff fbde 	bl	10001350 <next_striped_spin_lock_num>
10001b94:	f04f 4c50 	mov.w	ip, #3489660928	@ 0xd0000000
10001b98:	4b2d      	ldr	r3, [pc, #180]	@ (10001c50 <runtime_init_default_alarm_pool+0xe8>)
10001b9a:	7026      	strb	r6, [r4, #0]
10001b9c:	4403      	add	r3, r0
10001b9e:	6123      	str	r3, [r4, #16]
10001ba0:	f8dc 3000 	ldr.w	r3, [ip]
10001ba4:	210f      	movs	r1, #15
10001ba6:	7063      	strb	r3, [r4, #1]
10001ba8:	6963      	ldr	r3, [r4, #20]
10001baa:	8061      	strh	r1, [r4, #2]
10001bac:	831d      	strh	r5, [r3, #24]
10001bae:	f04f 0504 	mov.w	r5, #4
10001bb2:	f8a3 5078 	strh.w	r5, [r3, #120]	@ 0x78
10001bb6:	f04f 0505 	mov.w	r5, #5
10001bba:	f8a3 5090 	strh.w	r5, [r3, #144]	@ 0x90
10001bbe:	f04f 0506 	mov.w	r5, #6
10001bc2:	f8a3 50a8 	strh.w	r5, [r3, #168]	@ 0xa8
10001bc6:	f04f 0507 	mov.w	r5, #7
10001bca:	210e      	movs	r1, #14
10001bcc:	f64f 72ff 	movw	r2, #65535	@ 0xffff
10001bd0:	2708      	movs	r7, #8
10001bd2:	f04f 0e0a 	mov.w	lr, #10
10001bd6:	f8a3 50c0 	strh.w	r5, [r3, #192]	@ 0xc0
10001bda:	f04f 0901 	mov.w	r9, #1
10001bde:	f04f 0c0c 	mov.w	ip, #12
10001be2:	f04f 0b02 	mov.w	fp, #2
10001be6:	f04f 0a09 	mov.w	sl, #9
10001bea:	200d      	movs	r0, #13
10001bec:	f04f 050b 	mov.w	r5, #11
10001bf0:	f8a3 1168 	strh.w	r1, [r3, #360]	@ 0x168
10001bf4:	4917      	ldr	r1, [pc, #92]	@ (10001c54 <runtime_init_default_alarm_pool+0xec>)
10001bf6:	80a2      	strh	r2, [r4, #4]
10001bf8:	f8a3 e108 	strh.w	lr, [r3, #264]	@ 0x108
10001bfc:	60a1      	str	r1, [r4, #8]
10001bfe:	f8a3 b048 	strh.w	fp, [r3, #72]	@ 0x48
10001c02:	f8a3 a0f0 	strh.w	sl, [r3, #240]	@ 0xf0
10001c06:	f8a3 5120 	strh.w	r5, [r3, #288]	@ 0x120
10001c0a:	f8a3 c138 	strh.w	ip, [r3, #312]	@ 0x138
10001c0e:	f8a3 0150 	strh.w	r0, [r3, #336]	@ 0x150
10001c12:	f8a3 9030 	strh.w	r9, [r3, #48]	@ 0x30
10001c16:	f8a3 6060 	strh.w	r6, [r3, #96]	@ 0x60
10001c1a:	f8a3 70d8 	strh.w	r7, [r3, #216]	@ 0xd8
10001c1e:	801a      	strh	r2, [r3, #0]
10001c20:	4b0d      	ldr	r3, [pc, #52]	@ (10001c58 <runtime_init_default_alarm_pool+0xf0>)
10001c22:	4630      	mov	r0, r6
10001c24:	f8c8 7020 	str.w	r7, [r8, #32]
10001c28:	490c      	ldr	r1, [pc, #48]	@ (10001c5c <runtime_init_default_alarm_pool+0xf4>)
10001c2a:	60dc      	str	r4, [r3, #12]
10001c2c:	f7ff fc22 	bl	10001474 <irq_set_exclusive_handler>
10001c30:	4649      	mov	r1, r9
10001c32:	4630      	mov	r0, r6
10001c34:	f7ff fbdc 	bl	100013f0 <irq_set_enabled>
10001c38:	4b09      	ldr	r3, [pc, #36]	@ (10001c60 <runtime_init_default_alarm_pool+0xf8>)
10001c3a:	210a      	movs	r1, #10
10001c3c:	641f      	str	r7, [r3, #64]	@ 0x40
10001c3e:	4803      	ldr	r0, [pc, #12]	@ (10001c4c <runtime_init_default_alarm_pool+0xe4>)
10001c40:	e8bd 4ff8 	ldmia.w	sp!, {r3, r4, r5, r6, r7, r8, r9, sl, fp, lr}
10001c44:	f7ff bda2 	b.w	1000178c <lock_init>
10001c48:	200007d8 	.word	0x200007d8
10001c4c:	20000ff4 	.word	0x20000ff4
10001c50:	20000b60 	.word	0x20000b60
10001c54:	0010ffff 	.word	0x0010ffff
10001c58:	20000fc4 	.word	0x20000fc4
10001c5c:	10001879 	.word	0x10001879
10001c60:	400b2000 	.word	0x400b2000
10001c64:	400b0000 	.word	0x400b0000

10001c68 <alarm_pool_get_default>:
10001c68:	4800      	ldr	r0, [pc, #0]	@ (10001c6c <alarm_pool_get_default+0x4>)
10001c6a:	4770      	bx	lr
10001c6c:	200007d8 	.word	0x200007d8

10001c70 <alarm_pool_add_alarm_at>:
10001c70:	b5f8      	push	{r3, r4, r5, r6, r7, lr}
10001c72:	f89d 7020 	ldrb.w	r7, [sp, #32]
10001c76:	4604      	mov	r4, r0
10001c78:	4616      	mov	r6, r2
10001c7a:	461d      	mov	r5, r3
10001c7c:	b937      	cbnz	r7, 10001c8c <alarm_pool_add_alarm_at+0x1c>
10001c7e:	f000 fa0f 	bl	100020a0 <time_us_64>
10001c82:	4286      	cmp	r6, r0
10001c84:	eb65 0101 	sbc.w	r1, r5, r1
10001c88:	2900      	cmp	r1, #0
10001c8a:	db5c      	blt.n	10001d46 <alarm_pool_add_alarm_at+0xd6>
10001c8c:	6923      	ldr	r3, [r4, #16]
10001c8e:	f3ef 8710 	mrs	r7, PRIMASK
10001c92:	b672      	cpsid	i
10001c94:	e8d3 1fcf 	ldaexb	r1, [r3]
10001c98:	2201      	movs	r2, #1
10001c9a:	2900      	cmp	r1, #0
10001c9c:	d1fa      	bne.n	10001c94 <alarm_pool_add_alarm_at+0x24>
10001c9e:	e8c3 2f41 	strexb	r1, r2, [r3]
10001ca2:	2900      	cmp	r1, #0
10001ca4:	d1f6      	bne.n	10001c94 <alarm_pool_add_alarm_at+0x24>
10001ca6:	f3bf 8f5f 	dmb	sy
10001caa:	f9b4 c002 	ldrsh.w	ip, [r4, #2]
10001cae:	6963      	ldr	r3, [r4, #20]
10001cb0:	eb0c 014c 	add.w	r1, ip, ip, lsl #1
10001cb4:	f1bc 0f00 	cmp.w	ip, #0
10001cb8:	ea4f 02c1 	mov.w	r2, r1, lsl #3
10001cbc:	eb03 01c1 	add.w	r1, r3, r1, lsl #3
10001cc0:	db38      	blt.n	10001d34 <alarm_pool_add_alarm_at+0xc4>
10001cc2:	5a98      	ldrh	r0, [r3, r2]
10001cc4:	f04f 0e00 	mov.w	lr, #0
10001cc8:	8060      	strh	r0, [r4, #2]
10001cca:	6920      	ldr	r0, [r4, #16]
10001ccc:	e8c0 ef8f 	stlb	lr, [r0]
10001cd0:	f387 8810 	msr	PRIMASK, r7
10001cd4:	9806      	ldr	r0, [sp, #24]
10001cd6:	e9c1 6502 	strd	r6, r5, [r1, #8]
10001cda:	6108      	str	r0, [r1, #16]
10001cdc:	9807      	ldr	r0, [sp, #28]
10001cde:	6148      	str	r0, [r1, #20]
10001ce0:	8848      	ldrh	r0, [r1, #2]
10001ce2:	3001      	adds	r0, #1
10001ce4:	f3c0 000e 	ubfx	r0, r0, #0, #15
10001ce8:	2801      	cmp	r0, #1
10001cea:	bf38      	it	cc
10001cec:	2001      	movcc	r0, #1
10001cee:	8048      	strh	r0, [r1, #2]
10001cf0:	ea40 400c 	orr.w	r0, r0, ip, lsl #16
10001cf4:	6921      	ldr	r1, [r4, #16]
10001cf6:	f3ef 8510 	mrs	r5, PRIMASK
10001cfa:	b672      	cpsid	i
10001cfc:	e8d1 7fcf 	ldaexb	r7, [r1]
10001d00:	2601      	movs	r6, #1
10001d02:	2f00      	cmp	r7, #0
10001d04:	d1fa      	bne.n	10001cfc <alarm_pool_add_alarm_at+0x8c>
10001d06:	e8c1 6f47 	strexb	r7, r6, [r1]
10001d0a:	2f00      	cmp	r7, #0
10001d0c:	d1f6      	bne.n	10001cfc <alarm_pool_add_alarm_at+0x8c>
10001d0e:	f3bf 8f5f 	dmb	sy
10001d12:	88a1      	ldrh	r1, [r4, #4]
10001d14:	5299      	strh	r1, [r3, r2]
10001d16:	f8a4 c004 	strh.w	ip, [r4, #4]
10001d1a:	6923      	ldr	r3, [r4, #16]
10001d1c:	e8c3 ef8f 	stlb	lr, [r3]
10001d20:	f385 8810 	msr	PRIMASK, r5
10001d24:	2201      	movs	r2, #1
10001d26:	68e3      	ldr	r3, [r4, #12]
10001d28:	7821      	ldrb	r1, [r4, #0]
10001d2a:	f503 5301 	add.w	r3, r3, #8256	@ 0x2040
10001d2e:	408a      	lsls	r2, r1
10001d30:	605a      	str	r2, [r3, #4]
10001d32:	bdf8      	pop	{r3, r4, r5, r6, r7, pc}
10001d34:	2300      	movs	r3, #0
10001d36:	6922      	ldr	r2, [r4, #16]
10001d38:	e8c2 3f8f 	stlb	r3, [r2]
10001d3c:	f387 8810 	msr	PRIMASK, r7
10001d40:	f04f 30ff 	mov.w	r0, #4294967295	@ 0xffffffff
10001d44:	bdf8      	pop	{r3, r4, r5, r6, r7, pc}
10001d46:	4638      	mov	r0, r7
10001d48:	bdf8      	pop	{r3, r4, r5, r6, r7, pc}
10001d4a:	bf00      	nop

10001d4c <alarm_pool_add_alarm_at_force_in_context>:
10001d4c:	4601      	mov	r1, r0
10001d4e:	b5f0      	push	{r4, r5, r6, r7, lr}
10001d50:	6900      	ldr	r0, [r0, #16]
10001d52:	f3ef 8710 	mrs	r7, PRIMASK
10001d56:	b672      	cpsid	i
10001d58:	e8d0 5fcf 	ldaexb	r5, [r0]
10001d5c:	2401      	movs	r4, #1
10001d5e:	2d00      	cmp	r5, #0
10001d60:	d1fa      	bne.n	10001d58 <alarm_pool_add_alarm_at_force_in_context+0xc>
10001d62:	e8c0 4f45 	strexb	r5, r4, [r0]
10001d66:	2d00      	cmp	r5, #0
10001d68:	d1f6      	bne.n	10001d58 <alarm_pool_add_alarm_at_force_in_context+0xc>
10001d6a:	f3bf 8f5f 	dmb	sy
10001d6e:	f9b1 e002 	ldrsh.w	lr, [r1, #2]
10001d72:	694c      	ldr	r4, [r1, #20]
10001d74:	eb0e 0c4e 	add.w	ip, lr, lr, lsl #1
10001d78:	f1be 0f00 	cmp.w	lr, #0
10001d7c:	ea4f 05cc 	mov.w	r5, ip, lsl #3
10001d80:	eb04 0ccc 	add.w	ip, r4, ip, lsl #3
10001d84:	db3d      	blt.n	10001e02 <alarm_pool_add_alarm_at_force_in_context+0xb6>
10001d86:	5b60      	ldrh	r0, [r4, r5]
10001d88:	2600      	movs	r6, #0
10001d8a:	8048      	strh	r0, [r1, #2]
10001d8c:	6908      	ldr	r0, [r1, #16]
10001d8e:	e8c0 6f8f 	stlb	r6, [r0]
10001d92:	f387 8810 	msr	PRIMASK, r7
10001d96:	f8bc 0002 	ldrh.w	r0, [ip, #2]
10001d9a:	e9cc 2302 	strd	r2, r3, [ip, #8]
10001d9e:	3001      	adds	r0, #1
10001da0:	f3c0 000e 	ubfx	r0, r0, #0, #15
10001da4:	2801      	cmp	r0, #1
10001da6:	bf38      	it	cc
10001da8:	2001      	movcc	r0, #1
10001daa:	9b05      	ldr	r3, [sp, #20]
10001dac:	f8ac 0002 	strh.w	r0, [ip, #2]
10001db0:	f8cc 3010 	str.w	r3, [ip, #16]
10001db4:	9b06      	ldr	r3, [sp, #24]
10001db6:	ea40 400e 	orr.w	r0, r0, lr, lsl #16
10001dba:	f8cc 3014 	str.w	r3, [ip, #20]
10001dbe:	690b      	ldr	r3, [r1, #16]
10001dc0:	f3ef 8210 	mrs	r2, PRIMASK
10001dc4:	b672      	cpsid	i
10001dc6:	e8d3 cfcf 	ldaexb	ip, [r3]
10001dca:	2701      	movs	r7, #1
10001dcc:	f1bc 0f00 	cmp.w	ip, #0
10001dd0:	d1f9      	bne.n	10001dc6 <alarm_pool_add_alarm_at_force_in_context+0x7a>
10001dd2:	e8c3 7f4c 	strexb	ip, r7, [r3]
10001dd6:	f1bc 0f00 	cmp.w	ip, #0
10001dda:	d1f4      	bne.n	10001dc6 <alarm_pool_add_alarm_at_force_in_context+0x7a>
10001ddc:	f3bf 8f5f 	dmb	sy
10001de0:	888b      	ldrh	r3, [r1, #4]
10001de2:	5363      	strh	r3, [r4, r5]
10001de4:	f8a1 e004 	strh.w	lr, [r1, #4]
10001de8:	690b      	ldr	r3, [r1, #16]
10001dea:	e8c3 6f8f 	stlb	r6, [r3]
10001dee:	f382 8810 	msr	PRIMASK, r2
10001df2:	2201      	movs	r2, #1
10001df4:	68cb      	ldr	r3, [r1, #12]
10001df6:	7809      	ldrb	r1, [r1, #0]
10001df8:	f503 5301 	add.w	r3, r3, #8256	@ 0x2040
10001dfc:	408a      	lsls	r2, r1
10001dfe:	605a      	str	r2, [r3, #4]
10001e00:	bdf0      	pop	{r4, r5, r6, r7, pc}
10001e02:	2300      	movs	r3, #0
10001e04:	690a      	ldr	r2, [r1, #16]
10001e06:	e8c2 3f8f 	stlb	r3, [r2]
10001e0a:	f387 8810 	msr	PRIMASK, r7
10001e0e:	f04f 30ff 	mov.w	r0, #4294967295	@ 0xffffffff
10001e12:	bdf0      	pop	{r4, r5, r6, r7, pc}

10001e14 <alarm_pool_cancel_alarm>:
10001e14:	4603      	mov	r3, r0
10001e16:	8940      	ldrh	r0, [r0, #10]
10001e18:	ebb0 4f21 	cmp.w	r0, r1, asr #16
10001e1c:	dd37      	ble.n	10001e8e <alarm_pool_cancel_alarm+0x7a>
10001e1e:	6958      	ldr	r0, [r3, #20]
10001e20:	140a      	asrs	r2, r1, #16
10001e22:	eb02 0242 	add.w	r2, r2, r2, lsl #1
10001e26:	b510      	push	{r4, lr}
10001e28:	eb00 00c2 	add.w	r0, r0, r2, lsl #3
10001e2c:	691c      	ldr	r4, [r3, #16]
10001e2e:	f3ef 8c10 	mrs	ip, PRIMASK
10001e32:	b672      	cpsid	i
10001e34:	e8d4 efcf 	ldaexb	lr, [r4]
10001e38:	2201      	movs	r2, #1
10001e3a:	f1be 0f00 	cmp.w	lr, #0
10001e3e:	d1f9      	bne.n	10001e34 <alarm_pool_cancel_alarm+0x20>
10001e40:	e8c4 2f4e 	strexb	lr, r2, [r4]
10001e44:	f1be 0f00 	cmp.w	lr, #0
10001e48:	d1f4      	bne.n	10001e34 <alarm_pool_cancel_alarm+0x20>
10001e4a:	f3bf 8f5f 	dmb	sy
10001e4e:	8842      	ldrh	r2, [r0, #2]
10001e50:	b289      	uxth	r1, r1
10001e52:	b292      	uxth	r2, r2
10001e54:	428a      	cmp	r2, r1
10001e56:	d007      	beq.n	10001e68 <alarm_pool_cancel_alarm+0x54>
10001e58:	2200      	movs	r2, #0
10001e5a:	691b      	ldr	r3, [r3, #16]
10001e5c:	e8c3 2f8f 	stlb	r2, [r3]
10001e60:	f38c 8810 	msr	PRIMASK, ip
10001e64:	2000      	movs	r0, #0
10001e66:	bd10      	pop	{r4, pc}
10001e68:	f442 4200 	orr.w	r2, r2, #32768	@ 0x8000
10001e6c:	8042      	strh	r2, [r0, #2]
10001e6e:	2101      	movs	r1, #1
10001e70:	2200      	movs	r2, #0
10001e72:	6918      	ldr	r0, [r3, #16]
10001e74:	7199      	strb	r1, [r3, #6]
10001e76:	e8c0 2f8f 	stlb	r2, [r0]
10001e7a:	f38c 8810 	msr	PRIMASK, ip
10001e7e:	781c      	ldrb	r4, [r3, #0]
10001e80:	68da      	ldr	r2, [r3, #12]
10001e82:	4608      	mov	r0, r1
10001e84:	f502 5301 	add.w	r3, r2, #8256	@ 0x2040
10001e88:	40a1      	lsls	r1, r4
10001e8a:	6059      	str	r1, [r3, #4]
10001e8c:	bd10      	pop	{r4, pc}
10001e8e:	2000      	movs	r0, #0
10001e90:	4770      	bx	lr
10001e92:	bf00      	nop

10001e94 <alarm_pool_core_num>:
10001e94:	7840      	ldrb	r0, [r0, #1]
10001e96:	4770      	bx	lr

10001e98 <sleep_until>:
10001e98:	e92d 43f0 	stmdb	sp!, {r4, r5, r6, r7, r8, r9, lr}
10001e9c:	1f87      	subs	r7, r0, #6
10001e9e:	f141 35ff 	adc.w	r5, r1, #4294967295	@ 0xffffffff
10001ea2:	42b8      	cmp	r0, r7
10001ea4:	eb71 0305 	sbcs.w	r3, r1, r5
10001ea8:	bf38      	it	cc
10001eaa:	2700      	movcc	r7, #0
10001eac:	b083      	sub	sp, #12
10001eae:	bf38      	it	cc
10001eb0:	463d      	movcc	r5, r7
10001eb2:	4604      	mov	r4, r0
10001eb4:	460e      	mov	r6, r1
10001eb6:	f000 f8f3 	bl	100020a0 <time_us_64>
10001eba:	1a38      	subs	r0, r7, r0
10001ebc:	eb65 0301 	sbc.w	r3, r5, r1
10001ec0:	2801      	cmp	r0, #1
10001ec2:	f173 0300 	sbcs.w	r3, r3, #0
10001ec6:	da06      	bge.n	10001ed6 <sleep_until+0x3e>
10001ec8:	4620      	mov	r0, r4
10001eca:	4631      	mov	r1, r6
10001ecc:	b003      	add	sp, #12
10001ece:	e8bd 43f0 	ldmia.w	sp!, {r4, r5, r6, r7, r8, r9, lr}
10001ed2:	f000 b8ef 	b.w	100020b4 <busy_wait_until>
10001ed6:	f000 f8e3 	bl	100020a0 <time_us_64>
10001eda:	4287      	cmp	r7, r0
10001edc:	eb65 0101 	sbc.w	r1, r5, r1
10001ee0:	2900      	cmp	r1, #0
10001ee2:	db0a      	blt.n	10001efa <sleep_until+0x62>
10001ee4:	2100      	movs	r1, #0
10001ee6:	4b1c      	ldr	r3, [pc, #112]	@ (10001f58 <sleep_until+0xc0>)
10001ee8:	463a      	mov	r2, r7
10001eea:	9300      	str	r3, [sp, #0]
10001eec:	481b      	ldr	r0, [pc, #108]	@ (10001f5c <sleep_until+0xc4>)
10001eee:	462b      	mov	r3, r5
10001ef0:	9101      	str	r1, [sp, #4]
10001ef2:	f7ff ff2b 	bl	10001d4c <alarm_pool_add_alarm_at_force_in_context>
10001ef6:	2800      	cmp	r0, #0
10001ef8:	dbe6      	blt.n	10001ec8 <sleep_until+0x30>
10001efa:	f04f 0e00 	mov.w	lr, #0
10001efe:	f8df c068 	ldr.w	ip, [pc, #104]	@ 10001f68 <sleep_until+0xd0>
10001f02:	4917      	ldr	r1, [pc, #92]	@ (10001f60 <sleep_until+0xc8>)
10001f04:	4a17      	ldr	r2, [pc, #92]	@ (10001f64 <sleep_until+0xcc>)
10001f06:	f8dc 3024 	ldr.w	r3, [ip, #36]	@ 0x24
10001f0a:	429d      	cmp	r5, r3
10001f0c:	d805      	bhi.n	10001f1a <sleep_until+0x82>
10001f0e:	f8dc 0028 	ldr.w	r0, [ip, #40]	@ 0x28
10001f12:	42b8      	cmp	r0, r7
10001f14:	d2d8      	bcs.n	10001ec8 <sleep_until+0x30>
10001f16:	429d      	cmp	r5, r3
10001f18:	d1d6      	bne.n	10001ec8 <sleep_until+0x30>
10001f1a:	680b      	ldr	r3, [r1, #0]
10001f1c:	f3ef 8810 	mrs	r8, PRIMASK
10001f20:	b672      	cpsid	i
10001f22:	e8d3 9fcf 	ldaexb	r9, [r3]
10001f26:	2001      	movs	r0, #1
10001f28:	f1b9 0f00 	cmp.w	r9, #0
10001f2c:	d1f9      	bne.n	10001f22 <sleep_until+0x8a>
10001f2e:	e8c3 0f49 	strexb	r9, r0, [r3]
10001f32:	f1b9 0f00 	cmp.w	r9, #0
10001f36:	d1f4      	bne.n	10001f22 <sleep_until+0x8a>
10001f38:	f3bf 8f5f 	dmb	sy
10001f3c:	7810      	ldrb	r0, [r2, #0]
10001f3e:	680b      	ldr	r3, [r1, #0]
10001f40:	b2c0      	uxtb	r0, r0
10001f42:	e8c3 ef8f 	stlb	lr, [r3]
10001f46:	f388 8810 	msr	PRIMASK, r8
10001f4a:	7813      	ldrb	r3, [r2, #0]
10001f4c:	4283      	cmp	r3, r0
10001f4e:	d100      	bne.n	10001f52 <sleep_until+0xba>
10001f50:	bf20      	wfe
10001f52:	bf20      	wfe
10001f54:	e7d7      	b.n	10001f06 <sleep_until+0x6e>
10001f56:	bf00      	nop
10001f58:	1000182d 	.word	0x1000182d
10001f5c:	200007d8 	.word	0x200007d8
10001f60:	20000ff4 	.word	0x20000ff4
10001f64:	20001016 	.word	0x20001016
10001f68:	400b0000 	.word	0x400b0000

10001f6c <sleep_ms>:
10001f6c:	b510      	push	{r4, lr}
10001f6e:	4604      	mov	r4, r0
10001f70:	f000 f896 	bl	100020a0 <time_us_64>
10001f74:	f44f 737a 	mov.w	r3, #1000	@ 0x3e8
10001f78:	f04f 3cff 	mov.w	ip, #4294967295	@ 0xffffffff
10001f7c:	f06f 4200 	mvn.w	r2, #2147483648	@ 0x80000000
10001f80:	fbe4 0103 	umlal	r0, r1, r4, r3
10001f84:	e8bd 4010 	ldmia.w	sp!, {r4, lr}
10001f88:	4584      	cmp	ip, r0
10001f8a:	eb72 0301 	sbcs.w	r3, r2, r1
10001f8e:	bf3c      	itt	cc
10001f90:	4660      	movcc	r0, ip
10001f92:	4611      	movcc	r1, r2
10001f94:	f7ff bf80 	b.w	10001e98 <sleep_until>

10001f98 <best_effort_wfe_or_timeout>:
10001f98:	e92d 47f0 	stmdb	sp!, {r4, r5, r6, r7, r8, r9, sl, lr}
10001f9c:	4605      	mov	r5, r0
10001f9e:	460c      	mov	r4, r1
10001fa0:	b082      	sub	sp, #8
10001fa2:	f3ef 8705 	mrs	r7, IPSR
10001fa6:	b2ff      	uxtb	r7, r7
10001fa8:	2f00      	cmp	r7, #0
10001faa:	d138      	bne.n	1000201e <best_effort_wfe_or_timeout+0x86>
10001fac:	4e2b      	ldr	r6, [pc, #172]	@ (1000205c <best_effort_wfe_or_timeout+0xc4>)
10001fae:	e9d6 2300 	ldrd	r2, r3, [r6]
10001fb2:	428b      	cmp	r3, r1
10001fb4:	bf08      	it	eq
10001fb6:	4282      	cmpeq	r2, r0
10001fb8:	d039      	beq.n	1000202e <best_effort_wfe_or_timeout+0x96>
10001fba:	f8df 80ac 	ldr.w	r8, [pc, #172]	@ 10002068 <best_effort_wfe_or_timeout+0xd0>
10001fbe:	f8d8 a00c 	ldr.w	sl, [r8, #12]
10001fc2:	f898 9000 	ldrb.w	r9, [r8]
10001fc6:	4650      	mov	r0, sl
10001fc8:	f000 f862 	bl	10002090 <timer_time_us_64>
10001fcc:	f109 0904 	add.w	r9, r9, #4
10001fd0:	f85a 3029 	ldr.w	r3, [sl, r9, lsl #2]
10001fd4:	1a1b      	subs	r3, r3, r0
10001fd6:	1a28      	subs	r0, r5, r0
10001fd8:	eb64 0101 	sbc.w	r1, r4, r1
10001fdc:	4298      	cmp	r0, r3
10001fde:	f171 0100 	sbcs.w	r1, r1, #0
10001fe2:	da24      	bge.n	1000202e <best_effort_wfe_or_timeout+0x96>
10001fe4:	f000 f85c 	bl	100020a0 <time_us_64>
10001fe8:	4285      	cmp	r5, r0
10001fea:	eb64 0101 	sbc.w	r1, r4, r1
10001fee:	2900      	cmp	r1, #0
10001ff0:	db15      	blt.n	1000201e <best_effort_wfe_or_timeout+0x86>
10001ff2:	4b1b      	ldr	r3, [pc, #108]	@ (10002060 <best_effort_wfe_or_timeout+0xc8>)
10001ff4:	4640      	mov	r0, r8
10001ff6:	9300      	str	r3, [sp, #0]
10001ff8:	462a      	mov	r2, r5
10001ffa:	4623      	mov	r3, r4
10001ffc:	9701      	str	r7, [sp, #4]
10001ffe:	f7ff fea5 	bl	10001d4c <alarm_pool_add_alarm_at_force_in_context>
10002002:	1e01      	subs	r1, r0, #0
10002004:	dd0b      	ble.n	1000201e <best_effort_wfe_or_timeout+0x86>
10002006:	4b17      	ldr	r3, [pc, #92]	@ (10002064 <best_effort_wfe_or_timeout+0xcc>)
10002008:	e9c6 5400 	strd	r5, r4, [r6]
1000200c:	6a5a      	ldr	r2, [r3, #36]	@ 0x24
1000200e:	42a2      	cmp	r2, r4
10002010:	d321      	bcc.n	10002056 <best_effort_wfe_or_timeout+0xbe>
10002012:	6a9b      	ldr	r3, [r3, #40]	@ 0x28
10002014:	42ab      	cmp	r3, r5
10002016:	d31c      	bcc.n	10002052 <best_effort_wfe_or_timeout+0xba>
10002018:	4813      	ldr	r0, [pc, #76]	@ (10002068 <best_effort_wfe_or_timeout+0xd0>)
1000201a:	f7ff fefb 	bl	10001e14 <alarm_pool_cancel_alarm>
1000201e:	4b11      	ldr	r3, [pc, #68]	@ (10002064 <best_effort_wfe_or_timeout+0xcc>)
10002020:	6a58      	ldr	r0, [r3, #36]	@ 0x24
10002022:	42a0      	cmp	r0, r4
10002024:	d208      	bcs.n	10002038 <best_effort_wfe_or_timeout+0xa0>
10002026:	2000      	movs	r0, #0
10002028:	b002      	add	sp, #8
1000202a:	e8bd 87f0 	ldmia.w	sp!, {r4, r5, r6, r7, r8, r9, sl, pc}
1000202e:	bf20      	wfe
10002030:	4b0c      	ldr	r3, [pc, #48]	@ (10002064 <best_effort_wfe_or_timeout+0xcc>)
10002032:	6a58      	ldr	r0, [r3, #36]	@ 0x24
10002034:	42a0      	cmp	r0, r4
10002036:	d3f6      	bcc.n	10002026 <best_effort_wfe_or_timeout+0x8e>
10002038:	6a9b      	ldr	r3, [r3, #40]	@ 0x28
1000203a:	42ab      	cmp	r3, r5
1000203c:	d303      	bcc.n	10002046 <best_effort_wfe_or_timeout+0xae>
1000203e:	2001      	movs	r0, #1
10002040:	b002      	add	sp, #8
10002042:	e8bd 87f0 	ldmia.w	sp!, {r4, r5, r6, r7, r8, r9, sl, pc}
10002046:	1b00      	subs	r0, r0, r4
10002048:	bf18      	it	ne
1000204a:	2001      	movne	r0, #1
1000204c:	b002      	add	sp, #8
1000204e:	e8bd 87f0 	ldmia.w	sp!, {r4, r5, r6, r7, r8, r9, sl, pc}
10002052:	42a2      	cmp	r2, r4
10002054:	d1e0      	bne.n	10002018 <best_effort_wfe_or_timeout+0x80>
10002056:	bf20      	wfe
10002058:	e7de      	b.n	10002018 <best_effort_wfe_or_timeout+0x80>
1000205a:	bf00      	nop
1000205c:	200007d0 	.word	0x200007d0
10002060:	1000182d 	.word	0x1000182d
10002064:	400b0000 	.word	0x400b0000
10002068:	200007d8 	.word	0x200007d8

1000206c <timer_hardware_alarm_claim>:
1000206c:	b410      	push	{r4}
1000206e:	4b05      	ldr	r3, [pc, #20]	@ (10002084 <timer_hardware_alarm_claim+0x18>)
10002070:	4c05      	ldr	r4, [pc, #20]	@ (10002088 <timer_hardware_alarm_claim+0x1c>)
10002072:	4a06      	ldr	r2, [pc, #24]	@ (1000208c <timer_hardware_alarm_claim+0x20>)
10002074:	42a0      	cmp	r0, r4
10002076:	bf14      	ite	ne
10002078:	4618      	movne	r0, r3
1000207a:	1c58      	addeq	r0, r3, #1
1000207c:	f85d 4b04 	ldr.w	r4, [sp], #4
10002080:	f7ff b8ec 	b.w	1000125c <hw_claim_or_assert>
10002084:	20000cd4 	.word	0x20000cd4
10002088:	400b8000 	.word	0x400b8000
1000208c:	10005ab0 	.word	0x10005ab0

10002090 <timer_time_us_64>:
10002090:	4603      	mov	r3, r0
10002092:	6a41      	ldr	r1, [r0, #36]	@ 0x24
10002094:	460a      	mov	r2, r1
10002096:	6a98      	ldr	r0, [r3, #40]	@ 0x28
10002098:	6a59      	ldr	r1, [r3, #36]	@ 0x24
1000209a:	428a      	cmp	r2, r1
1000209c:	d1fa      	bne.n	10002094 <timer_time_us_64+0x4>
1000209e:	4770      	bx	lr

100020a0 <time_us_64>:
100020a0:	4b03      	ldr	r3, [pc, #12]	@ (100020b0 <time_us_64+0x10>)
100020a2:	6a59      	ldr	r1, [r3, #36]	@ 0x24
100020a4:	460a      	mov	r2, r1
100020a6:	6a98      	ldr	r0, [r3, #40]	@ 0x28
100020a8:	6a59      	ldr	r1, [r3, #36]	@ 0x24
100020aa:	4291      	cmp	r1, r2
100020ac:	d1fa      	bne.n	100020a4 <time_us_64+0x4>
100020ae:	4770      	bx	lr
100020b0:	400b0000 	.word	0x400b0000

100020b4 <busy_wait_until>:
100020b4:	4a07      	ldr	r2, [pc, #28]	@ (100020d4 <busy_wait_until+0x20>)
100020b6:	6a53      	ldr	r3, [r2, #36]	@ 0x24
100020b8:	4299      	cmp	r1, r3
100020ba:	d8fc      	bhi.n	100020b6 <busy_wait_until+0x2>
100020bc:	4299      	cmp	r1, r3
100020be:	d107      	bne.n	100020d0 <busy_wait_until+0x1c>
100020c0:	4b04      	ldr	r3, [pc, #16]	@ (100020d4 <busy_wait_until+0x20>)
100020c2:	e002      	b.n	100020ca <busy_wait_until+0x16>
100020c4:	6a5a      	ldr	r2, [r3, #36]	@ 0x24
100020c6:	4291      	cmp	r1, r2
100020c8:	d102      	bne.n	100020d0 <busy_wait_until+0x1c>
100020ca:	6a9a      	ldr	r2, [r3, #40]	@ 0x28
100020cc:	4282      	cmp	r2, r0
100020ce:	d3f9      	bcc.n	100020c4 <busy_wait_until+0x10>
100020d0:	4770      	bx	lr
100020d2:	bf00      	nop
100020d4:	400b0000 	.word	0x400b0000

100020d8 <clock_configure_undivided>:
100020d8:	eb00 0c40 	add.w	ip, r0, r0, lsl #1
100020dc:	ea4f 0c8c 	mov.w	ip, ip, lsl #2
100020e0:	f10c 4c80 	add.w	ip, ip, #1073741824	@ 0x40000000
100020e4:	f50c 3c80 	add.w	ip, ip, #65536	@ 0x10000
100020e8:	b5f0      	push	{r4, r5, r6, r7, lr}
100020ea:	4616      	mov	r6, r2
100020ec:	f8dc 2004 	ldr.w	r2, [ip, #4]
100020f0:	1f05      	subs	r5, r0, #4
100020f2:	f5b2 3f80 	cmp.w	r2, #65536	@ 0x10000
100020f6:	bf38      	it	cc
100020f8:	f44f 3280 	movcc.w	r2, #65536	@ 0x10000
100020fc:	b2ed      	uxtb	r5, r5
100020fe:	bf38      	it	cc
10002100:	f8cc 2004 	strcc.w	r2, [ip, #4]
10002104:	2d01      	cmp	r5, #1
10002106:	d92a      	bls.n	1000215e <clock_configure_undivided+0x86>
10002108:	f44f 6700 	mov.w	r7, #2048	@ 0x800
1000210c:	4c25      	ldr	r4, [pc, #148]	@ (100021a4 <clock_configure_undivided+0xcc>)
1000210e:	f50c 5240 	add.w	r2, ip, #12288	@ 0x3000
10002112:	6017      	str	r7, [r2, #0]
10002114:	f854 2020 	ldr.w	r2, [r4, r0, lsl #2]
10002118:	b9b2      	cbnz	r2, 10002148 <clock_configure_undivided+0x70>
1000211a:	f8dc 2000 	ldr.w	r2, [ip]
1000211e:	2d01      	cmp	r5, #1
10002120:	ea82 1246 	eor.w	r2, r2, r6, lsl #5
10002124:	f002 02e0 	and.w	r2, r2, #224	@ 0xe0
10002128:	f50c 5680 	add.w	r6, ip, #4096	@ 0x1000
1000212c:	6032      	str	r2, [r6, #0]
1000212e:	d92a      	bls.n	10002186 <clock_configure_undivided+0xae>
10002130:	f44f 6100 	mov.w	r1, #2048	@ 0x800
10002134:	f844 3020 	str.w	r3, [r4, r0, lsl #2]
10002138:	f44f 3380 	mov.w	r3, #65536	@ 0x10000
1000213c:	f50c 5200 	add.w	r2, ip, #8192	@ 0x2000
10002140:	6011      	str	r1, [r2, #0]
10002142:	f8cc 3004 	str.w	r3, [ip, #4]
10002146:	bdf0      	pop	{r4, r5, r6, r7, pc}
10002148:	6967      	ldr	r7, [r4, #20]
1000214a:	fbb7 fef2 	udiv	lr, r7, r2
1000214e:	f10e 0e01 	add.w	lr, lr, #1
10002152:	eb0e 0e4e 	add.w	lr, lr, lr, lsl #1
10002156:	f1be 0e03 	subs.w	lr, lr, #3
1000215a:	d2fc      	bcs.n	10002156 <clock_configure_undivided+0x7e>
1000215c:	e7dd      	b.n	1000211a <clock_configure_undivided+0x42>
1000215e:	2901      	cmp	r1, #1
10002160:	d1d2      	bne.n	10002108 <clock_configure_undivided+0x30>
10002162:	2403      	movs	r4, #3
10002164:	f50c 5240 	add.w	r2, ip, #12288	@ 0x3000
10002168:	6014      	str	r4, [r2, #0]
1000216a:	f8dc 2008 	ldr.w	r2, [ip, #8]
1000216e:	07d2      	lsls	r2, r2, #31
10002170:	d5fb      	bpl.n	1000216a <clock_configure_undivided+0x92>
10002172:	f8dc 2000 	ldr.w	r2, [ip]
10002176:	4c0b      	ldr	r4, [pc, #44]	@ (100021a4 <clock_configure_undivided+0xcc>)
10002178:	ea82 1246 	eor.w	r2, r2, r6, lsl #5
1000217c:	f002 02e0 	and.w	r2, r2, #224	@ 0xe0
10002180:	f50c 5680 	add.w	r6, ip, #4096	@ 0x1000
10002184:	6032      	str	r2, [r6, #0]
10002186:	2201      	movs	r2, #1
10002188:	f8dc 5000 	ldr.w	r5, [ip]
1000218c:	404d      	eors	r5, r1
1000218e:	f005 0503 	and.w	r5, r5, #3
10002192:	6035      	str	r5, [r6, #0]
10002194:	fa02 f101 	lsl.w	r1, r2, r1
10002198:	f8dc 2008 	ldr.w	r2, [ip, #8]
1000219c:	420a      	tst	r2, r1
1000219e:	d0fb      	beq.n	10002198 <clock_configure_undivided+0xc0>
100021a0:	e7c6      	b.n	10002130 <clock_configure_undivided+0x58>
100021a2:	bf00      	nop
100021a4:	20000cd8 	.word	0x20000cd8

100021a8 <clock_get_hz>:
100021a8:	4b01      	ldr	r3, [pc, #4]	@ (100021b0 <clock_get_hz+0x8>)
100021aa:	f853 0020 	ldr.w	r0, [r3, r0, lsl #2]
100021ae:	4770      	bx	lr
100021b0:	20000cd8 	.word	0x20000cd8

100021b4 <pll_init>:
100021b4:	b470      	push	{r4, r5, r6}
100021b6:	9d03      	ldr	r5, [sp, #12]
100021b8:	6804      	ldr	r4, [r0, #0]
100021ba:	032d      	lsls	r5, r5, #12
100021bc:	ea45 4503 	orr.w	r5, r5, r3, lsl #16
100021c0:	4b1b      	ldr	r3, [pc, #108]	@ (10002230 <pll_init+0x7c>)
100021c2:	2c00      	cmp	r4, #0
100021c4:	fbb3 f3f1 	udiv	r3, r3, r1
100021c8:	fbb2 f6f3 	udiv	r6, r2, r3
100021cc:	db1f      	blt.n	1000220e <pll_init+0x5a>
100021ce:	4a19      	ldr	r2, [pc, #100]	@ (10002234 <pll_init+0x80>)
100021d0:	4b19      	ldr	r3, [pc, #100]	@ (10002238 <pll_init+0x84>)
100021d2:	4290      	cmp	r0, r2
100021d4:	bf14      	ite	ne
100021d6:	f44f 4280 	movne.w	r2, #16384	@ 0x4000
100021da:	f44f 4200 	moveq.w	r2, #32768	@ 0x8000
100021de:	4c17      	ldr	r4, [pc, #92]	@ (1000223c <pll_init+0x88>)
100021e0:	601a      	str	r2, [r3, #0]
100021e2:	f503 5380 	add.w	r3, r3, #4096	@ 0x1000
100021e6:	601a      	str	r2, [r3, #0]
100021e8:	68a3      	ldr	r3, [r4, #8]
100021ea:	ea32 0303 	bics.w	r3, r2, r3
100021ee:	d1fb      	bne.n	100021e8 <pll_init+0x34>
100021f0:	2221      	movs	r2, #33	@ 0x21
100021f2:	f500 5340 	add.w	r3, r0, #12288	@ 0x3000
100021f6:	3304      	adds	r3, #4
100021f8:	6001      	str	r1, [r0, #0]
100021fa:	6086      	str	r6, [r0, #8]
100021fc:	601a      	str	r2, [r3, #0]
100021fe:	6802      	ldr	r2, [r0, #0]
10002200:	2a00      	cmp	r2, #0
10002202:	dafc      	bge.n	100021fe <pll_init+0x4a>
10002204:	2208      	movs	r2, #8
10002206:	60c5      	str	r5, [r0, #12]
10002208:	601a      	str	r2, [r3, #0]
1000220a:	bc70      	pop	{r4, r5, r6}
1000220c:	4770      	bx	lr
1000220e:	6803      	ldr	r3, [r0, #0]
10002210:	f003 033f 	and.w	r3, r3, #63	@ 0x3f
10002214:	428b      	cmp	r3, r1
10002216:	d1da      	bne.n	100021ce <pll_init+0x1a>
10002218:	6883      	ldr	r3, [r0, #8]
1000221a:	f3c3 030b 	ubfx	r3, r3, #0, #12
1000221e:	42b3      	cmp	r3, r6
10002220:	d1d5      	bne.n	100021ce <pll_init+0x1a>
10002222:	68c3      	ldr	r3, [r0, #12]
10002224:	f403 23ee 	and.w	r3, r3, #487424	@ 0x77000
10002228:	42ab      	cmp	r3, r5
1000222a:	d1d0      	bne.n	100021ce <pll_init+0x1a>
1000222c:	e7ed      	b.n	1000220a <pll_init+0x56>
1000222e:	bf00      	nop
10002230:	00b71b00 	.word	0x00b71b00
10002234:	40058000 	.word	0x40058000
10002238:	40022000 	.word	0x40022000
1000223c:	40020000 	.word	0x40020000

10002240 <watchdog_reboot>:
10002240:	b430      	push	{r4, r5}
10002242:	f04f 4480 	mov.w	r4, #1073741824	@ 0x40000000
10002246:	4b1c      	ldr	r3, [pc, #112]	@ (100022b8 <watchdog_reboot+0x78>)
10002248:	601c      	str	r4, [r3, #0]
1000224a:	b1e0      	cbz	r0, 10002286 <watchdog_reboot+0x46>
1000224c:	4c1b      	ldr	r4, [pc, #108]	@ (100022bc <watchdog_reboot+0x7c>)
1000224e:	f5a3 5340 	sub.w	r3, r3, #12288	@ 0x3000
10002252:	61dc      	str	r4, [r3, #28]
10002254:	4c1a      	ldr	r4, [pc, #104]	@ (100022c0 <watchdog_reboot+0x80>)
10002256:	f040 0001 	orr.w	r0, r0, #1
1000225a:	4044      	eors	r4, r0
1000225c:	621c      	str	r4, [r3, #32]
1000225e:	6259      	str	r1, [r3, #36]	@ 0x24
10002260:	6298      	str	r0, [r3, #40]	@ 0x28
10002262:	f04f 4580 	mov.w	r5, #1073741824	@ 0x40000000
10002266:	f04f 61e0 	mov.w	r1, #117440512	@ 0x7000000
1000226a:	4b13      	ldr	r3, [pc, #76]	@ (100022b8 <watchdog_reboot+0x78>)
1000226c:	4815      	ldr	r0, [pc, #84]	@ (100022c4 <watchdog_reboot+0x84>)
1000226e:	4c16      	ldr	r4, [pc, #88]	@ (100022c8 <watchdog_reboot+0x88>)
10002270:	601d      	str	r5, [r3, #0]
10002272:	6084      	str	r4, [r0, #8]
10002274:	6019      	str	r1, [r3, #0]
10002276:	b94a      	cbnz	r2, 1000228c <watchdog_reboot+0x4c>
10002278:	bc30      	pop	{r4, r5}
1000227a:	f04f 4200 	mov.w	r2, #2147483648	@ 0x80000000
1000227e:	f5a3 5380 	sub.w	r3, r3, #4096	@ 0x1000
10002282:	601a      	str	r2, [r3, #0]
10002284:	4770      	bx	lr
10002286:	4b11      	ldr	r3, [pc, #68]	@ (100022cc <watchdog_reboot+0x8c>)
10002288:	61d8      	str	r0, [r3, #28]
1000228a:	e7ea      	b.n	10002262 <watchdog_reboot+0x22>
1000228c:	f44f 737a 	mov.w	r3, #1000	@ 0x3e8
10002290:	fb03 f202 	mul.w	r2, r3, r2
10002294:	f1b2 7f80 	cmp.w	r2, #16777216	@ 0x1000000
10002298:	bf2a      	itet	cs
1000229a:	f06f 437f 	mvncs.w	r3, #4278190080	@ 0xff000000
1000229e:	4613      	movcc	r3, r2
100022a0:	461a      	movcs	r2, r3
100022a2:	f04f 4180 	mov.w	r1, #1073741824	@ 0x40000000
100022a6:	4c0a      	ldr	r4, [pc, #40]	@ (100022d0 <watchdog_reboot+0x90>)
100022a8:	4808      	ldr	r0, [pc, #32]	@ (100022cc <watchdog_reboot+0x8c>)
100022aa:	6023      	str	r3, [r4, #0]
100022ac:	4b09      	ldr	r3, [pc, #36]	@ (100022d4 <watchdog_reboot+0x94>)
100022ae:	6042      	str	r2, [r0, #4]
100022b0:	bc30      	pop	{r4, r5}
100022b2:	6019      	str	r1, [r3, #0]
100022b4:	4770      	bx	lr
100022b6:	bf00      	nop
100022b8:	400db000 	.word	0x400db000
100022bc:	b007c0d3 	.word	0xb007c0d3
100022c0:	4ff83f2d 	.word	0x4ff83f2d
100022c4:	4001a000 	.word	0x4001a000
100022c8:	01fffff3 	.word	0x01fffff3
100022cc:	400d8000 	.word	0x400d8000
100022d0:	20000fb8 	.word	0x20000fb8
100022d4:	400da000 	.word	0x400da000

100022d8 <tick_start>:
100022d8:	2301      	movs	r3, #1
100022da:	eb00 0040 	add.w	r0, r0, r0, lsl #1
100022de:	0080      	lsls	r0, r0, #2
100022e0:	f100 4080 	add.w	r0, r0, #1073741824	@ 0x40000000
100022e4:	f500 1084 	add.w	r0, r0, #1081344	@ 0x108000
100022e8:	6041      	str	r1, [r0, #4]
100022ea:	6003      	str	r3, [r0, #0]
100022ec:	4770      	bx	lr
100022ee:	bf00      	nop

100022f0 <rom_reboot.constprop.0.isra.0>:
100022f0:	2300      	movs	r3, #0
100022f2:	b570      	push	{r4, r5, r6, lr}
100022f4:	8adb      	ldrh	r3, [r3, #22]
100022f6:	4604      	mov	r4, r0
100022f8:	460d      	mov	r5, r1
100022fa:	4616      	mov	r6, r2
100022fc:	2200      	movs	r2, #0
100022fe:	e842 f200 	tt	r2, r2
10002302:	0252      	lsls	r2, r2, #9
10002304:	bf54      	ite	pl
10002306:	2110      	movpl	r1, #16
10002308:	2104      	movmi	r1, #4
1000230a:	f244 2052 	movw	r0, #16978	@ 0x4252
1000230e:	4798      	blx	r3
10002310:	4686      	mov	lr, r0
10002312:	4633      	mov	r3, r6
10002314:	462a      	mov	r2, r5
10002316:	4620      	mov	r0, r4
10002318:	46f4      	mov	ip, lr
1000231a:	e8bd 4070 	ldmia.w	sp!, {r4, r5, r6, lr}
1000231e:	210a      	movs	r1, #10
10002320:	4760      	bx	ip
10002322:	bf00      	nop

10002324 <rom_func_lookup>:
10002324:	2300      	movs	r3, #0
10002326:	8adb      	ldrh	r3, [r3, #22]
10002328:	2200      	movs	r2, #0
1000232a:	e842 f200 	tt	r2, r2
1000232e:	0252      	lsls	r2, r2, #9
10002330:	d401      	bmi.n	10002336 <rom_func_lookup+0x12>
10002332:	2110      	movs	r1, #16
10002334:	4718      	bx	r3
10002336:	2104      	movs	r1, #4
10002338:	4718      	bx	r3
1000233a:	bf00      	nop

1000233c <rom_reset_usb_boot_extra>:
1000233c:	b508      	push	{r3, lr}
1000233e:	4613      	mov	r3, r2
10002340:	1e02      	subs	r2, r0, #0
10002342:	db02      	blt.n	1000234a <rom_reset_usb_boot_extra+0xe>
10002344:	b15b      	cbz	r3, 1000235e <rom_reset_usb_boot_extra+0x22>
10002346:	f041 0130 	orr.w	r1, r1, #48	@ 0x30
1000234a:	068b      	lsls	r3, r1, #26
1000234c:	d503      	bpl.n	10002356 <rom_reset_usb_boot_extra+0x1a>
1000234e:	2300      	movs	r3, #0
10002350:	7cdb      	ldrb	r3, [r3, #19]
10002352:	2b02      	cmp	r3, #2
10002354:	d006      	beq.n	10002364 <rom_reset_usb_boot_extra+0x28>
10002356:	f44f 7081 	mov.w	r0, #258	@ 0x102
1000235a:	f7ff ffc9 	bl	100022f0 <rom_reboot.constprop.0.isra.0>
1000235e:	f041 0120 	orr.w	r1, r1, #32
10002362:	e7f2      	b.n	1000234a <rom_reset_usb_boot_extra+0xe>
10002364:	f44f 7091 	mov.w	r0, #290	@ 0x122
10002368:	f7ff ffc2 	bl	100022f0 <rom_reboot.constprop.0.isra.0>

1000236c <runtime_init_bootrom_locking_enable>:
1000236c:	4a03      	ldr	r2, [pc, #12]	@ (1000237c <runtime_init_bootrom_locking_enable+0x10>)
1000236e:	f8d2 3828 	ldr.w	r3, [r2, #2088]	@ 0x828
10002372:	2b00      	cmp	r3, #0
10002374:	d0fb      	beq.n	1000236e <runtime_init_bootrom_locking_enable+0x2>
10002376:	f3bf 8f5f 	dmb	sy
1000237a:	4770      	bx	lr
1000237c:	400e0000 	.word	0x400e0000

10002380 <runtime_init_boot_locks_reset>:
10002380:	2100      	movs	r1, #0
10002382:	4b04      	ldr	r3, [pc, #16]	@ (10002394 <runtime_init_boot_locks_reset+0x14>)
10002384:	4a04      	ldr	r2, [pc, #16]	@ (10002398 <runtime_init_boot_locks_reset+0x18>)
10002386:	f3bf 8f5f 	dmb	sy
1000238a:	f843 1b04 	str.w	r1, [r3], #4
1000238e:	4293      	cmp	r3, r2
10002390:	d1f9      	bne.n	10002386 <runtime_init_boot_locks_reset+0x6>
10002392:	4770      	bx	lr
10002394:	400e080c 	.word	0x400e080c
10002398:	400e082c 	.word	0x400e082c

1000239c <xosc_init>:
1000239c:	b410      	push	{r4}
1000239e:	f44f 708d 	mov.w	r0, #282	@ 0x11a
100023a2:	f44f 642a 	mov.w	r4, #2720	@ 0xaa0
100023a6:	4a06      	ldr	r2, [pc, #24]	@ (100023c0 <xosc_init+0x24>)
100023a8:	4b06      	ldr	r3, [pc, #24]	@ (100023c4 <xosc_init+0x28>)
100023aa:	4907      	ldr	r1, [pc, #28]	@ (100023c8 <xosc_init+0x2c>)
100023ac:	6014      	str	r4, [r2, #0]
100023ae:	60d0      	str	r0, [r2, #12]
100023b0:	6019      	str	r1, [r3, #0]
100023b2:	6853      	ldr	r3, [r2, #4]
100023b4:	2b00      	cmp	r3, #0
100023b6:	dafc      	bge.n	100023b2 <xosc_init+0x16>
100023b8:	f85d 4b04 	ldr.w	r4, [sp], #4
100023bc:	4770      	bx	lr
100023be:	bf00      	nop
100023c0:	40048000 	.word	0x40048000
100023c4:	4004a000 	.word	0x4004a000
100023c8:	00fab000 	.word	0x00fab000

100023cc <first_per_core_initializer>:
100023cc:	4770      	bx	lr
100023ce:	bf00      	nop

100023d0 <hard_assertion_failure>:
100023d0:	b508      	push	{r3, lr}
100023d2:	4801      	ldr	r0, [pc, #4]	@ (100023d8 <hard_assertion_failure+0x8>)
100023d4:	f7fe ff2a 	bl	1000122c <panic>
100023d8:	10005ad4 	.word	0x10005ad4

100023dc <runtime_run_initializers>:
100023dc:	b538      	push	{r3, r4, r5, lr}
100023de:	4c05      	ldr	r4, [pc, #20]	@ (100023f4 <runtime_run_initializers+0x18>)
100023e0:	4d05      	ldr	r5, [pc, #20]	@ (100023f8 <runtime_run_initializers+0x1c>)
100023e2:	42ac      	cmp	r4, r5
100023e4:	d204      	bcs.n	100023f0 <runtime_run_initializers+0x14>
100023e6:	f854 3b04 	ldr.w	r3, [r4], #4
100023ea:	4798      	blx	r3
100023ec:	42ac      	cmp	r4, r5
100023ee:	d3fa      	bcc.n	100023e6 <runtime_run_initializers+0xa>
100023f0:	bd38      	pop	{r3, r4, r5, pc}
100023f2:	bf00      	nop
100023f4:	100059f8 	.word	0x100059f8
100023f8:	10005a38 	.word	0x10005a38

100023fc <runtime_init_early_resets>:
100023fc:	b410      	push	{r4}
100023fe:	4807      	ldr	r0, [pc, #28]	@ (1000241c <runtime_init_early_resets+0x20>)
10002400:	4c07      	ldr	r4, [pc, #28]	@ (10002420 <runtime_init_early_resets+0x24>)
10002402:	4b08      	ldr	r3, [pc, #32]	@ (10002424 <runtime_init_early_resets+0x28>)
10002404:	4a08      	ldr	r2, [pc, #32]	@ (10002428 <runtime_init_early_resets+0x2c>)
10002406:	4909      	ldr	r1, [pc, #36]	@ (1000242c <runtime_init_early_resets+0x30>)
10002408:	6004      	str	r4, [r0, #0]
1000240a:	601a      	str	r2, [r3, #0]
1000240c:	688b      	ldr	r3, [r1, #8]
1000240e:	ea32 0303 	bics.w	r3, r2, r3
10002412:	d1fb      	bne.n	1000240c <runtime_init_early_resets+0x10>
10002414:	f85d 4b04 	ldr.w	r4, [sp], #4
10002418:	4770      	bx	lr
1000241a:	bf00      	nop
1000241c:	40022000 	.word	0x40022000
10002420:	efef3b7f 	.word	0xefef3b7f
10002424:	40023000 	.word	0x40023000
10002428:	03f3fff6 	.word	0x03f3fff6
1000242c:	40020000 	.word	0x40020000

10002430 <runtime_init_usb_power_down>:
10002430:	4b04      	ldr	r3, [pc, #16]	@ (10002444 <runtime_init_usb_power_down+0x14>)
10002432:	6cdb      	ldr	r3, [r3, #76]	@ 0x4c
10002434:	f5b3 4f00 	cmp.w	r3, #32768	@ 0x8000
10002438:	d103      	bne.n	10002442 <runtime_init_usb_power_down+0x12>
1000243a:	f44f 2280 	mov.w	r2, #262144	@ 0x40000
1000243e:	4b02      	ldr	r3, [pc, #8]	@ (10002448 <runtime_init_usb_power_down+0x18>)
10002440:	64da      	str	r2, [r3, #76]	@ 0x4c
10002442:	4770      	bx	lr
10002444:	50110000 	.word	0x50110000
10002448:	50112000 	.word	0x50112000

1000244c <runtime_init_per_core_enable_coprocessors>:
1000244c:	f04f 22e0 	mov.w	r2, #3758153728	@ 0xe000e000
10002450:	4b04      	ldr	r3, [pc, #16]	@ (10002464 <runtime_init_per_core_enable_coprocessors+0x18>)
10002452:	f8d2 1d88 	ldr.w	r1, [r2, #3464]	@ 0xd88
10002456:	430b      	orrs	r3, r1
10002458:	f8c2 3d88 	str.w	r3, [r2, #3464]	@ 0xd88
1000245c:	ee10 0430 	dcp_rcmp r0
10002460:	4770      	bx	lr
10002462:	bf00      	nop
10002464:	00300303 	.word	0x00300303

10002468 <runtime_init_post_clock_resets>:
10002468:	f06f 4160 	mvn.w	r1, #3758096384	@ 0xe0000000
1000246c:	4b04      	ldr	r3, [pc, #16]	@ (10002480 <runtime_init_post_clock_resets+0x18>)
1000246e:	4a05      	ldr	r2, [pc, #20]	@ (10002484 <runtime_init_post_clock_resets+0x1c>)
10002470:	6019      	str	r1, [r3, #0]
10002472:	6893      	ldr	r3, [r2, #8]
10002474:	43db      	mvns	r3, r3
10002476:	f033 4360 	bics.w	r3, r3, #3758096384	@ 0xe0000000
1000247a:	d1fa      	bne.n	10002472 <runtime_init_post_clock_resets+0xa>
1000247c:	4770      	bx	lr
1000247e:	bf00      	nop
10002480:	40023000 	.word	0x40023000
10002484:	40020000 	.word	0x40020000

10002488 <runtime_init_bootrom_reset>:
10002488:	b510      	push	{r4, lr}
1000248a:	f245 2053 	movw	r0, #21075	@ 0x5253
1000248e:	f7ff ff49 	bl	10002324 <rom_func_lookup>
10002492:	e8bd 4010 	ldmia.w	sp!, {r4, lr}
10002496:	4603      	mov	r3, r0
10002498:	2004      	movs	r0, #4
1000249a:	4718      	bx	r3

1000249c <runtime_init_per_core_bootrom_reset>:
1000249c:	b510      	push	{r4, lr}
1000249e:	f245 2053 	movw	r0, #21075	@ 0x5253
100024a2:	f7ff ff3f 	bl	10002324 <rom_func_lookup>
100024a6:	e8bd 4010 	ldmia.w	sp!, {r4, lr}
100024aa:	4603      	mov	r3, r0
100024ac:	2001      	movs	r0, #1
100024ae:	4718      	bx	r3

100024b0 <runtime_init_spin_locks_reset>:
100024b0:	f7fe bf72 	b.w	10001398 <spin_locks_reset>

100024b4 <runtime_init_install_ram_vector_table>:
100024b4:	b538      	push	{r3, r4, r5, lr}
100024b6:	4913      	ldr	r1, [pc, #76]	@ (10002504 <runtime_init_install_ram_vector_table+0x50>)
100024b8:	4c13      	ldr	r4, [pc, #76]	@ (10002508 <runtime_init_install_ram_vector_table+0x54>)
100024ba:	4d14      	ldr	r5, [pc, #80]	@ (1000250c <runtime_init_install_ram_vector_table+0x58>)
100024bc:	1a64      	subs	r4, r4, r1
100024be:	08a4      	lsrs	r4, r4, #2
100024c0:	2c44      	cmp	r4, #68	@ 0x44
100024c2:	4622      	mov	r2, r4
100024c4:	bf28      	it	cs
100024c6:	2244      	movcs	r2, #68	@ 0x44
100024c8:	4628      	mov	r0, r5
100024ca:	0092      	lsls	r2, r2, #2
100024cc:	f003 fa78 	bl	100059c0 <__memcpy_veneer>
100024d0:	2c43      	cmp	r4, #67	@ 0x43
100024d2:	d814      	bhi.n	100024fe <runtime_init_install_ram_vector_table+0x4a>
100024d4:	4a0e      	ldr	r2, [pc, #56]	@ (10002510 <runtime_init_install_ram_vector_table+0x5c>)
100024d6:	f1c4 0044 	rsb	r0, r4, #68	@ 0x44
100024da:	d00e      	beq.n	100024fa <runtime_init_install_ram_vector_table+0x46>
100024dc:	eb05 0384 	add.w	r3, r5, r4, lsl #2
100024e0:	0841      	lsrs	r1, r0, #1
100024e2:	eb03 01c1 	add.w	r1, r3, r1, lsl #3
100024e6:	e9c3 2200 	strd	r2, r2, [r3]
100024ea:	3308      	adds	r3, #8
100024ec:	4299      	cmp	r1, r3
100024ee:	d1fa      	bne.n	100024e6 <runtime_init_install_ram_vector_table+0x32>
100024f0:	07c3      	lsls	r3, r0, #31
100024f2:	d504      	bpl.n	100024fe <runtime_init_install_ram_vector_table+0x4a>
100024f4:	f020 0001 	bic.w	r0, r0, #1
100024f8:	4404      	add	r4, r0
100024fa:	f845 2024 	str.w	r2, [r5, r4, lsl #2]
100024fe:	4b05      	ldr	r3, [pc, #20]	@ (10002514 <runtime_init_install_ram_vector_table+0x60>)
10002500:	609d      	str	r5, [r3, #8]
10002502:	bd38      	pop	{r3, r4, r5, pc}
10002504:	10000000 	.word	0x10000000
10002508:	10000110 	.word	0x10000110
1000250c:	20000000 	.word	0x20000000
10002510:	10000111 	.word	0x10000111
10002514:	e000ed00 	.word	0xe000ed00

10002518 <runtime_init_clocks>:
10002518:	2300      	movs	r3, #0
1000251a:	b570      	push	{r4, r5, r6, lr}
1000251c:	4c2b      	ldr	r4, [pc, #172]	@ (100025cc <runtime_init_clocks+0xb4>)
1000251e:	b082      	sub	sp, #8
10002520:	f8c4 3084 	str.w	r3, [r4, #132]	@ 0x84
10002524:	f7ff ff3a 	bl	1000239c <xosc_init>
10002528:	2201      	movs	r2, #1
1000252a:	4b29      	ldr	r3, [pc, #164]	@ (100025d0 <runtime_init_clocks+0xb8>)
1000252c:	63da      	str	r2, [r3, #60]	@ 0x3c
1000252e:	6c63      	ldr	r3, [r4, #68]	@ 0x44
10002530:	2b01      	cmp	r3, #1
10002532:	d1fc      	bne.n	1000252e <runtime_init_clocks+0x16>
10002534:	2103      	movs	r1, #3
10002536:	4a26      	ldr	r2, [pc, #152]	@ (100025d0 <runtime_init_clocks+0xb8>)
10002538:	4b24      	ldr	r3, [pc, #144]	@ (100025cc <runtime_init_clocks+0xb4>)
1000253a:	6311      	str	r1, [r2, #48]	@ 0x30
1000253c:	6b9c      	ldr	r4, [r3, #56]	@ 0x38
1000253e:	2c01      	cmp	r4, #1
10002540:	d1fc      	bne.n	1000253c <runtime_init_clocks+0x24>
10002542:	2602      	movs	r6, #2
10002544:	2505      	movs	r5, #5
10002546:	4621      	mov	r1, r4
10002548:	2305      	movs	r3, #5
1000254a:	4a22      	ldr	r2, [pc, #136]	@ (100025d4 <runtime_init_clocks+0xbc>)
1000254c:	4822      	ldr	r0, [pc, #136]	@ (100025d8 <runtime_init_clocks+0xc0>)
1000254e:	9600      	str	r6, [sp, #0]
10002550:	f7ff fe30 	bl	100021b4 <pll_init>
10002554:	4621      	mov	r1, r4
10002556:	462b      	mov	r3, r5
10002558:	4a20      	ldr	r2, [pc, #128]	@ (100025dc <runtime_init_clocks+0xc4>)
1000255a:	4821      	ldr	r0, [pc, #132]	@ (100025e0 <runtime_init_clocks+0xc8>)
1000255c:	9500      	str	r5, [sp, #0]
1000255e:	f7ff fe29 	bl	100021b4 <pll_init>
10002562:	2200      	movs	r2, #0
10002564:	2004      	movs	r0, #4
10002566:	4631      	mov	r1, r6
10002568:	4b1e      	ldr	r3, [pc, #120]	@ (100025e4 <runtime_init_clocks+0xcc>)
1000256a:	f7ff fdb5 	bl	100020d8 <clock_configure_undivided>
1000256e:	4621      	mov	r1, r4
10002570:	4628      	mov	r0, r5
10002572:	2200      	movs	r2, #0
10002574:	4b1c      	ldr	r3, [pc, #112]	@ (100025e8 <runtime_init_clocks+0xd0>)
10002576:	f7ff fdaf 	bl	100020d8 <clock_configure_undivided>
1000257a:	2200      	movs	r2, #0
1000257c:	2008      	movs	r0, #8
1000257e:	4611      	mov	r1, r2
10002580:	4b1a      	ldr	r3, [pc, #104]	@ (100025ec <runtime_init_clocks+0xd4>)
10002582:	f7ff fda9 	bl	100020d8 <clock_configure_undivided>
10002586:	2200      	movs	r2, #0
10002588:	2009      	movs	r0, #9
1000258a:	4611      	mov	r1, r2
1000258c:	4b17      	ldr	r3, [pc, #92]	@ (100025ec <runtime_init_clocks+0xd4>)
1000258e:	f7ff fda3 	bl	100020d8 <clock_configure_undivided>
10002592:	2200      	movs	r2, #0
10002594:	2006      	movs	r0, #6
10002596:	4611      	mov	r1, r2
10002598:	4b13      	ldr	r3, [pc, #76]	@ (100025e8 <runtime_init_clocks+0xd0>)
1000259a:	f7ff fd9d 	bl	100020d8 <clock_configure_undivided>
1000259e:	2200      	movs	r2, #0
100025a0:	4b11      	ldr	r3, [pc, #68]	@ (100025e8 <runtime_init_clocks+0xd0>)
100025a2:	2007      	movs	r0, #7
100025a4:	4611      	mov	r1, r2
100025a6:	f7ff fd97 	bl	100020d8 <clock_configure_undivided>
100025aa:	2004      	movs	r0, #4
100025ac:	f7ff fdfc 	bl	100021a8 <clock_get_hz>
100025b0:	2400      	movs	r4, #0
100025b2:	4b0f      	ldr	r3, [pc, #60]	@ (100025f0 <runtime_init_clocks+0xd8>)
100025b4:	fba3 3500 	umull	r3, r5, r3, r0
100025b8:	0cad      	lsrs	r5, r5, #18
100025ba:	b2e0      	uxtb	r0, r4
100025bc:	4629      	mov	r1, r5
100025be:	3401      	adds	r4, #1
100025c0:	f7ff fe8a 	bl	100022d8 <tick_start>
100025c4:	2c06      	cmp	r4, #6
100025c6:	d1f8      	bne.n	100025ba <runtime_init_clocks+0xa2>
100025c8:	b002      	add	sp, #8
100025ca:	bd70      	pop	{r4, r5, r6, pc}
100025cc:	40010000 	.word	0x40010000
100025d0:	40013000 	.word	0x40013000
100025d4:	59682f00 	.word	0x59682f00
100025d8:	40050000 	.word	0x40050000
100025dc:	47868c00 	.word	0x47868c00
100025e0:	40058000 	.word	0x40058000
100025e4:	00b71b00 	.word	0x00b71b00
100025e8:	08f0d180 	.word	0x08f0d180
100025ec:	02dc6c00 	.word	0x02dc6c00
100025f0:	431bde83 	.word	0x431bde83
100025f4:	00000000 	.word	0x00000000

100025f8 <rtwopi>:
	...
10002600:	28be60db 	.word	0x28be60db
10002604:	9391054a 	.word	0x9391054a
10002608:	7f09d5f4 	.word	0x7f09d5f4
1000260c:	7d4d3770 	.word	0x7d4d3770
10002610:	36d8a566 	.word	0x36d8a566
10002614:	4f10e410 	.word	0x4f10e410

10002618 <frr_core>:
10002618:	f2af 0224 	subw	r2, pc, #36	@ 0x24
1000261c:	114b      	asrs	r3, r1, #5
1000261e:	eb02 0283 	add.w	r2, r2, r3, lsl #2
10002622:	f001 031f 	and.w	r3, r1, #31
10002626:	f04f 0401 	mov.w	r4, #1
1000262a:	409c      	lsls	r4, r3
1000262c:	fba4 3400 	umull	r3, r4, r4, r0
10002630:	68d5      	ldr	r5, [r2, #12]
10002632:	fba5 5604 	umull	r5, r6, r5, r4
10002636:	6895      	ldr	r5, [r2, #8]
10002638:	fb05 6604 	mla	r6, r5, r4, r6
1000263c:	fbe5 5603 	umlal	r5, r6, r5, r3
10002640:	6855      	ldr	r5, [r2, #4]
10002642:	fb05 6603 	mla	r6, r5, r3, r6
10002646:	4770      	bx	lr
10002648:	0241      	lsls	r1, r0, #9
1000264a:	d101      	bne.n	10002650 <frr_core+0x38>
1000264c:	f050 4000 	orrs.w	r0, r0, #2147483648	@ 0x80000000
10002650:	f450 0080 	orrs.w	r0, r0, #4194304	@ 0x400000
10002654:	4770      	bx	lr
10002656:	b5f0      	push	{r4, r5, r6, r7, lr}
10002658:	2301      	movs	r3, #1
1000265a:	f363 50df 	bfi	r0, r3, #23, #9
1000265e:	f1c1 0109 	rsb	r1, r1, #9
10002662:	f04f 077e 	mov.w	r7, #126	@ 0x7e
10002666:	f7ff ffd7 	bl	10002618 <frr_core>
1000266a:	0fb3      	lsrs	r3, r6, #30
1000266c:	f153 0300 	adcs.w	r3, r3, #0
10002670:	449c      	add	ip, r3
10002672:	ebb6 7683 	subs.w	r6, r6, r3, lsl #30
10002676:	00b2      	lsls	r2, r6, #2
10002678:	bf28      	it	cs
1000267a:	4252      	negcs	r2, r2
1000267c:	f1b2 5f80 	cmp.w	r2, #268435456	@ 0x10000000
10002680:	d20b      	bcs.n	1000269a <frr_core+0x82>
10002682:	3102      	adds	r1, #2
10002684:	f7ff ffc8 	bl	10002618 <frr_core>
10002688:	ea96 0226 	eors.w	r2, r6, r6, asr #32
1000268c:	f142 0200 	adc.w	r2, r2, #0
10002690:	f1b2 5f80 	cmp.w	r2, #268435456	@ 0x10000000
10002694:	d201      	bcs.n	1000269a <frr_core+0x82>
10002696:	3f02      	subs	r7, #2
10002698:	d5f3      	bpl.n	10002682 <frr_core+0x6a>
1000269a:	4c0a      	ldr	r4, [pc, #40]	@ (100026c4 <frr_core+0xac>)
1000269c:	fba2 2404 	umull	r2, r4, r2, r4
100026a0:	fab4 f284 	clz	r2, r4
100026a4:	4094      	lsls	r4, r2
100026a6:	0a24      	lsrs	r4, r4, #8
100026a8:	eba7 0202 	sub.w	r2, r7, r2
100026ac:	eb44 50c2 	adc.w	r0, r4, r2, lsl #23
100026b0:	0dc1      	lsrs	r1, r0, #23
100026b2:	f1d1 017f 	rsbs	r1, r1, #127	@ 0x7f
100026b6:	0ff6      	lsrs	r6, r6, #31
100026b8:	eb00 73c6 	add.w	r3, r0, r6, lsl #31
100026bc:	e8bd 40f0 	ldmia.w	sp!, {r4, r5, r6, r7, lr}
100026c0:	e073      	b.n	100027aa <__wrap_cosf+0x14>
100026c2:	0000      	.short	0x0000
100026c4:	c90fdaa2 	.word	0xc90fdaa2
100026c8:	f111 0f80 	cmn.w	r1, #128	@ 0x80
100026cc:	d0bc      	beq.n	10002648 <frr_core+0x30>
100026ce:	ea30 72cc 	bics.w	r2, r0, ip, lsl #31
100026d2:	bf48      	it	mi
100026d4:	f10c 0c02 	addmi.w	ip, ip, #2
100026d8:	f020 4000 	bic.w	r0, r0, #2147483648	@ 0x80000000
100026dc:	ee00 0a10 	vmov	s0, r0
100026e0:	a20d      	add	r2, pc, #52	@ (adr r2, 10002718 <k_sc4>)
100026e2:	ecf2 2a03 	vldmia	r2!, {s5-s7}
100026e6:	ee22 2a80 	vmul.f32	s4, s5, s0
100026ea:	f111 0f08 	cmn.w	r1, #8
100026ee:	feb9 2a42 	vrintn.f32	s4, s4
100026f2:	ddb0      	ble.n	10002656 <frr_core+0x3e>
100026f4:	eea2 0a63 	vfms.f32	s0, s4, s7
100026f8:	eea2 0a43 	vfms.f32	s0, s4, s6
100026fc:	ee10 3a10 	vmov	r3, s0
10002700:	eefd 1ac2 	vcvt.s32.f32	s3, s4
10002704:	f3c3 52c7 	ubfx	r2, r3, #23, #8
10002708:	2a78      	cmp	r2, #120	@ 0x78
1000270a:	d3a4      	bcc.n	10002656 <frr_core+0x3e>
1000270c:	f1d2 017f 	rsbs	r1, r2, #127	@ 0x7f
10002710:	ee11 2a90 	vmov	r2, s3
10002714:	4494      	add	ip, r2
10002716:	e048      	b.n	100027aa <__wrap_cosf+0x14>

10002718 <k_sc4>:
10002718:	3f22f983 	.word	0x3f22f983
1000271c:	b695777a 	.word	0xb695777a
10002720:	3fc91000 	.word	0x3fc91000

10002724 <__wrap_sincosf>:
10002724:	b507      	push	{r0, r1, r2, lr}
10002726:	f3c0 51c7 	ubfx	r1, r0, #23, #8
1000272a:	29ff      	cmp	r1, #255	@ 0xff
1000272c:	d025      	beq.n	1000277a <__wrap_sincosf+0x56>
1000272e:	f000 f832 	bl	10002796 <__wrap_cosf>
10002732:	e8bd 4006 	ldmia.w	sp!, {r1, r2, lr}
10002736:	f8ce 0000 	str.w	r0, [lr]
1000273a:	d20e      	bcs.n	1000275a <__wrap_sincosf+0x36>
1000273c:	43c9      	mvns	r1, r1
1000273e:	ea8c 7cd1 	eor.w	ip, ip, r1, lsr #31
10002742:	ee63 2aa0 	vmul.f32	s5, s7, s1
10002746:	eee1 2a03 	vfma.f32	s5, s2, s6
1000274a:	ee73 2a62 	vsub.f32	s5, s6, s5
1000274e:	ee12 0a90 	vmov	r0, s5
10002752:	ea80 70cc 	eor.w	r0, r0, ip, lsl #31
10002756:	6010      	str	r0, [r2, #0]
10002758:	bd00      	pop	{pc}
1000275a:	ea8c 7cd1 	eor.w	ip, ip, r1, lsr #31
1000275e:	ee21 2a23 	vmul.f32	s4, s2, s7
10002762:	eea3 2a60 	vfms.f32	s4, s6, s1
10002766:	ea8c 71d3 	eor.w	r1, ip, r3, lsr #31
1000276a:	ee33 2ac2 	vsub.f32	s4, s7, s4
1000276e:	ee12 0a10 	vmov	r0, s4
10002772:	ea80 70c1 	eor.w	r0, r0, r1, lsl #31
10002776:	6010      	str	r0, [r2, #0]
10002778:	bd00      	pop	{pc}
1000277a:	0241      	lsls	r1, r0, #9
1000277c:	e8bd 400e 	ldmia.w	sp!, {r1, r2, r3, lr}
10002780:	d101      	bne.n	10002786 <__wrap_sincosf+0x62>
10002782:	f050 4000 	orrs.w	r0, r0, #2147483648	@ 0x80000000
10002786:	f450 0080 	orrs.w	r0, r0, #4194304	@ 0x400000
1000278a:	6010      	str	r0, [r2, #0]
1000278c:	6018      	str	r0, [r3, #0]
1000278e:	4770      	bx	lr

10002790 <__wrap_sinf>:
10002790:	f05f 0c00 	movs.w	ip, #0
10002794:	e001      	b.n	1000279a <__wrap_cosf+0x4>

10002796 <__wrap_cosf>:
10002796:	f05f 0c01 	movs.w	ip, #1
1000279a:	f3c0 51c7 	ubfx	r1, r0, #23, #8
1000279e:	b3a1      	cbz	r1, 1000280a <fsc_sintail+0x1a>
100027a0:	f1d1 017f 	rsbs	r1, r1, #127	@ 0x7f
100027a4:	d990      	bls.n	100026c8 <frr_core+0xb0>
100027a6:	ea20 73cc 	bic.w	r3, r0, ip, lsl #31
100027aa:	f023 4000 	bic.w	r0, r3, #2147483648	@ 0x80000000
100027ae:	ee00 0a10 	vmov	s0, r0
100027b2:	f3c0 4084 	ubfx	r0, r0, #18, #5
100027b6:	3020      	adds	r0, #32
100027b8:	fa30 f101 	lsrs.w	r1, r0, r1
100027bc:	4a83      	ldr	r2, [pc, #524]	@ (100029cc <trigtab2+0x18c>)
100027be:	f151 0100 	adcs.w	r1, r1, #0
100027c2:	ecb2 4a02 	vldmia	r2!, {s8-s9}
100027c6:	eb02 0281 	add.w	r2, r2, r1, lsl #2
100027ca:	eb02 02c1 	add.w	r2, r2, r1, lsl #3
100027ce:	ecd2 2a03 	vldmia	r2, {s5-s7}
100027d2:	ee70 0a62 	vsub.f32	s1, s0, s5
100027d6:	ee20 1aa0 	vmul.f32	s2, s1, s1
100027da:	ea5f 0c5c 	movs.w	ip, ip, lsr #1
100027de:	ee61 1a20 	vmul.f32	s3, s2, s1
100027e2:	d215      	bcs.n	10002810 <fsc_sintail+0x20>
100027e4:	ee21 1a04 	vmul.f32	s2, s2, s8
100027e8:	ee61 1aa4 	vmul.f32	s3, s3, s9
100027ec:	ee70 0ae1 	vsub.f32	s1, s1, s3

100027f0 <fsc_sintail>:
100027f0:	ee21 2a23 	vmul.f32	s4, s2, s7
100027f4:	eea3 2a60 	vfms.f32	s4, s6, s1
100027f8:	ea8c 71d3 	eor.w	r1, ip, r3, lsr #31
100027fc:	ee33 2ac2 	vsub.f32	s4, s7, s4
10002800:	ee12 0a10 	vmov	r0, s4
10002804:	ea80 70c1 	eor.w	r0, r0, r1, lsl #31
10002808:	4770      	bx	lr
1000280a:	f000 4000 	and.w	r0, r0, #2147483648	@ 0x80000000
1000280e:	e7c7      	b.n	100027a0 <__wrap_cosf+0xa>
10002810:	ee61 1aa4 	vmul.f32	s3, s3, s9
10002814:	ee70 0ae1 	vsub.f32	s1, s1, s3
10002818:	ee21 1a04 	vmul.f32	s2, s2, s8

1000281c <fsc_costail>:
1000281c:	ee63 2aa0 	vmul.f32	s5, s7, s1
10002820:	eee1 2a03 	vfma.f32	s5, s2, s6
10002824:	ee73 2a62 	vsub.f32	s5, s6, s5
10002828:	ee12 0a90 	vmov	r0, s5
1000282c:	ea80 70cc 	eor.w	r0, r0, ip, lsl #31
10002830:	4770      	bx	lr
10002832:	bf00      	nop
10002834:	f3af 8000 	nop.w

10002838 <k_sc3>:
10002838:	3efffec1 	.word	0x3efffec1
1000283c:	3e2aaa25 	.word	0x3e2aaa25

10002840 <trigtab2>:
10002840:	00000000 	.word	0x00000000
10002844:	3f800000 	.word	0x3f800000
10002848:	00000000 	.word	0x00000000
1000284c:	3cfcc961 	.word	0x3cfcc961
10002850:	3f7fe0cd 	.word	0x3f7fe0cd
10002854:	3cfcbf1c 	.word	0x3cfcbf1c
10002858:	3d810576 	.word	0x3d810576
1000285c:	3f7f7dfe 	.word	0x3f7f7dfe
10002860:	3d80ef9e 	.word	0x3d80ef9e
10002864:	3dbf0c09 	.word	0x3dbf0c09
10002868:	3f7ee30f 	.word	0x3f7ee30f
1000286c:	3dbec522 	.word	0x3dbec522
10002870:	3dff24b6 	.word	0x3dff24b6
10002874:	3f7e0414 	.word	0x3f7e0414
10002878:	3dfe7be2 	.word	0x3dfe7be2
1000287c:	3e1f0713 	.word	0x3e1f0713
10002880:	3f7ceb48 	.word	0x3f7ceb48
10002884:	3e1e63a0 	.word	0x3e1e63a0
10002888:	3e40306d 	.word	0x3e40306d
1000288c:	3f7b811d 	.word	0x3f7b811d
10002890:	3e3f1015 	.word	0x3e3f1015
10002894:	3e60ada2 	.word	0x3e60ada2
10002898:	3f79dccf 	.word	0x3f79dccf
1000289c:	3e5ee13e 	.word	0x3e5ee13e
100028a0:	3e800d7b 	.word	0x3e800d7b
100028a4:	3f7808fa 	.word	0x3f7808fa
100028a8:	3e7d7196 	.word	0x3e7d7196
100028ac:	3e8f986e 	.word	0x3e8f986e
100028b0:	3f75ff65 	.word	0x3f75ff65
100028b4:	3e8db868 	.word	0x3e8db868
100028b8:	3e9fe1f4 	.word	0x3e9fe1f4
100028bc:	3f739e93 	.word	0x3f739e93
100028c0:	3e9d4bfd 	.word	0x3e9d4bfd
100028c4:	3eb054c6 	.word	0x3eb054c6
100028c8:	3f70f7ae 	.word	0x3f70f7ae
100028cc:	3eacddb3 	.word	0x3eacddb3
100028d0:	3ebf89c5 	.word	0x3ebf89c5
100028d4:	3f6e4b60 	.word	0x3f6e4b60
100028d8:	3ebb1a0a 	.word	0x3ebb1a0a
100028dc:	3ecfc426 	.word	0x3ecfc426
100028e0:	3f6b35ca 	.word	0x3f6b35ca
100028e4:	3eca1c63 	.word	0x3eca1c63
100028e8:	3ee054f2 	.word	0x3ee054f2
100028ec:	3f67d166 	.word	0x3f67d166
100028f0:	3ed93907 	.word	0x3ed93907
100028f4:	3eeff0dd 	.word	0x3eeff0dd
100028f8:	3f64664b 	.word	0x3f64664b
100028fc:	3ee74116 	.word	0x3ee74116
10002900:	3f002b31 	.word	0x3f002b31
10002904:	3f609488 	.word	0x3f609488
10002908:	3ef5c30f 	.word	0x3ef5c30f
1000290c:	3f07e407 	.word	0x3f07e407
10002910:	3f5cc5a2 	.word	0x3f5cc5a2
10002914:	3f01992b 	.word	0x3f01992b
10002918:	3f101fc5 	.word	0x3f101fc5
1000291c:	3f587d8f 	.word	0x3f587d8f
10002920:	3f08a165 	.word	0x3f08a165
10002924:	3f17f68a 	.word	0x3f17f68a
10002928:	3f5434b5 	.word	0x3f5434b5
1000292c:	3f0f31ca 	.word	0x3f0f31ca
10002930:	3f1fffe2 	.word	0x3f1fffe2
10002934:	3f4f9b59 	.word	0x3f4f9b59
10002938:	3f15c8d7 	.word	0x3f15c8d7
1000293c:	3f280646 	.word	0x3f280646
10002940:	3f4acf6b 	.word	0x3f4acf6b
10002944:	3f1c37c4 	.word	0x3f1c37c4
10002948:	3f303041 	.word	0x3f303041
1000294c:	3f45b9e0 	.word	0x3f45b9e0
10002950:	3f229ae4 	.word	0x3f229ae4
10002954:	3f381da7 	.word	0x3f381da7
10002958:	3f4098ca 	.word	0x3f4098ca
1000295c:	3f28a620 	.word	0x3f28a620
10002960:	3f3fc72f 	.word	0x3f3fc72f
10002964:	3f3b76ac 	.word	0x3f3b76ac
10002968:	3f2e564a 	.word	0x3f2e564a
1000296c:	3f4813db 	.word	0x3f4813db
10002970:	3f35b6cc 	.word	0x3f35b6cc
10002974:	3f34526b 	.word	0x3f34526b
10002978:	3f4fc779 	.word	0x3f4fc779
1000297c:	3f30352f 	.word	0x3f30352f
10002980:	3f39b4d0 	.word	0x3f39b4d0
10002984:	3f57dd52 	.word	0x3f57dd52
10002988:	3f2a4170 	.word	0x3f2a4170
1000298c:	3f3f2d91 	.word	0x3f3f2d91
10002990:	3f5fce26 	.word	0x3f5fce26
10002994:	3f243e9f 	.word	0x3f243e9f
10002998:	3f445dc3 	.word	0x3f445dc3
1000299c:	3f6825f1 	.word	0x3f6825f1
100029a0:	3f1dc250 	.word	0x3f1dc250
100029a4:	3f499d1c 	.word	0x3f499d1c
100029a8:	3f703be1 	.word	0x3f703be1
100029ac:	3f175041 	.word	0x3f175041
100029b0:	3f4e7ebf 	.word	0x3f4e7ebf
100029b4:	3f781078 	.word	0x3f781078
100029b8:	3f10ed71 	.word	0x3f10ed71
100029bc:	3f5306af 	.word	0x3f5306af
100029c0:	3f7ff4d4 	.word	0x3f7ff4d4
100029c4:	3f0a5aa7 	.word	0x3f0a5aa7
100029c8:	3f57649b 	.word	0x3f57649b
100029cc:	10002838 	.word	0x10002838

100029d0 <_out_char>:
100029d0:	b900      	cbnz	r0, 100029d4 <_out_char+0x4>
100029d2:	4770      	bx	lr
100029d4:	f000 b91e 	b.w	10002c14 <__wrap_putchar>

100029d8 <weak_raw_vprintf>:
100029d8:	b510      	push	{r4, lr}
100029da:	4b09      	ldr	r3, [pc, #36]	@ (10002a00 <weak_raw_vprintf+0x28>)
100029dc:	b084      	sub	sp, #16
100029de:	681c      	ldr	r4, [r3, #0]
100029e0:	b14c      	cbz	r4, 100029f6 <weak_raw_vprintf+0x1e>
100029e2:	4603      	mov	r3, r0
100029e4:	9100      	str	r1, [sp, #0]
100029e6:	f04f 32ff 	mov.w	r2, #4294967295	@ 0xffffffff
100029ea:	a903      	add	r1, sp, #12
100029ec:	4805      	ldr	r0, [pc, #20]	@ (10002a04 <weak_raw_vprintf+0x2c>)
100029ee:	47a0      	blx	r4
100029f0:	2001      	movs	r0, #1
100029f2:	b004      	add	sp, #16
100029f4:	bd10      	pop	{r4, pc}
100029f6:	f000 f94f 	bl	10002c98 <__wrap_puts>
100029fa:	4620      	mov	r0, r4
100029fc:	b004      	add	sp, #16
100029fe:	bd10      	pop	{r4, pc}
10002a00:	20000fb4 	.word	0x20000fb4
10002a04:	100029d1 	.word	0x100029d1

10002a08 <_exit>:
10002a08:	be00      	bkpt	0x0000
10002a0a:	e7fd      	b.n	10002a08 <_exit>

10002a0c <_fini>:
10002a0c:	4770      	bx	lr
10002a0e:	bf00      	nop

10002a10 <exit>:
10002a10:	b508      	push	{r3, lr}
10002a12:	f7ff fff9 	bl	10002a08 <_exit>
10002a16:	bf00      	nop

10002a18 <runtime_init>:
10002a18:	b538      	push	{r3, r4, r5, lr}
10002a1a:	4c06      	ldr	r4, [pc, #24]	@ (10002a34 <runtime_init+0x1c>)
10002a1c:	4d06      	ldr	r5, [pc, #24]	@ (10002a38 <runtime_init+0x20>)
10002a1e:	f7ff fcdd 	bl	100023dc <runtime_run_initializers>
10002a22:	42ac      	cmp	r4, r5
10002a24:	d204      	bcs.n	10002a30 <runtime_init+0x18>
10002a26:	f854 3b04 	ldr.w	r3, [r4], #4
10002a2a:	4798      	blx	r3
10002a2c:	42ac      	cmp	r4, r5
10002a2e:	d3fa      	bcc.n	10002a26 <runtime_init+0xe>
10002a30:	bd38      	pop	{r3, r4, r5, pc}
10002a32:	bf00      	nop
10002a34:	10005a38 	.word	0x10005a38
10002a38:	10005a3c 	.word	0x10005a3c

10002a3c <stdio_out_chars_no_crlf>:
10002a3c:	6803      	ldr	r3, [r0, #0]
10002a3e:	4608      	mov	r0, r1
10002a40:	4611      	mov	r1, r2
10002a42:	4718      	bx	r3

10002a44 <stdio_out_chars_crlf>:
10002a44:	7d43      	ldrb	r3, [r0, #21]
10002a46:	e92d 47f0 	stmdb	sp!, {r4, r5, r6, r7, r8, r9, sl, lr}
10002a4a:	4681      	mov	r9, r0
10002a4c:	460f      	mov	r7, r1
10002a4e:	4616      	mov	r6, r2
10002a50:	2b00      	cmp	r3, #0
10002a52:	d043      	beq.n	10002adc <stdio_out_chars_crlf+0x98>
10002a54:	2a00      	cmp	r2, #0
10002a56:	dd3b      	ble.n	10002ad0 <stdio_out_chars_crlf+0x8c>
10002a58:	7d03      	ldrb	r3, [r0, #20]
10002a5a:	2000      	movs	r0, #0
10002a5c:	1e4d      	subs	r5, r1, #1
10002a5e:	4601      	mov	r1, r0
10002a60:	f815 2f01 	ldrb.w	r2, [r5, #1]!
10002a64:	f8df 8084 	ldr.w	r8, [pc, #132]	@ 10002aec <stdio_out_chars_crlf+0xa8>
10002a68:	2a0a      	cmp	r2, #10
10002a6a:	f101 0401 	add.w	r4, r1, #1
10002a6e:	d00e      	beq.n	10002a8e <stdio_out_chars_crlf+0x4a>
10002a70:	42a6      	cmp	r6, r4
10002a72:	d01c      	beq.n	10002aae <stdio_out_chars_crlf+0x6a>
10002a74:	782b      	ldrb	r3, [r5, #0]
10002a76:	4621      	mov	r1, r4
10002a78:	f1a3 030d 	sub.w	r3, r3, #13
10002a7c:	fab3 f383 	clz	r3, r3
10002a80:	f815 2f01 	ldrb.w	r2, [r5, #1]!
10002a84:	095b      	lsrs	r3, r3, #5
10002a86:	2a0a      	cmp	r2, #10
10002a88:	f101 0401 	add.w	r4, r1, #1
10002a8c:	d1f0      	bne.n	10002a70 <stdio_out_chars_crlf+0x2c>
10002a8e:	2b00      	cmp	r3, #0
10002a90:	d1ee      	bne.n	10002a70 <stdio_out_chars_crlf+0x2c>
10002a92:	4281      	cmp	r1, r0
10002a94:	eba1 0100 	sub.w	r1, r1, r0
10002a98:	4438      	add	r0, r7
10002a9a:	dc1b      	bgt.n	10002ad4 <stdio_out_chars_crlf+0x90>
10002a9c:	2102      	movs	r1, #2
10002a9e:	4640      	mov	r0, r8
10002aa0:	f8d9 3000 	ldr.w	r3, [r9]
10002aa4:	4798      	blx	r3
10002aa6:	42a6      	cmp	r6, r4
10002aa8:	d008      	beq.n	10002abc <stdio_out_chars_crlf+0x78>
10002aaa:	4620      	mov	r0, r4
10002aac:	e7e2      	b.n	10002a74 <stdio_out_chars_crlf+0x30>
10002aae:	4286      	cmp	r6, r0
10002ab0:	dd04      	ble.n	10002abc <stdio_out_chars_crlf+0x78>
10002ab2:	1a31      	subs	r1, r6, r0
10002ab4:	f8d9 3000 	ldr.w	r3, [r9]
10002ab8:	4438      	add	r0, r7
10002aba:	4798      	blx	r3
10002abc:	4437      	add	r7, r6
10002abe:	f817 3c01 	ldrb.w	r3, [r7, #-1]
10002ac2:	f1a3 030d 	sub.w	r3, r3, #13
10002ac6:	fab3 f383 	clz	r3, r3
10002aca:	095b      	lsrs	r3, r3, #5
10002acc:	f889 3014 	strb.w	r3, [r9, #20]
10002ad0:	e8bd 87f0 	ldmia.w	sp!, {r4, r5, r6, r7, r8, r9, sl, pc}
10002ad4:	f8d9 3000 	ldr.w	r3, [r9]
10002ad8:	4798      	blx	r3
10002ada:	e7df      	b.n	10002a9c <stdio_out_chars_crlf+0x58>
10002adc:	4638      	mov	r0, r7
10002ade:	f8d9 3000 	ldr.w	r3, [r9]
10002ae2:	4611      	mov	r1, r2
10002ae4:	e8bd 47f0 	ldmia.w	sp!, {r4, r5, r6, r7, r8, r9, sl, lr}
10002ae8:	4718      	bx	r3
10002aea:	bf00      	nop
10002aec:	10005ea4 	.word	0x10005ea4

10002af0 <stdio_put_string>:
10002af0:	e92d 47f0 	stmdb	sp!, {r4, r5, r6, r7, r8, r9, sl, lr}
10002af4:	b082      	sub	sp, #8
10002af6:	460d      	mov	r5, r1
10002af8:	4692      	mov	sl, r2
10002afa:	4699      	mov	r9, r3
10002afc:	4607      	mov	r7, r0
10002afe:	f7ff facf 	bl	100020a0 <time_us_64>
10002b02:	f04f 36ff 	mov.w	r6, #4294967295	@ 0xffffffff
10002b06:	f06f 4400 	mvn.w	r4, #2147483648	@ 0x80000000
10002b0a:	4a2f      	ldr	r2, [pc, #188]	@ (10002bc8 <stdio_put_string+0xd8>)
10002b0c:	1882      	adds	r2, r0, r2
10002b0e:	f141 0300 	adc.w	r3, r1, #0
10002b12:	4296      	cmp	r6, r2
10002b14:	eb74 0103 	sbcs.w	r1, r4, r3
10002b18:	bf3c      	itt	cc
10002b1a:	4632      	movcc	r2, r6
10002b1c:	4623      	movcc	r3, r4
10002b1e:	482b      	ldr	r0, [pc, #172]	@ (10002bcc <stdio_put_string+0xdc>)
10002b20:	f002 ff52 	bl	100059c8 <__mutex_try_enter_block_until_veneer>
10002b24:	1c6b      	adds	r3, r5, #1
10002b26:	4680      	mov	r8, r0
10002b28:	d103      	bne.n	10002b32 <stdio_put_string+0x42>
10002b2a:	4638      	mov	r0, r7
10002b2c:	f002 ff16 	bl	1000595c <strlen>
10002b30:	4605      	mov	r5, r0
10002b32:	4b27      	ldr	r3, [pc, #156]	@ (10002bd0 <stdio_put_string+0xe0>)
10002b34:	4e27      	ldr	r6, [pc, #156]	@ (10002bd4 <stdio_put_string+0xe4>)
10002b36:	681c      	ldr	r4, [r3, #0]
10002b38:	4b27      	ldr	r3, [pc, #156]	@ (10002bd8 <stdio_put_string+0xe8>)
10002b3a:	f1b9 0f00 	cmp.w	r9, #0
10002b3e:	bf18      	it	ne
10002b40:	461e      	movne	r6, r3
10002b42:	b1b4      	cbz	r4, 10002b72 <stdio_put_string+0x82>
10002b44:	f1ba 0f00 	cmp.w	sl, #0
10002b48:	d11a      	bne.n	10002b80 <stdio_put_string+0x90>
10002b4a:	f8df 9090 	ldr.w	r9, [pc, #144]	@ 10002bdc <stdio_put_string+0xec>
10002b4e:	e001      	b.n	10002b54 <stdio_put_string+0x64>
10002b50:	6924      	ldr	r4, [r4, #16]
10002b52:	b174      	cbz	r4, 10002b72 <stdio_put_string+0x82>
10002b54:	6823      	ldr	r3, [r4, #0]
10002b56:	2b00      	cmp	r3, #0
10002b58:	d0fa      	beq.n	10002b50 <stdio_put_string+0x60>
10002b5a:	f8d9 3000 	ldr.w	r3, [r9]
10002b5e:	b10b      	cbz	r3, 10002b64 <stdio_put_string+0x74>
10002b60:	429c      	cmp	r4, r3
10002b62:	d1f5      	bne.n	10002b50 <stdio_put_string+0x60>
10002b64:	4620      	mov	r0, r4
10002b66:	462a      	mov	r2, r5
10002b68:	4639      	mov	r1, r7
10002b6a:	47b0      	blx	r6
10002b6c:	6924      	ldr	r4, [r4, #16]
10002b6e:	2c00      	cmp	r4, #0
10002b70:	d1f0      	bne.n	10002b54 <stdio_put_string+0x64>
10002b72:	f1b8 0f00 	cmp.w	r8, #0
10002b76:	d11f      	bne.n	10002bb8 <stdio_put_string+0xc8>
10002b78:	4628      	mov	r0, r5
10002b7a:	b002      	add	sp, #8
10002b7c:	e8bd 87f0 	ldmia.w	sp!, {r4, r5, r6, r7, r8, r9, sl, pc}
10002b80:	f04f 0a0a 	mov.w	sl, #10
10002b84:	f8df 9054 	ldr.w	r9, [pc, #84]	@ 10002bdc <stdio_put_string+0xec>
10002b88:	e002      	b.n	10002b90 <stdio_put_string+0xa0>
10002b8a:	6924      	ldr	r4, [r4, #16]
10002b8c:	2c00      	cmp	r4, #0
10002b8e:	d0f0      	beq.n	10002b72 <stdio_put_string+0x82>
10002b90:	6823      	ldr	r3, [r4, #0]
10002b92:	2b00      	cmp	r3, #0
10002b94:	d0f9      	beq.n	10002b8a <stdio_put_string+0x9a>
10002b96:	f8d9 3000 	ldr.w	r3, [r9]
10002b9a:	b10b      	cbz	r3, 10002ba0 <stdio_put_string+0xb0>
10002b9c:	42a3      	cmp	r3, r4
10002b9e:	d1f4      	bne.n	10002b8a <stdio_put_string+0x9a>
10002ba0:	462a      	mov	r2, r5
10002ba2:	4639      	mov	r1, r7
10002ba4:	4620      	mov	r0, r4
10002ba6:	47b0      	blx	r6
10002ba8:	2201      	movs	r2, #1
10002baa:	4620      	mov	r0, r4
10002bac:	f10d 0107 	add.w	r1, sp, #7
10002bb0:	f88d a007 	strb.w	sl, [sp, #7]
10002bb4:	47b0      	blx	r6
10002bb6:	e7e8      	b.n	10002b8a <stdio_put_string+0x9a>
10002bb8:	4804      	ldr	r0, [pc, #16]	@ (10002bcc <stdio_put_string+0xdc>)
10002bba:	f002 ff15 	bl	100059e8 <__mutex_exit_veneer>
10002bbe:	4628      	mov	r0, r5
10002bc0:	b002      	add	sp, #8
10002bc2:	e8bd 87f0 	ldmia.w	sp!, {r4, r5, r6, r7, r8, r9, sl, pc}
10002bc6:	bf00      	nop
10002bc8:	000f4240 	.word	0x000f4240
10002bcc:	2000082c 	.word	0x2000082c
10002bd0:	20000d28 	.word	0x20000d28
10002bd4:	10002a3d 	.word	0x10002a3d
10002bd8:	10002a45 	.word	0x10002a45
10002bdc:	20000d2c 	.word	0x20000d2c

10002be0 <stdio_set_driver_enabled>:
10002be0:	4a0a      	ldr	r2, [pc, #40]	@ (10002c0c <stdio_set_driver_enabled+0x2c>)
10002be2:	6813      	ldr	r3, [r2, #0]
10002be4:	b14b      	cbz	r3, 10002bfa <stdio_set_driver_enabled+0x1a>
10002be6:	4283      	cmp	r3, r0
10002be8:	d102      	bne.n	10002bf0 <stdio_set_driver_enabled+0x10>
10002bea:	e009      	b.n	10002c00 <stdio_set_driver_enabled+0x20>
10002bec:	4298      	cmp	r0, r3
10002bee:	d007      	beq.n	10002c00 <stdio_set_driver_enabled+0x20>
10002bf0:	f103 0210 	add.w	r2, r3, #16
10002bf4:	691b      	ldr	r3, [r3, #16]
10002bf6:	2b00      	cmp	r3, #0
10002bf8:	d1f8      	bne.n	10002bec <stdio_set_driver_enabled+0xc>
10002bfa:	b101      	cbz	r1, 10002bfe <stdio_set_driver_enabled+0x1e>
10002bfc:	6010      	str	r0, [r2, #0]
10002bfe:	4770      	bx	lr
10002c00:	2900      	cmp	r1, #0
10002c02:	d1fc      	bne.n	10002bfe <stdio_set_driver_enabled+0x1e>
10002c04:	6903      	ldr	r3, [r0, #16]
10002c06:	6013      	str	r3, [r2, #0]
10002c08:	6101      	str	r1, [r0, #16]
10002c0a:	4770      	bx	lr
10002c0c:	20000d28 	.word	0x20000d28

10002c10 <stdio_init_all>:
10002c10:	f000 b9fc 	b.w	1000300c <stdio_usb_init>

10002c14 <__wrap_putchar>:
10002c14:	b5f0      	push	{r4, r5, r6, r7, lr}
10002c16:	b083      	sub	sp, #12
10002c18:	4606      	mov	r6, r0
10002c1a:	f88d 0007 	strb.w	r0, [sp, #7]
10002c1e:	f7ff fa3f 	bl	100020a0 <time_us_64>
10002c22:	f04f 35ff 	mov.w	r5, #4294967295	@ 0xffffffff
10002c26:	f06f 4400 	mvn.w	r4, #2147483648	@ 0x80000000
10002c2a:	4a17      	ldr	r2, [pc, #92]	@ (10002c88 <__wrap_putchar+0x74>)
10002c2c:	1882      	adds	r2, r0, r2
10002c2e:	f141 0300 	adc.w	r3, r1, #0
10002c32:	4295      	cmp	r5, r2
10002c34:	eb74 0103 	sbcs.w	r1, r4, r3
10002c38:	bf3c      	itt	cc
10002c3a:	4623      	movcc	r3, r4
10002c3c:	462a      	movcc	r2, r5
10002c3e:	4813      	ldr	r0, [pc, #76]	@ (10002c8c <__wrap_putchar+0x78>)
10002c40:	f002 fec2 	bl	100059c8 <__mutex_try_enter_block_until_veneer>
10002c44:	4b12      	ldr	r3, [pc, #72]	@ (10002c90 <__wrap_putchar+0x7c>)
10002c46:	4607      	mov	r7, r0
10002c48:	681c      	ldr	r4, [r3, #0]
10002c4a:	b19c      	cbz	r4, 10002c74 <__wrap_putchar+0x60>
10002c4c:	4d11      	ldr	r5, [pc, #68]	@ (10002c94 <__wrap_putchar+0x80>)
10002c4e:	e001      	b.n	10002c54 <__wrap_putchar+0x40>
10002c50:	6924      	ldr	r4, [r4, #16]
10002c52:	b17c      	cbz	r4, 10002c74 <__wrap_putchar+0x60>
10002c54:	6823      	ldr	r3, [r4, #0]
10002c56:	2b00      	cmp	r3, #0
10002c58:	d0fa      	beq.n	10002c50 <__wrap_putchar+0x3c>
10002c5a:	682b      	ldr	r3, [r5, #0]
10002c5c:	b10b      	cbz	r3, 10002c62 <__wrap_putchar+0x4e>
10002c5e:	429c      	cmp	r4, r3
10002c60:	d1f6      	bne.n	10002c50 <__wrap_putchar+0x3c>
10002c62:	4620      	mov	r0, r4
10002c64:	2201      	movs	r2, #1
10002c66:	f10d 0107 	add.w	r1, sp, #7
10002c6a:	f7ff feeb 	bl	10002a44 <stdio_out_chars_crlf>
10002c6e:	6924      	ldr	r4, [r4, #16]
10002c70:	2c00      	cmp	r4, #0
10002c72:	d1ef      	bne.n	10002c54 <__wrap_putchar+0x40>
10002c74:	b917      	cbnz	r7, 10002c7c <__wrap_putchar+0x68>
10002c76:	4630      	mov	r0, r6
10002c78:	b003      	add	sp, #12
10002c7a:	bdf0      	pop	{r4, r5, r6, r7, pc}
10002c7c:	4803      	ldr	r0, [pc, #12]	@ (10002c8c <__wrap_putchar+0x78>)
10002c7e:	f002 feb3 	bl	100059e8 <__mutex_exit_veneer>
10002c82:	4630      	mov	r0, r6
10002c84:	b003      	add	sp, #12
10002c86:	bdf0      	pop	{r4, r5, r6, r7, pc}
10002c88:	000f4240 	.word	0x000f4240
10002c8c:	2000082c 	.word	0x2000082c
10002c90:	20000d28 	.word	0x20000d28
10002c94:	20000d2c 	.word	0x20000d2c

10002c98 <__wrap_puts>:
10002c98:	b538      	push	{r3, r4, r5, lr}
10002c9a:	4604      	mov	r4, r0
10002c9c:	f002 fe5e 	bl	1000595c <strlen>
10002ca0:	2301      	movs	r3, #1
10002ca2:	4605      	mov	r5, r0
10002ca4:	461a      	mov	r2, r3
10002ca6:	4620      	mov	r0, r4
10002ca8:	4629      	mov	r1, r5
10002caa:	f7ff ff21 	bl	10002af0 <stdio_put_string>
10002cae:	4b08      	ldr	r3, [pc, #32]	@ (10002cd0 <__wrap_puts+0x38>)
10002cb0:	681c      	ldr	r4, [r3, #0]
10002cb2:	b12c      	cbz	r4, 10002cc0 <__wrap_puts+0x28>
10002cb4:	6863      	ldr	r3, [r4, #4]
10002cb6:	b12b      	cbz	r3, 10002cc4 <__wrap_puts+0x2c>
10002cb8:	4798      	blx	r3
10002cba:	6924      	ldr	r4, [r4, #16]
10002cbc:	2c00      	cmp	r4, #0
10002cbe:	d1f9      	bne.n	10002cb4 <__wrap_puts+0x1c>
10002cc0:	4628      	mov	r0, r5
10002cc2:	bd38      	pop	{r3, r4, r5, pc}
10002cc4:	6924      	ldr	r4, [r4, #16]
10002cc6:	2c00      	cmp	r4, #0
10002cc8:	d1f4      	bne.n	10002cb4 <__wrap_puts+0x1c>
10002cca:	4628      	mov	r0, r5
10002ccc:	bd38      	pop	{r3, r4, r5, pc}
10002cce:	bf00      	nop
10002cd0:	20000d28 	.word	0x20000d28

10002cd4 <stdio_usb_set_chars_available_callback>:
10002cd4:	4a02      	ldr	r2, [pc, #8]	@ (10002ce0 <stdio_usb_set_chars_available_callback+0xc>)
10002cd6:	4b03      	ldr	r3, [pc, #12]	@ (10002ce4 <stdio_usb_set_chars_available_callback+0x10>)
10002cd8:	6010      	str	r0, [r2, #0]
10002cda:	6019      	str	r1, [r3, #0]
10002cdc:	4770      	bx	lr
10002cde:	bf00      	nop
10002ce0:	20000cc8 	.word	0x20000cc8
10002ce4:	20000ccc 	.word	0x20000ccc

10002ce8 <timer_task>:
10002ce8:	4b18      	ldr	r3, [pc, #96]	@ (10002d4c <timer_task+0x64>)
10002cea:	b570      	push	{r4, r5, r6, lr}
10002cec:	681a      	ldr	r2, [r3, #0]
10002cee:	2a00      	cmp	r2, #0
10002cf0:	d028      	beq.n	10002d44 <timer_task+0x5c>
10002cf2:	f3ef 8110 	mrs	r1, PRIMASK
10002cf6:	b672      	cpsid	i
10002cf8:	e8d2 4fcf 	ldaexb	r4, [r2]
10002cfc:	2001      	movs	r0, #1
10002cfe:	2c00      	cmp	r4, #0
10002d00:	d1fa      	bne.n	10002cf8 <timer_task+0x10>
10002d02:	e8c2 0f44 	strexb	r4, r0, [r2]
10002d06:	2c00      	cmp	r4, #0
10002d08:	d1f6      	bne.n	10002cf8 <timer_task+0x10>
10002d0a:	f3bf 8f5f 	dmb	sy
10002d0e:	2200      	movs	r2, #0
10002d10:	4c0f      	ldr	r4, [pc, #60]	@ (10002d50 <timer_task+0x68>)
10002d12:	6818      	ldr	r0, [r3, #0]
10002d14:	6059      	str	r1, [r3, #4]
10002d16:	7022      	strb	r2, [r4, #0]
10002d18:	e8c0 2f8f 	stlb	r2, [r0]
10002d1c:	f381 8810 	msr	PRIMASK, r1
10002d20:	2400      	movs	r4, #0
10002d22:	2500      	movs	r5, #0
10002d24:	4e0b      	ldr	r6, [pc, #44]	@ (10002d54 <timer_task+0x6c>)
10002d26:	7830      	ldrb	r0, [r6, #0]
10002d28:	f7fe fb78 	bl	1000141c <irq_is_enabled>
10002d2c:	b920      	cbnz	r0, 10002d38 <timer_task+0x50>
10002d2e:	2400      	movs	r4, #0
10002d30:	2500      	movs	r5, #0
10002d32:	4620      	mov	r0, r4
10002d34:	4629      	mov	r1, r5
10002d36:	bd70      	pop	{r4, r5, r6, pc}
10002d38:	7830      	ldrb	r0, [r6, #0]
10002d3a:	f7fe fb7f 	bl	1000143c <irq_set_pending>
10002d3e:	4620      	mov	r0, r4
10002d40:	4629      	mov	r1, r5
10002d42:	bd70      	pop	{r4, r5, r6, pc}
10002d44:	f44f 747a 	mov.w	r4, #1000	@ 0x3e8
10002d48:	2500      	movs	r5, #0
10002d4a:	e7eb      	b.n	10002d24 <timer_task+0x3c>
10002d4c:	20000fbc 	.word	0x20000fbc
10002d50:	20001018 	.word	0x20001018
10002d54:	20001017 	.word	0x20001017

10002d58 <usb_irq>:
10002d58:	4b01      	ldr	r3, [pc, #4]	@ (10002d60 <usb_irq+0x8>)
10002d5a:	7818      	ldrb	r0, [r3, #0]
10002d5c:	f7fe bb6e 	b.w	1000143c <irq_set_pending>
10002d60:	20001017 	.word	0x20001017

10002d64 <stdio_usb_in_chars>:
10002d64:	b538      	push	{r3, r4, r5, lr}
10002d66:	4604      	mov	r4, r0
10002d68:	2000      	movs	r0, #0
10002d6a:	460d      	mov	r5, r1
10002d6c:	f001 fee8 	bl	10004b40 <tud_cdc_n_connected>
10002d70:	b3a8      	cbz	r0, 10002dde <stdio_usb_in_chars+0x7a>
10002d72:	2000      	movs	r0, #0
10002d74:	f001 fef8 	bl	10004b68 <tud_cdc_n_available>
10002d78:	b388      	cbz	r0, 10002dde <stdio_usb_in_chars+0x7a>
10002d7a:	f7ff f991 	bl	100020a0 <time_us_64>
10002d7e:	f04f 3eff 	mov.w	lr, #4294967295	@ 0xffffffff
10002d82:	f06f 4c00 	mvn.w	ip, #2147483648	@ 0x80000000
10002d86:	4a17      	ldr	r2, [pc, #92]	@ (10002de4 <stdio_usb_in_chars+0x80>)
10002d88:	1882      	adds	r2, r0, r2
10002d8a:	f141 0300 	adc.w	r3, r1, #0
10002d8e:	4596      	cmp	lr, r2
10002d90:	eb7c 0103 	sbcs.w	r1, ip, r3
10002d94:	bf3c      	itt	cc
10002d96:	4672      	movcc	r2, lr
10002d98:	4663      	movcc	r3, ip
10002d9a:	4813      	ldr	r0, [pc, #76]	@ (10002de8 <stdio_usb_in_chars+0x84>)
10002d9c:	f002 fe14 	bl	100059c8 <__mutex_try_enter_block_until_veneer>
10002da0:	b1e8      	cbz	r0, 10002dde <stdio_usb_in_chars+0x7a>
10002da2:	2000      	movs	r0, #0
10002da4:	f001 fecc 	bl	10004b40 <tud_cdc_n_connected>
10002da8:	b958      	cbnz	r0, 10002dc2 <stdio_usb_in_chars+0x5e>
10002daa:	2100      	movs	r1, #0
10002dac:	f04f 30ff 	mov.w	r0, #4294967295	@ 0xffffffff
10002db0:	f001 fa88 	bl	100042c4 <tud_task_ext>
10002db4:	f06f 0402 	mvn.w	r4, #2
10002db8:	480b      	ldr	r0, [pc, #44]	@ (10002de8 <stdio_usb_in_chars+0x84>)
10002dba:	f002 fe15 	bl	100059e8 <__mutex_exit_veneer>
10002dbe:	4620      	mov	r0, r4
10002dc0:	bd38      	pop	{r3, r4, r5, pc}
10002dc2:	2000      	movs	r0, #0
10002dc4:	f001 fed0 	bl	10004b68 <tud_cdc_n_available>
10002dc8:	2800      	cmp	r0, #0
10002dca:	d0ee      	beq.n	10002daa <stdio_usb_in_chars+0x46>
10002dcc:	4621      	mov	r1, r4
10002dce:	462a      	mov	r2, r5
10002dd0:	2000      	movs	r0, #0
10002dd2:	f001 fee3 	bl	10004b9c <tud_cdc_n_read>
10002dd6:	4604      	mov	r4, r0
10002dd8:	2800      	cmp	r0, #0
10002dda:	d1ed      	bne.n	10002db8 <stdio_usb_in_chars+0x54>
10002ddc:	e7ea      	b.n	10002db4 <stdio_usb_in_chars+0x50>
10002dde:	f06f 0402 	mvn.w	r4, #2
10002de2:	e7ec      	b.n	10002dbe <stdio_usb_in_chars+0x5a>
10002de4:	000f4240 	.word	0x000f4240
10002de8:	20000ff8 	.word	0x20000ff8

10002dec <stdio_usb_out_flush>:
10002dec:	b508      	push	{r3, lr}
10002dee:	f7ff f957 	bl	100020a0 <time_us_64>
10002df2:	f04f 3eff 	mov.w	lr, #4294967295	@ 0xffffffff
10002df6:	f06f 4c00 	mvn.w	ip, #2147483648	@ 0x80000000
10002dfa:	4a0f      	ldr	r2, [pc, #60]	@ (10002e38 <stdio_usb_out_flush+0x4c>)
10002dfc:	1882      	adds	r2, r0, r2
10002dfe:	f141 0300 	adc.w	r3, r1, #0
10002e02:	4596      	cmp	lr, r2
10002e04:	eb7c 0103 	sbcs.w	r1, ip, r3
10002e08:	bf3c      	itt	cc
10002e0a:	4672      	movcc	r2, lr
10002e0c:	4663      	movcc	r3, ip
10002e0e:	480b      	ldr	r0, [pc, #44]	@ (10002e3c <stdio_usb_out_flush+0x50>)
10002e10:	f002 fdda 	bl	100059c8 <__mutex_try_enter_block_until_veneer>
10002e14:	b170      	cbz	r0, 10002e34 <stdio_usb_out_flush+0x48>
10002e16:	f04f 30ff 	mov.w	r0, #4294967295	@ 0xffffffff
10002e1a:	2100      	movs	r1, #0
10002e1c:	f001 fa52 	bl	100042c4 <tud_task_ext>
10002e20:	2000      	movs	r0, #0
10002e22:	f001 fecb 	bl	10004bbc <tud_cdc_n_write_flush>
10002e26:	2800      	cmp	r0, #0
10002e28:	d1f5      	bne.n	10002e16 <stdio_usb_out_flush+0x2a>
10002e2a:	e8bd 4008 	ldmia.w	sp!, {r3, lr}
10002e2e:	4803      	ldr	r0, [pc, #12]	@ (10002e3c <stdio_usb_out_flush+0x50>)
10002e30:	f002 bdda 	b.w	100059e8 <__mutex_exit_veneer>
10002e34:	bd08      	pop	{r3, pc}
10002e36:	bf00      	nop
10002e38:	000f4240 	.word	0x000f4240
10002e3c:	20000ff8 	.word	0x20000ff8

10002e40 <stdio_usb_out_chars>:
10002e40:	e92d 43f8 	stmdb	sp!, {r3, r4, r5, r6, r7, r8, r9, lr}
10002e44:	4607      	mov	r7, r0
10002e46:	460e      	mov	r6, r1
10002e48:	f7ff f92a 	bl	100020a0 <time_us_64>
10002e4c:	f04f 35ff 	mov.w	r5, #4294967295	@ 0xffffffff
10002e50:	f06f 4400 	mvn.w	r4, #2147483648	@ 0x80000000
10002e54:	4a33      	ldr	r2, [pc, #204]	@ (10002f24 <stdio_usb_out_chars+0xe4>)
10002e56:	1882      	adds	r2, r0, r2
10002e58:	f141 0300 	adc.w	r3, r1, #0
10002e5c:	4295      	cmp	r5, r2
10002e5e:	eb74 0103 	sbcs.w	r1, r4, r3
10002e62:	bf3c      	itt	cc
10002e64:	462a      	movcc	r2, r5
10002e66:	4623      	movcc	r3, r4
10002e68:	482f      	ldr	r0, [pc, #188]	@ (10002f28 <stdio_usb_out_chars+0xe8>)
10002e6a:	f002 fdad 	bl	100059c8 <__mutex_try_enter_block_until_veneer>
10002e6e:	b908      	cbnz	r0, 10002e74 <stdio_usb_out_chars+0x34>
10002e70:	e8bd 83f8 	ldmia.w	sp!, {r3, r4, r5, r6, r7, r8, r9, pc}
10002e74:	2000      	movs	r0, #0
10002e76:	f001 fe63 	bl	10004b40 <tud_cdc_n_connected>
10002e7a:	2800      	cmp	r0, #0
10002e7c:	d048      	beq.n	10002f10 <stdio_usb_out_chars+0xd0>
10002e7e:	2e00      	cmp	r6, #0
10002e80:	dd41      	ble.n	10002f06 <stdio_usb_out_chars+0xc6>
10002e82:	2500      	movs	r5, #0
10002e84:	f8df 80a4 	ldr.w	r8, [pc, #164]	@ 10002f2c <stdio_usb_out_chars+0xec>
10002e88:	f8df 90a4 	ldr.w	r9, [pc, #164]	@ 10002f30 <stdio_usb_out_chars+0xf0>
10002e8c:	e013      	b.n	10002eb6 <stdio_usb_out_chars+0x76>
10002e8e:	4622      	mov	r2, r4
10002e90:	2000      	movs	r0, #0
10002e92:	f001 fe8b 	bl	10004bac <tud_cdc_n_write>
10002e96:	2100      	movs	r1, #0
10002e98:	4604      	mov	r4, r0
10002e9a:	f04f 30ff 	mov.w	r0, #4294967295	@ 0xffffffff
10002e9e:	f001 fa11 	bl	100042c4 <tud_task_ext>
10002ea2:	2000      	movs	r0, #0
10002ea4:	f001 fe8a 	bl	10004bbc <tud_cdc_n_write_flush>
10002ea8:	f7ff f8fa 	bl	100020a0 <time_us_64>
10002eac:	e9c8 0100 	strd	r0, r1, [r8]
10002eb0:	4425      	add	r5, r4
10002eb2:	42ae      	cmp	r6, r5
10002eb4:	dd27      	ble.n	10002f06 <stdio_usb_out_chars+0xc6>
10002eb6:	2000      	movs	r0, #0
10002eb8:	f001 fe88 	bl	10004bcc <tud_cdc_n_write_available>
10002ebc:	1b74      	subs	r4, r6, r5
10002ebe:	4284      	cmp	r4, r0
10002ec0:	bfa8      	it	ge
10002ec2:	4604      	movge	r4, r0
10002ec4:	1979      	adds	r1, r7, r5
10002ec6:	2c00      	cmp	r4, #0
10002ec8:	d1e1      	bne.n	10002e8e <stdio_usb_out_chars+0x4e>
10002eca:	4621      	mov	r1, r4
10002ecc:	f04f 30ff 	mov.w	r0, #4294967295	@ 0xffffffff
10002ed0:	f001 f9f8 	bl	100042c4 <tud_task_ext>
10002ed4:	4620      	mov	r0, r4
10002ed6:	f001 fe71 	bl	10004bbc <tud_cdc_n_write_flush>
10002eda:	4620      	mov	r0, r4
10002edc:	f001 fe30 	bl	10004b40 <tud_cdc_n_connected>
10002ee0:	b188      	cbz	r0, 10002f06 <stdio_usb_out_chars+0xc6>
10002ee2:	4620      	mov	r0, r4
10002ee4:	f001 fe72 	bl	10004bcc <tud_cdc_n_write_available>
10002ee8:	2800      	cmp	r0, #0
10002eea:	d1e2      	bne.n	10002eb2 <stdio_usb_out_chars+0x72>
10002eec:	f7ff f8d8 	bl	100020a0 <time_us_64>
10002ef0:	f8d8 3000 	ldr.w	r3, [r8]
10002ef4:	f8d8 2004 	ldr.w	r2, [r8, #4]
10002ef8:	eb13 0309 	adds.w	r3, r3, r9
10002efc:	f142 0200 	adc.w	r2, r2, #0
10002f00:	4283      	cmp	r3, r0
10002f02:	418a      	sbcs	r2, r1
10002f04:	d2d5      	bcs.n	10002eb2 <stdio_usb_out_chars+0x72>
10002f06:	4808      	ldr	r0, [pc, #32]	@ (10002f28 <stdio_usb_out_chars+0xe8>)
10002f08:	e8bd 43f8 	ldmia.w	sp!, {r3, r4, r5, r6, r7, r8, r9, lr}
10002f0c:	f002 bd6c 	b.w	100059e8 <__mutex_exit_veneer>
10002f10:	2000      	movs	r0, #0
10002f12:	2100      	movs	r1, #0
10002f14:	4b05      	ldr	r3, [pc, #20]	@ (10002f2c <stdio_usb_out_chars+0xec>)
10002f16:	e9c3 0100 	strd	r0, r1, [r3]
10002f1a:	e8bd 43f8 	ldmia.w	sp!, {r3, r4, r5, r6, r7, r8, r9, lr}
10002f1e:	4802      	ldr	r0, [pc, #8]	@ (10002f28 <stdio_usb_out_chars+0xe8>)
10002f20:	f002 bd62 	b.w	100059e8 <__mutex_exit_veneer>
10002f24:	000f4240 	.word	0x000f4240
10002f28:	20000ff8 	.word	0x20000ff8
10002f2c:	200009b8 	.word	0x200009b8
10002f30:	0007a120 	.word	0x0007a120

10002f34 <low_priority_worker_irq>:
10002f34:	b530      	push	{r4, r5, lr}
10002f36:	2100      	movs	r1, #0
10002f38:	b085      	sub	sp, #20
10002f3a:	482e      	ldr	r0, [pc, #184]	@ (10002ff4 <low_priority_worker_irq+0xc0>)
10002f3c:	f002 fd50 	bl	100059e0 <__mutex_try_enter_veneer>
10002f40:	b9f0      	cbnz	r0, 10002f80 <low_priority_worker_irq+0x4c>
10002f42:	4b2d      	ldr	r3, [pc, #180]	@ (10002ff8 <low_priority_worker_irq+0xc4>)
10002f44:	681a      	ldr	r2, [r3, #0]
10002f46:	b1ca      	cbz	r2, 10002f7c <low_priority_worker_irq+0x48>
10002f48:	f3ef 8110 	mrs	r1, PRIMASK
10002f4c:	b672      	cpsid	i
10002f4e:	e8d2 5fcf 	ldaexb	r5, [r2]
10002f52:	2401      	movs	r4, #1
10002f54:	2d00      	cmp	r5, #0
10002f56:	d1fa      	bne.n	10002f4e <low_priority_worker_irq+0x1a>
10002f58:	e8c2 4f45 	strexb	r5, r4, [r2]
10002f5c:	2d00      	cmp	r5, #0
10002f5e:	d1f6      	bne.n	10002f4e <low_priority_worker_irq+0x1a>
10002f60:	f3bf 8f5f 	dmb	sy
10002f64:	4c25      	ldr	r4, [pc, #148]	@ (10002ffc <low_priority_worker_irq+0xc8>)
10002f66:	681d      	ldr	r5, [r3, #0]
10002f68:	7822      	ldrb	r2, [r4, #0]
10002f6a:	6059      	str	r1, [r3, #4]
10002f6c:	b2d3      	uxtb	r3, r2
10002f6e:	2201      	movs	r2, #1
10002f70:	7022      	strb	r2, [r4, #0]
10002f72:	e8c5 0f8f 	stlb	r0, [r5]
10002f76:	f381 8810 	msr	PRIMASK, r1
10002f7a:	b1cb      	cbz	r3, 10002fb0 <low_priority_worker_irq+0x7c>
10002f7c:	b005      	add	sp, #20
10002f7e:	bd30      	pop	{r4, r5, pc}
10002f80:	2100      	movs	r1, #0
10002f82:	f04f 30ff 	mov.w	r0, #4294967295	@ 0xffffffff
10002f86:	f001 f99d 	bl	100042c4 <tud_task_ext>
10002f8a:	2000      	movs	r0, #0
10002f8c:	f001 fdec 	bl	10004b68 <tud_cdc_n_available>
10002f90:	4604      	mov	r4, r0
10002f92:	4818      	ldr	r0, [pc, #96]	@ (10002ff4 <low_priority_worker_irq+0xc0>)
10002f94:	f002 fd28 	bl	100059e8 <__mutex_exit_veneer>
10002f98:	2c00      	cmp	r4, #0
10002f9a:	d0ef      	beq.n	10002f7c <low_priority_worker_irq+0x48>
10002f9c:	4b18      	ldr	r3, [pc, #96]	@ (10003000 <low_priority_worker_irq+0xcc>)
10002f9e:	681b      	ldr	r3, [r3, #0]
10002fa0:	2b00      	cmp	r3, #0
10002fa2:	d0eb      	beq.n	10002f7c <low_priority_worker_irq+0x48>
10002fa4:	4a17      	ldr	r2, [pc, #92]	@ (10003004 <low_priority_worker_irq+0xd0>)
10002fa6:	6810      	ldr	r0, [r2, #0]
10002fa8:	b005      	add	sp, #20
10002faa:	e8bd 4030 	ldmia.w	sp!, {r4, r5, lr}
10002fae:	4718      	bx	r3
10002fb0:	f7fe fe5a 	bl	10001c68 <alarm_pool_get_default>
10002fb4:	4604      	mov	r4, r0
10002fb6:	f7ff f873 	bl	100020a0 <time_us_64>
10002fba:	f04f 3cff 	mov.w	ip, #4294967295	@ 0xffffffff
10002fbe:	f06f 4500 	mvn.w	r5, #2147483648	@ 0x80000000
10002fc2:	f510 727a 	adds.w	r2, r0, #1000	@ 0x3e8
10002fc6:	f141 0300 	adc.w	r3, r1, #0
10002fca:	4594      	cmp	ip, r2
10002fcc:	eb75 0103 	sbcs.w	r1, r5, r3
10002fd0:	bf38      	it	cc
10002fd2:	462b      	movcc	r3, r5
10002fd4:	f04f 0100 	mov.w	r1, #0
10002fd8:	f04f 0501 	mov.w	r5, #1
10002fdc:	4620      	mov	r0, r4
10002fde:	4c0a      	ldr	r4, [pc, #40]	@ (10003008 <low_priority_worker_irq+0xd4>)
10002fe0:	bf38      	it	cc
10002fe2:	4662      	movcc	r2, ip
10002fe4:	e9cd 1501 	strd	r1, r5, [sp, #4]
10002fe8:	9400      	str	r4, [sp, #0]
10002fea:	f7fe fe41 	bl	10001c70 <alarm_pool_add_alarm_at>
10002fee:	b005      	add	sp, #20
10002ff0:	bd30      	pop	{r4, r5, pc}
10002ff2:	bf00      	nop
10002ff4:	20000ff8 	.word	0x20000ff8
10002ff8:	20000fbc 	.word	0x20000fbc
10002ffc:	20001018 	.word	0x20001018
10003000:	20000cc8 	.word	0x20000cc8
10003004:	20000ccc 	.word	0x20000ccc
10003008:	10002ce9 	.word	0x10002ce9

1000300c <stdio_usb_init>:
1000300c:	f04f 4350 	mov.w	r3, #3489660928	@ 0xd0000000
10003010:	b530      	push	{r4, r5, lr}
10003012:	b085      	sub	sp, #20
10003014:	681c      	ldr	r4, [r3, #0]
10003016:	f7fe fe27 	bl	10001c68 <alarm_pool_get_default>
1000301a:	f7fe ff3b 	bl	10001e94 <alarm_pool_core_num>
1000301e:	42a0      	cmp	r0, r4
10003020:	d002      	beq.n	10003028 <stdio_usb_init+0x1c>
10003022:	2000      	movs	r0, #0
10003024:	b005      	add	sp, #20
10003026:	bd30      	pop	{r4, r5, pc}
10003028:	2100      	movs	r1, #0
1000302a:	4b2a      	ldr	r3, [pc, #168]	@ (100030d4 <stdio_usb_init+0xc8>)
1000302c:	4608      	mov	r0, r1
1000302e:	781b      	ldrb	r3, [r3, #0]
10003030:	f001 ffa0 	bl	10004f74 <tusb_rhport_init>
10003034:	4828      	ldr	r0, [pc, #160]	@ (100030d8 <stdio_usb_init+0xcc>)
10003036:	6803      	ldr	r3, [r0, #0]
10003038:	2b00      	cmp	r3, #0
1000303a:	d047      	beq.n	100030cc <stdio_usb_init+0xc0>
1000303c:	2001      	movs	r0, #1
1000303e:	f7fe fb91 	bl	10001764 <user_irq_claim_unused>
10003042:	4603      	mov	r3, r0
10003044:	4c25      	ldr	r4, [pc, #148]	@ (100030dc <stdio_usb_init+0xd0>)
10003046:	4926      	ldr	r1, [pc, #152]	@ (100030e0 <stdio_usb_init+0xd4>)
10003048:	b2c0      	uxtb	r0, r0
1000304a:	7023      	strb	r3, [r4, #0]
1000304c:	f7fe fa12 	bl	10001474 <irq_set_exclusive_handler>
10003050:	7820      	ldrb	r0, [r4, #0]
10003052:	2101      	movs	r1, #1
10003054:	f7fe f9cc 	bl	100013f0 <irq_set_enabled>
10003058:	200e      	movs	r0, #14
1000305a:	f7fe f9fb 	bl	10001454 <irq_has_shared_handler>
1000305e:	bb40      	cbnz	r0, 100030b2 <stdio_usb_init+0xa6>
10003060:	4b20      	ldr	r3, [pc, #128]	@ (100030e4 <stdio_usb_init+0xd8>)
10003062:	2501      	movs	r5, #1
10003064:	e9c3 0000 	strd	r0, r0, [r3]
10003068:	f7fe fdfe 	bl	10001c68 <alarm_pool_get_default>
1000306c:	4604      	mov	r4, r0
1000306e:	f7ff f817 	bl	100020a0 <time_us_64>
10003072:	f04f 3eff 	mov.w	lr, #4294967295	@ 0xffffffff
10003076:	f06f 4c00 	mvn.w	ip, #2147483648	@ 0x80000000
1000307a:	f510 727a 	adds.w	r2, r0, #1000	@ 0x3e8
1000307e:	f141 0300 	adc.w	r3, r1, #0
10003082:	4596      	cmp	lr, r2
10003084:	eb7c 0103 	sbcs.w	r1, ip, r3
10003088:	f04f 0100 	mov.w	r1, #0
1000308c:	4620      	mov	r0, r4
1000308e:	4c16      	ldr	r4, [pc, #88]	@ (100030e8 <stdio_usb_init+0xdc>)
10003090:	bf3c      	itt	cc
10003092:	4672      	movcc	r2, lr
10003094:	4663      	movcc	r3, ip
10003096:	e9cd 1501 	strd	r1, r5, [sp, #4]
1000309a:	9400      	str	r4, [sp, #0]
1000309c:	f7fe fde8 	bl	10001c70 <alarm_pool_add_alarm_at>
100030a0:	2800      	cmp	r0, #0
100030a2:	dbbe      	blt.n	10003022 <stdio_usb_init+0x16>
100030a4:	2101      	movs	r1, #1
100030a6:	4811      	ldr	r0, [pc, #68]	@ (100030ec <stdio_usb_init+0xe0>)
100030a8:	f7ff fd9a 	bl	10002be0 <stdio_set_driver_enabled>
100030ac:	2001      	movs	r0, #1
100030ae:	b005      	add	sp, #20
100030b0:	bd30      	pop	{r4, r5, pc}
100030b2:	2001      	movs	r0, #1
100030b4:	f7fe f958 	bl	10001368 <spin_lock_claim_unused>
100030b8:	4601      	mov	r1, r0
100030ba:	480a      	ldr	r0, [pc, #40]	@ (100030e4 <stdio_usb_init+0xd8>)
100030bc:	f7fe fbae 	bl	1000181c <critical_section_init_with_lock_num>
100030c0:	2200      	movs	r2, #0
100030c2:	200e      	movs	r0, #14
100030c4:	490a      	ldr	r1, [pc, #40]	@ (100030f0 <stdio_usb_init+0xe4>)
100030c6:	f7fe fa03 	bl	100014d0 <irq_add_shared_handler>
100030ca:	e7eb      	b.n	100030a4 <stdio_usb_init+0x98>
100030cc:	f7fe fb8a 	bl	100017e4 <mutex_init>
100030d0:	e7b4      	b.n	1000303c <stdio_usb_init+0x30>
100030d2:	bf00      	nop
100030d4:	1000606c 	.word	0x1000606c
100030d8:	20000ff8 	.word	0x20000ff8
100030dc:	20001017 	.word	0x20001017
100030e0:	10002f35 	.word	0x10002f35
100030e4:	20000fbc 	.word	0x20000fbc
100030e8:	10002ce9 	.word	0x10002ce9
100030ec:	200007f0 	.word	0x200007f0
100030f0:	10002d59 	.word	0x10002d59

100030f4 <tud_descriptor_device_cb>:
100030f4:	4800      	ldr	r0, [pc, #0]	@ (100030f8 <tud_descriptor_device_cb+0x4>)
100030f6:	4770      	bx	lr
100030f8:	10005f20 	.word	0x10005f20

100030fc <tud_descriptor_configuration_cb>:
100030fc:	4800      	ldr	r0, [pc, #0]	@ (10003100 <tud_descriptor_configuration_cb+0x4>)
100030fe:	4770      	bx	lr
10003100:	10005ecc 	.word	0x10005ecc

10003104 <tud_descriptor_string_cb>:
10003104:	b538      	push	{r3, r4, r5, lr}
10003106:	4b18      	ldr	r3, [pc, #96]	@ (10003168 <tud_descriptor_string_cb+0x64>)
10003108:	4604      	mov	r4, r0
1000310a:	781a      	ldrb	r2, [r3, #0]
1000310c:	b30a      	cbz	r2, 10003152 <tud_descriptor_string_cb+0x4e>
1000310e:	b944      	cbnz	r4, 10003122 <tud_descriptor_string_cb+0x1e>
10003110:	f240 4209 	movw	r2, #1033	@ 0x409
10003114:	f44f 7341 	mov.w	r3, #772	@ 0x304
10003118:	4d14      	ldr	r5, [pc, #80]	@ (1000316c <tud_descriptor_string_cb+0x68>)
1000311a:	806a      	strh	r2, [r5, #2]
1000311c:	4813      	ldr	r0, [pc, #76]	@ (1000316c <tud_descriptor_string_cb+0x68>)
1000311e:	802b      	strh	r3, [r5, #0]
10003120:	bd38      	pop	{r3, r4, r5, pc}
10003122:	2c05      	cmp	r4, #5
10003124:	d81a      	bhi.n	1000315c <tud_descriptor_string_cb+0x58>
10003126:	4b12      	ldr	r3, [pc, #72]	@ (10003170 <tud_descriptor_string_cb+0x6c>)
10003128:	4d10      	ldr	r5, [pc, #64]	@ (1000316c <tud_descriptor_string_cb+0x68>)
1000312a:	f853 1024 	ldr.w	r1, [r3, r4, lsl #2]
1000312e:	4628      	mov	r0, r5
10003130:	2300      	movs	r3, #0
10003132:	3901      	subs	r1, #1
10003134:	e003      	b.n	1000313e <tud_descriptor_string_cb+0x3a>
10003136:	2b13      	cmp	r3, #19
10003138:	f820 2f02 	strh.w	r2, [r0, #2]!
1000313c:	d010      	beq.n	10003160 <tud_descriptor_string_cb+0x5c>
1000313e:	f811 2f01 	ldrb.w	r2, [r1, #1]!
10003142:	3301      	adds	r3, #1
10003144:	b2db      	uxtb	r3, r3
10003146:	2a00      	cmp	r2, #0
10003148:	d1f5      	bne.n	10003136 <tud_descriptor_string_cb+0x32>
1000314a:	005b      	lsls	r3, r3, #1
1000314c:	f443 7340 	orr.w	r3, r3, #768	@ 0x300
10003150:	e7e4      	b.n	1000311c <tud_descriptor_string_cb+0x18>
10003152:	2111      	movs	r1, #17
10003154:	4618      	mov	r0, r3
10003156:	f000 f825 	bl	100031a4 <pico_get_unique_board_id_string>
1000315a:	e7d8      	b.n	1000310e <tud_descriptor_string_cb+0xa>
1000315c:	2000      	movs	r0, #0
1000315e:	bd38      	pop	{r3, r4, r5, pc}
10003160:	f44f 734a 	mov.w	r3, #808	@ 0x328
10003164:	e7da      	b.n	1000311c <tud_descriptor_string_cb+0x18>
10003166:	bf00      	nop
10003168:	20001000 	.word	0x20001000
1000316c:	20000d00 	.word	0x20000d00
10003170:	10005eb4 	.word	0x10005eb4

10003174 <_retrieve_unique_id_on_boot>:
10003174:	b500      	push	{lr}
10003176:	f245 3047 	movw	r0, #21319	@ 0x5347
1000317a:	b08b      	sub	sp, #44	@ 0x2c
1000317c:	f7ff f8d2 	bl	10002324 <rom_func_lookup>
10003180:	2201      	movs	r2, #1
10003182:	4603      	mov	r3, r0
10003184:	2109      	movs	r1, #9
10003186:	a801      	add	r0, sp, #4
10003188:	4798      	blx	r3
1000318a:	e9dd 3203 	ldrd	r3, r2, [sp, #12]
1000318e:	4904      	ldr	r1, [pc, #16]	@ (100031a0 <_retrieve_unique_id_on_boot+0x2c>)
10003190:	ba12      	rev	r2, r2
10003192:	ba1b      	rev	r3, r3
10003194:	e9c1 2300 	strd	r2, r3, [r1]
10003198:	b00b      	add	sp, #44	@ 0x2c
1000319a:	f85d fb04 	ldr.w	pc, [sp], #4
1000319e:	bf00      	nop
100031a0:	20000fe4 	.word	0x20000fe4

100031a4 <pico_get_unique_board_id_string>:
100031a4:	2901      	cmp	r1, #1
100031a6:	f101 33ff 	add.w	r3, r1, #4294967295	@ 0xffffffff
100031aa:	f000 80b3 	beq.w	10003314 <pico_get_unique_board_id_string+0x170>
100031ae:	495d      	ldr	r1, [pc, #372]	@ (10003324 <pico_get_unique_board_id_string+0x180>)
100031b0:	780a      	ldrb	r2, [r1, #0]
100031b2:	ea4f 1c12 	mov.w	ip, r2, lsr #4
100031b6:	2a9f      	cmp	r2, #159	@ 0x9f
100031b8:	bf8c      	ite	hi
100031ba:	f10c 0c37 	addhi.w	ip, ip, #55	@ 0x37
100031be:	f10c 0c30 	addls.w	ip, ip, #48	@ 0x30
100031c2:	2b01      	cmp	r3, #1
100031c4:	f880 c000 	strb.w	ip, [r0]
100031c8:	f000 80a7 	beq.w	1000331a <pico_get_unique_board_id_string+0x176>
100031cc:	f002 020f 	and.w	r2, r2, #15
100031d0:	2a09      	cmp	r2, #9
100031d2:	bf8c      	ite	hi
100031d4:	3237      	addhi	r2, #55	@ 0x37
100031d6:	3230      	addls	r2, #48	@ 0x30
100031d8:	2b02      	cmp	r3, #2
100031da:	7042      	strb	r2, [r0, #1]
100031dc:	f000 809d 	beq.w	1000331a <pico_get_unique_board_id_string+0x176>
100031e0:	784a      	ldrb	r2, [r1, #1]
100031e2:	ea4f 1c12 	mov.w	ip, r2, lsr #4
100031e6:	2a9f      	cmp	r2, #159	@ 0x9f
100031e8:	bf8c      	ite	hi
100031ea:	f10c 0c37 	addhi.w	ip, ip, #55	@ 0x37
100031ee:	f10c 0c30 	addls.w	ip, ip, #48	@ 0x30
100031f2:	2b03      	cmp	r3, #3
100031f4:	f880 c002 	strb.w	ip, [r0, #2]
100031f8:	f000 808f 	beq.w	1000331a <pico_get_unique_board_id_string+0x176>
100031fc:	f002 020f 	and.w	r2, r2, #15
10003200:	2a09      	cmp	r2, #9
10003202:	bf8c      	ite	hi
10003204:	3237      	addhi	r2, #55	@ 0x37
10003206:	3230      	addls	r2, #48	@ 0x30
10003208:	2b04      	cmp	r3, #4
1000320a:	70c2      	strb	r2, [r0, #3]
1000320c:	f000 8085 	beq.w	1000331a <pico_get_unique_board_id_string+0x176>
10003210:	788a      	ldrb	r2, [r1, #2]
10003212:	ea4f 1c12 	mov.w	ip, r2, lsr #4
10003216:	2a9f      	cmp	r2, #159	@ 0x9f
10003218:	bf8c      	ite	hi
1000321a:	f10c 0c37 	addhi.w	ip, ip, #55	@ 0x37
1000321e:	f10c 0c30 	addls.w	ip, ip, #48	@ 0x30
10003222:	2b05      	cmp	r3, #5
10003224:	f880 c004 	strb.w	ip, [r0, #4]
10003228:	d077      	beq.n	1000331a <pico_get_unique_board_id_string+0x176>
1000322a:	f002 020f 	and.w	r2, r2, #15
1000322e:	2a09      	cmp	r2, #9
10003230:	bf8c      	ite	hi
10003232:	3237      	addhi	r2, #55	@ 0x37
10003234:	3230      	addls	r2, #48	@ 0x30
10003236:	2b06      	cmp	r3, #6
10003238:	7142      	strb	r2, [r0, #5]
1000323a:	d06e      	beq.n	1000331a <pico_get_unique_board_id_string+0x176>
1000323c:	78ca      	ldrb	r2, [r1, #3]
1000323e:	ea4f 1c12 	mov.w	ip, r2, lsr #4
10003242:	2a9f      	cmp	r2, #159	@ 0x9f
10003244:	bf8c      	ite	hi
10003246:	f10c 0c37 	addhi.w	ip, ip, #55	@ 0x37
1000324a:	f10c 0c30 	addls.w	ip, ip, #48	@ 0x30
1000324e:	2b07      	cmp	r3, #7
10003250:	f880 c006 	strb.w	ip, [r0, #6]
10003254:	d061      	beq.n	1000331a <pico_get_unique_board_id_string+0x176>
10003256:	f002 020f 	and.w	r2, r2, #15
1000325a:	2a09      	cmp	r2, #9
1000325c:	bf8c      	ite	hi
1000325e:	3237      	addhi	r2, #55	@ 0x37
10003260:	3230      	addls	r2, #48	@ 0x30
10003262:	2b08      	cmp	r3, #8
10003264:	71c2      	strb	r2, [r0, #7]
10003266:	d058      	beq.n	1000331a <pico_get_unique_board_id_string+0x176>
10003268:	790a      	ldrb	r2, [r1, #4]
1000326a:	ea4f 1c12 	mov.w	ip, r2, lsr #4
1000326e:	2a9f      	cmp	r2, #159	@ 0x9f
10003270:	bf8c      	ite	hi
10003272:	f10c 0c37 	addhi.w	ip, ip, #55	@ 0x37
10003276:	f10c 0c30 	addls.w	ip, ip, #48	@ 0x30
1000327a:	2b09      	cmp	r3, #9
1000327c:	f880 c008 	strb.w	ip, [r0, #8]
10003280:	d04b      	beq.n	1000331a <pico_get_unique_board_id_string+0x176>
10003282:	f002 020f 	and.w	r2, r2, #15
10003286:	2a09      	cmp	r2, #9
10003288:	bf8c      	ite	hi
1000328a:	3237      	addhi	r2, #55	@ 0x37
1000328c:	3230      	addls	r2, #48	@ 0x30
1000328e:	2b0a      	cmp	r3, #10
10003290:	7242      	strb	r2, [r0, #9]
10003292:	d042      	beq.n	1000331a <pico_get_unique_board_id_string+0x176>
10003294:	794a      	ldrb	r2, [r1, #5]
10003296:	ea4f 1c12 	mov.w	ip, r2, lsr #4
1000329a:	2a9f      	cmp	r2, #159	@ 0x9f
1000329c:	bf8c      	ite	hi
1000329e:	f10c 0c37 	addhi.w	ip, ip, #55	@ 0x37
100032a2:	f10c 0c30 	addls.w	ip, ip, #48	@ 0x30
100032a6:	2b0b      	cmp	r3, #11
100032a8:	f880 c00a 	strb.w	ip, [r0, #10]
100032ac:	d035      	beq.n	1000331a <pico_get_unique_board_id_string+0x176>
100032ae:	f002 020f 	and.w	r2, r2, #15
100032b2:	2a09      	cmp	r2, #9
100032b4:	bf8c      	ite	hi
100032b6:	3237      	addhi	r2, #55	@ 0x37
100032b8:	3230      	addls	r2, #48	@ 0x30
100032ba:	2b0c      	cmp	r3, #12
100032bc:	72c2      	strb	r2, [r0, #11]
100032be:	d02c      	beq.n	1000331a <pico_get_unique_board_id_string+0x176>
100032c0:	798a      	ldrb	r2, [r1, #6]
100032c2:	ea4f 1c12 	mov.w	ip, r2, lsr #4
100032c6:	2a9f      	cmp	r2, #159	@ 0x9f
100032c8:	bf8c      	ite	hi
100032ca:	f10c 0c37 	addhi.w	ip, ip, #55	@ 0x37
100032ce:	f10c 0c30 	addls.w	ip, ip, #48	@ 0x30
100032d2:	2b0d      	cmp	r3, #13
100032d4:	f880 c00c 	strb.w	ip, [r0, #12]
100032d8:	d01f      	beq.n	1000331a <pico_get_unique_board_id_string+0x176>
100032da:	f002 020f 	and.w	r2, r2, #15
100032de:	2a09      	cmp	r2, #9
100032e0:	bf8c      	ite	hi
100032e2:	3237      	addhi	r2, #55	@ 0x37
100032e4:	3230      	addls	r2, #48	@ 0x30
100032e6:	2b0e      	cmp	r3, #14
100032e8:	7342      	strb	r2, [r0, #13]
100032ea:	d016      	beq.n	1000331a <pico_get_unique_board_id_string+0x176>
100032ec:	79ca      	ldrb	r2, [r1, #7]
100032ee:	0911      	lsrs	r1, r2, #4
100032f0:	2a9f      	cmp	r2, #159	@ 0x9f
100032f2:	bf8c      	ite	hi
100032f4:	3137      	addhi	r1, #55	@ 0x37
100032f6:	3130      	addls	r1, #48	@ 0x30
100032f8:	2b0f      	cmp	r3, #15
100032fa:	7381      	strb	r1, [r0, #14]
100032fc:	d00d      	beq.n	1000331a <pico_get_unique_board_id_string+0x176>
100032fe:	f002 020f 	and.w	r2, r2, #15
10003302:	2a09      	cmp	r2, #9
10003304:	bf94      	ite	ls
10003306:	3230      	addls	r2, #48	@ 0x30
10003308:	3237      	addhi	r2, #55	@ 0x37
1000330a:	2b10      	cmp	r3, #16
1000330c:	73c2      	strb	r2, [r0, #15]
1000330e:	bf18      	it	ne
10003310:	3010      	addne	r0, #16
10003312:	d002      	beq.n	1000331a <pico_get_unique_board_id_string+0x176>
10003314:	2300      	movs	r3, #0
10003316:	7003      	strb	r3, [r0, #0]
10003318:	4770      	bx	lr
1000331a:	4418      	add	r0, r3
1000331c:	2300      	movs	r3, #0
1000331e:	7003      	strb	r3, [r0, #0]
10003320:	4770      	bx	lr
10003322:	bf00      	nop
10003324:	20000fe4 	.word	0x20000fe4

10003328 <usb_reset_interface_init>:
10003328:	4770      	bx	lr
1000332a:	bf00      	nop

1000332c <usb_reset_interface_reset>:
1000332c:	2200      	movs	r2, #0
1000332e:	4b01      	ldr	r3, [pc, #4]	@ (10003334 <usb_reset_interface_reset+0x8>)
10003330:	701a      	strb	r2, [r3, #0]
10003332:	4770      	bx	lr
10003334:	20001015 	.word	0x20001015

10003338 <usb_reset_interface_open>:
10003338:	794b      	ldrb	r3, [r1, #5]
1000333a:	2bff      	cmp	r3, #255	@ 0xff
1000333c:	d10b      	bne.n	10003356 <usb_reset_interface_open+0x1e>
1000333e:	7988      	ldrb	r0, [r1, #6]
10003340:	b948      	cbnz	r0, 10003356 <usb_reset_interface_open+0x1e>
10003342:	79cb      	ldrb	r3, [r1, #7]
10003344:	2b01      	cmp	r3, #1
10003346:	d107      	bne.n	10003358 <usb_reset_interface_open+0x20>
10003348:	2a08      	cmp	r2, #8
1000334a:	d905      	bls.n	10003358 <usb_reset_interface_open+0x20>
1000334c:	4b03      	ldr	r3, [pc, #12]	@ (1000335c <usb_reset_interface_open+0x24>)
1000334e:	788a      	ldrb	r2, [r1, #2]
10003350:	2009      	movs	r0, #9
10003352:	701a      	strb	r2, [r3, #0]
10003354:	4770      	bx	lr
10003356:	2000      	movs	r0, #0
10003358:	4770      	bx	lr
1000335a:	bf00      	nop
1000335c:	20001015 	.word	0x20001015

10003360 <usb_reset_interface_xfer_cb>:
10003360:	2001      	movs	r0, #1
10003362:	4770      	bx	lr

10003364 <usb_reset_interface_control_xfer_cb>:
10003364:	2901      	cmp	r1, #1
10003366:	d001      	beq.n	1000336c <usb_reset_interface_control_xfer_cb+0x8>
10003368:	2001      	movs	r0, #1
1000336a:	4770      	bx	lr
1000336c:	b508      	push	{r3, lr}
1000336e:	4b10      	ldr	r3, [pc, #64]	@ (100033b0 <usb_reset_interface_control_xfer_cb+0x4c>)
10003370:	8891      	ldrh	r1, [r2, #4]
10003372:	781b      	ldrb	r3, [r3, #0]
10003374:	4299      	cmp	r1, r3
10003376:	d001      	beq.n	1000337c <usb_reset_interface_control_xfer_cb+0x18>
10003378:	2000      	movs	r0, #0
1000337a:	bd08      	pop	{r3, pc}
1000337c:	7853      	ldrb	r3, [r2, #1]
1000337e:	2b01      	cmp	r3, #1
10003380:	d008      	beq.n	10003394 <usb_reset_interface_control_xfer_cb+0x30>
10003382:	2b02      	cmp	r3, #2
10003384:	d1f8      	bne.n	10003378 <usb_reset_interface_control_xfer_cb+0x14>
10003386:	2100      	movs	r1, #0
10003388:	2264      	movs	r2, #100	@ 0x64
1000338a:	4608      	mov	r0, r1
1000338c:	f7fe ff58 	bl	10002240 <watchdog_reboot>
10003390:	2001      	movs	r0, #1
10003392:	bd08      	pop	{r3, pc}
10003394:	8851      	ldrh	r1, [r2, #2]
10003396:	f411 7280 	ands.w	r2, r1, #256	@ 0x100
1000339a:	bf1a      	itte	ne
1000339c:	f3c1 12c0 	ubfxne	r2, r1, #7, #1
100033a0:	0a48      	lsrne	r0, r1, #9
100033a2:	f04f 30ff 	moveq.w	r0, #4294967295	@ 0xffffffff
100033a6:	f001 0103 	and.w	r1, r1, #3
100033aa:	f7fe ffc7 	bl	1000233c <rom_reset_usb_boot_extra>
100033ae:	bf00      	nop
100033b0:	20001015 	.word	0x20001015

100033b4 <tud_descriptor_bos_cb>:
100033b4:	4800      	ldr	r0, [pc, #0]	@ (100033b8 <tud_descriptor_bos_cb+0x4>)
100033b6:	4770      	bx	lr
100033b8:	10005fdc 	.word	0x10005fdc

100033bc <tud_vendor_control_xfer_cb>:
100033bc:	2901      	cmp	r1, #1
100033be:	d107      	bne.n	100033d0 <tud_vendor_control_xfer_cb+0x14>
100033c0:	7853      	ldrb	r3, [r2, #1]
100033c2:	2b01      	cmp	r3, #1
100033c4:	d102      	bne.n	100033cc <tud_vendor_control_xfer_cb+0x10>
100033c6:	8893      	ldrh	r3, [r2, #4]
100033c8:	2b07      	cmp	r3, #7
100033ca:	d003      	beq.n	100033d4 <tud_vendor_control_xfer_cb+0x18>
100033cc:	2000      	movs	r0, #0
100033ce:	4770      	bx	lr
100033d0:	2001      	movs	r0, #1
100033d2:	4770      	bx	lr
100033d4:	4611      	mov	r1, r2
100033d6:	23a6      	movs	r3, #166	@ 0xa6
100033d8:	4a01      	ldr	r2, [pc, #4]	@ (100033e0 <tud_vendor_control_xfer_cb+0x24>)
100033da:	f000 be71 	b.w	100040c0 <tud_control_xfer>
100033de:	bf00      	nop
100033e0:	10005f34 	.word	0x10005f34

100033e4 <usbd_app_driver_get_cb>:
100033e4:	4603      	mov	r3, r0
100033e6:	2201      	movs	r2, #1
100033e8:	4801      	ldr	r0, [pc, #4]	@ (100033f0 <usbd_app_driver_get_cb+0xc>)
100033ea:	701a      	strb	r2, [r3, #0]
100033ec:	4770      	bx	lr
100033ee:	bf00      	nop
100033f0:	10006000 	.word	0x10006000

100033f4 <tud_cdc_line_coding_cb>:
100033f4:	b508      	push	{r3, lr}
100033f6:	680b      	ldr	r3, [r1, #0]
100033f8:	f5b3 6f96 	cmp.w	r3, #1200	@ 0x4b0
100033fc:	d000      	beq.n	10003400 <tud_cdc_line_coding_cb+0xc>
100033fe:	bd08      	pop	{r3, pc}
10003400:	2200      	movs	r2, #0
10003402:	f04f 30ff 	mov.w	r0, #4294967295	@ 0xffffffff
10003406:	4611      	mov	r1, r2
10003408:	f7fe ff98 	bl	1000233c <rom_reset_usb_boot_extra>

1000340c <dcd_rp2040_irq>:
1000340c:	e92d 4ff0 	stmdb	sp!, {r4, r5, r6, r7, r8, r9, sl, fp, lr}
10003410:	4e9c      	ldr	r6, [pc, #624]	@ (10003684 <dcd_rp2040_irq+0x278>)
10003412:	b08f      	sub	sp, #60	@ 0x3c
10003414:	f8d6 4098 	ldr.w	r4, [r6, #152]	@ 0x98
10003418:	f414 3500 	ands.w	r5, r4, #131072	@ 0x20000
1000341c:	f040 80c7 	bne.w	100035ae <dcd_rp2040_irq+0x1a2>
10003420:	06e7      	lsls	r7, r4, #27
10003422:	d438      	bmi.n	10003496 <dcd_rp2040_irq+0x8a>
10003424:	03e6      	lsls	r6, r4, #15
10003426:	d52a      	bpl.n	1000347e <dcd_rp2040_irq+0x72>
10003428:	f10d 0b2c 	add.w	fp, sp, #44	@ 0x2c
1000342c:	f04f 0901 	mov.w	r9, #1
10003430:	4e95      	ldr	r6, [pc, #596]	@ (10003688 <dcd_rp2040_irq+0x27c>)
10003432:	f106 0a28 	add.w	sl, r6, #40	@ 0x28
10003436:	78b7      	ldrb	r7, [r6, #2]
10003438:	f886 9001 	strb.w	r9, [r6, #1]
1000343c:	2f01      	cmp	r7, #1
1000343e:	f000 8133 	beq.w	100036a8 <dcd_rp2040_irq+0x29c>
10003442:	3614      	adds	r6, #20
10003444:	45b2      	cmp	sl, r6
10003446:	d1f6      	bne.n	10003436 <dcd_rp2040_irq+0x2a>
10003448:	f44f 62c0 	mov.w	r2, #1536	@ 0x600
1000344c:	4b8f      	ldr	r3, [pc, #572]	@ (1000368c <dcd_rp2040_irq+0x280>)
1000344e:	f8ad 202c 	strh.w	r2, [sp, #44]	@ 0x2c
10003452:	e893 0003 	ldmia.w	r3, {r0, r1}
10003456:	ab0e      	add	r3, sp, #56	@ 0x38
10003458:	e903 0003 	stmdb	r3, {r0, r1}
1000345c:	2101      	movs	r1, #1
1000345e:	4658      	mov	r0, fp
10003460:	f002 fab6 	bl	100059d0 <__dcd_event_handler_veneer>
10003464:	f44f 3200 	mov.w	r2, #131072	@ 0x20000
10003468:	4b89      	ldr	r3, [pc, #548]	@ (10003690 <dcd_rp2040_irq+0x284>)
1000346a:	651a      	str	r2, [r3, #80]	@ 0x50
1000346c:	b13d      	cbz	r5, 1000347e <dcd_rp2040_irq+0x72>
1000346e:	4b89      	ldr	r3, [pc, #548]	@ (10003694 <dcd_rp2040_irq+0x288>)
10003470:	781b      	ldrb	r3, [r3, #0]
10003472:	b923      	cbnz	r3, 1000347e <dcd_rp2040_irq+0x72>
10003474:	f44f 3200 	mov.w	r2, #131072	@ 0x20000
10003478:	4b85      	ldr	r3, [pc, #532]	@ (10003690 <dcd_rp2040_irq+0x284>)
1000347a:	f8c3 2090 	str.w	r2, [r3, #144]	@ 0x90
1000347e:	04e1      	lsls	r1, r4, #19
10003480:	f100 80c5 	bmi.w	1000360e <dcd_rp2040_irq+0x202>
10003484:	0462      	lsls	r2, r4, #17
10003486:	f100 80b6 	bmi.w	100035f6 <dcd_rp2040_irq+0x1ea>
1000348a:	0423      	lsls	r3, r4, #16
1000348c:	f100 80a4 	bmi.w	100035d8 <dcd_rp2040_irq+0x1cc>
10003490:	b00f      	add	sp, #60	@ 0x3c
10003492:	e8bd 8ff0 	ldmia.w	sp!, {r4, r5, r6, r7, r8, r9, sl, fp, pc}
10003496:	f8d6 8058 	ldr.w	r8, [r6, #88]	@ 0x58
1000349a:	f1b8 0f00 	cmp.w	r8, #0
1000349e:	d0c1      	beq.n	10003424 <dcd_rp2040_irq+0x18>
100034a0:	fa98 f3a8 	rbit	r3, r8
100034a4:	fab3 f383 	clz	r3, r3
100034a8:	e9cd 5408 	strd	r5, r4, [sp, #32]
100034ac:	f8df b1e0 	ldr.w	fp, [pc, #480]	@ 10003690 <dcd_rp2040_irq+0x284>
100034b0:	2401      	movs	r4, #1
100034b2:	ea03 0204 	and.w	r2, r3, r4
100034b6:	ea82 0104 	eor.w	r1, r2, r4
100034ba:	fa23 f704 	lsr.w	r7, r3, r4
100034be:	1e56      	subs	r6, r2, #1
100034c0:	9105      	str	r1, [sp, #20]
100034c2:	f006 0614 	and.w	r6, r6, #20
100034c6:	eb07 0187 	add.w	r1, r7, r7, lsl #2
100034ca:	eb06 06c1 	add.w	r6, r6, r1, lsl #3
100034ce:	496e      	ldr	r1, [pc, #440]	@ (10003688 <dcd_rp2040_irq+0x27c>)
100034d0:	409c      	lsls	r4, r3
100034d2:	440e      	add	r6, r1
100034d4:	0859      	lsrs	r1, r3, #1
100034d6:	9106      	str	r1, [sp, #24]
100034d8:	d063      	beq.n	100035a2 <dcd_rp2040_irq+0x196>
100034da:	486f      	ldr	r0, [pc, #444]	@ (10003698 <dcd_rp2040_irq+0x28c>)
100034dc:	3901      	subs	r1, #1
100034de:	eb00 07c7 	add.w	r7, r0, r7, lsl #3
100034e2:	3878      	subs	r0, #120	@ 0x78
100034e4:	eb00 01c1 	add.w	r1, r0, r1, lsl #3
100034e8:	2a00      	cmp	r2, #0
100034ea:	d058      	beq.n	1000359e <dcd_rp2040_irq+0x192>
100034ec:	f101 0904 	add.w	r9, r1, #4
100034f0:	3704      	adds	r7, #4
100034f2:	4d64      	ldr	r5, [pc, #400]	@ (10003684 <dcd_rp2040_irq+0x278>)
100034f4:	6da9      	ldr	r1, [r5, #88]	@ 0x58
100034f6:	4221      	tst	r1, r4
100034f8:	d0da      	beq.n	100034b0 <dcd_rp2040_irq+0xa4>
100034fa:	ea6f 0a04 	mvn.w	sl, r4
100034fe:	b2d3      	uxtb	r3, r2
10003500:	9302      	str	r3, [sp, #8]
10003502:	9b05      	ldr	r3, [sp, #20]
10003504:	009b      	lsls	r3, r3, #2
10003506:	9307      	str	r3, [sp, #28]
10003508:	6deb      	ldr	r3, [r5, #92]	@ 0x5c
1000350a:	9a02      	ldr	r2, [sp, #8]
1000350c:	421c      	tst	r4, r3
1000350e:	bf14      	ite	ne
10003510:	2301      	movne	r3, #1
10003512:	2300      	moveq	r3, #0
10003514:	f8cb 4058 	str.w	r4, [fp, #88]	@ 0x58
10003518:	4649      	mov	r1, r9
1000351a:	9200      	str	r2, [sp, #0]
1000351c:	4630      	mov	r0, r6
1000351e:	463a      	mov	r2, r7
10003520:	ea08 080a 	and.w	r8, r8, sl
10003524:	f000 fbcc 	bl	10003cc0 <rp2usb_xfer_continue>
10003528:	b950      	cbnz	r0, 10003540 <dcd_rp2040_irq+0x134>
1000352a:	6dab      	ldr	r3, [r5, #88]	@ 0x58
1000352c:	421c      	tst	r4, r3
1000352e:	d1eb      	bne.n	10003508 <dcd_rp2040_irq+0xfc>
10003530:	f1b8 0f00 	cmp.w	r8, #0
10003534:	d02d      	beq.n	10003592 <dcd_rp2040_irq+0x186>
10003536:	fa98 f3a8 	rbit	r3, r8
1000353a:	fab3 f383 	clz	r3, r3
1000353e:	e7b7      	b.n	100034b0 <dcd_rp2040_irq+0xa4>
10003540:	9b06      	ldr	r3, [sp, #24]
10003542:	9905      	ldr	r1, [sp, #20]
10003544:	9a07      	ldr	r2, [sp, #28]
10003546:	eb03 0383 	add.w	r3, r3, r3, lsl #2
1000354a:	440a      	add	r2, r1
1000354c:	00db      	lsls	r3, r3, #3
1000354e:	eb03 0382 	add.w	r3, r3, r2, lsl #2
10003552:	4a4d      	ldr	r2, [pc, #308]	@ (10003688 <dcd_rp2040_irq+0x27c>)
10003554:	4630      	mov	r0, r6
10003556:	441a      	add	r2, r3
10003558:	8a52      	ldrh	r2, [r2, #18]
1000355a:	9304      	str	r3, [sp, #16]
1000355c:	9203      	str	r2, [sp, #12]
1000355e:	f000 facd 	bl	10003afc <rp2usb_reset_transfer>
10003562:	9a03      	ldr	r2, [sp, #12]
10003564:	9b04      	ldr	r3, [sp, #16]
10003566:	920d      	str	r2, [sp, #52]	@ 0x34
10003568:	4a47      	ldr	r2, [pc, #284]	@ (10003688 <dcd_rp2040_irq+0x27c>)
1000356a:	2101      	movs	r1, #1
1000356c:	5cd3      	ldrb	r3, [r2, r3]
1000356e:	a80b      	add	r0, sp, #44	@ 0x2c
10003570:	f88d 3030 	strb.w	r3, [sp, #48]	@ 0x30
10003574:	f44f 63e0 	mov.w	r3, #1792	@ 0x700
10003578:	f8ad 302c 	strh.w	r3, [sp, #44]	@ 0x2c
1000357c:	2300      	movs	r3, #0
1000357e:	f88d 3031 	strb.w	r3, [sp, #49]	@ 0x31
10003582:	f002 fa25 	bl	100059d0 <__dcd_event_handler_veneer>
10003586:	6dab      	ldr	r3, [r5, #88]	@ 0x58
10003588:	4223      	tst	r3, r4
1000358a:	d1bd      	bne.n	10003508 <dcd_rp2040_irq+0xfc>
1000358c:	f1b8 0f00 	cmp.w	r8, #0
10003590:	d1d1      	bne.n	10003536 <dcd_rp2040_irq+0x12a>
10003592:	e9dd 5408 	ldrd	r5, r4, [sp, #32]
10003596:	03e0      	lsls	r0, r4, #15
10003598:	f57f af68 	bpl.w	1000346c <dcd_rp2040_irq+0x60>
1000359c:	e744      	b.n	10003428 <dcd_rp2040_irq+0x1c>
1000359e:	4689      	mov	r9, r1
100035a0:	e7a7      	b.n	100034f2 <dcd_rp2040_irq+0xe6>
100035a2:	2a00      	cmp	r2, #0
100035a4:	f000 809f 	beq.w	100036e6 <dcd_rp2040_irq+0x2da>
100035a8:	4689      	mov	r9, r1
100035aa:	4f3b      	ldr	r7, [pc, #236]	@ (10003698 <dcd_rp2040_irq+0x28c>)
100035ac:	e7a0      	b.n	100034f0 <dcd_rp2040_irq+0xe4>
100035ae:	f44f 7240 	mov.w	r2, #768	@ 0x300
100035b2:	6cb3      	ldr	r3, [r6, #72]	@ 0x48
100035b4:	f10d 0b2c 	add.w	fp, sp, #44	@ 0x2c
100035b8:	f3c3 030a 	ubfx	r3, r3, #0, #11
100035bc:	2101      	movs	r1, #1
100035be:	4658      	mov	r0, fp
100035c0:	f8ad 202c 	strh.w	r2, [sp, #44]	@ 0x2c
100035c4:	930c      	str	r3, [sp, #48]	@ 0x30
100035c6:	f002 fa03 	bl	100059d0 <__dcd_event_handler_veneer>
100035ca:	06e2      	lsls	r2, r4, #27
100035cc:	f100 808e 	bmi.w	100036ec <dcd_rp2040_irq+0x2e0>
100035d0:	03e3      	lsls	r3, r4, #15
100035d2:	f53f af2b 	bmi.w	1000342c <dcd_rp2040_irq+0x20>
100035d6:	e74a      	b.n	1000346e <dcd_rp2040_irq+0x62>
100035d8:	f44f 63a0 	mov.w	r3, #1280	@ 0x500
100035dc:	2101      	movs	r1, #1
100035de:	a80b      	add	r0, sp, #44	@ 0x2c
100035e0:	f8ad 302c 	strh.w	r3, [sp, #44]	@ 0x2c
100035e4:	f002 f9f4 	bl	100059d0 <__dcd_event_handler_veneer>
100035e8:	f44f 6200 	mov.w	r2, #2048	@ 0x800
100035ec:	4b28      	ldr	r3, [pc, #160]	@ (10003690 <dcd_rp2040_irq+0x284>)
100035ee:	651a      	str	r2, [r3, #80]	@ 0x50
100035f0:	b00f      	add	sp, #60	@ 0x3c
100035f2:	e8bd 8ff0 	ldmia.w	sp!, {r4, r5, r6, r7, r8, r9, sl, fp, pc}
100035f6:	f44f 6380 	mov.w	r3, #1024	@ 0x400
100035fa:	2101      	movs	r1, #1
100035fc:	a80b      	add	r0, sp, #44	@ 0x2c
100035fe:	f8ad 302c 	strh.w	r3, [sp, #44]	@ 0x2c
10003602:	f002 f9e5 	bl	100059d0 <__dcd_event_handler_veneer>
10003606:	2210      	movs	r2, #16
10003608:	4b21      	ldr	r3, [pc, #132]	@ (10003690 <dcd_rp2040_irq+0x284>)
1000360a:	651a      	str	r2, [r3, #80]	@ 0x50
1000360c:	e73d      	b.n	1000348a <dcd_rp2040_irq+0x7e>
1000360e:	2500      	movs	r5, #0
10003610:	4b1e      	ldr	r3, [pc, #120]	@ (1000368c <dcd_rp2040_irq+0x280>)
10003612:	491c      	ldr	r1, [pc, #112]	@ (10003684 <dcd_rp2040_irq+0x278>)
10003614:	f44f 7216 	mov.w	r2, #600	@ 0x258
10003618:	600d      	str	r5, [r1, #0]
1000361a:	4820      	ldr	r0, [pc, #128]	@ (1000369c <dcd_rp2040_irq+0x290>)
1000361c:	609d      	str	r5, [r3, #8]
1000361e:	4629      	mov	r1, r5
10003620:	60dd      	str	r5, [r3, #12]
10003622:	611d      	str	r5, [r3, #16]
10003624:	615d      	str	r5, [r3, #20]
10003626:	619d      	str	r5, [r3, #24]
10003628:	61dd      	str	r5, [r3, #28]
1000362a:	621d      	str	r5, [r3, #32]
1000362c:	625d      	str	r5, [r3, #36]	@ 0x24
1000362e:	629d      	str	r5, [r3, #40]	@ 0x28
10003630:	62dd      	str	r5, [r3, #44]	@ 0x2c
10003632:	631d      	str	r5, [r3, #48]	@ 0x30
10003634:	635d      	str	r5, [r3, #52]	@ 0x34
10003636:	639d      	str	r5, [r3, #56]	@ 0x38
10003638:	63dd      	str	r5, [r3, #60]	@ 0x3c
1000363a:	641d      	str	r5, [r3, #64]	@ 0x40
1000363c:	645d      	str	r5, [r3, #68]	@ 0x44
1000363e:	649d      	str	r5, [r3, #72]	@ 0x48
10003640:	64dd      	str	r5, [r3, #76]	@ 0x4c
10003642:	651d      	str	r5, [r3, #80]	@ 0x50
10003644:	655d      	str	r5, [r3, #84]	@ 0x54
10003646:	659d      	str	r5, [r3, #88]	@ 0x58
10003648:	65dd      	str	r5, [r3, #92]	@ 0x5c
1000364a:	661d      	str	r5, [r3, #96]	@ 0x60
1000364c:	665d      	str	r5, [r3, #100]	@ 0x64
1000364e:	669d      	str	r5, [r3, #104]	@ 0x68
10003650:	66dd      	str	r5, [r3, #108]	@ 0x6c
10003652:	671d      	str	r5, [r3, #112]	@ 0x70
10003654:	675d      	str	r5, [r3, #116]	@ 0x74
10003656:	679d      	str	r5, [r3, #120]	@ 0x78
10003658:	67dd      	str	r5, [r3, #124]	@ 0x7c
1000365a:	f002 f9ad 	bl	100059b8 <__memset_veneer>
1000365e:	f44f 7380 	mov.w	r3, #256	@ 0x100
10003662:	4a0f      	ldr	r2, [pc, #60]	@ (100036a0 <dcd_rp2040_irq+0x294>)
10003664:	490f      	ldr	r1, [pc, #60]	@ (100036a4 <dcd_rp2040_irq+0x298>)
10003666:	a80b      	add	r0, sp, #44	@ 0x2c
10003668:	6011      	str	r1, [r2, #0]
1000366a:	2101      	movs	r1, #1
1000366c:	f8ad 302c 	strh.w	r3, [sp, #44]	@ 0x2c
10003670:	f88d 5030 	strb.w	r5, [sp, #48]	@ 0x30
10003674:	f002 f9ac 	bl	100059d0 <__dcd_event_handler_veneer>
10003678:	f44f 2200 	mov.w	r2, #524288	@ 0x80000
1000367c:	4b04      	ldr	r3, [pc, #16]	@ (10003690 <dcd_rp2040_irq+0x284>)
1000367e:	651a      	str	r2, [r3, #80]	@ 0x50
10003680:	e700      	b.n	10003484 <dcd_rp2040_irq+0x78>
10003682:	bf00      	nop
10003684:	50110000 	.word	0x50110000
10003688:	20000d34 	.word	0x20000d34
1000368c:	50100000 	.word	0x50100000
10003690:	50113000 	.word	0x50113000
10003694:	20001012 	.word	0x20001012
10003698:	50100080 	.word	0x50100080
1000369c:	20000d5c 	.word	0x20000d5c
100036a0:	20000d30 	.word	0x20000d30
100036a4:	50100180 	.word	0x50100180
100036a8:	7831      	ldrb	r1, [r6, #0]
100036aa:	4a14      	ldr	r2, [pc, #80]	@ (100036fc <dcd_rp2040_irq+0x2f0>)
100036ac:	09c8      	lsrs	r0, r1, #7
100036ae:	f080 0301 	eor.w	r3, r0, #1
100036b2:	f001 010f 	and.w	r1, r1, #15
100036b6:	ea43 0341 	orr.w	r3, r3, r1, lsl #1
100036ba:	409f      	lsls	r7, r3
100036bc:	6617      	str	r7, [r2, #96]	@ 0x60
100036be:	f5a2 5200 	sub.w	r2, r2, #8192	@ 0x2000
100036c2:	6e53      	ldr	r3, [r2, #100]	@ 0x64
100036c4:	ea37 0303 	bics.w	r3, r7, r3
100036c8:	d1fb      	bne.n	100036c2 <dcd_rp2040_irq+0x2b6>
100036ca:	4b0d      	ldr	r3, [pc, #52]	@ (10003700 <dcd_rp2040_irq+0x2f4>)
100036cc:	eb03 03c1 	add.w	r3, r3, r1, lsl #3
100036d0:	b900      	cbnz	r0, 100036d4 <dcd_rp2040_irq+0x2c8>
100036d2:	3304      	adds	r3, #4
100036d4:	2200      	movs	r2, #0
100036d6:	4630      	mov	r0, r6
100036d8:	601a      	str	r2, [r3, #0]
100036da:	f000 fa0f 	bl	10003afc <rp2usb_reset_transfer>
100036de:	4b09      	ldr	r3, [pc, #36]	@ (10003704 <dcd_rp2040_irq+0x2f8>)
100036e0:	665f      	str	r7, [r3, #100]	@ 0x64
100036e2:	661f      	str	r7, [r3, #96]	@ 0x60
100036e4:	e6ad      	b.n	10003442 <dcd_rp2040_irq+0x36>
100036e6:	4691      	mov	r9, r2
100036e8:	4f05      	ldr	r7, [pc, #20]	@ (10003700 <dcd_rp2040_irq+0x2f4>)
100036ea:	e702      	b.n	100034f2 <dcd_rp2040_irq+0xe6>
100036ec:	f8d6 8058 	ldr.w	r8, [r6, #88]	@ 0x58
100036f0:	f1b8 0f00 	cmp.w	r8, #0
100036f4:	f47f aed4 	bne.w	100034a0 <dcd_rp2040_irq+0x94>
100036f8:	e76a      	b.n	100035d0 <dcd_rp2040_irq+0x1c4>
100036fa:	bf00      	nop
100036fc:	50112000 	.word	0x50112000
10003700:	50100080 	.word	0x50100080
10003704:	50113000 	.word	0x50113000

10003708 <dcd_init>:
10003708:	b538      	push	{r3, r4, r5, lr}
1000370a:	f000 f9d1 	bl	10003ab0 <rp2usb_init>
1000370e:	230c      	movs	r3, #12
10003710:	4d27      	ldr	r5, [pc, #156]	@ (100037b0 <dcd_init+0xa8>)
10003712:	4c28      	ldr	r4, [pc, #160]	@ (100037b4 <dcd_init+0xac>)
10003714:	67ab      	str	r3, [r5, #120]	@ 0x78
10003716:	22ff      	movs	r2, #255	@ 0xff
10003718:	200e      	movs	r0, #14
1000371a:	4927      	ldr	r1, [pc, #156]	@ (100037b8 <dcd_init+0xb0>)
1000371c:	f7fd fed8 	bl	100014d0 <irq_add_shared_handler>
10003720:	2228      	movs	r2, #40	@ 0x28
10003722:	2100      	movs	r1, #0
10003724:	4620      	mov	r0, r4
10003726:	f002 f947 	bl	100059b8 <__memset_veneer>
1000372a:	2080      	movs	r0, #128	@ 0x80
1000372c:	2100      	movs	r1, #0
1000372e:	2240      	movs	r2, #64	@ 0x40
10003730:	4b22      	ldr	r3, [pc, #136]	@ (100037bc <dcd_init+0xb4>)
10003732:	82a0      	strh	r0, [r4, #20]
10003734:	4822      	ldr	r0, [pc, #136]	@ (100037c0 <dcd_init+0xb8>)
10003736:	f8c3 1084 	str.w	r1, [r3, #132]	@ 0x84
1000373a:	80e2      	strh	r2, [r4, #6]
1000373c:	f8c3 1080 	str.w	r1, [r3, #128]	@ 0x80
10003740:	8362      	strh	r2, [r4, #26]
10003742:	6099      	str	r1, [r3, #8]
10003744:	f44f 7216 	mov.w	r2, #600	@ 0x258
10003748:	60d9      	str	r1, [r3, #12]
1000374a:	6119      	str	r1, [r3, #16]
1000374c:	6159      	str	r1, [r3, #20]
1000374e:	6199      	str	r1, [r3, #24]
10003750:	61d9      	str	r1, [r3, #28]
10003752:	6219      	str	r1, [r3, #32]
10003754:	6259      	str	r1, [r3, #36]	@ 0x24
10003756:	6299      	str	r1, [r3, #40]	@ 0x28
10003758:	62d9      	str	r1, [r3, #44]	@ 0x2c
1000375a:	6319      	str	r1, [r3, #48]	@ 0x30
1000375c:	6359      	str	r1, [r3, #52]	@ 0x34
1000375e:	6399      	str	r1, [r3, #56]	@ 0x38
10003760:	63d9      	str	r1, [r3, #60]	@ 0x3c
10003762:	6419      	str	r1, [r3, #64]	@ 0x40
10003764:	6459      	str	r1, [r3, #68]	@ 0x44
10003766:	6499      	str	r1, [r3, #72]	@ 0x48
10003768:	64d9      	str	r1, [r3, #76]	@ 0x4c
1000376a:	6519      	str	r1, [r3, #80]	@ 0x50
1000376c:	6559      	str	r1, [r3, #84]	@ 0x54
1000376e:	6599      	str	r1, [r3, #88]	@ 0x58
10003770:	65d9      	str	r1, [r3, #92]	@ 0x5c
10003772:	6619      	str	r1, [r3, #96]	@ 0x60
10003774:	6659      	str	r1, [r3, #100]	@ 0x64
10003776:	6699      	str	r1, [r3, #104]	@ 0x68
10003778:	60a0      	str	r0, [r4, #8]
1000377a:	61e0      	str	r0, [r4, #28]
1000377c:	66d9      	str	r1, [r3, #108]	@ 0x6c
1000377e:	f104 0028 	add.w	r0, r4, #40	@ 0x28
10003782:	6719      	str	r1, [r3, #112]	@ 0x70
10003784:	6759      	str	r1, [r3, #116]	@ 0x74
10003786:	6799      	str	r1, [r3, #120]	@ 0x78
10003788:	67d9      	str	r1, [r3, #124]	@ 0x7c
1000378a:	f002 f915 	bl	100059b8 <__memset_veneer>
1000378e:	f04f 5400 	mov.w	r4, #536870912	@ 0x20000000
10003792:	2001      	movs	r0, #1
10003794:	f44f 3280 	mov.w	r2, #65536	@ 0x10000
10003798:	4b0a      	ldr	r3, [pc, #40]	@ (100037c4 <dcd_init+0xbc>)
1000379a:	490b      	ldr	r1, [pc, #44]	@ (100037c8 <dcd_init+0xc0>)
1000379c:	6019      	str	r1, [r3, #0]
1000379e:	490b      	ldr	r1, [pc, #44]	@ (100037cc <dcd_init+0xc4>)
100037a0:	4b0b      	ldr	r3, [pc, #44]	@ (100037d0 <dcd_init+0xc8>)
100037a2:	6428      	str	r0, [r5, #64]	@ 0x40
100037a4:	64ec      	str	r4, [r5, #76]	@ 0x4c
100037a6:	f8c5 1090 	str.w	r1, [r5, #144]	@ 0x90
100037aa:	64da      	str	r2, [r3, #76]	@ 0x4c
100037ac:	bd38      	pop	{r3, r4, r5, pc}
100037ae:	bf00      	nop
100037b0:	50110000 	.word	0x50110000
100037b4:	20000d34 	.word	0x20000d34
100037b8:	1000340d 	.word	0x1000340d
100037bc:	50100000 	.word	0x50100000
100037c0:	50100100 	.word	0x50100100
100037c4:	20000d30 	.word	0x20000d30
100037c8:	50100180 	.word	0x50100180
100037cc:	0001d010 	.word	0x0001d010
100037d0:	50112000 	.word	0x50112000

100037d4 <dcd_int_enable>:
100037d4:	2101      	movs	r1, #1
100037d6:	200e      	movs	r0, #14
100037d8:	f7fd be0a 	b.w	100013f0 <irq_set_enabled>

100037dc <dcd_set_address>:
100037dc:	2300      	movs	r3, #0
100037de:	b500      	push	{lr}
100037e0:	b083      	sub	sp, #12
100037e2:	4619      	mov	r1, r3
100037e4:	e9cd 3300 	strd	r3, r3, [sp]
100037e8:	4a03      	ldr	r2, [pc, #12]	@ (100037f8 <dcd_set_address+0x1c>)
100037ea:	4804      	ldr	r0, [pc, #16]	@ (100037fc <dcd_set_address+0x20>)
100037ec:	f000 f98c 	bl	10003b08 <rp2usb_xfer_start>
100037f0:	b003      	add	sp, #12
100037f2:	f85d fb04 	ldr.w	pc, [sp], #4
100037f6:	bf00      	nop
100037f8:	50100080 	.word	0x50100080
100037fc:	20000d48 	.word	0x20000d48

10003800 <dcd_sof_enable>:
10003800:	4b06      	ldr	r3, [pc, #24]	@ (1000381c <dcd_sof_enable+0x1c>)
10003802:	f44f 3200 	mov.w	r2, #131072	@ 0x20000
10003806:	7019      	strb	r1, [r3, #0]
10003808:	b119      	cbz	r1, 10003812 <dcd_sof_enable+0x12>
1000380a:	4b05      	ldr	r3, [pc, #20]	@ (10003820 <dcd_sof_enable+0x20>)
1000380c:	f8c3 2090 	str.w	r2, [r3, #144]	@ 0x90
10003810:	4770      	bx	lr
10003812:	4b04      	ldr	r3, [pc, #16]	@ (10003824 <dcd_sof_enable+0x24>)
10003814:	f8c3 2090 	str.w	r2, [r3, #144]	@ 0x90
10003818:	4770      	bx	lr
1000381a:	bf00      	nop
1000381c:	20001012 	.word	0x20001012
10003820:	50112000 	.word	0x50112000
10003824:	50113000 	.word	0x50113000

10003828 <dcd_edpt0_status_complete>:
10003828:	780b      	ldrb	r3, [r1, #0]
1000382a:	065b      	lsls	r3, r3, #25
1000382c:	d102      	bne.n	10003834 <dcd_edpt0_status_complete+0xc>
1000382e:	784b      	ldrb	r3, [r1, #1]
10003830:	2b05      	cmp	r3, #5
10003832:	d000      	beq.n	10003836 <dcd_edpt0_status_complete+0xe>
10003834:	4770      	bx	lr
10003836:	884b      	ldrh	r3, [r1, #2]
10003838:	4a01      	ldr	r2, [pc, #4]	@ (10003840 <dcd_edpt0_status_complete+0x18>)
1000383a:	b2db      	uxtb	r3, r3
1000383c:	6013      	str	r3, [r2, #0]
1000383e:	4770      	bx	lr
10003840:	50110000 	.word	0x50110000

10003844 <dcd_edpt_open>:
10003844:	b5f8      	push	{r3, r4, r5, r6, r7, lr}
10003846:	f04f 0e00 	mov.w	lr, #0
1000384a:	f891 c002 	ldrb.w	ip, [r1, #2]
1000384e:	78cd      	ldrb	r5, [r1, #3]
10003850:	f00c 030f 	and.w	r3, ip, #15
10003854:	888e      	ldrh	r6, [r1, #4]
10003856:	eb03 0283 	add.w	r2, r3, r3, lsl #2
1000385a:	ea4f 11dc 	mov.w	r1, ip, lsr #7
1000385e:	4827      	ldr	r0, [pc, #156]	@ (100038fc <dcd_edpt_open+0xb8>)
10003860:	00d2      	lsls	r2, r2, #3
10003862:	eb01 0781 	add.w	r7, r1, r1, lsl #2
10003866:	eb02 0287 	add.w	r2, r2, r7, lsl #2
1000386a:	4c25      	ldr	r4, [pc, #148]	@ (10003900 <dcd_edpt_open+0xbc>)
1000386c:	f800 c002 	strb.w	ip, [r0, r2]
10003870:	f3c6 060a 	ubfx	r6, r6, #0, #11
10003874:	4402      	add	r2, r0
10003876:	f882 e001 	strb.w	lr, [r2, #1]
1000387a:	f005 0503 	and.w	r5, r5, #3
1000387e:	eb04 04c3 	add.w	r4, r4, r3, lsl #3
10003882:	80d6      	strh	r6, [r2, #6]
10003884:	ea4f 0c81 	mov.w	ip, r1, lsl #2
10003888:	ea4f 0e83 	mov.w	lr, r3, lsl #2
1000388c:	b901      	cbnz	r1, 10003890 <dcd_edpt_open+0x4c>
1000388e:	3404      	adds	r4, #4
10003890:	2200      	movs	r2, #0
10003892:	6022      	str	r2, [r4, #0]
10003894:	b93b      	cbnz	r3, 100038a6 <dcd_edpt_open+0x62>
10003896:	4b1b      	ldr	r3, [pc, #108]	@ (10003904 <dcd_edpt_open+0xc0>)
10003898:	448c      	add	ip, r1
1000389a:	eb00 0c8c 	add.w	ip, r0, ip, lsl #2
1000389e:	f8cc 3008 	str.w	r3, [ip, #8]
100038a2:	2001      	movs	r0, #1
100038a4:	bdf8      	pop	{r3, r4, r5, r6, r7, pc}
100038a6:	449e      	add	lr, r3
100038a8:	06ac      	lsls	r4, r5, #26
100038aa:	2d02      	cmp	r5, #2
100038ac:	448c      	add	ip, r1
100038ae:	4d16      	ldr	r5, [pc, #88]	@ (10003908 <dcd_edpt_open+0xc4>)
100038b0:	ea4f 0ece 	mov.w	lr, lr, lsl #3
100038b4:	f106 023f 	add.w	r2, r6, #63	@ 0x3f
100038b8:	eb0e 0e8c 	add.w	lr, lr, ip, lsl #2
100038bc:	f022 023f 	bic.w	r2, r2, #63	@ 0x3f
100038c0:	eb00 0c0e 	add.w	ip, r0, lr
100038c4:	6828      	ldr	r0, [r5, #0]
100038c6:	bf08      	it	eq
100038c8:	0052      	lsleq	r2, r2, #1
100038ca:	4402      	add	r2, r0
100038cc:	f8cc 0008 	str.w	r0, [ip, #8]
100038d0:	f080 40a0 	eor.w	r0, r0, #1342177280	@ 0x50000000
100038d4:	00db      	lsls	r3, r3, #3
100038d6:	f480 1080 	eor.w	r0, r0, #1048576	@ 0x100000
100038da:	f103 43a0 	add.w	r3, r3, #1342177280	@ 0x50000000
100038de:	4320      	orrs	r0, r4
100038e0:	f503 1380 	add.w	r3, r3, #1048576	@ 0x100000
100038e4:	602a      	str	r2, [r5, #0]
100038e6:	f040 4020 	orr.w	r0, r0, #2684354560	@ 0xa0000000
100038ea:	b901      	cbnz	r1, 100038ee <dcd_edpt_open+0xaa>
100038ec:	3304      	adds	r3, #4
100038ee:	4907      	ldr	r1, [pc, #28]	@ (1000390c <dcd_edpt_open+0xc8>)
100038f0:	6018      	str	r0, [r3, #0]
100038f2:	428a      	cmp	r2, r1
100038f4:	d9d5      	bls.n	100038a2 <dcd_edpt_open+0x5e>
100038f6:	f7fe fd6b 	bl	100023d0 <hard_assertion_failure>
100038fa:	bf00      	nop
100038fc:	20000d34 	.word	0x20000d34
10003900:	50100080 	.word	0x50100080
10003904:	50100100 	.word	0x50100100
10003908:	20000d30 	.word	0x20000d30
1000390c:	50100fff 	.word	0x50100fff

10003910 <dcd_edpt_close_all>:
10003910:	2100      	movs	r1, #0
10003912:	b508      	push	{r3, lr}
10003914:	4b13      	ldr	r3, [pc, #76]	@ (10003964 <dcd_edpt_close_all+0x54>)
10003916:	f44f 7216 	mov.w	r2, #600	@ 0x258
1000391a:	6099      	str	r1, [r3, #8]
1000391c:	4812      	ldr	r0, [pc, #72]	@ (10003968 <dcd_edpt_close_all+0x58>)
1000391e:	60d9      	str	r1, [r3, #12]
10003920:	6119      	str	r1, [r3, #16]
10003922:	6159      	str	r1, [r3, #20]
10003924:	6199      	str	r1, [r3, #24]
10003926:	61d9      	str	r1, [r3, #28]
10003928:	6219      	str	r1, [r3, #32]
1000392a:	6259      	str	r1, [r3, #36]	@ 0x24
1000392c:	6299      	str	r1, [r3, #40]	@ 0x28
1000392e:	62d9      	str	r1, [r3, #44]	@ 0x2c
10003930:	6319      	str	r1, [r3, #48]	@ 0x30
10003932:	6359      	str	r1, [r3, #52]	@ 0x34
10003934:	6399      	str	r1, [r3, #56]	@ 0x38
10003936:	63d9      	str	r1, [r3, #60]	@ 0x3c
10003938:	6419      	str	r1, [r3, #64]	@ 0x40
1000393a:	6459      	str	r1, [r3, #68]	@ 0x44
1000393c:	6499      	str	r1, [r3, #72]	@ 0x48
1000393e:	64d9      	str	r1, [r3, #76]	@ 0x4c
10003940:	6519      	str	r1, [r3, #80]	@ 0x50
10003942:	6559      	str	r1, [r3, #84]	@ 0x54
10003944:	6599      	str	r1, [r3, #88]	@ 0x58
10003946:	65d9      	str	r1, [r3, #92]	@ 0x5c
10003948:	6619      	str	r1, [r3, #96]	@ 0x60
1000394a:	6659      	str	r1, [r3, #100]	@ 0x64
1000394c:	6699      	str	r1, [r3, #104]	@ 0x68
1000394e:	66d9      	str	r1, [r3, #108]	@ 0x6c
10003950:	6719      	str	r1, [r3, #112]	@ 0x70
10003952:	6759      	str	r1, [r3, #116]	@ 0x74
10003954:	6799      	str	r1, [r3, #120]	@ 0x78
10003956:	67d9      	str	r1, [r3, #124]	@ 0x7c
10003958:	f002 f82e 	bl	100059b8 <__memset_veneer>
1000395c:	4b03      	ldr	r3, [pc, #12]	@ (1000396c <dcd_edpt_close_all+0x5c>)
1000395e:	4a04      	ldr	r2, [pc, #16]	@ (10003970 <dcd_edpt_close_all+0x60>)
10003960:	601a      	str	r2, [r3, #0]
10003962:	bd08      	pop	{r3, pc}
10003964:	50100000 	.word	0x50100000
10003968:	20000d5c 	.word	0x20000d5c
1000396c:	20000d30 	.word	0x20000d30
10003970:	50100180 	.word	0x50100180

10003974 <dcd_edpt_xfer>:
10003974:	2028      	movs	r0, #40	@ 0x28
10003976:	b570      	push	{r4, r5, r6, lr}
10003978:	461d      	mov	r5, r3
1000397a:	4613      	mov	r3, r2
1000397c:	f341 12c0 	sbfx	r2, r1, #7, #1
10003980:	f001 040f 	and.w	r4, r1, #15
10003984:	f002 0214 	and.w	r2, r2, #20
10003988:	fb10 2004 	smlabb	r0, r0, r4, r2
1000398c:	4e10      	ldr	r6, [pc, #64]	@ (100039d0 <dcd_edpt_xfer+0x5c>)
1000398e:	b082      	sub	sp, #8
10003990:	4430      	add	r0, r6
10003992:	09c9      	lsrs	r1, r1, #7
10003994:	b1a4      	cbz	r4, 100039c0 <dcd_edpt_xfer+0x4c>
10003996:	4a0f      	ldr	r2, [pc, #60]	@ (100039d4 <dcd_edpt_xfer+0x60>)
10003998:	eb02 02c4 	add.w	r2, r2, r4, lsl #3
1000399c:	00e4      	lsls	r4, r4, #3
1000399e:	f104 44a0 	add.w	r4, r4, #1342177280	@ 0x50000000
100039a2:	f504 1480 	add.w	r4, r4, #1048576	@ 0x100000
100039a6:	b949      	cbnz	r1, 100039bc <dcd_edpt_xfer+0x48>
100039a8:	1d21      	adds	r1, r4, #4
100039aa:	3204      	adds	r2, #4
100039ac:	2400      	movs	r4, #0
100039ae:	9501      	str	r5, [sp, #4]
100039b0:	9400      	str	r4, [sp, #0]
100039b2:	f000 f8a9 	bl	10003b08 <rp2usb_xfer_start>
100039b6:	2001      	movs	r0, #1
100039b8:	b002      	add	sp, #8
100039ba:	bd70      	pop	{r4, r5, r6, pc}
100039bc:	4621      	mov	r1, r4
100039be:	e7f5      	b.n	100039ac <dcd_edpt_xfer+0x38>
100039c0:	b911      	cbnz	r1, 100039c8 <dcd_edpt_xfer+0x54>
100039c2:	4621      	mov	r1, r4
100039c4:	4a03      	ldr	r2, [pc, #12]	@ (100039d4 <dcd_edpt_xfer+0x60>)
100039c6:	e7f0      	b.n	100039aa <dcd_edpt_xfer+0x36>
100039c8:	4621      	mov	r1, r4
100039ca:	4a02      	ldr	r2, [pc, #8]	@ (100039d4 <dcd_edpt_xfer+0x60>)
100039cc:	e7ee      	b.n	100039ac <dcd_edpt_xfer+0x38>
100039ce:	bf00      	nop
100039d0:	20000d34 	.word	0x20000d34
100039d4:	50100080 	.word	0x50100080

100039d8 <dcd_edpt_stall>:
100039d8:	b5f8      	push	{r3, r4, r5, r6, r7, lr}
100039da:	f341 10c0 	sbfx	r0, r1, #7, #1
100039de:	f001 060f 	and.w	r6, r1, #15
100039e2:	4b1f      	ldr	r3, [pc, #124]	@ (10003a60 <dcd_edpt_stall+0x88>)
100039e4:	f000 0014 	and.w	r0, r0, #20
100039e8:	eb06 0286 	add.w	r2, r6, r6, lsl #2
100039ec:	eb00 00c2 	add.w	r0, r0, r2, lsl #3
100039f0:	09cd      	lsrs	r5, r1, #7
100039f2:	f011 010f 	ands.w	r1, r1, #15
100039f6:	4418      	add	r0, r3
100039f8:	d103      	bne.n	10003a02 <dcd_edpt_stall+0x2a>
100039fa:	4a1a      	ldr	r2, [pc, #104]	@ (10003a64 <dcd_edpt_stall+0x8c>)
100039fc:	f1c5 0402 	rsb	r4, r5, #2
10003a00:	6694      	str	r4, [r2, #104]	@ 0x68
10003a02:	2401      	movs	r4, #1
10003a04:	eb01 0181 	add.w	r1, r1, r1, lsl #2
10003a08:	eb05 0285 	add.w	r2, r5, r5, lsl #2
10003a0c:	00c9      	lsls	r1, r1, #3
10003a0e:	eb01 0182 	add.w	r1, r1, r2, lsl #2
10003a12:	5c59      	ldrb	r1, [r3, r1]
10003a14:	4a13      	ldr	r2, [pc, #76]	@ (10003a64 <dcd_edpt_stall+0x8c>)
10003a16:	09cf      	lsrs	r7, r1, #7
10003a18:	ea87 0304 	eor.w	r3, r7, r4
10003a1c:	f001 010f 	and.w	r1, r1, #15
10003a20:	ea43 0341 	orr.w	r3, r3, r1, lsl #1
10003a24:	409c      	lsls	r4, r3
10003a26:	6614      	str	r4, [r2, #96]	@ 0x60
10003a28:	f5a2 5200 	sub.w	r2, r2, #8192	@ 0x2000
10003a2c:	6e53      	ldr	r3, [r2, #100]	@ 0x64
10003a2e:	ea34 0303 	bics.w	r3, r4, r3
10003a32:	d1fb      	bne.n	10003a2c <dcd_edpt_stall+0x54>
10003a34:	4b0c      	ldr	r3, [pc, #48]	@ (10003a68 <dcd_edpt_stall+0x90>)
10003a36:	eb03 03c1 	add.w	r3, r3, r1, lsl #3
10003a3a:	b907      	cbnz	r7, 10003a3e <dcd_edpt_stall+0x66>
10003a3c:	3304      	adds	r3, #4
10003a3e:	2200      	movs	r2, #0
10003a40:	601a      	str	r2, [r3, #0]
10003a42:	f000 f85b 	bl	10003afc <rp2usb_reset_transfer>
10003a46:	4a09      	ldr	r2, [pc, #36]	@ (10003a6c <dcd_edpt_stall+0x94>)
10003a48:	4b07      	ldr	r3, [pc, #28]	@ (10003a68 <dcd_edpt_stall+0x90>)
10003a4a:	6654      	str	r4, [r2, #100]	@ 0x64
10003a4c:	eb03 03c6 	add.w	r3, r3, r6, lsl #3
10003a50:	6614      	str	r4, [r2, #96]	@ 0x60
10003a52:	b905      	cbnz	r5, 10003a56 <dcd_edpt_stall+0x7e>
10003a54:	3304      	adds	r3, #4
10003a56:	f44f 6200 	mov.w	r2, #2048	@ 0x800
10003a5a:	601a      	str	r2, [r3, #0]
10003a5c:	bdf8      	pop	{r3, r4, r5, r6, r7, pc}
10003a5e:	bf00      	nop
10003a60:	20000d34 	.word	0x20000d34
10003a64:	50112000 	.word	0x50112000
10003a68:	50100080 	.word	0x50100080
10003a6c:	50113000 	.word	0x50113000

10003a70 <dcd_edpt_clear_stall>:
10003a70:	f011 020f 	ands.w	r2, r1, #15
10003a74:	d017      	beq.n	10003aa6 <dcd_edpt_clear_stall+0x36>
10003a76:	f04f 0c00 	mov.w	ip, #0
10003a7a:	09c9      	lsrs	r1, r1, #7
10003a7c:	eb02 0382 	add.w	r3, r2, r2, lsl #2
10003a80:	b500      	push	{lr}
10003a82:	4809      	ldr	r0, [pc, #36]	@ (10003aa8 <dcd_edpt_clear_stall+0x38>)
10003a84:	00db      	lsls	r3, r3, #3
10003a86:	eb01 0e81 	add.w	lr, r1, r1, lsl #2
10003a8a:	eb03 038e 	add.w	r3, r3, lr, lsl #2
10003a8e:	4418      	add	r0, r3
10003a90:	4b06      	ldr	r3, [pc, #24]	@ (10003aac <dcd_edpt_clear_stall+0x3c>)
10003a92:	f880 c001 	strb.w	ip, [r0, #1]
10003a96:	eb03 03c2 	add.w	r3, r3, r2, lsl #3
10003a9a:	b901      	cbnz	r1, 10003a9e <dcd_edpt_clear_stall+0x2e>
10003a9c:	3304      	adds	r3, #4
10003a9e:	2200      	movs	r2, #0
10003aa0:	601a      	str	r2, [r3, #0]
10003aa2:	f85d fb04 	ldr.w	pc, [sp], #4
10003aa6:	4770      	bx	lr
10003aa8:	20000d34 	.word	0x20000d34
10003aac:	50100080 	.word	0x50100080

10003ab0 <rp2usb_init>:
10003ab0:	f04f 5280 	mov.w	r2, #268435456	@ 0x10000000
10003ab4:	480b      	ldr	r0, [pc, #44]	@ (10003ae4 <rp2usb_init+0x34>)
10003ab6:	490c      	ldr	r1, [pc, #48]	@ (10003ae8 <rp2usb_init+0x38>)
10003ab8:	b508      	push	{r3, lr}
10003aba:	4b0c      	ldr	r3, [pc, #48]	@ (10003aec <rp2usb_init+0x3c>)
10003abc:	6002      	str	r2, [r0, #0]
10003abe:	600a      	str	r2, [r1, #0]
10003ac0:	6899      	ldr	r1, [r3, #8]
10003ac2:	43c9      	mvns	r1, r1
10003ac4:	f011 5180 	ands.w	r1, r1, #268435456	@ 0x10000000
10003ac8:	d1fa      	bne.n	10003ac0 <rp2usb_init+0x10>
10003aca:	f44f 5280 	mov.w	r2, #4096	@ 0x1000
10003ace:	4808      	ldr	r0, [pc, #32]	@ (10003af0 <rp2usb_init+0x40>)
10003ad0:	f001 ff72 	bl	100059b8 <__memset_veneer>
10003ad4:	2209      	movs	r2, #9
10003ad6:	4b07      	ldr	r3, [pc, #28]	@ (10003af4 <rp2usb_init+0x44>)
10003ad8:	4807      	ldr	r0, [pc, #28]	@ (10003af8 <rp2usb_init+0x48>)
10003ada:	675a      	str	r2, [r3, #116]	@ 0x74
10003adc:	e8bd 4008 	ldmia.w	sp!, {r3, lr}
10003ae0:	f7fd be8e 	b.w	10001800 <critical_section_init>
10003ae4:	40022000 	.word	0x40022000
10003ae8:	40023000 	.word	0x40023000
10003aec:	40020000 	.word	0x40020000
10003af0:	50100000 	.word	0x50100000
10003af4:	50110000 	.word	0x50110000
10003af8:	20000fec 	.word	0x20000fec

10003afc <rp2usb_reset_transfer>:
10003afc:	2300      	movs	r3, #0
10003afe:	e9c0 3303 	strd	r3, r3, [r0, #12]
10003b02:	7083      	strb	r3, [r0, #2]
10003b04:	4770      	bx	lr
10003b06:	bf00      	nop

10003b08 <rp2usb_xfer_start>:
10003b08:	e92d 4ff0 	stmdb	sp!, {r4, r5, r6, r7, r8, r9, sl, fp, lr}
10003b0c:	4604      	mov	r4, r0
10003b0e:	f04f 0801 	mov.w	r8, #1
10003b12:	f04f 0e00 	mov.w	lr, #0
10003b16:	4618      	mov	r0, r3
10003b18:	f8df c19c 	ldr.w	ip, [pc, #412]	@ 10003cb8 <rp2usb_xfer_start+0x1b0>
10003b1c:	f884 8002 	strb.w	r8, [r4, #2]
10003b20:	f8dc 3040 	ldr.w	r3, [ip, #64]	@ 0x40
10003b24:	b085      	sub	sp, #20
10003b26:	f8bd 503c 	ldrh.w	r5, [sp, #60]	@ 0x3c
10003b2a:	f894 8000 	ldrb.w	r8, [r4]
10003b2e:	f003 0a02 	and.w	sl, r3, #2
10003b32:	45f2      	cmp	sl, lr
10003b34:	460f      	mov	r7, r1
10003b36:	4616      	mov	r6, r2
10003b38:	bf14      	ite	ne
10003b3a:	f04f 0901 	movne.w	r9, #1
10003b3e:	46f1      	moveq	r9, lr
10003b40:	68a1      	ldr	r1, [r4, #8]
10003b42:	f8a4 e012 	strh.w	lr, [r4, #18]
10003b46:	8225      	strh	r5, [r4, #16]
10003b48:	60e0      	str	r0, [r4, #12]
10003b4a:	ea4f 18d8 	mov.w	r8, r8, lsr #7
10003b4e:	d104      	bne.n	10003b5a <rp2usb_xfer_start+0x52>
10003b50:	f894 b004 	ldrb.w	fp, [r4, #4]
10003b54:	f1bb 0f00 	cmp.w	fp, #0
10003b58:	d175      	bne.n	10003c46 <rp2usb_xfer_start+0x13e>
10003b5a:	88e0      	ldrh	r0, [r4, #6]
10003b5c:	7863      	ldrb	r3, [r4, #1]
10003b5e:	42a8      	cmp	r0, r5
10003b60:	bf28      	it	cs
10003b62:	4628      	movcs	r0, r5
10003b64:	1a2d      	subs	r5, r5, r0
10003b66:	b2ad      	uxth	r5, r5
10003b68:	8225      	strh	r5, [r4, #16]
10003b6a:	2b00      	cmp	r3, #0
10003b6c:	d168      	bne.n	10003c40 <rp2usb_xfer_start+0x138>
10003b6e:	f440 6c80 	orr.w	ip, r0, #1024	@ 0x400
10003b72:	f083 0301 	eor.w	r3, r3, #1
10003b76:	45c8      	cmp	r8, r9
10003b78:	7063      	strb	r3, [r4, #1]
10003b7a:	d012      	beq.n	10003ba2 <rp2usb_xfer_start+0x9a>
10003b7c:	b178      	cbz	r0, 10003b9e <rp2usb_xfer_start+0x96>
10003b7e:	68e5      	ldr	r5, [r4, #12]
10003b80:	eb05 0e00 	add.w	lr, r5, r0
10003b84:	462a      	mov	r2, r5
10003b86:	7812      	ldrb	r2, [r2, #0]
10003b88:	3501      	adds	r5, #1
10003b8a:	b2d2      	uxtb	r2, r2
10003b8c:	4575      	cmp	r5, lr
10003b8e:	700a      	strb	r2, [r1, #0]
10003b90:	f101 0101 	add.w	r1, r1, #1
10003b94:	d1f6      	bne.n	10003b84 <rp2usb_xfer_start+0x7c>
10003b96:	68e3      	ldr	r3, [r4, #12]
10003b98:	8a25      	ldrh	r5, [r4, #16]
10003b9a:	4403      	add	r3, r0
10003b9c:	60e3      	str	r3, [r4, #12]
10003b9e:	f44c 4c00 	orr.w	ip, ip, #32768	@ 0x8000
10003ba2:	2d00      	cmp	r5, #0
10003ba4:	d066      	beq.n	10003c74 <rp2usb_xfer_start+0x16c>
10003ba6:	f44c 5380 	orr.w	r3, ip, #4096	@ 0x1000
10003baa:	2f00      	cmp	r7, #0
10003bac:	d035      	beq.n	10003c1a <rp2usb_xfer_start+0x112>
10003bae:	88e0      	ldrh	r0, [r4, #6]
10003bb0:	f894 c001 	ldrb.w	ip, [r4, #1]
10003bb4:	42a8      	cmp	r0, r5
10003bb6:	bf28      	it	cs
10003bb8:	4628      	movcs	r0, r5
10003bba:	1a2d      	subs	r5, r5, r0
10003bbc:	b2ad      	uxth	r5, r5
10003bbe:	683a      	ldr	r2, [r7, #0]
10003bc0:	68a1      	ldr	r1, [r4, #8]
10003bc2:	8225      	strh	r5, [r4, #16]
10003bc4:	f1bc 0f00 	cmp.w	ip, #0
10003bc8:	d15d      	bne.n	10003c86 <rp2usb_xfer_start+0x17e>
10003bca:	f440 6e80 	orr.w	lr, r0, #1024	@ 0x400
10003bce:	f08c 0c01 	eor.w	ip, ip, #1
10003bd2:	45c8      	cmp	r8, r9
10003bd4:	f884 c001 	strb.w	ip, [r4, #1]
10003bd8:	d017      	beq.n	10003c0a <rp2usb_xfer_start+0x102>
10003bda:	b1a0      	cbz	r0, 10003c06 <rp2usb_xfer_start+0xfe>
10003bdc:	f101 0840 	add.w	r8, r1, #64	@ 0x40
10003be0:	68e1      	ldr	r1, [r4, #12]
10003be2:	eb01 0900 	add.w	r9, r1, r0
10003be6:	468c      	mov	ip, r1
10003be8:	f89c c000 	ldrb.w	ip, [ip]
10003bec:	3101      	adds	r1, #1
10003bee:	fa5f fc8c 	uxtb.w	ip, ip
10003bf2:	4549      	cmp	r1, r9
10003bf4:	f888 c000 	strb.w	ip, [r8]
10003bf8:	f108 0801 	add.w	r8, r8, #1
10003bfc:	d1f3      	bne.n	10003be6 <rp2usb_xfer_start+0xde>
10003bfe:	68e1      	ldr	r1, [r4, #12]
10003c00:	8a25      	ldrh	r5, [r4, #16]
10003c02:	4401      	add	r1, r0
10003c04:	60e1      	str	r1, [r4, #12]
10003c06:	f44e 4e00 	orr.w	lr, lr, #32768	@ 0x8000
10003c0a:	b90d      	cbnz	r5, 10003c10 <rp2usb_xfer_start+0x108>
10003c0c:	f44e 4e80 	orr.w	lr, lr, #16384	@ 0x4000
10003c10:	f042 4280 	orr.w	r2, r2, #1073741824	@ 0x40000000
10003c14:	ea43 430e 	orr.w	r3, r3, lr, lsl #16
10003c18:	603a      	str	r2, [r7, #0]
10003c1a:	6832      	ldr	r2, [r6, #0]
10003c1c:	401a      	ands	r2, r3
10003c1e:	f012 2f04 	tst.w	r2, #67109888	@ 0x4000400
10003c22:	d145      	bne.n	10003cb0 <rp2usb_xfer_start+0x1a8>
10003c24:	4a24      	ldr	r2, [pc, #144]	@ (10003cb8 <rp2usb_xfer_start+0x1b0>)
10003c26:	f023 2104 	bic.w	r1, r3, #67109888	@ 0x4000400
10003c2a:	6031      	str	r1, [r6, #0]
10003c2c:	6c12      	ldr	r2, [r2, #64]	@ 0x40
10003c2e:	0792      	lsls	r2, r2, #30
10003c30:	d402      	bmi.n	10003c38 <rp2usb_xfer_start+0x130>
10003c32:	220c      	movs	r2, #12
10003c34:	3a03      	subs	r2, #3
10003c36:	d2fd      	bcs.n	10003c34 <rp2usb_xfer_start+0x12c>
10003c38:	6033      	str	r3, [r6, #0]
10003c3a:	b005      	add	sp, #20
10003c3c:	e8bd 8ff0 	ldmia.w	sp!, {r4, r5, r6, r7, r8, r9, sl, fp, pc}
10003c40:	f440 5c10 	orr.w	ip, r0, #9216	@ 0x2400
10003c44:	e795      	b.n	10003b72 <rp2usb_xfer_start+0x6a>
10003c46:	78e3      	ldrb	r3, [r4, #3]
10003c48:	465a      	mov	r2, fp
10003c4a:	eb01 1183 	add.w	r1, r1, r3, lsl #6
10003c4e:	f001 feb7 	bl	100059c0 <__memcpy_veneer>
10003c52:	8a62      	ldrh	r2, [r4, #18]
10003c54:	8a25      	ldrh	r5, [r4, #16]
10003c56:	68e3      	ldr	r3, [r4, #12]
10003c58:	445a      	add	r2, fp
10003c5a:	eba5 050b 	sub.w	r5, r5, fp
10003c5e:	b292      	uxth	r2, r2
10003c60:	b2ad      	uxth	r5, r5
10003c62:	445b      	add	r3, fp
10003c64:	f8a4 a003 	strh.w	sl, [r4, #3]
10003c68:	8262      	strh	r2, [r4, #18]
10003c6a:	8225      	strh	r5, [r4, #16]
10003c6c:	60e3      	str	r3, [r4, #12]
10003c6e:	b16d      	cbz	r5, 10003c8c <rp2usb_xfer_start+0x184>
10003c70:	68a1      	ldr	r1, [r4, #8]
10003c72:	e772      	b.n	10003b5a <rp2usb_xfer_start+0x52>
10003c74:	f44c 43a0 	orr.w	r3, ip, #20480	@ 0x5000
10003c78:	2f00      	cmp	r7, #0
10003c7a:	d0ce      	beq.n	10003c1a <rp2usb_xfer_start+0x112>
10003c7c:	683a      	ldr	r2, [r7, #0]
10003c7e:	f022 4280 	bic.w	r2, r2, #1073741824	@ 0x40000000
10003c82:	603a      	str	r2, [r7, #0]
10003c84:	e7c9      	b.n	10003c1a <rp2usb_xfer_start+0x112>
10003c86:	f440 5e10 	orr.w	lr, r0, #9216	@ 0x2400
10003c8a:	e7a0      	b.n	10003bce <rp2usb_xfer_start+0xc6>
10003c8c:	f44f 63e0 	mov.w	r3, #1792	@ 0x700
10003c90:	7820      	ldrb	r0, [r4, #0]
10003c92:	4629      	mov	r1, r5
10003c94:	f88d 0008 	strb.w	r0, [sp, #8]
10003c98:	e9c4 5503 	strd	r5, r5, [r4, #12]
10003c9c:	70a5      	strb	r5, [r4, #2]
10003c9e:	a801      	add	r0, sp, #4
10003ca0:	9203      	str	r2, [sp, #12]
10003ca2:	f88d 5009 	strb.w	r5, [sp, #9]
10003ca6:	f8ad 3004 	strh.w	r3, [sp, #4]
10003caa:	f001 fe91 	bl	100059d0 <__dcd_event_handler_veneer>
10003cae:	e7c4      	b.n	10003c3a <rp2usb_xfer_start+0x132>
10003cb0:	4631      	mov	r1, r6
10003cb2:	4802      	ldr	r0, [pc, #8]	@ (10003cbc <rp2usb_xfer_start+0x1b4>)
10003cb4:	f7fd faba 	bl	1000122c <panic>
10003cb8:	50110000 	.word	0x50110000
10003cbc:	10005b68 	.word	0x10005b68

10003cc0 <rp2usb_xfer_continue>:
10003cc0:	e92d 4ff0 	stmdb	sp!, {r4, r5, r6, r7, r8, r9, sl, fp, lr}
10003cc4:	7884      	ldrb	r4, [r0, #2]
10003cc6:	b083      	sub	sp, #12
10003cc8:	f89d 9030 	ldrb.w	r9, [sp, #48]	@ 0x30
10003ccc:	2c00      	cmp	r4, #0
10003cce:	d05d      	beq.n	10003d8c <rp2usb_xfer_continue+0xcc>
10003cd0:	4c62      	ldr	r4, [pc, #392]	@ (10003e5c <rp2usb_xfer_continue+0x19c>)
10003cd2:	f8d4 b040 	ldr.w	fp, [r4, #64]	@ 0x40
10003cd6:	b111      	cbz	r1, 10003cde <rp2usb_xfer_continue+0x1e>
10003cd8:	6809      	ldr	r1, [r1, #0]
10003cda:	f3c1 7180 	ubfx	r1, r1, #30, #1
10003cde:	f8d0 8008 	ldr.w	r8, [r0, #8]
10003ce2:	b10b      	cbz	r3, 10003ce8 <rp2usb_xfer_continue+0x28>
10003ce4:	f108 0840 	add.w	r8, r8, #64	@ 0x40
10003ce8:	fa0f fa83 	sxth.w	sl, r3
10003cec:	f832 501a 	ldrh.w	r5, [r2, sl, lsl #1]
10003cf0:	eb02 0c43 	add.w	ip, r2, r3, lsl #1
10003cf4:	b2af      	uxth	r7, r5
10003cf6:	f3c5 0509 	ubfx	r5, r5, #0, #10
10003cfa:	f1b9 0f00 	cmp.w	r9, #0
10003cfe:	d016      	beq.n	10003d2e <rp2usb_xfer_continue+0x6e>
10003d00:	68c4      	ldr	r4, [r0, #12]
10003d02:	b195      	cbz	r5, 10003d2a <rp2usb_xfer_continue+0x6a>
10003d04:	46c6      	mov	lr, r8
10003d06:	e9cd c800 	strd	ip, r8, [sp]
10003d0a:	1966      	adds	r6, r4, r5
10003d0c:	46a0      	mov	r8, r4
10003d0e:	f89e c000 	ldrb.w	ip, [lr]
10003d12:	3401      	adds	r4, #1
10003d14:	fa5f fc8c 	uxtb.w	ip, ip
10003d18:	42b4      	cmp	r4, r6
10003d1a:	f10e 0e01 	add.w	lr, lr, #1
10003d1e:	f888 c000 	strb.w	ip, [r8]
10003d22:	d1f3      	bne.n	10003d0c <rp2usb_xfer_continue+0x4c>
10003d24:	e9dd c800 	ldrd	ip, r8, [sp]
10003d28:	68c4      	ldr	r4, [r0, #12]
10003d2a:	442c      	add	r4, r5
10003d2c:	60c4      	str	r4, [r0, #12]
10003d2e:	8a44      	ldrh	r4, [r0, #18]
10003d30:	f407 4780 	and.w	r7, r7, #16384	@ 0x4000
10003d34:	442c      	add	r4, r5
10003d36:	8244      	strh	r4, [r0, #18]
10003d38:	88c4      	ldrh	r4, [r0, #6]
10003d3a:	42a5      	cmp	r5, r4
10003d3c:	d222      	bcs.n	10003d84 <rp2usb_xfer_continue+0xc4>
10003d3e:	2400      	movs	r4, #0
10003d40:	8204      	strh	r4, [r0, #16]
10003d42:	b1e9      	cbz	r1, 10003d80 <rp2usb_xfer_continue+0xc0>
10003d44:	f1b9 0f00 	cmp.w	r9, #0
10003d48:	d01a      	beq.n	10003d80 <rp2usb_xfer_continue+0xc0>
10003d4a:	b9cf      	cbnz	r7, 10003d80 <rp2usb_xfer_continue+0xc0>
10003d4c:	f01b 0f02 	tst.w	fp, #2
10003d50:	7801      	ldrb	r1, [r0, #0]
10003d52:	d05d      	beq.n	10003e10 <rp2usb_xfer_continue+0x150>
10003d54:	4c41      	ldr	r4, [pc, #260]	@ (10003e5c <rp2usb_xfer_continue+0x19c>)
10003d56:	4942      	ldr	r1, [pc, #264]	@ (10003e60 <rp2usb_xfer_continue+0x1a0>)
10003d58:	6ce5      	ldr	r5, [r4, #76]	@ 0x4c
10003d5a:	4029      	ands	r1, r5
10003d5c:	f041 0110 	orr.w	r1, r1, #16
10003d60:	64e1      	str	r1, [r4, #76]	@ 0x4c
10003d62:	6ce1      	ldr	r1, [r4, #76]	@ 0x4c
10003d64:	f011 0110 	ands.w	r1, r1, #16
10003d68:	d1fb      	bne.n	10003d62 <rp2usb_xfer_continue+0xa2>
10003d6a:	f083 0301 	eor.w	r3, r3, #1
10003d6e:	f832 3013 	ldrh.w	r3, [r2, r3, lsl #1]
10003d72:	041b      	lsls	r3, r3, #16
10003d74:	d403      	bmi.n	10003d7e <rp2usb_xfer_continue+0xbe>
10003d76:	7843      	ldrb	r3, [r0, #1]
10003d78:	f083 0301 	eor.w	r3, r3, #1
10003d7c:	7043      	strb	r3, [r0, #1]
10003d7e:	6011      	str	r1, [r2, #0]
10003d80:	2001      	movs	r0, #1
10003d82:	e004      	b.n	10003d8e <rp2usb_xfer_continue+0xce>
10003d84:	2f00      	cmp	r7, #0
10003d86:	d1fb      	bne.n	10003d80 <rp2usb_xfer_continue+0xc0>
10003d88:	8a03      	ldrh	r3, [r0, #16]
10003d8a:	b91b      	cbnz	r3, 10003d94 <rp2usb_xfer_continue+0xd4>
10003d8c:	2000      	movs	r0, #0
10003d8e:	b003      	add	sp, #12
10003d90:	e8bd 8ff0 	ldmia.w	sp!, {r4, r5, r6, r7, r8, r9, sl, fp, pc}
10003d94:	429c      	cmp	r4, r3
10003d96:	bf28      	it	cs
10003d98:	461c      	movcs	r4, r3
10003d9a:	7841      	ldrb	r1, [r0, #1]
10003d9c:	1b1b      	subs	r3, r3, r4
10003d9e:	b29b      	uxth	r3, r3
10003da0:	8203      	strh	r3, [r0, #16]
10003da2:	2900      	cmp	r1, #0
10003da4:	d131      	bne.n	10003e0a <rp2usb_xfer_continue+0x14a>
10003da6:	f444 6580 	orr.w	r5, r4, #1024	@ 0x400
10003daa:	f081 0101 	eor.w	r1, r1, #1
10003dae:	7041      	strb	r1, [r0, #1]
10003db0:	f1b9 0f00 	cmp.w	r9, #0
10003db4:	d112      	bne.n	10003ddc <rp2usb_xfer_continue+0x11c>
10003db6:	b17c      	cbz	r4, 10003dd8 <rp2usb_xfer_continue+0x118>
10003db8:	68c3      	ldr	r3, [r0, #12]
10003dba:	191f      	adds	r7, r3, r4
10003dbc:	461e      	mov	r6, r3
10003dbe:	7836      	ldrb	r6, [r6, #0]
10003dc0:	3301      	adds	r3, #1
10003dc2:	b2f6      	uxtb	r6, r6
10003dc4:	42bb      	cmp	r3, r7
10003dc6:	f888 6000 	strb.w	r6, [r8]
10003dca:	f108 0801 	add.w	r8, r8, #1
10003dce:	d1f5      	bne.n	10003dbc <rp2usb_xfer_continue+0xfc>
10003dd0:	68c3      	ldr	r3, [r0, #12]
10003dd2:	4423      	add	r3, r4
10003dd4:	60c3      	str	r3, [r0, #12]
10003dd6:	8a03      	ldrh	r3, [r0, #16]
10003dd8:	f445 4500 	orr.w	r5, r5, #32768	@ 0x8000
10003ddc:	b90b      	cbnz	r3, 10003de2 <rp2usb_xfer_continue+0x122>
10003dde:	f445 4580 	orr.w	r5, r5, #16384	@ 0x4000
10003de2:	f832 301a 	ldrh.w	r3, [r2, sl, lsl #1]
10003de6:	402b      	ands	r3, r5
10003de8:	055b      	lsls	r3, r3, #21
10003dea:	d433      	bmi.n	10003e54 <rp2usb_xfer_continue+0x194>
10003dec:	f425 6380 	bic.w	r3, r5, #1024	@ 0x400
10003df0:	b29b      	uxth	r3, r3
10003df2:	491a      	ldr	r1, [pc, #104]	@ (10003e5c <rp2usb_xfer_continue+0x19c>)
10003df4:	f822 301a 	strh.w	r3, [r2, sl, lsl #1]
10003df8:	6c0b      	ldr	r3, [r1, #64]	@ 0x40
10003dfa:	079f      	lsls	r7, r3, #30
10003dfc:	d402      	bmi.n	10003e04 <rp2usb_xfer_continue+0x144>
10003dfe:	230c      	movs	r3, #12
10003e00:	3b03      	subs	r3, #3
10003e02:	d2fd      	bcs.n	10003e00 <rp2usb_xfer_continue+0x140>
10003e04:	f822 501a 	strh.w	r5, [r2, sl, lsl #1]
10003e08:	e7c0      	b.n	10003d8c <rp2usb_xfer_continue+0xcc>
10003e0a:	f444 5510 	orr.w	r5, r4, #9216	@ 0x2400
10003e0e:	e7cc      	b.n	10003daa <rp2usb_xfer_continue+0xea>
10003e10:	2401      	movs	r4, #1
10003e12:	f001 010f 	and.w	r1, r1, #15
10003e16:	4e13      	ldr	r6, [pc, #76]	@ (10003e64 <rp2usb_xfer_continue+0x1a4>)
10003e18:	40a1      	lsls	r1, r4
10003e1a:	408c      	lsls	r4, r1
10003e1c:	4d0f      	ldr	r5, [pc, #60]	@ (10003e5c <rp2usb_xfer_continue+0x19c>)
10003e1e:	6634      	str	r4, [r6, #96]	@ 0x60
10003e20:	6e69      	ldr	r1, [r5, #100]	@ 0x64
10003e22:	ea34 0101 	bics.w	r1, r4, r1
10003e26:	d1fb      	bne.n	10003e20 <rp2usb_xfer_continue+0x160>
10003e28:	f083 0101 	eor.w	r1, r3, #1
10003e2c:	f832 3011 	ldrh.w	r3, [r2, r1, lsl #1]
10003e30:	041e      	lsls	r6, r3, #16
10003e32:	b29d      	uxth	r5, r3
10003e34:	d409      	bmi.n	10003e4a <rp2usb_xfer_continue+0x18a>
10003e36:	2100      	movs	r1, #0
10003e38:	7843      	ldrb	r3, [r0, #1]
10003e3a:	f083 0301 	eor.w	r3, r3, #1
10003e3e:	7043      	strb	r3, [r0, #1]
10003e40:	6011      	str	r1, [r2, #0]
10003e42:	4b09      	ldr	r3, [pc, #36]	@ (10003e68 <rp2usb_xfer_continue+0x1a8>)
10003e44:	665c      	str	r4, [r3, #100]	@ 0x64
10003e46:	661c      	str	r4, [r3, #96]	@ 0x60
10003e48:	e79a      	b.n	10003d80 <rp2usb_xfer_continue+0xc0>
10003e4a:	2300      	movs	r3, #0
10003e4c:	7105      	strb	r5, [r0, #4]
10003e4e:	70c1      	strb	r1, [r0, #3]
10003e50:	6013      	str	r3, [r2, #0]
10003e52:	e7f6      	b.n	10003e42 <rp2usb_xfer_continue+0x182>
10003e54:	4661      	mov	r1, ip
10003e56:	4805      	ldr	r0, [pc, #20]	@ (10003e6c <rp2usb_xfer_continue+0x1ac>)
10003e58:	f7fd f9e8 	bl	1000122c <panic>
10003e5c:	50110000 	.word	0x50110000
10003e60:	20008600 	.word	0x20008600
10003e64:	50112000 	.word	0x50112000
10003e68:	50113000 	.word	0x50113000
10003e6c:	10005b68 	.word	0x10005b68

10003e70 <configuration_reset>:
10003e70:	e92d 41f0 	stmdb	sp!, {r4, r5, r6, r7, r8, lr}
10003e74:	4e20      	ldr	r6, [pc, #128]	@ (10003ef8 <configuration_reset+0x88>)
10003e76:	7832      	ldrb	r2, [r6, #0]
10003e78:	2aff      	cmp	r2, #255	@ 0xff
10003e7a:	d024      	beq.n	10003ec6 <configuration_reset+0x56>
10003e7c:	2400      	movs	r4, #0
10003e7e:	4605      	mov	r5, r0
10003e80:	4621      	mov	r1, r4
10003e82:	f8df 8080 	ldr.w	r8, [pc, #128]	@ 10003f04 <configuration_reset+0x94>
10003e86:	4f1d      	ldr	r7, [pc, #116]	@ (10003efc <configuration_reset+0x8c>)
10003e88:	e00d      	b.n	10003ea6 <configuration_reset+0x36>
10003e8a:	683b      	ldr	r3, [r7, #0]
10003e8c:	eb13 0380 	adds.w	r3, r3, r0, lsl #2
10003e90:	d010      	beq.n	10003eb4 <configuration_reset+0x44>
10003e92:	68db      	ldr	r3, [r3, #12]
10003e94:	4628      	mov	r0, r5
10003e96:	4798      	blx	r3
10003e98:	7832      	ldrb	r2, [r6, #0]
10003e9a:	3401      	adds	r4, #1
10003e9c:	1c53      	adds	r3, r2, #1
10003e9e:	b2e1      	uxtb	r1, r4
10003ea0:	b2db      	uxtb	r3, r3
10003ea2:	4299      	cmp	r1, r3
10003ea4:	d20f      	bcs.n	10003ec6 <configuration_reset+0x56>
10003ea6:	4291      	cmp	r1, r2
10003ea8:	eb04 00c4 	add.w	r0, r4, r4, lsl #3
10003eac:	d3ed      	bcc.n	10003e8a <configuration_reset+0x1a>
10003eae:	d101      	bne.n	10003eb4 <configuration_reset+0x44>
10003eb0:	4643      	mov	r3, r8
10003eb2:	e7ef      	b.n	10003e94 <configuration_reset+0x24>
10003eb4:	f04f 23e0 	mov.w	r3, #3758153728	@ 0xe000e000
10003eb8:	f8d3 3df0 	ldr.w	r3, [r3, #3568]	@ 0xdf0
10003ebc:	07db      	lsls	r3, r3, #31
10003ebe:	d500      	bpl.n	10003ec2 <configuration_reset+0x52>
10003ec0:	be00      	bkpt	0x0000
10003ec2:	e8bd 81f0 	ldmia.w	sp!, {r4, r5, r6, r7, r8, pc}
10003ec6:	4b0e      	ldr	r3, [pc, #56]	@ (10003f00 <configuration_reset+0x90>)
10003ec8:	226c      	movs	r2, #108	@ 0x6c
10003eca:	2100      	movs	r1, #0
10003ecc:	4618      	mov	r0, r3
10003ece:	f001 fd73 	bl	100059b8 <__memset_veneer>
10003ed2:	f04f 34ff 	mov.w	r4, #4294967295	@ 0xffffffff
10003ed6:	4603      	mov	r3, r0
10003ed8:	f8c3 401b 	str.w	r4, [r3, #27]
10003edc:	f8c3 401f 	str.w	r4, [r3, #31]
10003ee0:	f8c3 4023 	str.w	r4, [r3, #35]	@ 0x23
10003ee4:	f8c3 4027 	str.w	r4, [r3, #39]	@ 0x27
10003ee8:	2220      	movs	r2, #32
10003eea:	e8bd 41f0 	ldmia.w	sp!, {r4, r5, r6, r7, r8, lr}
10003eee:	21ff      	movs	r1, #255	@ 0xff
10003ef0:	302b      	adds	r0, #43	@ 0x2b
10003ef2:	f001 bd61 	b.w	100059b8 <__memset_veneer>
10003ef6:	bf00      	nop
10003ef8:	20001011 	.word	0x20001011
10003efc:	200009c0 	.word	0x200009c0
10003f00:	20000b8c 	.word	0x20000b8c
10003f04:	10004c41 	.word	0x10004c41

10003f08 <tud_event_hook_cb>:
10003f08:	4770      	bx	lr
10003f0a:	bf00      	nop

10003f0c <tud_sof_cb>:
10003f0c:	4770      	bx	lr
10003f0e:	bf00      	nop

10003f10 <tud_descriptor_device_qualifier_cb>:
10003f10:	2000      	movs	r0, #0
10003f12:	4770      	bx	lr

10003f14 <tud_descriptor_other_speed_configuration_cb>:
10003f14:	2000      	movs	r0, #0
10003f16:	4770      	bx	lr

10003f18 <tud_mount_cb>:
10003f18:	4770      	bx	lr
10003f1a:	bf00      	nop

10003f1c <tud_umount_cb>:
10003f1c:	4770      	bx	lr
10003f1e:	bf00      	nop

10003f20 <tud_suspend_cb>:
10003f20:	4770      	bx	lr
10003f22:	bf00      	nop

10003f24 <tud_resume_cb>:
10003f24:	4770      	bx	lr
10003f26:	bf00      	nop

10003f28 <tud_mounted>:
10003f28:	4b02      	ldr	r3, [pc, #8]	@ (10003f34 <tud_mounted+0xc>)
10003f2a:	7e18      	ldrb	r0, [r3, #24]
10003f2c:	3800      	subs	r0, #0
10003f2e:	bf18      	it	ne
10003f30:	2001      	movne	r0, #1
10003f32:	4770      	bx	lr
10003f34:	20000b8c 	.word	0x20000b8c

10003f38 <tud_suspended>:
10003f38:	4b02      	ldr	r3, [pc, #8]	@ (10003f44 <tud_suspended+0xc>)
10003f3a:	7d98      	ldrb	r0, [r3, #22]
10003f3c:	3800      	subs	r0, #0
10003f3e:	bf18      	it	ne
10003f40:	2001      	movne	r0, #1
10003f42:	4770      	bx	lr
10003f44:	20000b8c 	.word	0x20000b8c

10003f48 <tud_rhport_init>:
10003f48:	e92d 4ff8 	stmdb	sp!, {r3, r4, r5, r6, r7, r8, r9, sl, fp, lr}
10003f4c:	f8df 80e8 	ldr.w	r8, [pc, #232]	@ 10004038 <tud_rhport_init+0xf0>
10003f50:	f898 3000 	ldrb.w	r3, [r8]
10003f54:	2bff      	cmp	r3, #255	@ 0xff
10003f56:	d002      	beq.n	10003f5e <tud_rhport_init+0x16>
10003f58:	2001      	movs	r0, #1
10003f5a:	e8bd 8ff8 	ldmia.w	sp!, {r3, r4, r5, r6, r7, r8, r9, sl, fp, pc}
10003f5e:	460d      	mov	r5, r1
10003f60:	2900      	cmp	r1, #0
10003f62:	d04b      	beq.n	10003ffc <tud_rhport_init+0xb4>
10003f64:	2400      	movs	r4, #0
10003f66:	226c      	movs	r2, #108	@ 0x6c
10003f68:	2100      	movs	r1, #0
10003f6a:	4606      	mov	r6, r0
10003f6c:	4828      	ldr	r0, [pc, #160]	@ (10004010 <tud_rhport_init+0xc8>)
10003f6e:	f001 fd23 	bl	100059b8 <__memset_veneer>
10003f72:	4f28      	ldr	r7, [pc, #160]	@ (10004014 <tud_rhport_init+0xcc>)
10003f74:	4b28      	ldr	r3, [pc, #160]	@ (10004018 <tud_rhport_init+0xd0>)
10003f76:	4829      	ldr	r0, [pc, #164]	@ (1000401c <tud_rhport_init+0xd4>)
10003f78:	701c      	strb	r4, [r3, #0]
10003f7a:	f7fd fc41 	bl	10001800 <critical_section_init>
10003f7e:	4638      	mov	r0, r7
10003f80:	f7fd fc30 	bl	100017e4 <mutex_init>
10003f84:	4b26      	ldr	r3, [pc, #152]	@ (10004020 <tud_rhport_init+0xd8>)
10003f86:	4827      	ldr	r0, [pc, #156]	@ (10004024 <tud_rhport_init+0xdc>)
10003f88:	601f      	str	r7, [r3, #0]
10003f8a:	f7fd fc39 	bl	10001800 <critical_section_init>
10003f8e:	4f26      	ldr	r7, [pc, #152]	@ (10004028 <tud_rhport_init+0xe0>)
10003f90:	4826      	ldr	r0, [pc, #152]	@ (1000402c <tud_rhport_init+0xe4>)
10003f92:	f001 facf 	bl	10005534 <tu_fifo_clear>
10003f96:	4a26      	ldr	r2, [pc, #152]	@ (10004030 <tud_rhport_init+0xe8>)
10003f98:	4b26      	ldr	r3, [pc, #152]	@ (10004034 <tud_rhport_init+0xec>)
10003f9a:	4638      	mov	r0, r7
10003f9c:	601a      	str	r2, [r3, #0]
10003f9e:	f7ff fa21 	bl	100033e4 <usbd_app_driver_get_cb>
10003fa2:	783a      	ldrb	r2, [r7, #0]
10003fa4:	f8df 9094 	ldr.w	r9, [pc, #148]	@ 1000403c <tud_rhport_init+0xf4>
10003fa8:	2aff      	cmp	r2, #255	@ 0xff
10003faa:	f8c9 0000 	str.w	r0, [r9]
10003fae:	d025      	beq.n	10003ffc <tud_rhport_init+0xb4>
10003fb0:	46a3      	mov	fp, r4
10003fb2:	4621      	mov	r1, r4
10003fb4:	f8df a088 	ldr.w	sl, [pc, #136]	@ 10004040 <tud_rhport_init+0xf8>
10003fb8:	428a      	cmp	r2, r1
10003fba:	d91c      	bls.n	10003ff6 <tud_rhport_init+0xae>
10003fbc:	f8d9 3000 	ldr.w	r3, [r9]
10003fc0:	191b      	adds	r3, r3, r4
10003fc2:	d01b      	beq.n	10003ffc <tud_rhport_init+0xb4>
10003fc4:	685b      	ldr	r3, [r3, #4]
10003fc6:	b1cb      	cbz	r3, 10003ffc <tud_rhport_init+0xb4>
10003fc8:	4798      	blx	r3
10003fca:	783a      	ldrb	r2, [r7, #0]
10003fcc:	f10b 0b01 	add.w	fp, fp, #1
10003fd0:	1c53      	adds	r3, r2, #1
10003fd2:	b2db      	uxtb	r3, r3
10003fd4:	fa5f f18b 	uxtb.w	r1, fp
10003fd8:	428b      	cmp	r3, r1
10003fda:	f104 0424 	add.w	r4, r4, #36	@ 0x24
10003fde:	d8eb      	bhi.n	10003fb8 <tud_rhport_init+0x70>
10003fe0:	4629      	mov	r1, r5
10003fe2:	4630      	mov	r0, r6
10003fe4:	f888 6000 	strb.w	r6, [r8]
10003fe8:	f7ff fb8e 	bl	10003708 <dcd_init>
10003fec:	b130      	cbz	r0, 10003ffc <tud_rhport_init+0xb4>
10003fee:	4630      	mov	r0, r6
10003ff0:	f7ff fbf0 	bl	100037d4 <dcd_int_enable>
10003ff4:	e7b0      	b.n	10003f58 <tud_rhport_init+0x10>
10003ff6:	d101      	bne.n	10003ffc <tud_rhport_init+0xb4>
10003ff8:	4653      	mov	r3, sl
10003ffa:	e7e5      	b.n	10003fc8 <tud_rhport_init+0x80>
10003ffc:	f04f 23e0 	mov.w	r3, #3758153728	@ 0xe000e000
10004000:	f8d3 3df0 	ldr.w	r3, [r3, #3568]	@ 0xdf0
10004004:	07db      	lsls	r3, r3, #31
10004006:	d500      	bpl.n	1000400a <tud_rhport_init+0xc2>
10004008:	be00      	bkpt	0x0000
1000400a:	2000      	movs	r0, #0
1000400c:	e7a5      	b.n	10003f5a <tud_rhport_init+0x12>
1000400e:	bf00      	nop
10004010:	20000b8c 	.word	0x20000b8c
10004014:	20000b84 	.word	0x20000b84
10004018:	20001013 	.word	0x20001013
1000401c:	20000cc0 	.word	0x20000cc0
10004020:	20000bf8 	.word	0x20000bf8
10004024:	20000820 	.word	0x20000820
10004028:	20001011 	.word	0x20001011
1000402c:	2000080c 	.word	0x2000080c
10004030:	20000808 	.word	0x20000808
10004034:	20000bfc 	.word	0x20000bfc
10004038:	20000828 	.word	0x20000828
1000403c:	200009c0 	.word	0x200009c0
10004040:	10004bdd 	.word	0x10004bdd

10004044 <tud_control_status>:
10004044:	b510      	push	{r4, lr}
10004046:	4c1c      	ldr	r4, [pc, #112]	@ (100040b8 <tud_control_status+0x74>)
10004048:	b082      	sub	sp, #8
1000404a:	88e3      	ldrh	r3, [r4, #6]
1000404c:	b383      	cbz	r3, 100040b0 <tud_control_status+0x6c>
1000404e:	7823      	ldrb	r3, [r4, #0]
10004050:	43db      	mvns	r3, r3
10004052:	f003 0180 	and.w	r1, r3, #128	@ 0x80
10004056:	f3c3 13c0 	ubfx	r3, r3, #7, #1
1000405a:	441c      	add	r4, r3
1000405c:	f894 304b 	ldrb.w	r3, [r4, #75]	@ 0x4b
10004060:	4a16      	ldr	r2, [pc, #88]	@ (100040bc <tud_control_status+0x78>)
10004062:	f013 0301 	ands.w	r3, r3, #1
10004066:	7810      	ldrb	r0, [r2, #0]
10004068:	d009      	beq.n	1000407e <tud_control_status+0x3a>
1000406a:	f04f 23e0 	mov.w	r3, #3758153728	@ 0xe000e000
1000406e:	f8d3 3df0 	ldr.w	r3, [r3, #3568]	@ 0xdf0
10004072:	07da      	lsls	r2, r3, #31
10004074:	d500      	bpl.n	10004078 <tud_control_status+0x34>
10004076:	be00      	bkpt	0x0000
10004078:	2000      	movs	r0, #0
1000407a:	b002      	add	sp, #8
1000407c:	bd10      	pop	{r4, pc}
1000407e:	f894 204b 	ldrb.w	r2, [r4, #75]	@ 0x4b
10004082:	9300      	str	r3, [sp, #0]
10004084:	f042 0201 	orr.w	r2, r2, #1
10004088:	f884 204b 	strb.w	r2, [r4, #75]	@ 0x4b
1000408c:	461a      	mov	r2, r3
1000408e:	f7ff fc71 	bl	10003974 <dcd_edpt_xfer>
10004092:	2800      	cmp	r0, #0
10004094:	d1f1      	bne.n	1000407a <tud_control_status+0x36>
10004096:	f04f 22e0 	mov.w	r2, #3758153728	@ 0xe000e000
1000409a:	f894 304b 	ldrb.w	r3, [r4, #75]	@ 0x4b
1000409e:	f003 03fa 	and.w	r3, r3, #250	@ 0xfa
100040a2:	f884 304b 	strb.w	r3, [r4, #75]	@ 0x4b
100040a6:	f8d2 3df0 	ldr.w	r3, [r2, #3568]	@ 0xdf0
100040aa:	07db      	lsls	r3, r3, #31
100040ac:	d5e4      	bpl.n	10004078 <tud_control_status+0x34>
100040ae:	e7e2      	b.n	10004076 <tud_control_status+0x32>
100040b0:	2301      	movs	r3, #1
100040b2:	2180      	movs	r1, #128	@ 0x80
100040b4:	e7d1      	b.n	1000405a <tud_control_status+0x16>
100040b6:	bf00      	nop
100040b8:	20000b8c 	.word	0x20000b8c
100040bc:	20000828 	.word	0x20000828

100040c0 <tud_control_xfer>:
100040c0:	b530      	push	{r4, r5, lr}
100040c2:	4c45      	ldr	r4, [pc, #276]	@ (100041d8 <tud_control_xfer+0x118>)
100040c4:	b085      	sub	sp, #20
100040c6:	88e5      	ldrh	r5, [r4, #6]
100040c8:	60a2      	str	r2, [r4, #8]
100040ca:	42ab      	cmp	r3, r5
100040cc:	bf28      	it	cs
100040ce:	462b      	movcs	r3, r5
100040d0:	81a3      	strh	r3, [r4, #12]
100040d2:	2d00      	cmp	r5, #0
100040d4:	d039      	beq.n	1000414a <tud_control_xfer+0x8a>
100040d6:	4611      	mov	r1, r2
100040d8:	4618      	mov	r0, r3
100040da:	b10b      	cbz	r3, 100040e0 <tud_control_xfer+0x20>
100040dc:	2a00      	cmp	r2, #0
100040de:	d042      	beq.n	10004166 <tud_control_xfer+0xa6>
100040e0:	89e5      	ldrh	r5, [r4, #14]
100040e2:	f994 2000 	ldrsb.w	r2, [r4]
100040e6:	1b43      	subs	r3, r0, r5
100040e8:	b29b      	uxth	r3, r3
100040ea:	2b40      	cmp	r3, #64	@ 0x40
100040ec:	bf28      	it	cs
100040ee:	2340      	movcs	r3, #64	@ 0x40
100040f0:	2a00      	cmp	r2, #0
100040f2:	db1b      	blt.n	1000412c <tud_control_xfer+0x6c>
100040f4:	42a8      	cmp	r0, r5
100040f6:	f04f 0000 	mov.w	r0, #0
100040fa:	d069      	beq.n	100041d0 <tud_control_xfer+0x110>
100040fc:	4601      	mov	r1, r0
100040fe:	4a37      	ldr	r2, [pc, #220]	@ (100041dc <tud_control_xfer+0x11c>)
10004100:	4404      	add	r4, r0
10004102:	f894 504b 	ldrb.w	r5, [r4, #75]	@ 0x4b
10004106:	4836      	ldr	r0, [pc, #216]	@ (100041e0 <tud_control_xfer+0x120>)
10004108:	f015 0501 	ands.w	r5, r5, #1
1000410c:	7800      	ldrb	r0, [r0, #0]
1000410e:	d123      	bne.n	10004158 <tud_control_xfer+0x98>
10004110:	9500      	str	r5, [sp, #0]
10004112:	f894 504b 	ldrb.w	r5, [r4, #75]	@ 0x4b
10004116:	f045 0501 	orr.w	r5, r5, #1
1000411a:	f884 504b 	strb.w	r5, [r4, #75]	@ 0x4b
1000411e:	f7ff fc29 	bl	10003974 <dcd_edpt_xfer>
10004122:	2800      	cmp	r0, #0
10004124:	d043      	beq.n	100041ae <tud_control_xfer+0xee>
10004126:	2001      	movs	r0, #1
10004128:	b005      	add	sp, #20
1000412a:	bd30      	pop	{r4, r5, pc}
1000412c:	42a8      	cmp	r0, r5
1000412e:	d04b      	beq.n	100041c8 <tud_control_xfer+0x108>
10004130:	482a      	ldr	r0, [pc, #168]	@ (100041dc <tud_control_xfer+0x11c>)
10004132:	4281      	cmp	r1, r0
10004134:	d005      	beq.n	10004142 <tud_control_xfer+0x82>
10004136:	b1b1      	cbz	r1, 10004166 <tud_control_xfer+0xa6>
10004138:	461a      	mov	r2, r3
1000413a:	9303      	str	r3, [sp, #12]
1000413c:	f001 fc40 	bl	100059c0 <__memcpy_veneer>
10004140:	9b03      	ldr	r3, [sp, #12]
10004142:	2001      	movs	r0, #1
10004144:	2180      	movs	r1, #128	@ 0x80
10004146:	4a25      	ldr	r2, [pc, #148]	@ (100041dc <tud_control_xfer+0x11c>)
10004148:	e7da      	b.n	10004100 <tud_control_xfer+0x40>
1000414a:	f894 304c 	ldrb.w	r3, [r4, #76]	@ 0x4c
1000414e:	4a24      	ldr	r2, [pc, #144]	@ (100041e0 <tud_control_xfer+0x120>)
10004150:	f013 0301 	ands.w	r3, r3, #1
10004154:	7810      	ldrb	r0, [r2, #0]
10004156:	d010      	beq.n	1000417a <tud_control_xfer+0xba>
10004158:	f04f 23e0 	mov.w	r3, #3758153728	@ 0xe000e000
1000415c:	f8d3 3df0 	ldr.w	r3, [r3, #3568]	@ 0xdf0
10004160:	07da      	lsls	r2, r3, #31
10004162:	d500      	bpl.n	10004166 <tud_control_xfer+0xa6>
10004164:	be00      	bkpt	0x0000
10004166:	f04f 23e0 	mov.w	r3, #3758153728	@ 0xe000e000
1000416a:	f8d3 3df0 	ldr.w	r3, [r3, #3568]	@ 0xdf0
1000416e:	07d9      	lsls	r1, r3, #31
10004170:	d500      	bpl.n	10004174 <tud_control_xfer+0xb4>
10004172:	be00      	bkpt	0x0000
10004174:	2000      	movs	r0, #0
10004176:	b005      	add	sp, #20
10004178:	bd30      	pop	{r4, r5, pc}
1000417a:	f894 104c 	ldrb.w	r1, [r4, #76]	@ 0x4c
1000417e:	461a      	mov	r2, r3
10004180:	f041 0101 	orr.w	r1, r1, #1
10004184:	9300      	str	r3, [sp, #0]
10004186:	f884 104c 	strb.w	r1, [r4, #76]	@ 0x4c
1000418a:	2180      	movs	r1, #128	@ 0x80
1000418c:	f7ff fbf2 	bl	10003974 <dcd_edpt_xfer>
10004190:	2800      	cmp	r0, #0
10004192:	d1c8      	bne.n	10004126 <tud_control_xfer+0x66>
10004194:	f04f 22e0 	mov.w	r2, #3758153728	@ 0xe000e000
10004198:	f894 304c 	ldrb.w	r3, [r4, #76]	@ 0x4c
1000419c:	f003 03fa 	and.w	r3, r3, #250	@ 0xfa
100041a0:	f884 304c 	strb.w	r3, [r4, #76]	@ 0x4c
100041a4:	f8d2 3df0 	ldr.w	r3, [r2, #3568]	@ 0xdf0
100041a8:	07db      	lsls	r3, r3, #31
100041aa:	d5dc      	bpl.n	10004166 <tud_control_xfer+0xa6>
100041ac:	e7da      	b.n	10004164 <tud_control_xfer+0xa4>
100041ae:	f04f 22e0 	mov.w	r2, #3758153728	@ 0xe000e000
100041b2:	f894 304b 	ldrb.w	r3, [r4, #75]	@ 0x4b
100041b6:	f003 03fa 	and.w	r3, r3, #250	@ 0xfa
100041ba:	f884 304b 	strb.w	r3, [r4, #75]	@ 0x4b
100041be:	f8d2 3df0 	ldr.w	r3, [r2, #3568]	@ 0xdf0
100041c2:	07d8      	lsls	r0, r3, #31
100041c4:	d5cf      	bpl.n	10004166 <tud_control_xfer+0xa6>
100041c6:	e7cd      	b.n	10004164 <tud_control_xfer+0xa4>
100041c8:	2001      	movs	r0, #1
100041ca:	2180      	movs	r1, #128	@ 0x80
100041cc:	2200      	movs	r2, #0
100041ce:	e797      	b.n	10004100 <tud_control_xfer+0x40>
100041d0:	4601      	mov	r1, r0
100041d2:	4602      	mov	r2, r0
100041d4:	e794      	b.n	10004100 <tud_control_xfer+0x40>
100041d6:	bf00      	nop
100041d8:	20000b8c 	.word	0x20000b8c
100041dc:	20000b20 	.word	0x20000b20
100041e0:	20000828 	.word	0x20000828

100041e4 <usbd_edpt_open>:
100041e4:	4b08      	ldr	r3, [pc, #32]	@ (10004208 <usbd_edpt_open+0x24>)
100041e6:	7818      	ldrb	r0, [r3, #0]
100041e8:	888b      	ldrh	r3, [r1, #4]
100041ea:	f3c3 030a 	ubfx	r3, r3, #0, #11
100041ee:	b943      	cbnz	r3, 10004202 <usbd_edpt_open+0x1e>
100041f0:	f04f 23e0 	mov.w	r3, #3758153728	@ 0xe000e000
100041f4:	f8d3 3df0 	ldr.w	r3, [r3, #3568]	@ 0xdf0
100041f8:	07db      	lsls	r3, r3, #31
100041fa:	d500      	bpl.n	100041fe <usbd_edpt_open+0x1a>
100041fc:	be00      	bkpt	0x0000
100041fe:	2000      	movs	r0, #0
10004200:	4770      	bx	lr
10004202:	f7ff bb1f 	b.w	10003844 <dcd_edpt_open>
10004206:	bf00      	nop
10004208:	20000828 	.word	0x20000828

1000420c <usbd_edpt_claim>:
1000420c:	460b      	mov	r3, r1
1000420e:	4a06      	ldr	r2, [pc, #24]	@ (10004228 <usbd_edpt_claim+0x1c>)
10004210:	4806      	ldr	r0, [pc, #24]	@ (1000422c <usbd_edpt_claim+0x20>)
10004212:	6811      	ldr	r1, [r2, #0]
10004214:	09da      	lsrs	r2, r3, #7
10004216:	324b      	adds	r2, #75	@ 0x4b
10004218:	f003 030f 	and.w	r3, r3, #15
1000421c:	eb02 0343 	add.w	r3, r2, r3, lsl #1
10004220:	4418      	add	r0, r3
10004222:	f000 bed7 	b.w	10004fd4 <tu_edpt_claim>
10004226:	bf00      	nop
10004228:	20000bf8 	.word	0x20000bf8
1000422c:	20000b8c 	.word	0x20000b8c

10004230 <usbd_edpt_release>:
10004230:	460b      	mov	r3, r1
10004232:	4a06      	ldr	r2, [pc, #24]	@ (1000424c <usbd_edpt_release+0x1c>)
10004234:	4806      	ldr	r0, [pc, #24]	@ (10004250 <usbd_edpt_release+0x20>)
10004236:	6811      	ldr	r1, [r2, #0]
10004238:	09da      	lsrs	r2, r3, #7
1000423a:	324b      	adds	r2, #75	@ 0x4b
1000423c:	f003 030f 	and.w	r3, r3, #15
10004240:	eb02 0343 	add.w	r3, r2, r3, lsl #1
10004244:	4418      	add	r0, r3
10004246:	f000 bee5 	b.w	10005014 <tu_edpt_release>
1000424a:	bf00      	nop
1000424c:	20000bf8 	.word	0x20000bf8
10004250:	20000b8c 	.word	0x20000b8c

10004254 <usbd_edpt_xfer>:
10004254:	b530      	push	{r4, r5, lr}
10004256:	4c19      	ldr	r4, [pc, #100]	@ (100042bc <usbd_edpt_xfer+0x68>)
10004258:	f001 0e0f 	and.w	lr, r1, #15
1000425c:	eb04 044e 	add.w	r4, r4, lr, lsl #1
10004260:	eb04 14d1 	add.w	r4, r4, r1, lsr #7
10004264:	f894 c04b 	ldrb.w	ip, [r4, #75]	@ 0x4b
10004268:	4815      	ldr	r0, [pc, #84]	@ (100042c0 <usbd_edpt_xfer+0x6c>)
1000426a:	b083      	sub	sp, #12
1000426c:	f01c 0f01 	tst.w	ip, #1
10004270:	f89d 5018 	ldrb.w	r5, [sp, #24]
10004274:	7800      	ldrb	r0, [r0, #0]
10004276:	d009      	beq.n	1000428c <usbd_edpt_xfer+0x38>
10004278:	f04f 23e0 	mov.w	r3, #3758153728	@ 0xe000e000
1000427c:	f8d3 3df0 	ldr.w	r3, [r3, #3568]	@ 0xdf0
10004280:	07da      	lsls	r2, r3, #31
10004282:	d500      	bpl.n	10004286 <usbd_edpt_xfer+0x32>
10004284:	be00      	bkpt	0x0000
10004286:	2000      	movs	r0, #0
10004288:	b003      	add	sp, #12
1000428a:	bd30      	pop	{r4, r5, pc}
1000428c:	9500      	str	r5, [sp, #0]
1000428e:	f894 c04b 	ldrb.w	ip, [r4, #75]	@ 0x4b
10004292:	f04c 0c01 	orr.w	ip, ip, #1
10004296:	f884 c04b 	strb.w	ip, [r4, #75]	@ 0x4b
1000429a:	f7ff fb6b 	bl	10003974 <dcd_edpt_xfer>
1000429e:	2800      	cmp	r0, #0
100042a0:	d1f2      	bne.n	10004288 <usbd_edpt_xfer+0x34>
100042a2:	f04f 22e0 	mov.w	r2, #3758153728	@ 0xe000e000
100042a6:	f894 304b 	ldrb.w	r3, [r4, #75]	@ 0x4b
100042aa:	f003 03fa 	and.w	r3, r3, #250	@ 0xfa
100042ae:	f884 304b 	strb.w	r3, [r4, #75]	@ 0x4b
100042b2:	f8d2 3df0 	ldr.w	r3, [r2, #3568]	@ 0xdf0
100042b6:	07db      	lsls	r3, r3, #31
100042b8:	d5e5      	bpl.n	10004286 <usbd_edpt_xfer+0x32>
100042ba:	e7e3      	b.n	10004284 <usbd_edpt_xfer+0x30>
100042bc:	20000b8c 	.word	0x20000b8c
100042c0:	20000828 	.word	0x20000828

100042c4 <tud_task_ext>:
100042c4:	e92d 4ff0 	stmdb	sp!, {r4, r5, r6, r7, r8, r9, sl, fp, lr}
100042c8:	f8df b2e4 	ldr.w	fp, [pc, #740]	@ 100045b0 <tud_task_ext+0x2ec>
100042cc:	b08d      	sub	sp, #52	@ 0x34
100042ce:	f89b 3000 	ldrb.w	r3, [fp]
100042d2:	2bff      	cmp	r3, #255	@ 0xff
100042d4:	d03e      	beq.n	10004354 <tud_task_ext+0x90>
100042d6:	2410      	movs	r4, #16
100042d8:	2600      	movs	r6, #0
100042da:	4db0      	ldr	r5, [pc, #704]	@ (1000459c <tud_task_ext+0x2d8>)
100042dc:	4fb0      	ldr	r7, [pc, #704]	@ (100045a0 <tud_task_ext+0x2dc>)
100042de:	f8df a2d4 	ldr.w	sl, [pc, #724]	@ 100045b4 <tud_task_ext+0x2f0>
100042e2:	9402      	str	r4, [sp, #8]
100042e4:	f8d5 8000 	ldr.w	r8, [r5]
100042e8:	f8d8 3018 	ldr.w	r3, [r8, #24]
100042ec:	f3ef 8210 	mrs	r2, PRIMASK
100042f0:	b672      	cpsid	i
100042f2:	e8d3 0fcf 	ldaexb	r0, [r3]
100042f6:	2101      	movs	r1, #1
100042f8:	2800      	cmp	r0, #0
100042fa:	d1fa      	bne.n	100042f2 <tud_task_ext+0x2e>
100042fc:	e8c3 1f40 	strexb	r0, r1, [r3]
10004300:	2800      	cmp	r0, #0
10004302:	d1f6      	bne.n	100042f2 <tud_task_ext+0x2e>
10004304:	f3bf 8f5f 	dmb	sy
10004308:	4640      	mov	r0, r8
1000430a:	f8c8 201c 	str.w	r2, [r8, #28]
1000430e:	2300      	movs	r3, #0
10004310:	f830 2b04 	ldrh.w	r2, [r0], #4
10004314:	a909      	add	r1, sp, #36	@ 0x24
10004316:	f001 f947 	bl	100055a8 <tu_fifo_read_n_access_mode>
1000431a:	f8d8 3018 	ldr.w	r3, [r8, #24]
1000431e:	e8c3 6f8f 	stlb	r6, [r3]
10004322:	f8d8 301c 	ldr.w	r3, [r8, #28]
10004326:	f383 8810 	msr	PRIMASK, r3
1000432a:	b198      	cbz	r0, 10004354 <tud_task_ext+0x90>
1000432c:	f89d 3025 	ldrb.w	r3, [sp, #37]	@ 0x25
10004330:	3b01      	subs	r3, #1
10004332:	2b07      	cmp	r3, #7
10004334:	f200 8109 	bhi.w	1000454a <tud_task_ext+0x286>
10004338:	e8df f003 	tbb	[pc, r3]
1000433c:	8a949ca3 	.word	0x8a949ca3
10004340:	040f3384 	.word	0x040f3384
10004344:	9b0a      	ldr	r3, [sp, #40]	@ 0x28
10004346:	b10b      	cbz	r3, 1000434c <tud_task_ext+0x88>
10004348:	980b      	ldr	r0, [sp, #44]	@ 0x2c
1000434a:	4798      	blx	r3
1000434c:	9b02      	ldr	r3, [sp, #8]
1000434e:	3b01      	subs	r3, #1
10004350:	9302      	str	r3, [sp, #8]
10004352:	d1c7      	bne.n	100042e4 <tud_task_ext+0x20>
10004354:	b00d      	add	sp, #52	@ 0x34
10004356:	e8bd 8ff0 	ldmia.w	sp!, {r4, r5, r6, r7, r8, r9, sl, fp, pc}
1000435a:	f89d 1028 	ldrb.w	r1, [sp, #40]	@ 0x28
1000435e:	f001 080f 	and.w	r8, r1, #15
10004362:	eb07 0348 	add.w	r3, r7, r8, lsl #1
10004366:	eb03 13d1 	add.w	r3, r3, r1, lsr #7
1000436a:	f893 204b 	ldrb.w	r2, [r3, #75]	@ 0x4b
1000436e:	f002 02fa 	and.w	r2, r2, #250	@ 0xfa
10004372:	f883 204b 	strb.w	r2, [r3, #75]	@ 0x4b
10004376:	f1b8 0f00 	cmp.w	r8, #0
1000437a:	f000 8094 	beq.w	100044a6 <tud_task_ext+0x1e2>
1000437e:	4a89      	ldr	r2, [pc, #548]	@ (100045a4 <tud_task_ext+0x2e0>)
10004380:	f893 302b 	ldrb.w	r3, [r3, #43]	@ 0x2b
10004384:	7812      	ldrb	r2, [r2, #0]
10004386:	4293      	cmp	r3, r2
10004388:	f0c0 8083 	bcc.w	10004492 <tud_task_ext+0x1ce>
1000438c:	f040 80fc 	bne.w	10004588 <tud_task_ext+0x2c4>
10004390:	f8df 8224 	ldr.w	r8, [pc, #548]	@ 100045b8 <tud_task_ext+0x2f4>
10004394:	9b0b      	ldr	r3, [sp, #44]	@ 0x2c
10004396:	f89d 2029 	ldrb.w	r2, [sp, #41]	@ 0x29
1000439a:	f89d 0024 	ldrb.w	r0, [sp, #36]	@ 0x24
1000439e:	47c0      	blx	r8
100043a0:	e7d4      	b.n	1000434c <tud_task_ext+0x88>
100043a2:	f89a 3000 	ldrb.w	r3, [sl]
100043a6:	2b00      	cmp	r3, #0
100043a8:	d0d0      	beq.n	1000434c <tud_task_ext+0x88>
100043aa:	f89a 3000 	ldrb.w	r3, [sl]
100043ae:	3b01      	subs	r3, #1
100043b0:	b2db      	uxtb	r3, r3
100043b2:	f88a 3000 	strb.w	r3, [sl]
100043b6:	f89a 3000 	ldrb.w	r3, [sl]
100043ba:	f003 02ff 	and.w	r2, r3, #255	@ 0xff
100043be:	2b00      	cmp	r3, #0
100043c0:	d1c4      	bne.n	1000434c <tud_task_ext+0x88>
100043c2:	f04f 0c01 	mov.w	ip, #1
100043c6:	f8df 81d8 	ldr.w	r8, [pc, #472]	@ 100045a0 <tud_task_ext+0x2dc>
100043ca:	ab0c      	add	r3, sp, #48	@ 0x30
100043cc:	e913 0003 	ldmdb	r3, {r0, r1}
100043d0:	e888 0003 	stmia.w	r8, {r0, r1}
100043d4:	f898 3000 	ldrb.w	r3, [r8]
100043d8:	f888 c014 	strb.w	ip, [r8, #20]
100043dc:	f003 0060 	and.w	r0, r3, #96	@ 0x60
100043e0:	2860      	cmp	r0, #96	@ 0x60
100043e2:	f888 204b 	strb.w	r2, [r8, #75]	@ 0x4b
100043e6:	e9c8 2202 	strd	r2, r2, [r8, #8]
100043ea:	f89d 9024 	ldrb.w	r9, [sp, #36]	@ 0x24
100043ee:	f8c8 2010 	str.w	r2, [r8, #16]
100043f2:	f888 204c 	strb.w	r2, [r8, #76]	@ 0x4c
100043f6:	f000 80e4 	beq.w	100045c2 <tud_task_ext+0x2fe>
100043fa:	2840      	cmp	r0, #64	@ 0x40
100043fc:	f000 8246 	beq.w	1000488c <tud_task_ext+0x5c8>
10004400:	f003 031f 	and.w	r3, r3, #31
10004404:	2b01      	cmp	r3, #1
10004406:	f000 81c9 	beq.w	1000479c <tud_task_ext+0x4d8>
1000440a:	2b02      	cmp	r3, #2
1000440c:	f000 80ec 	beq.w	100045e8 <tud_task_ext+0x324>
10004410:	2b00      	cmp	r3, #0
10004412:	f040 80d6 	bne.w	100045c2 <tud_task_ext+0x2fe>
10004416:	2820      	cmp	r0, #32
10004418:	f000 8245 	beq.w	100048a6 <tud_task_ext+0x5e2>
1000441c:	2800      	cmp	r0, #0
1000441e:	f040 80d0 	bne.w	100045c2 <tud_task_ext+0x2fe>
10004422:	f898 3001 	ldrb.w	r3, [r8, #1]
10004426:	2b09      	cmp	r3, #9
10004428:	f200 80cb 	bhi.w	100045c2 <tud_task_ext+0x2fe>
1000442c:	e8df f013 	tbh	[pc, r3, lsl #1]
10004430:	016d017d 	.word	0x016d017d
10004434:	015d00c9 	.word	0x015d00c9
10004438:	015400c9 	.word	0x015400c9
1000443c:	00c9012b 	.word	0x00c9012b
10004440:	010a011f 	.word	0x010a011f
10004444:	7d3b      	ldrb	r3, [r7, #20]
10004446:	2b00      	cmp	r3, #0
10004448:	d080      	beq.n	1000434c <tud_task_ext+0x88>
1000444a:	f7ff fd6b 	bl	10003f24 <tud_resume_cb>
1000444e:	e77d      	b.n	1000434c <tud_task_ext+0x88>
10004450:	7d3b      	ldrb	r3, [r7, #20]
10004452:	2b00      	cmp	r3, #0
10004454:	f43f af7a 	beq.w	1000434c <tud_task_ext+0x88>
10004458:	7df8      	ldrb	r0, [r7, #23]
1000445a:	f3c0 0040 	ubfx	r0, r0, #1, #1
1000445e:	f7ff fd5f 	bl	10003f20 <tud_suspend_cb>
10004462:	e773      	b.n	1000434c <tud_task_ext+0x88>
10004464:	7ebb      	ldrb	r3, [r7, #26]
10004466:	07da      	lsls	r2, r3, #31
10004468:	f57f af70 	bpl.w	1000434c <tud_task_ext+0x88>
1000446c:	980a      	ldr	r0, [sp, #40]	@ 0x28
1000446e:	f7ff fd4d 	bl	10003f0c <tud_sof_cb>
10004472:	e76b      	b.n	1000434c <tud_task_ext+0x88>
10004474:	f89d 0024 	ldrb.w	r0, [sp, #36]	@ 0x24
10004478:	f7ff fcfa 	bl	10003e70 <configuration_reset>
1000447c:	f7ff fd4e 	bl	10003f1c <tud_umount_cb>
10004480:	e764      	b.n	1000434c <tud_task_ext+0x88>
10004482:	f89d 0024 	ldrb.w	r0, [sp, #36]	@ 0x24
10004486:	f7ff fcf3 	bl	10003e70 <configuration_reset>
1000448a:	f89d 3028 	ldrb.w	r3, [sp, #40]	@ 0x28
1000448e:	767b      	strb	r3, [r7, #25]
10004490:	e75c      	b.n	1000434c <tud_task_ext+0x88>
10004492:	4a45      	ldr	r2, [pc, #276]	@ (100045a8 <tud_task_ext+0x2e4>)
10004494:	eb03 03c3 	add.w	r3, r3, r3, lsl #3
10004498:	6812      	ldr	r2, [r2, #0]
1000449a:	eb12 0283 	adds.w	r2, r2, r3, lsl #2
1000449e:	d073      	beq.n	10004588 <tud_task_ext+0x2c4>
100044a0:	f8d2 8018 	ldr.w	r8, [r2, #24]
100044a4:	e776      	b.n	10004394 <tud_task_ext+0xd0>
100044a6:	f8b7 e006 	ldrh.w	lr, [r7, #6]
100044aa:	f89d 3024 	ldrb.w	r3, [sp, #36]	@ 0x24
100044ae:	9a0b      	ldr	r2, [sp, #44]	@ 0x2c
100044b0:	f1be 0f00 	cmp.w	lr, #0
100044b4:	d052      	beq.n	1000455c <tud_task_ext+0x298>
100044b6:	f897 9000 	ldrb.w	r9, [r7]
100044ba:	ea6f 0909 	mvn.w	r9, r9
100044be:	f009 0980 	and.w	r9, r9, #128	@ 0x80
100044c2:	4549      	cmp	r1, r9
100044c4:	d04d      	beq.n	10004562 <tud_task_ext+0x29e>
100044c6:	f997 1000 	ldrsb.w	r1, [r7]
100044ca:	68b8      	ldr	r0, [r7, #8]
100044cc:	2900      	cmp	r1, #0
100044ce:	db75      	blt.n	100045bc <tud_task_ext+0x2f8>
100044d0:	2800      	cmp	r0, #0
100044d2:	f43f af3b 	beq.w	1000434c <tud_task_ext+0x88>
100044d6:	f8b7 c00e 	ldrh.w	ip, [r7, #14]
100044da:	89b9      	ldrh	r1, [r7, #12]
100044dc:	eba1 010c 	sub.w	r1, r1, ip
100044e0:	428a      	cmp	r2, r1
100044e2:	bf28      	it	cs
100044e4:	460a      	movcs	r2, r1
100044e6:	4931      	ldr	r1, [pc, #196]	@ (100045ac <tud_task_ext+0x2e8>)
100044e8:	4288      	cmp	r0, r1
100044ea:	d00a      	beq.n	10004502 <tud_task_ext+0x23e>
100044ec:	e9cd 2303 	strd	r2, r3, [sp, #12]
100044f0:	f001 fa66 	bl	100059c0 <__memcpy_veneer>
100044f4:	e9dd 2303 	ldrd	r2, r3, [sp, #12]
100044f8:	f8b7 c00e 	ldrh.w	ip, [r7, #14]
100044fc:	68b8      	ldr	r0, [r7, #8]
100044fe:	f8b7 e006 	ldrh.w	lr, [r7, #6]
10004502:	4494      	add	ip, r2
10004504:	fa1f fc8c 	uxth.w	ip, ip
10004508:	1881      	adds	r1, r0, r2
1000450a:	45f4      	cmp	ip, lr
1000450c:	f8a7 c00e 	strh.w	ip, [r7, #14]
10004510:	60b9      	str	r1, [r7, #8]
10004512:	d002      	beq.n	1000451a <tud_task_ext+0x256>
10004514:	2a3f      	cmp	r2, #63	@ 0x3f
10004516:	f200 8114 	bhi.w	10004742 <tud_task_ext+0x47e>
1000451a:	f8d7 8010 	ldr.w	r8, [r7, #16]
1000451e:	f1b8 0f00 	cmp.w	r8, #0
10004522:	d008      	beq.n	10004536 <tud_task_ext+0x272>
10004524:	4618      	mov	r0, r3
10004526:	2102      	movs	r1, #2
10004528:	4a1d      	ldr	r2, [pc, #116]	@ (100045a0 <tud_task_ext+0x2dc>)
1000452a:	9303      	str	r3, [sp, #12]
1000452c:	47c0      	blx	r8
1000452e:	9b03      	ldr	r3, [sp, #12]
10004530:	2800      	cmp	r0, #0
10004532:	f000 8128 	beq.w	10004786 <tud_task_ext+0x4c2>
10004536:	4618      	mov	r0, r3
10004538:	2300      	movs	r3, #0
1000453a:	4649      	mov	r1, r9
1000453c:	461a      	mov	r2, r3
1000453e:	9300      	str	r3, [sp, #0]
10004540:	f7ff fe88 	bl	10004254 <usbd_edpt_xfer>
10004544:	2800      	cmp	r0, #0
10004546:	f47f af01 	bne.w	1000434c <tud_task_ext+0x88>
1000454a:	f04f 23e0 	mov.w	r3, #3758153728	@ 0xe000e000
1000454e:	f8d3 3df0 	ldr.w	r3, [r3, #3568]	@ 0xdf0
10004552:	07db      	lsls	r3, r3, #31
10004554:	f57f aefa 	bpl.w	1000434c <tud_task_ext+0x88>
10004558:	be00      	bkpt	0x0000
1000455a:	e6f7      	b.n	1000434c <tud_task_ext+0x88>
1000455c:	f04f 0980 	mov.w	r9, #128	@ 0x80
10004560:	e7af      	b.n	100044c2 <tud_task_ext+0x1fe>
10004562:	2a00      	cmp	r2, #0
10004564:	d1f1      	bne.n	1000454a <tud_task_ext+0x286>
10004566:	4618      	mov	r0, r3
10004568:	490d      	ldr	r1, [pc, #52]	@ (100045a0 <tud_task_ext+0x2dc>)
1000456a:	9303      	str	r3, [sp, #12]
1000456c:	f7ff f95c 	bl	10003828 <dcd_edpt0_status_complete>
10004570:	f8d7 8010 	ldr.w	r8, [r7, #16]
10004574:	f1b8 0f00 	cmp.w	r8, #0
10004578:	f43f aee8 	beq.w	1000434c <tud_task_ext+0x88>
1000457c:	9b03      	ldr	r3, [sp, #12]
1000457e:	2103      	movs	r1, #3
10004580:	4618      	mov	r0, r3
10004582:	4a07      	ldr	r2, [pc, #28]	@ (100045a0 <tud_task_ext+0x2dc>)
10004584:	47c0      	blx	r8
10004586:	e6e1      	b.n	1000434c <tud_task_ext+0x88>
10004588:	f04f 23e0 	mov.w	r3, #3758153728	@ 0xe000e000
1000458c:	f8d3 3df0 	ldr.w	r3, [r3, #3568]	@ 0xdf0
10004590:	07d9      	lsls	r1, r3, #31
10004592:	f57f aedf 	bpl.w	10004354 <tud_task_ext+0x90>
10004596:	be00      	bkpt	0x0000
10004598:	e6dc      	b.n	10004354 <tud_task_ext+0x90>
1000459a:	bf00      	nop
1000459c:	20000bfc 	.word	0x20000bfc
100045a0:	20000b8c 	.word	0x20000b8c
100045a4:	20001011 	.word	0x20001011
100045a8:	200009c0 	.word	0x200009c0
100045ac:	20000b20 	.word	0x20000b20
100045b0:	20000828 	.word	0x20000828
100045b4:	20001013 	.word	0x20001013
100045b8:	10004e55 	.word	0x10004e55
100045bc:	f8b7 c00e 	ldrh.w	ip, [r7, #14]
100045c0:	e79f      	b.n	10004502 <tud_task_ext+0x23e>
100045c2:	f04f 23e0 	mov.w	r3, #3758153728	@ 0xe000e000
100045c6:	f8d3 3df0 	ldr.w	r3, [r3, #3568]	@ 0xdf0
100045ca:	07db      	lsls	r3, r3, #31
100045cc:	d502      	bpl.n	100045d4 <tud_task_ext+0x310>
100045ce:	be00      	bkpt	0x0000
100045d0:	f89d 9024 	ldrb.w	r9, [sp, #36]	@ 0x24
100045d4:	4648      	mov	r0, r9
100045d6:	2100      	movs	r1, #0
100045d8:	f7ff f9fe 	bl	100039d8 <dcd_edpt_stall>
100045dc:	2180      	movs	r1, #128	@ 0x80
100045de:	f89d 0024 	ldrb.w	r0, [sp, #36]	@ 0x24
100045e2:	f7ff f9f9 	bl	100039d8 <dcd_edpt_stall>
100045e6:	e6b1      	b.n	1000434c <tud_task_ext+0x88>
100045e8:	f898 1004 	ldrb.w	r1, [r8, #4]
100045ec:	4abe      	ldr	r2, [pc, #760]	@ (100048e8 <tud_task_ext+0x624>)
100045ee:	f001 040f 	and.w	r4, r1, #15
100045f2:	eb08 0344 	add.w	r3, r8, r4, lsl #1
100045f6:	eb03 13d1 	add.w	r3, r3, r1, lsr #7
100045fa:	f892 c000 	ldrb.w	ip, [r2]
100045fe:	f893 202b 	ldrb.w	r2, [r3, #43]	@ 0x2b
10004602:	0063      	lsls	r3, r4, #1
10004604:	4562      	cmp	r2, ip
10004606:	9303      	str	r3, [sp, #12]
10004608:	ea4f 13d1 	mov.w	r3, r1, lsr #7
1000460c:	f080 811f 	bcs.w	1000484e <tud_task_ext+0x58a>
10004610:	f8df c2e0 	ldr.w	ip, [pc, #736]	@ 100048f4 <tud_task_ext+0x630>
10004614:	eb02 02c2 	add.w	r2, r2, r2, lsl #3
10004618:	f8dc 4000 	ldr.w	r4, [ip]
1000461c:	eb04 0482 	add.w	r4, r4, r2, lsl #2
10004620:	2800      	cmp	r0, #0
10004622:	f000 8119 	beq.w	10004858 <tud_task_ext+0x594>
10004626:	2c00      	cmp	r4, #0
10004628:	d0d4      	beq.n	100045d4 <tud_task_ext+0x310>
1000462a:	6963      	ldr	r3, [r4, #20]
1000462c:	4648      	mov	r0, r9
1000462e:	2101      	movs	r1, #1
10004630:	4aae      	ldr	r2, [pc, #696]	@ (100048ec <tud_task_ext+0x628>)
10004632:	f8c8 3010 	str.w	r3, [r8, #16]
10004636:	4798      	blx	r3
10004638:	2800      	cmp	r0, #0
1000463a:	f47f ae87 	bne.w	1000434c <tud_task_ext+0x88>
1000463e:	f89d 9024 	ldrb.w	r9, [sp, #36]	@ 0x24
10004642:	e7c7      	b.n	100045d4 <tud_task_ext+0x310>
10004644:	f898 2002 	ldrb.w	r2, [r8, #2]
10004648:	f898 3018 	ldrb.w	r3, [r8, #24]
1000464c:	429a      	cmp	r2, r3
1000464e:	d009      	beq.n	10004664 <tud_task_ext+0x3a0>
10004650:	2b00      	cmp	r3, #0
10004652:	f040 820c 	bne.w	10004a6e <tud_task_ext+0x7aa>
10004656:	f888 2018 	strb.w	r2, [r8, #24]
1000465a:	2a00      	cmp	r2, #0
1000465c:	f040 8197 	bne.w	1000498e <tud_task_ext+0x6ca>
10004660:	f7ff fc5c 	bl	10003f1c <tud_umount_cb>
10004664:	4648      	mov	r0, r9
10004666:	49a1      	ldr	r1, [pc, #644]	@ (100048ec <tud_task_ext+0x628>)
10004668:	f7ff fcec 	bl	10004044 <tud_control_status>
1000466c:	e66e      	b.n	1000434c <tud_task_ext+0x88>
1000466e:	f898 3018 	ldrb.w	r3, [r8, #24]
10004672:	f88d 3022 	strb.w	r3, [sp, #34]	@ 0x22
10004676:	4648      	mov	r0, r9
10004678:	2301      	movs	r3, #1
1000467a:	499c      	ldr	r1, [pc, #624]	@ (100048ec <tud_task_ext+0x628>)
1000467c:	f10d 0222 	add.w	r2, sp, #34	@ 0x22
10004680:	f7ff fd1e 	bl	100040c0 <tud_control_xfer>
10004684:	e662      	b.n	1000434c <tud_task_ext+0x88>
10004686:	f8b8 0002 	ldrh.w	r0, [r8, #2]
1000468a:	0a03      	lsrs	r3, r0, #8
1000468c:	3b01      	subs	r3, #1
1000468e:	0a02      	lsrs	r2, r0, #8
10004690:	b2c0      	uxtb	r0, r0
10004692:	2b0e      	cmp	r3, #14
10004694:	d89e      	bhi.n	100045d4 <tud_task_ext+0x310>
10004696:	a101      	add	r1, pc, #4	@ (adr r1, 1000469c <tud_task_ext+0x3d8>)
10004698:	f851 f023 	ldr.w	pc, [r1, r3, lsl #2]
1000469c:	10004adf 	.word	0x10004adf
100046a0:	10004acd 	.word	0x10004acd
100046a4:	10004abd 	.word	0x10004abd
100046a8:	100045d5 	.word	0x100045d5
100046ac:	100045d5 	.word	0x100045d5
100046b0:	10004aa5 	.word	0x10004aa5
100046b4:	10004acd 	.word	0x10004acd
100046b8:	100045d5 	.word	0x100045d5
100046bc:	100045d5 	.word	0x100045d5
100046c0:	100045d5 	.word	0x100045d5
100046c4:	100045d5 	.word	0x100045d5
100046c8:	100045d5 	.word	0x100045d5
100046cc:	100045d5 	.word	0x100045d5
100046d0:	100045d5 	.word	0x100045d5
100046d4:	10004977 	.word	0x10004977
100046d8:	4648      	mov	r0, r9
100046da:	f898 1002 	ldrb.w	r1, [r8, #2]
100046de:	f7ff f87d 	bl	100037dc <dcd_set_address>
100046e2:	2301      	movs	r3, #1
100046e4:	f888 3015 	strb.w	r3, [r8, #21]
100046e8:	e630      	b.n	1000434c <tud_task_ext+0x88>
100046ea:	f8b8 3002 	ldrh.w	r3, [r8, #2]
100046ee:	2b01      	cmp	r3, #1
100046f0:	f47f af70 	bne.w	100045d4 <tud_task_ext+0x310>
100046f4:	f898 3017 	ldrb.w	r3, [r8, #23]
100046f8:	4648      	mov	r0, r9
100046fa:	f043 0302 	orr.w	r3, r3, #2
100046fe:	497b      	ldr	r1, [pc, #492]	@ (100048ec <tud_task_ext+0x628>)
10004700:	f888 3017 	strb.w	r3, [r8, #23]
10004704:	f7ff fc9e 	bl	10004044 <tud_control_status>
10004708:	e620      	b.n	1000434c <tud_task_ext+0x88>
1000470a:	f8b8 3002 	ldrh.w	r3, [r8, #2]
1000470e:	2b01      	cmp	r3, #1
10004710:	f47f af60 	bne.w	100045d4 <tud_task_ext+0x310>
10004714:	f898 3017 	ldrb.w	r3, [r8, #23]
10004718:	4648      	mov	r0, r9
1000471a:	f023 0302 	bic.w	r3, r3, #2
1000471e:	4973      	ldr	r1, [pc, #460]	@ (100048ec <tud_task_ext+0x628>)
10004720:	f888 3017 	strb.w	r3, [r8, #23]
10004724:	f7ff fc8e 	bl	10004044 <tud_control_status>
10004728:	e610      	b.n	1000434c <tud_task_ext+0x88>
1000472a:	f898 3017 	ldrb.w	r3, [r8, #23]
1000472e:	4648      	mov	r0, r9
10004730:	f8ad 3022 	strh.w	r3, [sp, #34]	@ 0x22
10004734:	496d      	ldr	r1, [pc, #436]	@ (100048ec <tud_task_ext+0x628>)
10004736:	2302      	movs	r3, #2
10004738:	f10d 0222 	add.w	r2, sp, #34	@ 0x22
1000473c:	f7ff fcc0 	bl	100040c0 <tud_control_xfer>
10004740:	e604      	b.n	1000434c <tud_task_ext+0x88>
10004742:	89ba      	ldrh	r2, [r7, #12]
10004744:	f997 0000 	ldrsb.w	r0, [r7]
10004748:	eba2 030c 	sub.w	r3, r2, ip
1000474c:	b29b      	uxth	r3, r3
1000474e:	2b40      	cmp	r3, #64	@ 0x40
10004750:	bf28      	it	cs
10004752:	2340      	movcs	r3, #64	@ 0x40
10004754:	2800      	cmp	r0, #0
10004756:	db6a      	blt.n	1000482e <tud_task_ext+0x56a>
10004758:	4594      	cmp	ip, r2
1000475a:	f04f 0900 	mov.w	r9, #0
1000475e:	f000 80b7 	beq.w	100048d0 <tud_task_ext+0x60c>
10004762:	4a63      	ldr	r2, [pc, #396]	@ (100048f0 <tud_task_ext+0x62c>)
10004764:	44b9      	add	r9, r7
10004766:	f899 104b 	ldrb.w	r1, [r9, #75]	@ 0x4b
1000476a:	f89b 0000 	ldrb.w	r0, [fp]
1000476e:	f011 0101 	ands.w	r1, r1, #1
10004772:	d041      	beq.n	100047f8 <tud_task_ext+0x534>
10004774:	f04f 23e0 	mov.w	r3, #3758153728	@ 0xe000e000
10004778:	f8d3 3df0 	ldr.w	r3, [r3, #3568]	@ 0xdf0
1000477c:	07dc      	lsls	r4, r3, #31
1000477e:	f57f aee4 	bpl.w	1000454a <tud_task_ext+0x286>
10004782:	be00      	bkpt	0x0000
10004784:	e6e1      	b.n	1000454a <tud_task_ext+0x286>
10004786:	4601      	mov	r1, r0
10004788:	4618      	mov	r0, r3
1000478a:	9303      	str	r3, [sp, #12]
1000478c:	f7ff f924 	bl	100039d8 <dcd_edpt_stall>
10004790:	9b03      	ldr	r3, [sp, #12]
10004792:	2180      	movs	r1, #128	@ 0x80
10004794:	4618      	mov	r0, r3
10004796:	f7ff f91f 	bl	100039d8 <dcd_edpt_stall>
1000479a:	e5d7      	b.n	1000434c <tud_task_ext+0x88>
1000479c:	f898 3004 	ldrb.w	r3, [r8, #4]
100047a0:	2b0f      	cmp	r3, #15
100047a2:	f63f af17 	bhi.w	100045d4 <tud_task_ext+0x310>
100047a6:	4a50      	ldr	r2, [pc, #320]	@ (100048e8 <tud_task_ext+0x624>)
100047a8:	4443      	add	r3, r8
100047aa:	7edb      	ldrb	r3, [r3, #27]
100047ac:	7812      	ldrb	r2, [r2, #0]
100047ae:	4293      	cmp	r3, r2
100047b0:	d275      	bcs.n	1000489e <tud_task_ext+0x5da>
100047b2:	4a50      	ldr	r2, [pc, #320]	@ (100048f4 <tud_task_ext+0x630>)
100047b4:	eb03 03c3 	add.w	r3, r3, r3, lsl #3
100047b8:	6812      	ldr	r2, [r2, #0]
100047ba:	eb12 0283 	adds.w	r2, r2, r3, lsl #2
100047be:	f43f af09 	beq.w	100045d4 <tud_task_ext+0x310>
100047c2:	6953      	ldr	r3, [r2, #20]
100047c4:	2101      	movs	r1, #1
100047c6:	4648      	mov	r0, r9
100047c8:	4a48      	ldr	r2, [pc, #288]	@ (100048ec <tud_task_ext+0x628>)
100047ca:	f8c8 3010 	str.w	r3, [r8, #16]
100047ce:	4798      	blx	r3
100047d0:	2800      	cmp	r0, #0
100047d2:	f47f adbb 	bne.w	1000434c <tud_task_ext+0x88>
100047d6:	f898 3000 	ldrb.w	r3, [r8]
100047da:	f013 0360 	ands.w	r3, r3, #96	@ 0x60
100047de:	f47f af2e 	bne.w	1000463e <tud_task_ext+0x37a>
100047e2:	f898 2001 	ldrb.w	r2, [r8, #1]
100047e6:	f8c8 3010 	str.w	r3, [r8, #16]
100047ea:	2a0a      	cmp	r2, #10
100047ec:	f43f af41 	beq.w	10004672 <tud_task_ext+0x3ae>
100047f0:	2a0b      	cmp	r2, #11
100047f2:	f43f af37 	beq.w	10004664 <tud_task_ext+0x3a0>
100047f6:	e722      	b.n	1000463e <tud_task_ext+0x37a>
100047f8:	9100      	str	r1, [sp, #0]
100047fa:	f899 c04b 	ldrb.w	ip, [r9, #75]	@ 0x4b
100047fe:	4641      	mov	r1, r8
10004800:	f04c 0c01 	orr.w	ip, ip, #1
10004804:	f889 c04b 	strb.w	ip, [r9, #75]	@ 0x4b
10004808:	f7ff f8b4 	bl	10003974 <dcd_edpt_xfer>
1000480c:	2800      	cmp	r0, #0
1000480e:	f47f ad9d 	bne.w	1000434c <tud_task_ext+0x88>
10004812:	f04f 22e0 	mov.w	r2, #3758153728	@ 0xe000e000
10004816:	f899 304b 	ldrb.w	r3, [r9, #75]	@ 0x4b
1000481a:	f003 03fa 	and.w	r3, r3, #250	@ 0xfa
1000481e:	f889 304b 	strb.w	r3, [r9, #75]	@ 0x4b
10004822:	f8d2 3df0 	ldr.w	r3, [r2, #3568]	@ 0xdf0
10004826:	07d8      	lsls	r0, r3, #31
10004828:	f57f ae8f 	bpl.w	1000454a <tud_task_ext+0x286>
1000482c:	e7a9      	b.n	10004782 <tud_task_ext+0x4be>
1000482e:	4594      	cmp	ip, r2
10004830:	d054      	beq.n	100048dc <tud_task_ext+0x618>
10004832:	482f      	ldr	r0, [pc, #188]	@ (100048f0 <tud_task_ext+0x62c>)
10004834:	4281      	cmp	r1, r0
10004836:	d004      	beq.n	10004842 <tud_task_ext+0x57e>
10004838:	461a      	mov	r2, r3
1000483a:	9303      	str	r3, [sp, #12]
1000483c:	f001 f8c0 	bl	100059c0 <__memcpy_veneer>
10004840:	9b03      	ldr	r3, [sp, #12]
10004842:	f04f 0901 	mov.w	r9, #1
10004846:	f04f 0880 	mov.w	r8, #128	@ 0x80
1000484a:	4a29      	ldr	r2, [pc, #164]	@ (100048f0 <tud_task_ext+0x62c>)
1000484c:	e78a      	b.n	10004764 <tud_task_ext+0x4a0>
1000484e:	f040 8080 	bne.w	10004952 <tud_task_ext+0x68e>
10004852:	2800      	cmp	r0, #0
10004854:	d140      	bne.n	100048d8 <tud_task_ext+0x614>
10004856:	4c28      	ldr	r4, [pc, #160]	@ (100048f8 <tud_task_ext+0x634>)
10004858:	f898 2001 	ldrb.w	r2, [r8, #1]
1000485c:	f002 00fd 	and.w	r0, r2, #253	@ 0xfd
10004860:	2801      	cmp	r0, #1
10004862:	d04f      	beq.n	10004904 <tud_task_ext+0x640>
10004864:	2a00      	cmp	r2, #0
10004866:	f47f aeac 	bne.w	100045c2 <tud_task_ext+0x2fe>
1000486a:	9a03      	ldr	r2, [sp, #12]
1000486c:	4648      	mov	r0, r9
1000486e:	4490      	add	r8, r2
10004870:	4443      	add	r3, r8
10004872:	f893 304b 	ldrb.w	r3, [r3, #75]	@ 0x4b
10004876:	491d      	ldr	r1, [pc, #116]	@ (100048ec <tud_task_ext+0x628>)
10004878:	f3c3 0340 	ubfx	r3, r3, #1, #1
1000487c:	f8ad 3022 	strh.w	r3, [sp, #34]	@ 0x22
10004880:	f10d 0222 	add.w	r2, sp, #34	@ 0x22
10004884:	2302      	movs	r3, #2
10004886:	f7ff fc1b 	bl	100040c0 <tud_control_xfer>
1000488a:	e55f      	b.n	1000434c <tud_task_ext+0x88>
1000488c:	4b1b      	ldr	r3, [pc, #108]	@ (100048fc <tud_task_ext+0x638>)
1000488e:	4661      	mov	r1, ip
10004890:	4648      	mov	r0, r9
10004892:	4642      	mov	r2, r8
10004894:	f8c8 3010 	str.w	r3, [r8, #16]
10004898:	f7fe fd90 	bl	100033bc <tud_vendor_control_xfer_cb>
1000489c:	e6cc      	b.n	10004638 <tud_task_ext+0x374>
1000489e:	f47f ae99 	bne.w	100045d4 <tud_task_ext+0x310>
100048a2:	4b17      	ldr	r3, [pc, #92]	@ (10004900 <tud_task_ext+0x63c>)
100048a4:	e78e      	b.n	100047c4 <tud_task_ext+0x500>
100048a6:	f898 3004 	ldrb.w	r3, [r8, #4]
100048aa:	2b0f      	cmp	r3, #15
100048ac:	f63f ae92 	bhi.w	100045d4 <tud_task_ext+0x310>
100048b0:	4a0d      	ldr	r2, [pc, #52]	@ (100048e8 <tud_task_ext+0x624>)
100048b2:	4443      	add	r3, r8
100048b4:	7edb      	ldrb	r3, [r3, #27]
100048b6:	7812      	ldrb	r2, [r2, #0]
100048b8:	4293      	cmp	r3, r2
100048ba:	d20b      	bcs.n	100048d4 <tud_task_ext+0x610>
100048bc:	4a0d      	ldr	r2, [pc, #52]	@ (100048f4 <tud_task_ext+0x630>)
100048be:	eb03 03c3 	add.w	r3, r3, r3, lsl #3
100048c2:	6812      	ldr	r2, [r2, #0]
100048c4:	eb12 0283 	adds.w	r2, r2, r3, lsl #2
100048c8:	f43f ae84 	beq.w	100045d4 <tud_task_ext+0x310>
100048cc:	6953      	ldr	r3, [r2, #20]
100048ce:	e6ad      	b.n	1000462c <tud_task_ext+0x368>
100048d0:	464a      	mov	r2, r9
100048d2:	e747      	b.n	10004764 <tud_task_ext+0x4a0>
100048d4:	f47f ae7e 	bne.w	100045d4 <tud_task_ext+0x310>
100048d8:	4b09      	ldr	r3, [pc, #36]	@ (10004900 <tud_task_ext+0x63c>)
100048da:	e6a7      	b.n	1000462c <tud_task_ext+0x368>
100048dc:	f04f 0901 	mov.w	r9, #1
100048e0:	f04f 0880 	mov.w	r8, #128	@ 0x80
100048e4:	2200      	movs	r2, #0
100048e6:	e73d      	b.n	10004764 <tud_task_ext+0x4a0>
100048e8:	20001011 	.word	0x20001011
100048ec:	20000b8c 	.word	0x20000b8c
100048f0:	20000b20 	.word	0x20000b20
100048f4:	200009c0 	.word	0x200009c0
100048f8:	10006024 	.word	0x10006024
100048fc:	100033bd 	.word	0x100033bd
10004900:	10004db1 	.word	0x10004db1
10004904:	f8b8 0002 	ldrh.w	r0, [r8, #2]
10004908:	b980      	cbnz	r0, 1000492c <tud_task_ext+0x668>
1000490a:	2a01      	cmp	r2, #1
1000490c:	f89b 0000 	ldrb.w	r0, [fp]
10004910:	9304      	str	r3, [sp, #16]
10004912:	d023      	beq.n	1000495c <tud_task_ext+0x698>
10004914:	f7ff f860 	bl	100039d8 <dcd_edpt_stall>
10004918:	9a03      	ldr	r2, [sp, #12]
1000491a:	9b04      	ldr	r3, [sp, #16]
1000491c:	4442      	add	r2, r8
1000491e:	4413      	add	r3, r2
10004920:	f893 204b 	ldrb.w	r2, [r3, #75]	@ 0x4b
10004924:	f042 0203 	orr.w	r2, r2, #3
10004928:	f883 204b 	strb.w	r2, [r3, #75]	@ 0x4b
1000492c:	2c00      	cmp	r4, #0
1000492e:	f43f ad0d 	beq.w	1000434c <tud_task_ext+0x88>
10004932:	6963      	ldr	r3, [r4, #20]
10004934:	4a76      	ldr	r2, [pc, #472]	@ (10004b10 <tud_task_ext+0x84c>)
10004936:	f8c8 3010 	str.w	r3, [r8, #16]
1000493a:	2101      	movs	r1, #1
1000493c:	4648      	mov	r0, r9
1000493e:	4798      	blx	r3
10004940:	2300      	movs	r3, #0
10004942:	f8c8 3010 	str.w	r3, [r8, #16]
10004946:	f898 304c 	ldrb.w	r3, [r8, #76]	@ 0x4c
1000494a:	07da      	lsls	r2, r3, #31
1000494c:	f53f acfe 	bmi.w	1000434c <tud_task_ext+0x88>
10004950:	e688      	b.n	10004664 <tud_task_ext+0x3a0>
10004952:	2800      	cmp	r0, #0
10004954:	f47f ae3e 	bne.w	100045d4 <tud_task_ext+0x310>
10004958:	4604      	mov	r4, r0
1000495a:	e77d      	b.n	10004858 <tud_task_ext+0x594>
1000495c:	f7ff f888 	bl	10003a70 <dcd_edpt_clear_stall>
10004960:	9a03      	ldr	r2, [sp, #12]
10004962:	9b04      	ldr	r3, [sp, #16]
10004964:	4442      	add	r2, r8
10004966:	4413      	add	r3, r2
10004968:	f893 204b 	ldrb.w	r2, [r3, #75]	@ 0x4b
1000496c:	f002 02fc 	and.w	r2, r2, #252	@ 0xfc
10004970:	f883 204b 	strb.w	r2, [r3, #75]	@ 0x4b
10004974:	e7da      	b.n	1000492c <tud_task_ext+0x668>
10004976:	f7fe fd1d 	bl	100033b4 <tud_descriptor_bos_cb>
1000497a:	4602      	mov	r2, r0
1000497c:	2800      	cmp	r0, #0
1000497e:	f43f ae5e 	beq.w	1000463e <tud_task_ext+0x37a>
10004982:	4648      	mov	r0, r9
10004984:	8853      	ldrh	r3, [r2, #2]
10004986:	4962      	ldr	r1, [pc, #392]	@ (10004b10 <tud_task_ext+0x84c>)
10004988:	f7ff fb9a 	bl	100040c0 <tud_control_xfer>
1000498c:	e654      	b.n	10004638 <tud_task_ext+0x374>
1000498e:	1e50      	subs	r0, r2, #1
10004990:	b2c0      	uxtb	r0, r0
10004992:	f7fe fbb3 	bl	100030fc <tud_descriptor_configuration_cb>
10004996:	2800      	cmp	r0, #0
10004998:	d057      	beq.n	10004a4a <tud_task_ext+0x786>
1000499a:	7842      	ldrb	r2, [r0, #1]
1000499c:	2a02      	cmp	r2, #2
1000499e:	d154      	bne.n	10004a4a <tud_task_ext+0x786>
100049a0:	79c2      	ldrb	r2, [r0, #7]
100049a2:	f898 1017 	ldrb.w	r1, [r8, #23]
100049a6:	1192      	asrs	r2, r2, #6
100049a8:	f362 0100 	bfi	r1, r2, #0, #1
100049ac:	f888 1017 	strb.w	r1, [r8, #23]
100049b0:	8842      	ldrh	r2, [r0, #2]
100049b2:	f100 0409 	add.w	r4, r0, #9
100049b6:	1882      	adds	r2, r0, r2
100049b8:	9204      	str	r2, [sp, #16]
100049ba:	f8cd 9014 	str.w	r9, [sp, #20]
100049be:	9a04      	ldr	r2, [sp, #16]
100049c0:	42a2      	cmp	r2, r4
100049c2:	d968      	bls.n	10004a96 <tud_task_ext+0x7d2>
100049c4:	7823      	ldrb	r3, [r4, #0]
100049c6:	4423      	add	r3, r4
100049c8:	429a      	cmp	r2, r3
100049ca:	d364      	bcc.n	10004a96 <tud_task_ext+0x7d2>
100049cc:	7862      	ldrb	r2, [r4, #1]
100049ce:	2a0b      	cmp	r2, #11
100049d0:	d066      	beq.n	10004aa0 <tud_task_ext+0x7dc>
100049d2:	2a04      	cmp	r2, #4
100049d4:	d139      	bne.n	10004a4a <tud_task_ext+0x786>
100049d6:	9b04      	ldr	r3, [sp, #16]
100049d8:	4621      	mov	r1, r4
100049da:	1b1a      	subs	r2, r3, r4
100049dc:	2300      	movs	r3, #0
100049de:	b292      	uxth	r2, r2
100049e0:	4614      	mov	r4, r2
100049e2:	9303      	str	r3, [sp, #12]
100049e4:	4b4b      	ldr	r3, [pc, #300]	@ (10004b14 <tud_task_ext+0x850>)
100049e6:	9306      	str	r3, [sp, #24]
100049e8:	9b06      	ldr	r3, [sp, #24]
100049ea:	f89d 900c 	ldrb.w	r9, [sp, #12]
100049ee:	781a      	ldrb	r2, [r3, #0]
100049f0:	1c53      	adds	r3, r2, #1
100049f2:	b2db      	uxtb	r3, r3
100049f4:	454b      	cmp	r3, r9
100049f6:	d928      	bls.n	10004a4a <tud_task_ext+0x786>
100049f8:	454a      	cmp	r2, r9
100049fa:	d949      	bls.n	10004a90 <tud_task_ext+0x7cc>
100049fc:	2224      	movs	r2, #36	@ 0x24
100049fe:	4b46      	ldr	r3, [pc, #280]	@ (10004b18 <tud_task_ext+0x854>)
10004a00:	681b      	ldr	r3, [r3, #0]
10004a02:	fb02 3309 	mla	r3, r2, r9, r3
10004a06:	b303      	cbz	r3, 10004a4a <tud_task_ext+0x786>
10004a08:	691b      	ldr	r3, [r3, #16]
10004a0a:	4622      	mov	r2, r4
10004a0c:	9805      	ldr	r0, [sp, #20]
10004a0e:	9107      	str	r1, [sp, #28]
10004a10:	4798      	blx	r3
10004a12:	9b03      	ldr	r3, [sp, #12]
10004a14:	2808      	cmp	r0, #8
10004a16:	f103 0301 	add.w	r3, r3, #1
10004a1a:	9907      	ldr	r1, [sp, #28]
10004a1c:	9303      	str	r3, [sp, #12]
10004a1e:	d9e3      	bls.n	100049e8 <tud_task_ext+0x724>
10004a20:	4284      	cmp	r4, r0
10004a22:	d3e1      	bcc.n	100049e8 <tud_task_ext+0x724>
10004a24:	2310      	movs	r3, #16
10004a26:	4a3d      	ldr	r2, [pc, #244]	@ (10004b1c <tud_task_ext+0x858>)
10004a28:	e9cd 1000 	strd	r1, r0, [sp]
10004a2c:	460c      	mov	r4, r1
10004a2e:	9003      	str	r0, [sp, #12]
10004a30:	18d1      	adds	r1, r2, r3
10004a32:	4648      	mov	r0, r9
10004a34:	f000 fb08 	bl	10005048 <tu_bind_driver_to_ep_itf>
10004a38:	b138      	cbz	r0, 10004a4a <tud_task_ext+0x786>
10004a3a:	9b03      	ldr	r3, [sp, #12]
10004a3c:	441c      	add	r4, r3
10004a3e:	9b06      	ldr	r3, [sp, #24]
10004a40:	781b      	ldrb	r3, [r3, #0]
10004a42:	3301      	adds	r3, #1
10004a44:	b2db      	uxtb	r3, r3
10004a46:	454b      	cmp	r3, r9
10004a48:	d8b9      	bhi.n	100049be <tud_task_ext+0x6fa>
10004a4a:	f04f 23e0 	mov.w	r3, #3758153728	@ 0xe000e000
10004a4e:	f8d3 3df0 	ldr.w	r3, [r3, #3568]	@ 0xdf0
10004a52:	07dc      	lsls	r4, r3, #31
10004a54:	d500      	bpl.n	10004a58 <tud_task_ext+0x794>
10004a56:	be00      	bkpt	0x0000
10004a58:	2200      	movs	r2, #0
10004a5a:	f04f 23e0 	mov.w	r3, #3758153728	@ 0xe000e000
10004a5e:	f888 2018 	strb.w	r2, [r8, #24]
10004a62:	f8d3 3df0 	ldr.w	r3, [r3, #3568]	@ 0xdf0
10004a66:	07d8      	lsls	r0, r3, #31
10004a68:	f53f adb1 	bmi.w	100045ce <tud_task_ext+0x30a>
10004a6c:	e5e7      	b.n	1000463e <tud_task_ext+0x37a>
10004a6e:	2100      	movs	r1, #0
10004a70:	4648      	mov	r0, r9
10004a72:	9203      	str	r2, [sp, #12]
10004a74:	f7fe fec4 	bl	10003800 <dcd_sof_enable>
10004a78:	4648      	mov	r0, r9
10004a7a:	f7fe ff49 	bl	10003910 <dcd_edpt_close_all>
10004a7e:	f898 4019 	ldrb.w	r4, [r8, #25]
10004a82:	4648      	mov	r0, r9
10004a84:	f7ff f9f4 	bl	10003e70 <configuration_reset>
10004a88:	9a03      	ldr	r2, [sp, #12]
10004a8a:	f888 4019 	strb.w	r4, [r8, #25]
10004a8e:	e5e2      	b.n	10004656 <tud_task_ext+0x392>
10004a90:	d1db      	bne.n	10004a4a <tud_task_ext+0x786>
10004a92:	4b23      	ldr	r3, [pc, #140]	@ (10004b20 <tud_task_ext+0x85c>)
10004a94:	e7b8      	b.n	10004a08 <tud_task_ext+0x744>
10004a96:	f8dd 9014 	ldr.w	r9, [sp, #20]
10004a9a:	f7ff fa3d 	bl	10003f18 <tud_mount_cb>
10004a9e:	e5e1      	b.n	10004664 <tud_task_ext+0x3a0>
10004aa0:	461c      	mov	r4, r3
10004aa2:	e78c      	b.n	100049be <tud_task_ext+0x6fa>
10004aa4:	f7ff fa34 	bl	10003f10 <tud_descriptor_device_qualifier_cb>
10004aa8:	4602      	mov	r2, r0
10004aaa:	2800      	cmp	r0, #0
10004aac:	f43f adc7 	beq.w	1000463e <tud_task_ext+0x37a>
10004ab0:	4648      	mov	r0, r9
10004ab2:	7813      	ldrb	r3, [r2, #0]
10004ab4:	4916      	ldr	r1, [pc, #88]	@ (10004b10 <tud_task_ext+0x84c>)
10004ab6:	f7ff fb03 	bl	100040c0 <tud_control_xfer>
10004aba:	e5bd      	b.n	10004638 <tud_task_ext+0x374>
10004abc:	f8b8 1004 	ldrh.w	r1, [r8, #4]
10004ac0:	f7fe fb20 	bl	10003104 <tud_descriptor_string_cb>
10004ac4:	4602      	mov	r2, r0
10004ac6:	2800      	cmp	r0, #0
10004ac8:	d1f2      	bne.n	10004ab0 <tud_task_ext+0x7ec>
10004aca:	e5b8      	b.n	1000463e <tud_task_ext+0x37a>
10004acc:	2a02      	cmp	r2, #2
10004ace:	d010      	beq.n	10004af2 <tud_task_ext+0x82e>
10004ad0:	f7ff fa20 	bl	10003f14 <tud_descriptor_other_speed_configuration_cb>
10004ad4:	4602      	mov	r2, r0
10004ad6:	2800      	cmp	r0, #0
10004ad8:	f47f af53 	bne.w	10004982 <tud_task_ext+0x6be>
10004adc:	e5af      	b.n	1000463e <tud_task_ext+0x37a>
10004ade:	f7fe fb09 	bl	100030f4 <tud_descriptor_device_cb>
10004ae2:	4602      	mov	r2, r0
10004ae4:	b158      	cbz	r0, 10004afe <tud_task_ext+0x83a>
10004ae6:	4648      	mov	r0, r9
10004ae8:	2312      	movs	r3, #18
10004aea:	4909      	ldr	r1, [pc, #36]	@ (10004b10 <tud_task_ext+0x84c>)
10004aec:	f7ff fae8 	bl	100040c0 <tud_control_xfer>
10004af0:	e5a2      	b.n	10004638 <tud_task_ext+0x374>
10004af2:	f7fe fb03 	bl	100030fc <tud_descriptor_configuration_cb>
10004af6:	4602      	mov	r2, r0
10004af8:	2800      	cmp	r0, #0
10004afa:	f47f af42 	bne.w	10004982 <tud_task_ext+0x6be>
10004afe:	f04f 23e0 	mov.w	r3, #3758153728	@ 0xe000e000
10004b02:	f8d3 3df0 	ldr.w	r3, [r3, #3568]	@ 0xdf0
10004b06:	07d9      	lsls	r1, r3, #31
10004b08:	f53f ad61 	bmi.w	100045ce <tud_task_ext+0x30a>
10004b0c:	e597      	b.n	1000463e <tud_task_ext+0x37a>
10004b0e:	bf00      	nop
10004b10:	20000b8c 	.word	0x20000b8c
10004b14:	20001011 	.word	0x20001011
10004b18:	200009c0 	.word	0x200009c0
10004b1c:	20000ba7 	.word	0x20000ba7
10004b20:	10006024 	.word	0x10006024

10004b24 <usbd_edpt_xfer_fifo>:
10004b24:	2000      	movs	r0, #0
10004b26:	4770      	bx	lr

10004b28 <tud_cdc_rx_cb>:
10004b28:	4770      	bx	lr
10004b2a:	bf00      	nop

10004b2c <tud_cdc_rx_wanted_cb>:
10004b2c:	4770      	bx	lr
10004b2e:	bf00      	nop

10004b30 <tud_cdc_tx_complete_cb>:
10004b30:	4770      	bx	lr
10004b32:	bf00      	nop

10004b34 <tud_cdc_notify_complete_cb>:
10004b34:	4770      	bx	lr
10004b36:	bf00      	nop

10004b38 <tud_cdc_line_state_cb>:
10004b38:	4770      	bx	lr
10004b3a:	bf00      	nop

10004b3c <tud_cdc_send_break_cb>:
10004b3c:	4770      	bx	lr
10004b3e:	bf00      	nop

10004b40 <tud_cdc_n_connected>:
10004b40:	b108      	cbz	r0, 10004b46 <tud_cdc_n_connected+0x6>
10004b42:	2000      	movs	r0, #0
10004b44:	4770      	bx	lr
10004b46:	b510      	push	{r4, lr}
10004b48:	f7ff f9ee 	bl	10003f28 <tud_mounted>
10004b4c:	4604      	mov	r4, r0
10004b4e:	f7ff f9f3 	bl	10003f38 <tud_suspended>
10004b52:	b12c      	cbz	r4, 10004b60 <tud_cdc_n_connected+0x20>
10004b54:	b920      	cbnz	r0, 10004b60 <tud_cdc_n_connected+0x20>
10004b56:	4b03      	ldr	r3, [pc, #12]	@ (10004b64 <tud_cdc_n_connected+0x24>)
10004b58:	78d8      	ldrb	r0, [r3, #3]
10004b5a:	f000 0001 	and.w	r0, r0, #1
10004b5e:	bd10      	pop	{r4, pc}
10004b60:	2000      	movs	r0, #0
10004b62:	bd10      	pop	{r4, pc}
10004b64:	20000a44 	.word	0x20000a44

10004b68 <tud_cdc_n_available>:
10004b68:	b998      	cbnz	r0, 10004b92 <tud_cdc_n_available+0x2a>
10004b6a:	490b      	ldr	r1, [pc, #44]	@ (10004b98 <tud_cdc_n_available+0x30>)
10004b6c:	f8b1 3048 	ldrh.w	r3, [r1, #72]	@ 0x48
10004b70:	f8b1 204a 	ldrh.w	r2, [r1, #74]	@ 0x4a
10004b74:	f8b1 0044 	ldrh.w	r0, [r1, #68]	@ 0x44
10004b78:	b292      	uxth	r2, r2
10004b7a:	b29b      	uxth	r3, r3
10004b7c:	4293      	cmp	r3, r2
10004b7e:	bfb6      	itet	lt
10004b80:	ebc2 0240 	rsblt	r2, r2, r0, lsl #1
10004b84:	1a9b      	subge	r3, r3, r2
10004b86:	189b      	addlt	r3, r3, r2
10004b88:	b29b      	uxth	r3, r3
10004b8a:	4298      	cmp	r0, r3
10004b8c:	bf28      	it	cs
10004b8e:	4618      	movcs	r0, r3
10004b90:	4770      	bx	lr
10004b92:	2000      	movs	r0, #0
10004b94:	4770      	bx	lr
10004b96:	bf00      	nop
10004b98:	20000a44 	.word	0x20000a44

10004b9c <tud_cdc_n_read>:
10004b9c:	b108      	cbz	r0, 10004ba2 <tud_cdc_n_read+0x6>
10004b9e:	2000      	movs	r0, #0
10004ba0:	4770      	bx	lr
10004ba2:	4801      	ldr	r0, [pc, #4]	@ (10004ba8 <tud_cdc_n_read+0xc>)
10004ba4:	f000 bc36 	b.w	10005414 <tu_edpt_stream_read>
10004ba8:	20000a78 	.word	0x20000a78

10004bac <tud_cdc_n_write>:
10004bac:	b108      	cbz	r0, 10004bb2 <tud_cdc_n_write+0x6>
10004bae:	2000      	movs	r0, #0
10004bb0:	4770      	bx	lr
10004bb2:	4801      	ldr	r0, [pc, #4]	@ (10004bb8 <tud_cdc_n_write+0xc>)
10004bb4:	f000 bb3c 	b.w	10005230 <tu_edpt_stream_write>
10004bb8:	20000a50 	.word	0x20000a50

10004bbc <tud_cdc_n_write_flush>:
10004bbc:	b108      	cbz	r0, 10004bc2 <tud_cdc_n_write_flush+0x6>
10004bbe:	2000      	movs	r0, #0
10004bc0:	4770      	bx	lr
10004bc2:	4801      	ldr	r0, [pc, #4]	@ (10004bc8 <tud_cdc_n_write_flush+0xc>)
10004bc4:	f000 bad6 	b.w	10005174 <tu_edpt_stream_write_xfer>
10004bc8:	20000a50 	.word	0x20000a50

10004bcc <tud_cdc_n_write_available>:
10004bcc:	b108      	cbz	r0, 10004bd2 <tud_cdc_n_write_available+0x6>
10004bce:	2000      	movs	r0, #0
10004bd0:	4770      	bx	lr
10004bd2:	4801      	ldr	r0, [pc, #4]	@ (10004bd8 <tud_cdc_n_write_available+0xc>)
10004bd4:	f000 bba4 	b.w	10005320 <tu_edpt_stream_write_available>
10004bd8:	20000a50 	.word	0x20000a50

10004bdc <cdcd_init>:
10004bdc:	b570      	push	{r4, r5, r6, lr}
10004bde:	4c15      	ldr	r4, [pc, #84]	@ (10004c34 <cdcd_init+0x58>)
10004be0:	b084      	sub	sp, #16
10004be2:	22dc      	movs	r2, #220	@ 0xdc
10004be4:	2100      	movs	r1, #0
10004be6:	4620      	mov	r0, r4
10004be8:	f000 fee6 	bl	100059b8 <__memset_veneer>
10004bec:	2640      	movs	r6, #64	@ 0x40
10004bee:	f64f 7208 	movw	r2, #65288	@ 0xff08
10004bf2:	2300      	movs	r3, #0
10004bf4:	f44f 31e1 	mov.w	r1, #115200	@ 0x1c200
10004bf8:	4d0f      	ldr	r5, [pc, #60]	@ (10004c38 <cdcd_init+0x5c>)
10004bfa:	f104 0034 	add.w	r0, r4, #52	@ 0x34
10004bfe:	e9cd 6501 	strd	r6, r5, [sp, #4]
10004c02:	8162      	strh	r2, [r4, #10]
10004c04:	f104 029c 	add.w	r2, r4, #156	@ 0x9c
10004c08:	6061      	str	r1, [r4, #4]
10004c0a:	4619      	mov	r1, r3
10004c0c:	9200      	str	r2, [sp, #0]
10004c0e:	461a      	mov	r2, r3
10004c10:	f000 fa58 	bl	100050c4 <tu_edpt_stream_init>
10004c14:	2301      	movs	r3, #1
10004c16:	f104 025c 	add.w	r2, r4, #92	@ 0x5c
10004c1a:	4435      	add	r5, r6
10004c1c:	9200      	str	r2, [sp, #0]
10004c1e:	2100      	movs	r1, #0
10004c20:	461a      	mov	r2, r3
10004c22:	9502      	str	r5, [sp, #8]
10004c24:	9601      	str	r6, [sp, #4]
10004c26:	f104 000c 	add.w	r0, r4, #12
10004c2a:	f000 fa4b 	bl	100050c4 <tu_edpt_stream_init>
10004c2e:	b004      	add	sp, #16
10004c30:	bd70      	pop	{r4, r5, r6, pc}
10004c32:	bf00      	nop
10004c34:	20000a44 	.word	0x20000a44
10004c38:	200009c4 	.word	0x200009c4

10004c3c <cdcd_deinit>:
10004c3c:	2001      	movs	r0, #1
10004c3e:	4770      	bx	lr

10004c40 <cdcd_reset>:
10004c40:	b538      	push	{r3, r4, r5, lr}
10004c42:	4c06      	ldr	r4, [pc, #24]	@ (10004c5c <cdcd_reset+0x1c>)
10004c44:	2500      	movs	r5, #0
10004c46:	4620      	mov	r0, r4
10004c48:	2101      	movs	r1, #1
10004c4a:	f840 5b18 	str.w	r5, [r0], #24
10004c4e:	f000 fc8d 	bl	1000556c <tu_fifo_set_overwritable>
10004c52:	f884 5036 	strb.w	r5, [r4, #54]	@ 0x36
10004c56:	73a5      	strb	r5, [r4, #14]
10004c58:	bd38      	pop	{r3, r4, r5, pc}
10004c5a:	bf00      	nop
10004c5c:	20000a44 	.word	0x20000a44

10004c60 <cdcd_open>:
10004c60:	e92d 4ff8 	stmdb	sp!, {r3, r4, r5, r6, r7, r8, r9, sl, fp, lr}
10004c64:	794b      	ldrb	r3, [r1, #5]
10004c66:	2b02      	cmp	r3, #2
10004c68:	d002      	beq.n	10004c70 <cdcd_open+0x10>
10004c6a:	2000      	movs	r0, #0
10004c6c:	e8bd 8ff8 	ldmia.w	sp!, {r3, r4, r5, r6, r7, r8, r9, sl, fp, pc}
10004c70:	798b      	ldrb	r3, [r1, #6]
10004c72:	460c      	mov	r4, r1
10004c74:	2b02      	cmp	r3, #2
10004c76:	d1f8      	bne.n	10004c6a <cdcd_open+0xa>
10004c78:	f8df 9130 	ldr.w	r9, [pc, #304]	@ 10004dac <cdcd_open+0x14c>
10004c7c:	4606      	mov	r6, r0
10004c7e:	f899 1036 	ldrb.w	r1, [r9, #54]	@ 0x36
10004c82:	f899 000e 	ldrb.w	r0, [r9, #14]
10004c86:	b141      	cbz	r1, 10004c9a <cdcd_open+0x3a>
10004c88:	b138      	cbz	r0, 10004c9a <cdcd_open+0x3a>
10004c8a:	f04f 23e0 	mov.w	r3, #3758153728	@ 0xe000e000
10004c8e:	f8d3 3df0 	ldr.w	r3, [r3, #3568]	@ 0xdf0
10004c92:	07db      	lsls	r3, r3, #31
10004c94:	d5e9      	bpl.n	10004c6a <cdcd_open+0xa>
10004c96:	be00      	bkpt	0x0000
10004c98:	e7e7      	b.n	10004c6a <cdcd_open+0xa>
10004c9a:	78a1      	ldrb	r1, [r4, #2]
10004c9c:	f889 6000 	strb.w	r6, [r9]
10004ca0:	f889 1001 	strb.w	r1, [r9, #1]
10004ca4:	7825      	ldrb	r5, [r4, #0]
10004ca6:	eb04 0a02 	add.w	sl, r4, r2
10004caa:	4425      	add	r5, r4
10004cac:	4555      	cmp	r5, sl
10004cae:	7869      	ldrb	r1, [r5, #1]
10004cb0:	d209      	bcs.n	10004cc6 <cdcd_open+0x66>
10004cb2:	782b      	ldrb	r3, [r5, #0]
10004cb4:	442b      	add	r3, r5
10004cb6:	459a      	cmp	sl, r3
10004cb8:	d305      	bcc.n	10004cc6 <cdcd_open+0x66>
10004cba:	2924      	cmp	r1, #36	@ 0x24
10004cbc:	d103      	bne.n	10004cc6 <cdcd_open+0x66>
10004cbe:	461d      	mov	r5, r3
10004cc0:	4555      	cmp	r5, sl
10004cc2:	7869      	ldrb	r1, [r5, #1]
10004cc4:	d3f5      	bcc.n	10004cb2 <cdcd_open+0x52>
10004cc6:	2905      	cmp	r1, #5
10004cc8:	d05c      	beq.n	10004d84 <cdcd_open+0x124>
10004cca:	2904      	cmp	r1, #4
10004ccc:	d003      	beq.n	10004cd6 <cdcd_open+0x76>
10004cce:	1b28      	subs	r0, r5, r4
10004cd0:	b280      	uxth	r0, r0
10004cd2:	e8bd 8ff8 	ldmia.w	sp!, {r3, r4, r5, r6, r7, r8, r9, sl, fp, pc}
10004cd6:	7969      	ldrb	r1, [r5, #5]
10004cd8:	290a      	cmp	r1, #10
10004cda:	d1f8      	bne.n	10004cce <cdcd_open+0x6e>
10004cdc:	f895 c000 	ldrb.w	ip, [r5]
10004ce0:	7929      	ldrb	r1, [r5, #4]
10004ce2:	44ac      	add	ip, r5
10004ce4:	2900      	cmp	r1, #0
10004ce6:	d03e      	beq.n	10004d66 <cdcd_open+0x106>
10004ce8:	4555      	cmp	r5, sl
10004cea:	d23c      	bcs.n	10004d66 <cdcd_open+0x106>
10004cec:	45e2      	cmp	sl, ip
10004cee:	d33a      	bcc.n	10004d66 <cdcd_open+0x106>
10004cf0:	46e3      	mov	fp, ip
10004cf2:	2700      	movs	r7, #0
10004cf4:	f89b 3001 	ldrb.w	r3, [fp, #1]
10004cf8:	46d8      	mov	r8, fp
10004cfa:	2b05      	cmp	r3, #5
10004cfc:	d1c5      	bne.n	10004c8a <cdcd_open+0x2a>
10004cfe:	f89b 3003 	ldrb.w	r3, [fp, #3]
10004d02:	f003 0303 	and.w	r3, r3, #3
10004d06:	2b02      	cmp	r3, #2
10004d08:	d1bf      	bne.n	10004c8a <cdcd_open+0x2a>
10004d0a:	4659      	mov	r1, fp
10004d0c:	4630      	mov	r0, r6
10004d0e:	f7ff fa69 	bl	100041e4 <usbd_edpt_open>
10004d12:	2800      	cmp	r0, #0
10004d14:	d0b9      	beq.n	10004c8a <cdcd_open+0x2a>
10004d16:	f89b 2002 	ldrb.w	r2, [fp, #2]
10004d1a:	f8bb 3004 	ldrh.w	r3, [fp, #4]
10004d1e:	09d1      	lsrs	r1, r2, #7
10004d20:	f3c3 030a 	ubfx	r3, r3, #0, #11
10004d24:	d121      	bne.n	10004d6a <cdcd_open+0x10a>
10004d26:	f889 2036 	strb.w	r2, [r9, #54]	@ 0x36
10004d2a:	2200      	movs	r2, #0
10004d2c:	f363 020f 	bfi	r2, r3, #0, #16
10004d30:	481b      	ldr	r0, [pc, #108]	@ (10004da0 <cdcd_open+0x140>)
10004d32:	f363 421f 	bfi	r2, r3, #16, #16
10004d36:	f889 6034 	strb.w	r6, [r9, #52]	@ 0x34
10004d3a:	f8c9 2038 	str.w	r2, [r9, #56]	@ 0x38
10004d3e:	f000 fbf9 	bl	10005534 <tu_fifo_clear>
10004d42:	4818      	ldr	r0, [pc, #96]	@ (10004da4 <cdcd_open+0x144>)
10004d44:	f000 fafe 	bl	10005344 <tu_edpt_stream_read_xfer>
10004d48:	2800      	cmp	r0, #0
10004d4a:	d09e      	beq.n	10004c8a <cdcd_open+0x2a>
10004d4c:	f89b 3000 	ldrb.w	r3, [fp]
10004d50:	3701      	adds	r7, #1
10004d52:	449b      	add	fp, r3
10004d54:	792b      	ldrb	r3, [r5, #4]
10004d56:	b2ff      	uxtb	r7, r7
10004d58:	42bb      	cmp	r3, r7
10004d5a:	46dc      	mov	ip, fp
10004d5c:	d903      	bls.n	10004d66 <cdcd_open+0x106>
10004d5e:	45c2      	cmp	sl, r8
10004d60:	d901      	bls.n	10004d66 <cdcd_open+0x106>
10004d62:	45da      	cmp	sl, fp
10004d64:	d2c6      	bcs.n	10004cf4 <cdcd_open+0x94>
10004d66:	4665      	mov	r5, ip
10004d68:	e7b1      	b.n	10004cce <cdcd_open+0x6e>
10004d6a:	f8a9 3010 	strh.w	r3, [r9, #16]
10004d6e:	2340      	movs	r3, #64	@ 0x40
10004d70:	480d      	ldr	r0, [pc, #52]	@ (10004da8 <cdcd_open+0x148>)
10004d72:	f889 200e 	strb.w	r2, [r9, #14]
10004d76:	f889 600c 	strb.w	r6, [r9, #12]
10004d7a:	f8a9 3012 	strh.w	r3, [r9, #18]
10004d7e:	f000 fbd9 	bl	10005534 <tu_fifo_clear>
10004d82:	e7e3      	b.n	10004d4c <cdcd_open+0xec>
10004d84:	4629      	mov	r1, r5
10004d86:	4630      	mov	r0, r6
10004d88:	f7ff fa2c 	bl	100041e4 <usbd_edpt_open>
10004d8c:	2800      	cmp	r0, #0
10004d8e:	f43f af7c 	beq.w	10004c8a <cdcd_open+0x2a>
10004d92:	78a9      	ldrb	r1, [r5, #2]
10004d94:	f889 1002 	strb.w	r1, [r9, #2]
10004d98:	7829      	ldrb	r1, [r5, #0]
10004d9a:	440d      	add	r5, r1
10004d9c:	7869      	ldrb	r1, [r5, #1]
10004d9e:	e794      	b.n	10004cca <cdcd_open+0x6a>
10004da0:	20000a84 	.word	0x20000a84
10004da4:	20000a78 	.word	0x20000a78
10004da8:	20000a5c 	.word	0x20000a5c
10004dac:	20000a44 	.word	0x20000a44

10004db0 <cdcd_control_xfer_cb>:
10004db0:	7813      	ldrb	r3, [r2, #0]
10004db2:	f003 0360 	and.w	r3, r3, #96	@ 0x60
10004db6:	2b20      	cmp	r3, #32
10004db8:	d108      	bne.n	10004dcc <cdcd_control_xfer_cb+0x1c>
10004dba:	b570      	push	{r4, r5, r6, lr}
10004dbc:	4c22      	ldr	r4, [pc, #136]	@ (10004e48 <cdcd_control_xfer_cb+0x98>)
10004dbe:	8893      	ldrh	r3, [r2, #4]
10004dc0:	f894 c001 	ldrb.w	ip, [r4, #1]
10004dc4:	459c      	cmp	ip, r3
10004dc6:	d003      	beq.n	10004dd0 <cdcd_control_xfer_cb+0x20>
10004dc8:	2000      	movs	r0, #0
10004dca:	bd70      	pop	{r4, r5, r6, pc}
10004dcc:	2000      	movs	r0, #0
10004dce:	4770      	bx	lr
10004dd0:	7853      	ldrb	r3, [r2, #1]
10004dd2:	3b20      	subs	r3, #32
10004dd4:	2b03      	cmp	r3, #3
10004dd6:	d8f7      	bhi.n	10004dc8 <cdcd_control_xfer_cb+0x18>
10004dd8:	e8df f003 	tbb	[pc, r3]
10004ddc:	020b1f23 	.word	0x020b1f23
10004de0:	2901      	cmp	r1, #1
10004de2:	d027      	beq.n	10004e34 <cdcd_control_xfer_cb+0x84>
10004de4:	2903      	cmp	r1, #3
10004de6:	d11a      	bne.n	10004e1e <cdcd_control_xfer_cb+0x6e>
10004de8:	2000      	movs	r0, #0
10004dea:	8851      	ldrh	r1, [r2, #2]
10004dec:	f7ff fea6 	bl	10004b3c <tud_cdc_send_break_cb>
10004df0:	e015      	b.n	10004e1e <cdcd_control_xfer_cb+0x6e>
10004df2:	2901      	cmp	r1, #1
10004df4:	d01e      	beq.n	10004e34 <cdcd_control_xfer_cb+0x84>
10004df6:	2903      	cmp	r1, #3
10004df8:	d111      	bne.n	10004e1e <cdcd_control_xfer_cb+0x6e>
10004dfa:	8855      	ldrh	r5, [r2, #2]
10004dfc:	4813      	ldr	r0, [pc, #76]	@ (10004e4c <cdcd_control_xfer_cb+0x9c>)
10004dfe:	f005 0601 	and.w	r6, r5, #1
10004e02:	f086 0101 	eor.w	r1, r6, #1
10004e06:	70e5      	strb	r5, [r4, #3]
10004e08:	f000 fbb0 	bl	1000556c <tu_fifo_set_overwritable>
10004e0c:	2000      	movs	r0, #0
10004e0e:	4631      	mov	r1, r6
10004e10:	f3c5 0240 	ubfx	r2, r5, #1, #1
10004e14:	f7ff fe90 	bl	10004b38 <tud_cdc_line_state_cb>
10004e18:	e001      	b.n	10004e1e <cdcd_control_xfer_cb+0x6e>
10004e1a:	2901      	cmp	r1, #1
10004e1c:	d00e      	beq.n	10004e3c <cdcd_control_xfer_cb+0x8c>
10004e1e:	2001      	movs	r0, #1
10004e20:	bd70      	pop	{r4, r5, r6, pc}
10004e22:	2901      	cmp	r1, #1
10004e24:	d00a      	beq.n	10004e3c <cdcd_control_xfer_cb+0x8c>
10004e26:	2903      	cmp	r1, #3
10004e28:	d1f9      	bne.n	10004e1e <cdcd_control_xfer_cb+0x6e>
10004e2a:	2000      	movs	r0, #0
10004e2c:	4908      	ldr	r1, [pc, #32]	@ (10004e50 <cdcd_control_xfer_cb+0xa0>)
10004e2e:	f7fe fae1 	bl	100033f4 <tud_cdc_line_coding_cb>
10004e32:	e7f4      	b.n	10004e1e <cdcd_control_xfer_cb+0x6e>
10004e34:	4611      	mov	r1, r2
10004e36:	f7ff f905 	bl	10004044 <tud_control_status>
10004e3a:	e7f0      	b.n	10004e1e <cdcd_control_xfer_cb+0x6e>
10004e3c:	4611      	mov	r1, r2
10004e3e:	2307      	movs	r3, #7
10004e40:	4a03      	ldr	r2, [pc, #12]	@ (10004e50 <cdcd_control_xfer_cb+0xa0>)
10004e42:	f7ff f93d 	bl	100040c0 <tud_control_xfer>
10004e46:	e7ea      	b.n	10004e1e <cdcd_control_xfer_cb+0x6e>
10004e48:	20000a44 	.word	0x20000a44
10004e4c:	20000a5c 	.word	0x20000a5c
10004e50:	20000a48 	.word	0x20000a48

10004e54 <cdcd_xfer_cb>:
10004e54:	b5f0      	push	{r4, r5, r6, r7, lr}
10004e56:	4d43      	ldr	r5, [pc, #268]	@ (10004f64 <cdcd_xfer_cb+0x110>)
10004e58:	460c      	mov	r4, r1
10004e5a:	f895 2036 	ldrb.w	r2, [r5, #54]	@ 0x36
10004e5e:	461e      	mov	r6, r3
10004e60:	428a      	cmp	r2, r1
10004e62:	7ba8      	ldrb	r0, [r5, #14]
10004e64:	f895 c002 	ldrb.w	ip, [r5, #2]
10004e68:	b085      	sub	sp, #20
10004e6a:	d00e      	beq.n	10004e8a <cdcd_xfer_cb+0x36>
10004e6c:	4281      	cmp	r1, r0
10004e6e:	d05b      	beq.n	10004f28 <cdcd_xfer_cb+0xd4>
10004e70:	4561      	cmp	r1, ip
10004e72:	d100      	bne.n	10004e76 <cdcd_xfer_cb+0x22>
10004e74:	bb11      	cbnz	r1, 10004ebc <cdcd_xfer_cb+0x68>
10004e76:	f04f 23e0 	mov.w	r3, #3758153728	@ 0xe000e000
10004e7a:	f8d3 3df0 	ldr.w	r3, [r3, #3568]	@ 0xdf0
10004e7e:	07db      	lsls	r3, r3, #31
10004e80:	d500      	bpl.n	10004e84 <cdcd_xfer_cb+0x30>
10004e82:	be00      	bkpt	0x0000
10004e84:	2000      	movs	r0, #0
10004e86:	b005      	add	sp, #20
10004e88:	bdf0      	pop	{r4, r5, r6, r7, pc}
10004e8a:	6be9      	ldr	r1, [r5, #60]	@ 0x3c
10004e8c:	b129      	cbz	r1, 10004e9a <cdcd_xfer_cb+0x46>
10004e8e:	2300      	movs	r3, #0
10004e90:	b2b2      	uxth	r2, r6
10004e92:	f105 0040 	add.w	r0, r5, #64	@ 0x40
10004e96:	f000 fbe9 	bl	1000566c <tu_fifo_write_n_access_mode>
10004e9a:	7aeb      	ldrb	r3, [r5, #11]
10004e9c:	2bff      	cmp	r3, #255	@ 0xff
10004e9e:	d11d      	bne.n	10004edc <cdcd_xfer_cb+0x88>
10004ea0:	f8b5 2048 	ldrh.w	r2, [r5, #72]	@ 0x48
10004ea4:	f8b5 304a 	ldrh.w	r3, [r5, #74]	@ 0x4a
10004ea8:	b292      	uxth	r2, r2
10004eaa:	b29b      	uxth	r3, r3
10004eac:	429a      	cmp	r2, r3
10004eae:	d10b      	bne.n	10004ec8 <cdcd_xfer_cb+0x74>
10004eb0:	482d      	ldr	r0, [pc, #180]	@ (10004f68 <cdcd_xfer_cb+0x114>)
10004eb2:	f000 fa47 	bl	10005344 <tu_edpt_stream_read_xfer>
10004eb6:	7bab      	ldrb	r3, [r5, #14]
10004eb8:	42a3      	cmp	r3, r4
10004eba:	d035      	beq.n	10004f28 <cdcd_xfer_cb+0xd4>
10004ebc:	78ab      	ldrb	r3, [r5, #2]
10004ebe:	42a3      	cmp	r3, r4
10004ec0:	d03f      	beq.n	10004f42 <cdcd_xfer_cb+0xee>
10004ec2:	2001      	movs	r0, #1
10004ec4:	b005      	add	sp, #20
10004ec6:	bdf0      	pop	{r4, r5, r6, r7, pc}
10004ec8:	2000      	movs	r0, #0
10004eca:	f7ff fe2d 	bl	10004b28 <tud_cdc_rx_cb>
10004ece:	4826      	ldr	r0, [pc, #152]	@ (10004f68 <cdcd_xfer_cb+0x114>)
10004ed0:	f000 fa38 	bl	10005344 <tu_edpt_stream_read_xfer>
10004ed4:	7bab      	ldrb	r3, [r5, #14]
10004ed6:	42a3      	cmp	r3, r4
10004ed8:	d1f0      	bne.n	10004ebc <cdcd_xfer_cb+0x68>
10004eda:	e025      	b.n	10004f28 <cdcd_xfer_cb+0xd4>
10004edc:	4669      	mov	r1, sp
10004ede:	4823      	ldr	r0, [pc, #140]	@ (10004f6c <cdcd_xfer_cb+0x118>)
10004ee0:	f000 fc60 	bl	100057a4 <tu_fifo_get_read_info>
10004ee4:	f8bd 3008 	ldrh.w	r3, [sp, #8]
10004ee8:	b37b      	cbz	r3, 10004f4a <cdcd_xfer_cb+0xf6>
10004eea:	9a03      	ldr	r2, [sp, #12]
10004eec:	3b01      	subs	r3, #1
10004eee:	441a      	add	r2, r3
10004ef0:	2a00      	cmp	r2, #0
10004ef2:	d0d5      	beq.n	10004ea0 <cdcd_xfer_cb+0x4c>
10004ef4:	2e00      	cmp	r6, #0
10004ef6:	d0d3      	beq.n	10004ea0 <cdcd_xfer_cb+0x4c>
10004ef8:	f8bd e000 	ldrh.w	lr, [sp]
10004efc:	f8dd c004 	ldr.w	ip, [sp, #4]
10004f00:	f10e 3eff 	add.w	lr, lr, #4294967295	@ 0xffffffff
10004f04:	2300      	movs	r3, #0
10004f06:	7ae9      	ldrb	r1, [r5, #11]
10004f08:	9f03      	ldr	r7, [sp, #12]
10004f0a:	44e6      	add	lr, ip
10004f0c:	e005      	b.n	10004f1a <cdcd_xfer_cb+0xc6>
10004f0e:	4594      	cmp	ip, r2
10004f10:	d0c6      	beq.n	10004ea0 <cdcd_xfer_cb+0x4c>
10004f12:	3a01      	subs	r2, #1
10004f14:	3301      	adds	r3, #1
10004f16:	429e      	cmp	r6, r3
10004f18:	d0c2      	beq.n	10004ea0 <cdcd_xfer_cb+0x4c>
10004f1a:	7810      	ldrb	r0, [r2, #0]
10004f1c:	4288      	cmp	r0, r1
10004f1e:	d01c      	beq.n	10004f5a <cdcd_xfer_cb+0x106>
10004f20:	4297      	cmp	r7, r2
10004f22:	d1f4      	bne.n	10004f0e <cdcd_xfer_cb+0xba>
10004f24:	4672      	mov	r2, lr
10004f26:	e7f5      	b.n	10004f14 <cdcd_xfer_cb+0xc0>
10004f28:	2000      	movs	r0, #0
10004f2a:	f7ff fe01 	bl	10004b30 <tud_cdc_tx_complete_cb>
10004f2e:	4810      	ldr	r0, [pc, #64]	@ (10004f70 <cdcd_xfer_cb+0x11c>)
10004f30:	f000 f920 	bl	10005174 <tu_edpt_stream_write_xfer>
10004f34:	2800      	cmp	r0, #0
10004f36:	d1c1      	bne.n	10004ebc <cdcd_xfer_cb+0x68>
10004f38:	4631      	mov	r1, r6
10004f3a:	480d      	ldr	r0, [pc, #52]	@ (10004f70 <cdcd_xfer_cb+0x11c>)
10004f3c:	f000 f8e2 	bl	10005104 <tu_edpt_stream_write_zlp_if_needed>
10004f40:	e7bc      	b.n	10004ebc <cdcd_xfer_cb+0x68>
10004f42:	2000      	movs	r0, #0
10004f44:	f7ff fdf6 	bl	10004b34 <tud_cdc_notify_complete_cb>
10004f48:	e7bb      	b.n	10004ec2 <cdcd_xfer_cb+0x6e>
10004f4a:	f8bd 3000 	ldrh.w	r3, [sp]
10004f4e:	2b00      	cmp	r3, #0
10004f50:	d0a6      	beq.n	10004ea0 <cdcd_xfer_cb+0x4c>
10004f52:	9a01      	ldr	r2, [sp, #4]
10004f54:	3b01      	subs	r3, #1
10004f56:	441a      	add	r2, r3
10004f58:	e7ca      	b.n	10004ef0 <cdcd_xfer_cb+0x9c>
10004f5a:	2000      	movs	r0, #0
10004f5c:	f7ff fde6 	bl	10004b2c <tud_cdc_rx_wanted_cb>
10004f60:	e79e      	b.n	10004ea0 <cdcd_xfer_cb+0x4c>
10004f62:	bf00      	nop
10004f64:	20000a44 	.word	0x20000a44
10004f68:	20000a78 	.word	0x20000a78
10004f6c:	20000a84 	.word	0x20000a84
10004f70:	20000a50 	.word	0x20000a50

10004f74 <tusb_rhport_init>:
10004f74:	b510      	push	{r4, lr}
10004f76:	b082      	sub	sp, #8
10004f78:	b1b9      	cbz	r1, 10004faa <tusb_rhport_init+0x36>
10004f7a:	2801      	cmp	r0, #1
10004f7c:	d80c      	bhi.n	10004f98 <tusb_rhport_init+0x24>
10004f7e:	780b      	ldrb	r3, [r1, #0]
10004f80:	b153      	cbz	r3, 10004f98 <tusb_rhport_init+0x24>
10004f82:	4c13      	ldr	r4, [pc, #76]	@ (10004fd0 <tusb_rhport_init+0x5c>)
10004f84:	2b01      	cmp	r3, #1
10004f86:	5423      	strb	r3, [r4, r0]
10004f88:	d002      	beq.n	10004f90 <tusb_rhport_init+0x1c>
10004f8a:	2001      	movs	r0, #1
10004f8c:	b002      	add	sp, #8
10004f8e:	bd10      	pop	{r4, pc}
10004f90:	f7fe ffda 	bl	10003f48 <tud_rhport_init>
10004f94:	2800      	cmp	r0, #0
10004f96:	d1f8      	bne.n	10004f8a <tusb_rhport_init+0x16>
10004f98:	f04f 23e0 	mov.w	r3, #3758153728	@ 0xe000e000
10004f9c:	f8d3 3df0 	ldr.w	r3, [r3, #3568]	@ 0xdf0
10004fa0:	07db      	lsls	r3, r3, #31
10004fa2:	d500      	bpl.n	10004fa6 <tusb_rhport_init+0x32>
10004fa4:	be00      	bkpt	0x0000
10004fa6:	2000      	movs	r0, #0
10004fa8:	e7f0      	b.n	10004f8c <tusb_rhport_init+0x18>
10004faa:	2401      	movs	r4, #1
10004fac:	4608      	mov	r0, r1
10004fae:	a901      	add	r1, sp, #4
10004fb0:	f8ad 4004 	strh.w	r4, [sp, #4]
10004fb4:	f7fe ffc8 	bl	10003f48 <tud_rhport_init>
10004fb8:	b938      	cbnz	r0, 10004fca <tusb_rhport_init+0x56>
10004fba:	f04f 23e0 	mov.w	r3, #3758153728	@ 0xe000e000
10004fbe:	f8d3 3df0 	ldr.w	r3, [r3, #3568]	@ 0xdf0
10004fc2:	07da      	lsls	r2, r3, #31
10004fc4:	d5e2      	bpl.n	10004f8c <tusb_rhport_init+0x18>
10004fc6:	be00      	bkpt	0x0000
10004fc8:	e7e0      	b.n	10004f8c <tusb_rhport_init+0x18>
10004fca:	4b01      	ldr	r3, [pc, #4]	@ (10004fd0 <tusb_rhport_init+0x5c>)
10004fcc:	701c      	strb	r4, [r3, #0]
10004fce:	e7dd      	b.n	10004f8c <tusb_rhport_init+0x18>
10004fd0:	20000b80 	.word	0x20000b80

10004fd4 <tu_edpt_claim>:
10004fd4:	b570      	push	{r4, r5, r6, lr}
10004fd6:	7803      	ldrb	r3, [r0, #0]
10004fd8:	f013 0f05 	tst.w	r3, #5
10004fdc:	d002      	beq.n	10004fe4 <tu_edpt_claim+0x10>
10004fde:	2600      	movs	r6, #0
10004fe0:	4630      	mov	r0, r6
10004fe2:	bd70      	pop	{r4, r5, r6, pc}
10004fe4:	460d      	mov	r5, r1
10004fe6:	4604      	mov	r4, r0
10004fe8:	f04f 31ff 	mov.w	r1, #4294967295	@ 0xffffffff
10004fec:	4628      	mov	r0, r5
10004fee:	f000 fcff 	bl	100059f0 <__mutex_enter_timeout_ms_veneer>
10004ff2:	7823      	ldrb	r3, [r4, #0]
10004ff4:	f003 0305 	and.w	r3, r3, #5
10004ff8:	2b00      	cmp	r3, #0
10004ffa:	bf0c      	ite	eq
10004ffc:	2601      	moveq	r6, #1
10004ffe:	2600      	movne	r6, #0
10005000:	d103      	bne.n	1000500a <tu_edpt_claim+0x36>
10005002:	7823      	ldrb	r3, [r4, #0]
10005004:	f043 0304 	orr.w	r3, r3, #4
10005008:	7023      	strb	r3, [r4, #0]
1000500a:	4628      	mov	r0, r5
1000500c:	f000 fcec 	bl	100059e8 <__mutex_exit_veneer>
10005010:	4630      	mov	r0, r6
10005012:	bd70      	pop	{r4, r5, r6, pc}

10005014 <tu_edpt_release>:
10005014:	b570      	push	{r4, r5, r6, lr}
10005016:	460c      	mov	r4, r1
10005018:	4605      	mov	r5, r0
1000501a:	f04f 31ff 	mov.w	r1, #4294967295	@ 0xffffffff
1000501e:	4620      	mov	r0, r4
10005020:	f000 fce6 	bl	100059f0 <__mutex_enter_timeout_ms_veneer>
10005024:	782b      	ldrb	r3, [r5, #0]
10005026:	f003 0305 	and.w	r3, r3, #5
1000502a:	2b04      	cmp	r3, #4
1000502c:	bf0c      	ite	eq
1000502e:	2601      	moveq	r6, #1
10005030:	2600      	movne	r6, #0
10005032:	d103      	bne.n	1000503c <tu_edpt_release+0x28>
10005034:	782b      	ldrb	r3, [r5, #0]
10005036:	f003 03fb 	and.w	r3, r3, #251	@ 0xfb
1000503a:	702b      	strb	r3, [r5, #0]
1000503c:	4620      	mov	r0, r4
1000503e:	f000 fcd3 	bl	100059e8 <__mutex_exit_veneer>
10005042:	4630      	mov	r0, r6
10005044:	bd70      	pop	{r4, r5, r6, pc}
10005046:	bf00      	nop

10005048 <tu_bind_driver_to_ep_itf>:
10005048:	b530      	push	{r4, r5, lr}
1000504a:	9c03      	ldr	r4, [sp, #12]
1000504c:	f8bd c010 	ldrh.w	ip, [sp, #16]
10005050:	44a4      	add	ip, r4
10005052:	4564      	cmp	r4, ip
10005054:	d211      	bcs.n	1000507a <tu_bind_driver_to_ep_itf+0x32>
10005056:	7825      	ldrb	r5, [r4, #0]
10005058:	eb04 0e05 	add.w	lr, r4, r5
1000505c:	45f4      	cmp	ip, lr
1000505e:	d30c      	bcc.n	1000507a <tu_bind_driver_to_ep_itf+0x32>
10005060:	7865      	ldrb	r5, [r4, #1]
10005062:	2d05      	cmp	r5, #5
10005064:	d016      	beq.n	10005094 <tu_bind_driver_to_ep_itf+0x4c>
10005066:	2d04      	cmp	r5, #4
10005068:	d009      	beq.n	1000507e <tu_bind_driver_to_ep_itf+0x36>
1000506a:	45f4      	cmp	ip, lr
1000506c:	4674      	mov	r4, lr
1000506e:	d904      	bls.n	1000507a <tu_bind_driver_to_ep_itf+0x32>
10005070:	f89e 5000 	ldrb.w	r5, [lr]
10005074:	44ae      	add	lr, r5
10005076:	45f4      	cmp	ip, lr
10005078:	d2f2      	bcs.n	10005060 <tu_bind_driver_to_ep_itf+0x18>
1000507a:	2001      	movs	r0, #1
1000507c:	bd30      	pop	{r4, r5, pc}
1000507e:	78e5      	ldrb	r5, [r4, #3]
10005080:	2d00      	cmp	r5, #0
10005082:	d1f2      	bne.n	1000506a <tu_bind_driver_to_ep_itf+0x22>
10005084:	78a5      	ldrb	r5, [r4, #2]
10005086:	429d      	cmp	r5, r3
10005088:	d213      	bcs.n	100050b2 <tu_bind_driver_to_ep_itf+0x6a>
1000508a:	5550      	strb	r0, [r2, r5]
1000508c:	7825      	ldrb	r5, [r4, #0]
1000508e:	eb04 0e05 	add.w	lr, r4, r5
10005092:	e7ea      	b.n	1000506a <tu_bind_driver_to_ep_itf+0x22>
10005094:	78a5      	ldrb	r5, [r4, #2]
10005096:	f005 0e0f 	and.w	lr, r5, #15
1000509a:	eb01 0e4e 	add.w	lr, r1, lr, lsl #1
1000509e:	09ed      	lsrs	r5, r5, #7
100050a0:	f80e 0005 	strb.w	r0, [lr, r5]
100050a4:	7825      	ldrb	r5, [r4, #0]
100050a6:	eb04 0e05 	add.w	lr, r4, r5
100050aa:	45f4      	cmp	ip, lr
100050ac:	4674      	mov	r4, lr
100050ae:	d9e4      	bls.n	1000507a <tu_bind_driver_to_ep_itf+0x32>
100050b0:	e7de      	b.n	10005070 <tu_bind_driver_to_ep_itf+0x28>
100050b2:	f04f 23e0 	mov.w	r3, #3758153728	@ 0xe000e000
100050b6:	f8d3 3df0 	ldr.w	r3, [r3, #3568]	@ 0xdf0
100050ba:	07db      	lsls	r3, r3, #31
100050bc:	d500      	bpl.n	100050c0 <tu_bind_driver_to_ep_itf+0x78>
100050be:	be00      	bkpt	0x0000
100050c0:	2000      	movs	r0, #0
100050c2:	bd30      	pop	{r4, r5, pc}

100050c4 <tu_edpt_stream_init>:
100050c4:	b5f8      	push	{r3, r4, r5, r6, r7, lr}
100050c6:	9f06      	ldr	r7, [sp, #24]
100050c8:	f8bd 501c 	ldrh.w	r5, [sp, #28]
100050cc:	b1c7      	cbz	r7, 10005100 <tu_edpt_stream_init+0x3c>
100050ce:	b90d      	cbnz	r5, 100050d4 <tu_edpt_stream_init+0x10>
100050d0:	4628      	mov	r0, r5
100050d2:	bdf8      	pop	{r3, r4, r5, r6, r7, pc}
100050d4:	4604      	mov	r4, r0
100050d6:	4616      	mov	r6, r2
100050d8:	7041      	strb	r1, [r0, #1]
100050da:	462a      	mov	r2, r5
100050dc:	4639      	mov	r1, r7
100050de:	300c      	adds	r0, #12
100050e0:	f104 0520 	add.w	r5, r4, #32
100050e4:	f000 fa00 	bl	100054e8 <tu_fifo_config>
100050e8:	4628      	mov	r0, r5
100050ea:	f7fc fb7b 	bl	100017e4 <mutex_init>
100050ee:	b10e      	cbz	r6, 100050f4 <tu_edpt_stream_init+0x30>
100050f0:	462e      	mov	r6, r5
100050f2:	2500      	movs	r5, #0
100050f4:	9b08      	ldr	r3, [sp, #32]
100050f6:	2001      	movs	r0, #1
100050f8:	e9c4 6506 	strd	r6, r5, [r4, #24]
100050fc:	60a3      	str	r3, [r4, #8]
100050fe:	bdf8      	pop	{r3, r4, r5, r6, r7, pc}
10005100:	4638      	mov	r0, r7
10005102:	bdf8      	pop	{r3, r4, r5, r6, r7, pc}

10005104 <tu_edpt_stream_write_zlp_if_needed>:
10005104:	8a82      	ldrh	r2, [r0, #20]
10005106:	8ac3      	ldrh	r3, [r0, #22]
10005108:	b292      	uxth	r2, r2
1000510a:	b29b      	uxth	r3, r3
1000510c:	429a      	cmp	r2, r3
1000510e:	d001      	beq.n	10005114 <tu_edpt_stream_write_zlp_if_needed+0x10>
10005110:	2000      	movs	r0, #0
10005112:	4770      	bx	lr
10005114:	2900      	cmp	r1, #0
10005116:	d0fb      	beq.n	10005110 <tu_edpt_stream_write_zlp_if_needed+0xc>
10005118:	b510      	push	{r4, lr}
1000511a:	8883      	ldrh	r3, [r0, #4]
1000511c:	4604      	mov	r4, r0
1000511e:	3b01      	subs	r3, #1
10005120:	420b      	tst	r3, r1
10005122:	b082      	sub	sp, #8
10005124:	d103      	bne.n	1000512e <tu_edpt_stream_write_zlp_if_needed+0x2a>
10005126:	7881      	ldrb	r1, [r0, #2]
10005128:	b109      	cbz	r1, 1000512e <tu_edpt_stream_write_zlp_if_needed+0x2a>
1000512a:	7843      	ldrb	r3, [r0, #1]
1000512c:	b113      	cbz	r3, 10005134 <tu_edpt_stream_write_zlp_if_needed+0x30>
1000512e:	2000      	movs	r0, #0
10005130:	b002      	add	sp, #8
10005132:	bd10      	pop	{r4, pc}
10005134:	7800      	ldrb	r0, [r0, #0]
10005136:	f7ff f869 	bl	1000420c <usbd_edpt_claim>
1000513a:	2800      	cmp	r0, #0
1000513c:	d0f7      	beq.n	1000512e <tu_edpt_stream_write_zlp_if_needed+0x2a>
1000513e:	7863      	ldrb	r3, [r4, #1]
10005140:	b94b      	cbnz	r3, 10005156 <tu_edpt_stream_write_zlp_if_needed+0x52>
10005142:	68a2      	ldr	r2, [r4, #8]
10005144:	7820      	ldrb	r0, [r4, #0]
10005146:	78a1      	ldrb	r1, [r4, #2]
10005148:	b16a      	cbz	r2, 10005166 <tu_edpt_stream_write_zlp_if_needed+0x62>
1000514a:	461a      	mov	r2, r3
1000514c:	9300      	str	r3, [sp, #0]
1000514e:	f7ff f881 	bl	10004254 <usbd_edpt_xfer>
10005152:	2800      	cmp	r0, #0
10005154:	d1ec      	bne.n	10005130 <tu_edpt_stream_write_zlp_if_needed+0x2c>
10005156:	f04f 23e0 	mov.w	r3, #3758153728	@ 0xe000e000
1000515a:	f8d3 3df0 	ldr.w	r3, [r3, #3568]	@ 0xdf0
1000515e:	07db      	lsls	r3, r3, #31
10005160:	d5e5      	bpl.n	1000512e <tu_edpt_stream_write_zlp_if_needed+0x2a>
10005162:	be00      	bkpt	0x0000
10005164:	e7e3      	b.n	1000512e <tu_edpt_stream_write_zlp_if_needed+0x2a>
10005166:	4613      	mov	r3, r2
10005168:	9200      	str	r2, [sp, #0]
1000516a:	f104 020c 	add.w	r2, r4, #12
1000516e:	f7ff fcd9 	bl	10004b24 <usbd_edpt_xfer_fifo>
10005172:	e7ee      	b.n	10005152 <tu_edpt_stream_write_zlp_if_needed+0x4e>

10005174 <tu_edpt_stream_write_xfer>:
10005174:	8a83      	ldrh	r3, [r0, #20]
10005176:	8ac2      	ldrh	r2, [r0, #22]
10005178:	b29b      	uxth	r3, r3
1000517a:	b292      	uxth	r2, r2
1000517c:	8a01      	ldrh	r1, [r0, #16]
1000517e:	4293      	cmp	r3, r2
10005180:	bfb6      	itet	lt
10005182:	ebc2 0241 	rsblt	r2, r2, r1, lsl #1
10005186:	1a9b      	subge	r3, r3, r2
10005188:	189b      	addlt	r3, r3, r2
1000518a:	b29b      	uxth	r3, r3
1000518c:	4299      	cmp	r1, r3
1000518e:	bf28      	it	cs
10005190:	4619      	movcs	r1, r3
10005192:	b530      	push	{r4, r5, lr}
10005194:	4604      	mov	r4, r0
10005196:	b083      	sub	sp, #12
10005198:	b119      	cbz	r1, 100051a2 <tu_edpt_stream_write_xfer+0x2e>
1000519a:	7881      	ldrb	r1, [r0, #2]
1000519c:	b109      	cbz	r1, 100051a2 <tu_edpt_stream_write_xfer+0x2e>
1000519e:	7845      	ldrb	r5, [r0, #1]
100051a0:	b115      	cbz	r5, 100051a8 <tu_edpt_stream_write_xfer+0x34>
100051a2:	2000      	movs	r0, #0
100051a4:	b003      	add	sp, #12
100051a6:	bd30      	pop	{r4, r5, pc}
100051a8:	7800      	ldrb	r0, [r0, #0]
100051aa:	f7ff f82f 	bl	1000420c <usbd_edpt_claim>
100051ae:	2800      	cmp	r0, #0
100051b0:	d0f7      	beq.n	100051a2 <tu_edpt_stream_write_xfer+0x2e>
100051b2:	68a1      	ldr	r1, [r4, #8]
100051b4:	b1a1      	cbz	r1, 100051e0 <tu_edpt_stream_write_xfer+0x6c>
100051b6:	462b      	mov	r3, r5
100051b8:	88e2      	ldrh	r2, [r4, #6]
100051ba:	f104 000c 	add.w	r0, r4, #12
100051be:	f000 f9f3 	bl	100055a8 <tu_fifo_read_n_access_mode>
100051c2:	4605      	mov	r5, r0
100051c4:	7863      	ldrb	r3, [r4, #1]
100051c6:	b1e5      	cbz	r5, 10005202 <tu_edpt_stream_write_xfer+0x8e>
100051c8:	bb13      	cbnz	r3, 10005210 <tu_edpt_stream_write_xfer+0x9c>
100051ca:	68a2      	ldr	r2, [r4, #8]
100051cc:	7820      	ldrb	r0, [r4, #0]
100051ce:	78a1      	ldrb	r1, [r4, #2]
100051d0:	b332      	cbz	r2, 10005220 <tu_edpt_stream_write_xfer+0xac>
100051d2:	9300      	str	r3, [sp, #0]
100051d4:	462b      	mov	r3, r5
100051d6:	f7ff f83d 	bl	10004254 <usbd_edpt_xfer>
100051da:	b1c8      	cbz	r0, 10005210 <tu_edpt_stream_write_xfer+0x9c>
100051dc:	4628      	mov	r0, r5
100051de:	e7e1      	b.n	100051a4 <tu_edpt_stream_write_xfer+0x30>
100051e0:	8aa3      	ldrh	r3, [r4, #20]
100051e2:	8ae2      	ldrh	r2, [r4, #22]
100051e4:	8a20      	ldrh	r0, [r4, #16]
100051e6:	b29b      	uxth	r3, r3
100051e8:	b292      	uxth	r2, r2
100051ea:	4293      	cmp	r3, r2
100051ec:	bfb6      	itet	lt
100051ee:	ebc2 0240 	rsblt	r2, r2, r0, lsl #1
100051f2:	1a9b      	subge	r3, r3, r2
100051f4:	189b      	addlt	r3, r3, r2
100051f6:	b29b      	uxth	r3, r3
100051f8:	4298      	cmp	r0, r3
100051fa:	bf28      	it	cs
100051fc:	4618      	movcs	r0, r3
100051fe:	4605      	mov	r5, r0
10005200:	e7e0      	b.n	100051c4 <tu_edpt_stream_write_xfer+0x50>
10005202:	2b00      	cmp	r3, #0
10005204:	d1cd      	bne.n	100051a2 <tu_edpt_stream_write_xfer+0x2e>
10005206:	78a1      	ldrb	r1, [r4, #2]
10005208:	7820      	ldrb	r0, [r4, #0]
1000520a:	f7ff f811 	bl	10004230 <usbd_edpt_release>
1000520e:	e7c8      	b.n	100051a2 <tu_edpt_stream_write_xfer+0x2e>
10005210:	f04f 23e0 	mov.w	r3, #3758153728	@ 0xe000e000
10005214:	f8d3 3df0 	ldr.w	r3, [r3, #3568]	@ 0xdf0
10005218:	07db      	lsls	r3, r3, #31
1000521a:	d5c2      	bpl.n	100051a2 <tu_edpt_stream_write_xfer+0x2e>
1000521c:	be00      	bkpt	0x0000
1000521e:	e7c0      	b.n	100051a2 <tu_edpt_stream_write_xfer+0x2e>
10005220:	9200      	str	r2, [sp, #0]
10005222:	462b      	mov	r3, r5
10005224:	f104 020c 	add.w	r2, r4, #12
10005228:	f7ff fc7c 	bl	10004b24 <usbd_edpt_xfer_fifo>
1000522c:	e7d5      	b.n	100051da <tu_edpt_stream_write_xfer+0x66>
1000522e:	bf00      	nop

10005230 <tu_edpt_stream_write>:
10005230:	b5f0      	push	{r4, r5, r6, r7, lr}
10005232:	4605      	mov	r5, r0
10005234:	b083      	sub	sp, #12
10005236:	4610      	mov	r0, r2
10005238:	b90a      	cbnz	r2, 1000523e <tu_edpt_stream_write+0xe>
1000523a:	b003      	add	sp, #12
1000523c:	bdf0      	pop	{r4, r5, r6, r7, pc}
1000523e:	f105 060c 	add.w	r6, r5, #12
10005242:	2300      	movs	r3, #0
10005244:	b292      	uxth	r2, r2
10005246:	4630      	mov	r0, r6
10005248:	f000 fa10 	bl	1000566c <tu_fifo_write_n_access_mode>
1000524c:	8aab      	ldrh	r3, [r5, #20]
1000524e:	8ae9      	ldrh	r1, [r5, #22]
10005250:	b29b      	uxth	r3, r3
10005252:	b289      	uxth	r1, r1
10005254:	8a2a      	ldrh	r2, [r5, #16]
10005256:	428b      	cmp	r3, r1
10005258:	bfb6      	itet	lt
1000525a:	ebc1 0142 	rsblt	r1, r1, r2, lsl #1
1000525e:	1a5b      	subge	r3, r3, r1
10005260:	185b      	addlt	r3, r3, r1
10005262:	b29b      	uxth	r3, r3
10005264:	4293      	cmp	r3, r2
10005266:	bf28      	it	cs
10005268:	4613      	movcs	r3, r2
1000526a:	88a9      	ldrh	r1, [r5, #4]
1000526c:	4604      	mov	r4, r0
1000526e:	4299      	cmp	r1, r3
10005270:	d901      	bls.n	10005276 <tu_edpt_stream_write+0x46>
10005272:	4291      	cmp	r1, r2
10005274:	d912      	bls.n	1000529c <tu_edpt_stream_write+0x6c>
10005276:	8aab      	ldrh	r3, [r5, #20]
10005278:	8ae9      	ldrh	r1, [r5, #22]
1000527a:	b29b      	uxth	r3, r3
1000527c:	b289      	uxth	r1, r1
1000527e:	428b      	cmp	r3, r1
10005280:	bfb6      	itet	lt
10005282:	ebc1 0142 	rsblt	r1, r1, r2, lsl #1
10005286:	1a5b      	subge	r3, r3, r1
10005288:	185b      	addlt	r3, r3, r1
1000528a:	b29b      	uxth	r3, r3
1000528c:	429a      	cmp	r2, r3
1000528e:	bf28      	it	cs
10005290:	461a      	movcs	r2, r3
10005292:	b11a      	cbz	r2, 1000529c <tu_edpt_stream_write+0x6c>
10005294:	78a9      	ldrb	r1, [r5, #2]
10005296:	b109      	cbz	r1, 1000529c <tu_edpt_stream_write+0x6c>
10005298:	786f      	ldrb	r7, [r5, #1]
1000529a:	b117      	cbz	r7, 100052a2 <tu_edpt_stream_write+0x72>
1000529c:	4620      	mov	r0, r4
1000529e:	b003      	add	sp, #12
100052a0:	bdf0      	pop	{r4, r5, r6, r7, pc}
100052a2:	7828      	ldrb	r0, [r5, #0]
100052a4:	f7fe ffb2 	bl	1000420c <usbd_edpt_claim>
100052a8:	2800      	cmp	r0, #0
100052aa:	d0f7      	beq.n	1000529c <tu_edpt_stream_write+0x6c>
100052ac:	68a9      	ldr	r1, [r5, #8]
100052ae:	b311      	cbz	r1, 100052f6 <tu_edpt_stream_write+0xc6>
100052b0:	463b      	mov	r3, r7
100052b2:	4630      	mov	r0, r6
100052b4:	88ea      	ldrh	r2, [r5, #6]
100052b6:	f000 f977 	bl	100055a8 <tu_fifo_read_n_access_mode>
100052ba:	4603      	mov	r3, r0
100052bc:	786f      	ldrb	r7, [r5, #1]
100052be:	b193      	cbz	r3, 100052e6 <tu_edpt_stream_write+0xb6>
100052c0:	b947      	cbnz	r7, 100052d4 <tu_edpt_stream_write+0xa4>
100052c2:	68aa      	ldr	r2, [r5, #8]
100052c4:	7828      	ldrb	r0, [r5, #0]
100052c6:	78a9      	ldrb	r1, [r5, #2]
100052c8:	b32a      	cbz	r2, 10005316 <tu_edpt_stream_write+0xe6>
100052ca:	9700      	str	r7, [sp, #0]
100052cc:	f7fe ffc2 	bl	10004254 <usbd_edpt_xfer>
100052d0:	2800      	cmp	r0, #0
100052d2:	d1e3      	bne.n	1000529c <tu_edpt_stream_write+0x6c>
100052d4:	f04f 23e0 	mov.w	r3, #3758153728	@ 0xe000e000
100052d8:	f8d3 3df0 	ldr.w	r3, [r3, #3568]	@ 0xdf0
100052dc:	07db      	lsls	r3, r3, #31
100052de:	d5dd      	bpl.n	1000529c <tu_edpt_stream_write+0x6c>
100052e0:	be00      	bkpt	0x0000
100052e2:	4620      	mov	r0, r4
100052e4:	e7db      	b.n	1000529e <tu_edpt_stream_write+0x6e>
100052e6:	2f00      	cmp	r7, #0
100052e8:	d1d8      	bne.n	1000529c <tu_edpt_stream_write+0x6c>
100052ea:	78a9      	ldrb	r1, [r5, #2]
100052ec:	7828      	ldrb	r0, [r5, #0]
100052ee:	f7fe ff9f 	bl	10004230 <usbd_edpt_release>
100052f2:	4620      	mov	r0, r4
100052f4:	e7d3      	b.n	1000529e <tu_edpt_stream_write+0x6e>
100052f6:	8aaa      	ldrh	r2, [r5, #20]
100052f8:	8ae9      	ldrh	r1, [r5, #22]
100052fa:	b292      	uxth	r2, r2
100052fc:	b289      	uxth	r1, r1
100052fe:	8a2b      	ldrh	r3, [r5, #16]
10005300:	428a      	cmp	r2, r1
10005302:	bfb6      	itet	lt
10005304:	ebc1 0143 	rsblt	r1, r1, r3, lsl #1
10005308:	1a52      	subge	r2, r2, r1
1000530a:	1852      	addlt	r2, r2, r1
1000530c:	b292      	uxth	r2, r2
1000530e:	4293      	cmp	r3, r2
10005310:	bf28      	it	cs
10005312:	4613      	movcs	r3, r2
10005314:	e7d2      	b.n	100052bc <tu_edpt_stream_write+0x8c>
10005316:	9200      	str	r2, [sp, #0]
10005318:	4632      	mov	r2, r6
1000531a:	f7ff fc03 	bl	10004b24 <usbd_edpt_xfer_fifo>
1000531e:	e7d7      	b.n	100052d0 <tu_edpt_stream_write+0xa0>

10005320 <tu_edpt_stream_write_available>:
10005320:	8a83      	ldrh	r3, [r0, #20]
10005322:	8ac2      	ldrh	r2, [r0, #22]
10005324:	b29b      	uxth	r3, r3
10005326:	8a00      	ldrh	r0, [r0, #16]
10005328:	b292      	uxth	r2, r2
1000532a:	4293      	cmp	r3, r2
1000532c:	bfb6      	itet	lt
1000532e:	ebc2 0240 	rsblt	r2, r2, r0, lsl #1
10005332:	1a9b      	subge	r3, r3, r2
10005334:	189b      	addlt	r3, r3, r2
10005336:	b29b      	uxth	r3, r3
10005338:	4298      	cmp	r0, r3
1000533a:	bf86      	itte	hi
1000533c:	1ac0      	subhi	r0, r0, r3
1000533e:	b280      	uxthhi	r0, r0
10005340:	2000      	movls	r0, #0
10005342:	4770      	bx	lr

10005344 <tu_edpt_stream_read_xfer>:
10005344:	8a83      	ldrh	r3, [r0, #20]
10005346:	8ac1      	ldrh	r1, [r0, #22]
10005348:	8a02      	ldrh	r2, [r0, #16]
1000534a:	b29b      	uxth	r3, r3
1000534c:	b289      	uxth	r1, r1
1000534e:	428b      	cmp	r3, r1
10005350:	bfb6      	itet	lt
10005352:	ebc1 0142 	rsblt	r1, r1, r2, lsl #1
10005356:	1a5b      	subge	r3, r3, r1
10005358:	185b      	addlt	r3, r3, r1
1000535a:	b29b      	uxth	r3, r3
1000535c:	429a      	cmp	r2, r3
1000535e:	bf98      	it	ls
10005360:	2200      	movls	r2, #0
10005362:	b570      	push	{r4, r5, r6, lr}
10005364:	bf88      	it	hi
10005366:	1ad2      	subhi	r2, r2, r3
10005368:	8883      	ldrh	r3, [r0, #4]
1000536a:	bf88      	it	hi
1000536c:	b292      	uxthhi	r2, r2
1000536e:	4293      	cmp	r3, r2
10005370:	4604      	mov	r4, r0
10005372:	b082      	sub	sp, #8
10005374:	d803      	bhi.n	1000537e <tu_edpt_stream_read_xfer+0x3a>
10005376:	7881      	ldrb	r1, [r0, #2]
10005378:	b109      	cbz	r1, 1000537e <tu_edpt_stream_read_xfer+0x3a>
1000537a:	7843      	ldrb	r3, [r0, #1]
1000537c:	b113      	cbz	r3, 10005384 <tu_edpt_stream_read_xfer+0x40>
1000537e:	2000      	movs	r0, #0
10005380:	b002      	add	sp, #8
10005382:	bd70      	pop	{r4, r5, r6, pc}
10005384:	7800      	ldrb	r0, [r0, #0]
10005386:	f7fe ff41 	bl	1000420c <usbd_edpt_claim>
1000538a:	2800      	cmp	r0, #0
1000538c:	d0f7      	beq.n	1000537e <tu_edpt_stream_read_xfer+0x3a>
1000538e:	8aa2      	ldrh	r2, [r4, #20]
10005390:	8ae1      	ldrh	r1, [r4, #22]
10005392:	8a23      	ldrh	r3, [r4, #16]
10005394:	b292      	uxth	r2, r2
10005396:	b289      	uxth	r1, r1
10005398:	428a      	cmp	r2, r1
1000539a:	bfb6      	itet	lt
1000539c:	ebc1 0143 	rsblt	r1, r1, r3, lsl #1
100053a0:	1a52      	subge	r2, r2, r1
100053a2:	1852      	addlt	r2, r2, r1
100053a4:	b292      	uxth	r2, r2
100053a6:	4293      	cmp	r3, r2
100053a8:	bf92      	itee	ls
100053aa:	2200      	movls	r2, #0
100053ac:	1a9b      	subhi	r3, r3, r2
100053ae:	b29a      	uxthhi	r2, r3
100053b0:	88a3      	ldrh	r3, [r4, #4]
100053b2:	7866      	ldrb	r6, [r4, #1]
100053b4:	4293      	cmp	r3, r2
100053b6:	d906      	bls.n	100053c6 <tu_edpt_stream_read_xfer+0x82>
100053b8:	2e00      	cmp	r6, #0
100053ba:	d1e0      	bne.n	1000537e <tu_edpt_stream_read_xfer+0x3a>
100053bc:	78a1      	ldrb	r1, [r4, #2]
100053be:	7820      	ldrb	r0, [r4, #0]
100053c0:	f7fe ff36 	bl	10004230 <usbd_edpt_release>
100053c4:	e7db      	b.n	1000537e <tu_edpt_stream_read_xfer+0x3a>
100053c6:	88e1      	ldrh	r1, [r4, #6]
100053c8:	b9a6      	cbnz	r6, 100053f4 <tu_edpt_stream_read_xfer+0xb0>
100053ca:	425b      	negs	r3, r3
100053cc:	ea02 0003 	and.w	r0, r2, r3
100053d0:	4288      	cmp	r0, r1
100053d2:	bf28      	it	cs
100053d4:	4608      	movcs	r0, r1
100053d6:	68a2      	ldr	r2, [r4, #8]
100053d8:	4605      	mov	r5, r0
100053da:	78a1      	ldrb	r1, [r4, #2]
100053dc:	7820      	ldrb	r0, [r4, #0]
100053de:	b18a      	cbz	r2, 10005404 <tu_edpt_stream_read_xfer+0xc0>
100053e0:	2d00      	cmp	r5, #0
100053e2:	bf08      	it	eq
100053e4:	2200      	moveq	r2, #0
100053e6:	462b      	mov	r3, r5
100053e8:	9600      	str	r6, [sp, #0]
100053ea:	f7fe ff33 	bl	10004254 <usbd_edpt_xfer>
100053ee:	b108      	cbz	r0, 100053f4 <tu_edpt_stream_read_xfer+0xb0>
100053f0:	4628      	mov	r0, r5
100053f2:	e7c5      	b.n	10005380 <tu_edpt_stream_read_xfer+0x3c>
100053f4:	f04f 23e0 	mov.w	r3, #3758153728	@ 0xe000e000
100053f8:	f8d3 3df0 	ldr.w	r3, [r3, #3568]	@ 0xdf0
100053fc:	07db      	lsls	r3, r3, #31
100053fe:	d5be      	bpl.n	1000537e <tu_edpt_stream_read_xfer+0x3a>
10005400:	be00      	bkpt	0x0000
10005402:	e7bc      	b.n	1000537e <tu_edpt_stream_read_xfer+0x3a>
10005404:	9200      	str	r2, [sp, #0]
10005406:	462b      	mov	r3, r5
10005408:	f104 020c 	add.w	r2, r4, #12
1000540c:	f7ff fb8a 	bl	10004b24 <usbd_edpt_xfer_fifo>
10005410:	e7ed      	b.n	100053ee <tu_edpt_stream_read_xfer+0xaa>
10005412:	bf00      	nop

10005414 <tu_edpt_stream_read>:
10005414:	b5f0      	push	{r4, r5, r6, r7, lr}
10005416:	4604      	mov	r4, r0
10005418:	f100 050c 	add.w	r5, r0, #12
1000541c:	2300      	movs	r3, #0
1000541e:	b292      	uxth	r2, r2
10005420:	4628      	mov	r0, r5
10005422:	b083      	sub	sp, #12
10005424:	f000 f8c0 	bl	100055a8 <tu_fifo_read_n_access_mode>
10005428:	8aa3      	ldrh	r3, [r4, #20]
1000542a:	8ae1      	ldrh	r1, [r4, #22]
1000542c:	8a22      	ldrh	r2, [r4, #16]
1000542e:	b29b      	uxth	r3, r3
10005430:	b289      	uxth	r1, r1
10005432:	428b      	cmp	r3, r1
10005434:	bfb6      	itet	lt
10005436:	ebc1 0142 	rsblt	r1, r1, r2, lsl #1
1000543a:	1a5b      	subge	r3, r3, r1
1000543c:	185b      	addlt	r3, r3, r1
1000543e:	b29b      	uxth	r3, r3
10005440:	429a      	cmp	r2, r3
10005442:	bf94      	ite	ls
10005444:	2200      	movls	r2, #0
10005446:	1ad2      	subhi	r2, r2, r3
10005448:	88a3      	ldrh	r3, [r4, #4]
1000544a:	bf88      	it	hi
1000544c:	b292      	uxthhi	r2, r2
1000544e:	4293      	cmp	r3, r2
10005450:	4606      	mov	r6, r0
10005452:	d803      	bhi.n	1000545c <tu_edpt_stream_read+0x48>
10005454:	78a1      	ldrb	r1, [r4, #2]
10005456:	b109      	cbz	r1, 1000545c <tu_edpt_stream_read+0x48>
10005458:	7863      	ldrb	r3, [r4, #1]
1000545a:	b113      	cbz	r3, 10005462 <tu_edpt_stream_read+0x4e>
1000545c:	4630      	mov	r0, r6
1000545e:	b003      	add	sp, #12
10005460:	bdf0      	pop	{r4, r5, r6, r7, pc}
10005462:	7820      	ldrb	r0, [r4, #0]
10005464:	f7fe fed2 	bl	1000420c <usbd_edpt_claim>
10005468:	2800      	cmp	r0, #0
1000546a:	d0f7      	beq.n	1000545c <tu_edpt_stream_read+0x48>
1000546c:	8aa3      	ldrh	r3, [r4, #20]
1000546e:	8ae1      	ldrh	r1, [r4, #22]
10005470:	8a22      	ldrh	r2, [r4, #16]
10005472:	b29b      	uxth	r3, r3
10005474:	b289      	uxth	r1, r1
10005476:	428b      	cmp	r3, r1
10005478:	bfb6      	itet	lt
1000547a:	ebc1 0142 	rsblt	r1, r1, r2, lsl #1
1000547e:	1a5b      	subge	r3, r3, r1
10005480:	185b      	addlt	r3, r3, r1
10005482:	b29b      	uxth	r3, r3
10005484:	429a      	cmp	r2, r3
10005486:	bf94      	ite	ls
10005488:	2200      	movls	r2, #0
1000548a:	1ad2      	subhi	r2, r2, r3
1000548c:	88a3      	ldrh	r3, [r4, #4]
1000548e:	bf88      	it	hi
10005490:	b292      	uxthhi	r2, r2
10005492:	4293      	cmp	r3, r2
10005494:	7867      	ldrb	r7, [r4, #1]
10005496:	d906      	bls.n	100054a6 <tu_edpt_stream_read+0x92>
10005498:	2f00      	cmp	r7, #0
1000549a:	d1df      	bne.n	1000545c <tu_edpt_stream_read+0x48>
1000549c:	78a1      	ldrb	r1, [r4, #2]
1000549e:	7820      	ldrb	r0, [r4, #0]
100054a0:	f7fe fec6 	bl	10004230 <usbd_edpt_release>
100054a4:	e7da      	b.n	1000545c <tu_edpt_stream_read+0x48>
100054a6:	88e1      	ldrh	r1, [r4, #6]
100054a8:	b987      	cbnz	r7, 100054cc <tu_edpt_stream_read+0xb8>
100054aa:	425b      	negs	r3, r3
100054ac:	4013      	ands	r3, r2
100054ae:	68a2      	ldr	r2, [r4, #8]
100054b0:	428b      	cmp	r3, r1
100054b2:	bf28      	it	cs
100054b4:	460b      	movcs	r3, r1
100054b6:	7820      	ldrb	r0, [r4, #0]
100054b8:	78a1      	ldrb	r1, [r4, #2]
100054ba:	b17a      	cbz	r2, 100054dc <tu_edpt_stream_read+0xc8>
100054bc:	2b00      	cmp	r3, #0
100054be:	bf08      	it	eq
100054c0:	2200      	moveq	r2, #0
100054c2:	9700      	str	r7, [sp, #0]
100054c4:	f7fe fec6 	bl	10004254 <usbd_edpt_xfer>
100054c8:	2800      	cmp	r0, #0
100054ca:	d1c7      	bne.n	1000545c <tu_edpt_stream_read+0x48>
100054cc:	f04f 23e0 	mov.w	r3, #3758153728	@ 0xe000e000
100054d0:	f8d3 3df0 	ldr.w	r3, [r3, #3568]	@ 0xdf0
100054d4:	07db      	lsls	r3, r3, #31
100054d6:	d5c1      	bpl.n	1000545c <tu_edpt_stream_read+0x48>
100054d8:	be00      	bkpt	0x0000
100054da:	e7bf      	b.n	1000545c <tu_edpt_stream_read+0x48>
100054dc:	9200      	str	r2, [sp, #0]
100054de:	462a      	mov	r2, r5
100054e0:	f7ff fb20 	bl	10004b24 <usbd_edpt_xfer_fifo>
100054e4:	e7f0      	b.n	100054c8 <tu_edpt_stream_read+0xb4>
100054e6:	bf00      	nop

100054e8 <tu_fifo_config>:
100054e8:	f5b2 4f00 	cmp.w	r2, #32768	@ 0x8000
100054ec:	d820      	bhi.n	10005530 <tu_fifo_config+0x48>
100054ee:	b5f8      	push	{r3, r4, r5, r6, r7, lr}
100054f0:	4604      	mov	r4, r0
100054f2:	68c0      	ldr	r0, [r0, #12]
100054f4:	4615      	mov	r5, r2
100054f6:	460f      	mov	r7, r1
100054f8:	461e      	mov	r6, r3
100054fa:	b118      	cbz	r0, 10005504 <tu_fifo_config+0x1c>
100054fc:	f04f 31ff 	mov.w	r1, #4294967295	@ 0xffffffff
10005500:	f000 fa76 	bl	100059f0 <__mutex_enter_timeout_ms_veneer>
10005504:	6920      	ldr	r0, [r4, #16]
10005506:	b118      	cbz	r0, 10005510 <tu_fifo_config+0x28>
10005508:	f04f 31ff 	mov.w	r1, #4294967295	@ 0xffffffff
1000550c:	f000 fa70 	bl	100059f0 <__mutex_enter_timeout_ms_veneer>
10005510:	2300      	movs	r3, #0
10005512:	68e0      	ldr	r0, [r4, #12]
10005514:	8163      	strh	r3, [r4, #10]
10005516:	6027      	str	r7, [r4, #0]
10005518:	80a5      	strh	r5, [r4, #4]
1000551a:	71a6      	strb	r6, [r4, #6]
1000551c:	8123      	strh	r3, [r4, #8]
1000551e:	b108      	cbz	r0, 10005524 <tu_fifo_config+0x3c>
10005520:	f000 fa62 	bl	100059e8 <__mutex_exit_veneer>
10005524:	6920      	ldr	r0, [r4, #16]
10005526:	b108      	cbz	r0, 1000552c <tu_fifo_config+0x44>
10005528:	f000 fa5e 	bl	100059e8 <__mutex_exit_veneer>
1000552c:	2001      	movs	r0, #1
1000552e:	bdf8      	pop	{r3, r4, r5, r6, r7, pc}
10005530:	2000      	movs	r0, #0
10005532:	4770      	bx	lr

10005534 <tu_fifo_clear>:
10005534:	b510      	push	{r4, lr}
10005536:	4604      	mov	r4, r0
10005538:	68c0      	ldr	r0, [r0, #12]
1000553a:	b118      	cbz	r0, 10005544 <tu_fifo_clear+0x10>
1000553c:	f04f 31ff 	mov.w	r1, #4294967295	@ 0xffffffff
10005540:	f000 fa56 	bl	100059f0 <__mutex_enter_timeout_ms_veneer>
10005544:	6920      	ldr	r0, [r4, #16]
10005546:	b118      	cbz	r0, 10005550 <tu_fifo_clear+0x1c>
10005548:	f04f 31ff 	mov.w	r1, #4294967295	@ 0xffffffff
1000554c:	f000 fa50 	bl	100059f0 <__mutex_enter_timeout_ms_veneer>
10005550:	2300      	movs	r3, #0
10005552:	68e0      	ldr	r0, [r4, #12]
10005554:	8163      	strh	r3, [r4, #10]
10005556:	8123      	strh	r3, [r4, #8]
10005558:	b108      	cbz	r0, 1000555e <tu_fifo_clear+0x2a>
1000555a:	f000 fa45 	bl	100059e8 <__mutex_exit_veneer>
1000555e:	6920      	ldr	r0, [r4, #16]
10005560:	b118      	cbz	r0, 1000556a <tu_fifo_clear+0x36>
10005562:	e8bd 4010 	ldmia.w	sp!, {r4, lr}
10005566:	f000 ba3f 	b.w	100059e8 <__mutex_exit_veneer>
1000556a:	bd10      	pop	{r4, pc}

1000556c <tu_fifo_set_overwritable>:
1000556c:	b538      	push	{r3, r4, r5, lr}
1000556e:	7983      	ldrb	r3, [r0, #6]
10005570:	428b      	cmp	r3, r1
10005572:	d018      	beq.n	100055a6 <tu_fifo_set_overwritable+0x3a>
10005574:	4604      	mov	r4, r0
10005576:	68c0      	ldr	r0, [r0, #12]
10005578:	460d      	mov	r5, r1
1000557a:	b118      	cbz	r0, 10005584 <tu_fifo_set_overwritable+0x18>
1000557c:	f04f 31ff 	mov.w	r1, #4294967295	@ 0xffffffff
10005580:	f000 fa36 	bl	100059f0 <__mutex_enter_timeout_ms_veneer>
10005584:	6920      	ldr	r0, [r4, #16]
10005586:	b118      	cbz	r0, 10005590 <tu_fifo_set_overwritable+0x24>
10005588:	f04f 31ff 	mov.w	r1, #4294967295	@ 0xffffffff
1000558c:	f000 fa30 	bl	100059f0 <__mutex_enter_timeout_ms_veneer>
10005590:	68e0      	ldr	r0, [r4, #12]
10005592:	71a5      	strb	r5, [r4, #6]
10005594:	b108      	cbz	r0, 1000559a <tu_fifo_set_overwritable+0x2e>
10005596:	f000 fa27 	bl	100059e8 <__mutex_exit_veneer>
1000559a:	6920      	ldr	r0, [r4, #16]
1000559c:	b118      	cbz	r0, 100055a6 <tu_fifo_set_overwritable+0x3a>
1000559e:	e8bd 4038 	ldmia.w	sp!, {r3, r4, r5, lr}
100055a2:	f000 ba21 	b.w	100059e8 <__mutex_exit_veneer>
100055a6:	bd38      	pop	{r3, r4, r5, pc}

100055a8 <tu_fifo_read_n_access_mode>:
100055a8:	e92d 43f8 	stmdb	sp!, {r3, r4, r5, r6, r7, r8, r9, lr}
100055ac:	4606      	mov	r6, r0
100055ae:	6900      	ldr	r0, [r0, #16]
100055b0:	4688      	mov	r8, r1
100055b2:	4691      	mov	r9, r2
100055b4:	b118      	cbz	r0, 100055be <tu_fifo_read_n_access_mode+0x16>
100055b6:	f04f 31ff 	mov.w	r1, #4294967295	@ 0xffffffff
100055ba:	f000 fa19 	bl	100059f0 <__mutex_enter_timeout_ms_veneer>
100055be:	8933      	ldrh	r3, [r6, #8]
100055c0:	8974      	ldrh	r4, [r6, #10]
100055c2:	b29b      	uxth	r3, r3
100055c4:	b2a4      	uxth	r4, r4
100055c6:	88b5      	ldrh	r5, [r6, #4]
100055c8:	42a3      	cmp	r3, r4
100055ca:	bfb6      	itet	lt
100055cc:	ebc4 0745 	rsblt	r7, r4, r5, lsl #1
100055d0:	1b1f      	subge	r7, r3, r4
100055d2:	18ff      	addlt	r7, r7, r3
100055d4:	b2bf      	uxth	r7, r7
100055d6:	2f00      	cmp	r7, #0
100055d8:	d03f      	beq.n	1000565a <tu_fifo_read_n_access_mode+0xb2>
100055da:	42bd      	cmp	r5, r7
100055dc:	d335      	bcc.n	1000564a <tu_fifo_read_n_access_mode+0xa2>
100055de:	45b9      	cmp	r9, r7
100055e0:	bf28      	it	cs
100055e2:	46b9      	movcs	r9, r7
100055e4:	42a5      	cmp	r5, r4
100055e6:	fa1f f789 	uxth.w	r7, r9
100055ea:	d803      	bhi.n	100055f4 <tu_fifo_read_n_access_mode+0x4c>
100055ec:	1b64      	subs	r4, r4, r5
100055ee:	b2a4      	uxth	r4, r4
100055f0:	42a5      	cmp	r5, r4
100055f2:	d9fb      	bls.n	100055ec <tu_fifo_read_n_access_mode+0x44>
100055f4:	eba5 0904 	sub.w	r9, r5, r4
100055f8:	6831      	ldr	r1, [r6, #0]
100055fa:	fa1f f989 	uxth.w	r9, r9
100055fe:	454f      	cmp	r7, r9
10005600:	4421      	add	r1, r4
10005602:	d91d      	bls.n	10005640 <tu_fifo_read_n_access_mode+0x98>
10005604:	464a      	mov	r2, r9
10005606:	4640      	mov	r0, r8
10005608:	1b7d      	subs	r5, r7, r5
1000560a:	f000 f9d9 	bl	100059c0 <__memcpy_veneer>
1000560e:	1962      	adds	r2, r4, r5
10005610:	6831      	ldr	r1, [r6, #0]
10005612:	eb08 0009 	add.w	r0, r8, r9
10005616:	b292      	uxth	r2, r2
10005618:	f000 f9d2 	bl	100059c0 <__memcpy_veneer>
1000561c:	8972      	ldrh	r2, [r6, #10]
1000561e:	88b5      	ldrh	r5, [r6, #4]
10005620:	b292      	uxth	r2, r2
10005622:	19d3      	adds	r3, r2, r7
10005624:	b29b      	uxth	r3, r3
10005626:	429a      	cmp	r2, r3
10005628:	d919      	bls.n	1000565e <tu_fifo_read_n_access_mode+0xb6>
1000562a:	006a      	lsls	r2, r5, #1
1000562c:	1a9b      	subs	r3, r3, r2
1000562e:	b29b      	uxth	r3, r3
10005630:	6930      	ldr	r0, [r6, #16]
10005632:	8173      	strh	r3, [r6, #10]
10005634:	b108      	cbz	r0, 1000563a <tu_fifo_read_n_access_mode+0x92>
10005636:	f000 f9d7 	bl	100059e8 <__mutex_exit_veneer>
1000563a:	4638      	mov	r0, r7
1000563c:	e8bd 83f8 	ldmia.w	sp!, {r3, r4, r5, r6, r7, r8, r9, pc}
10005640:	463a      	mov	r2, r7
10005642:	4640      	mov	r0, r8
10005644:	f000 f9bc 	bl	100059c0 <__memcpy_veneer>
10005648:	e7e8      	b.n	1000561c <tu_fifo_read_n_access_mode+0x74>
1000564a:	42ab      	cmp	r3, r5
1000564c:	bf2c      	ite	cs
1000564e:	1b5b      	subcs	r3, r3, r5
10005650:	195b      	addcc	r3, r3, r5
10005652:	b29c      	uxth	r4, r3
10005654:	462f      	mov	r7, r5
10005656:	8174      	strh	r4, [r6, #10]
10005658:	e7c1      	b.n	100055de <tu_fifo_read_n_access_mode+0x36>
1000565a:	8973      	ldrh	r3, [r6, #10]
1000565c:	b29b      	uxth	r3, r3
1000565e:	ebb3 0f45 	cmp.w	r3, r5, lsl #1
10005662:	ea4f 0245 	mov.w	r2, r5, lsl #1
10005666:	dbe3      	blt.n	10005630 <tu_fifo_read_n_access_mode+0x88>
10005668:	e7e0      	b.n	1000562c <tu_fifo_read_n_access_mode+0x84>
1000566a:	bf00      	nop

1000566c <tu_fifo_write_n_access_mode>:
1000566c:	e92d 4ff8 	stmdb	sp!, {r3, r4, r5, r6, r7, r8, r9, sl, fp, lr}
10005670:	4615      	mov	r5, r2
10005672:	2a00      	cmp	r2, #0
10005674:	d048      	beq.n	10005708 <tu_fifo_write_n_access_mode+0x9c>
10005676:	4606      	mov	r6, r0
10005678:	68c0      	ldr	r0, [r0, #12]
1000567a:	4688      	mov	r8, r1
1000567c:	4699      	mov	r9, r3
1000567e:	b118      	cbz	r0, 10005688 <tu_fifo_write_n_access_mode+0x1c>
10005680:	f04f 31ff 	mov.w	r1, #4294967295	@ 0xffffffff
10005684:	f000 f9b4 	bl	100059f0 <__mutex_enter_timeout_ms_veneer>
10005688:	8937      	ldrh	r7, [r6, #8]
1000568a:	79b2      	ldrb	r2, [r6, #6]
1000568c:	8974      	ldrh	r4, [r6, #10]
1000568e:	88b1      	ldrh	r1, [r6, #4]
10005690:	b2bf      	uxth	r7, r7
10005692:	b2a4      	uxth	r4, r4
10005694:	2a00      	cmp	r2, #0
10005696:	d13a      	bne.n	1000570e <tu_fifo_write_n_access_mode+0xa2>
10005698:	42a7      	cmp	r7, r4
1000569a:	bfb6      	itet	lt
1000569c:	ebc4 0441 	rsblt	r4, r4, r1, lsl #1
100056a0:	1b3c      	subge	r4, r7, r4
100056a2:	19e4      	addlt	r4, r4, r7
100056a4:	b2a4      	uxth	r4, r4
100056a6:	428c      	cmp	r4, r1
100056a8:	d252      	bcs.n	10005750 <tu_fifo_write_n_access_mode+0xe4>
100056aa:	1b0c      	subs	r4, r1, r4
100056ac:	b2a4      	uxth	r4, r4
100056ae:	42a5      	cmp	r5, r4
100056b0:	bf28      	it	cs
100056b2:	4625      	movcs	r5, r4
100056b4:	eb07 0905 	add.w	r9, r7, r5
100056b8:	eba5 0a01 	sub.w	sl, r5, r1
100056bc:	fa1f f989 	uxth.w	r9, r9
100056c0:	fa1f fa8a 	uxth.w	sl, sl
100056c4:	428f      	cmp	r7, r1
100056c6:	463c      	mov	r4, r7
100056c8:	d303      	bcc.n	100056d2 <tu_fifo_write_n_access_mode+0x66>
100056ca:	1a64      	subs	r4, r4, r1
100056cc:	b2a4      	uxth	r4, r4
100056ce:	428c      	cmp	r4, r1
100056d0:	d2fb      	bcs.n	100056ca <tu_fifo_write_n_access_mode+0x5e>
100056d2:	1b09      	subs	r1, r1, r4
100056d4:	6830      	ldr	r0, [r6, #0]
100056d6:	fa1f fb81 	uxth.w	fp, r1
100056da:	45ab      	cmp	fp, r5
100056dc:	4420      	add	r0, r4
100056de:	d346      	bcc.n	1000576e <tu_fifo_write_n_access_mode+0x102>
100056e0:	4641      	mov	r1, r8
100056e2:	462a      	mov	r2, r5
100056e4:	f000 f96c 	bl	100059c0 <__memcpy_veneer>
100056e8:	88b2      	ldrh	r2, [r6, #4]
100056ea:	45b9      	cmp	r9, r7
100056ec:	ea4f 0342 	mov.w	r3, r2, lsl #1
100056f0:	d302      	bcc.n	100056f8 <tu_fifo_write_n_access_mode+0x8c>
100056f2:	ebb9 0f42 	cmp.w	r9, r2, lsl #1
100056f6:	db03      	blt.n	10005700 <tu_fifo_write_n_access_mode+0x94>
100056f8:	eba9 0303 	sub.w	r3, r9, r3
100056fc:	fa1f f983 	uxth.w	r9, r3
10005700:	68f0      	ldr	r0, [r6, #12]
10005702:	f8a6 9008 	strh.w	r9, [r6, #8]
10005706:	bb38      	cbnz	r0, 10005758 <tu_fifo_write_n_access_mode+0xec>
10005708:	4628      	mov	r0, r5
1000570a:	e8bd 8ff8 	ldmia.w	sp!, {r3, r4, r5, r6, r7, r8, r9, sl, fp, pc}
1000570e:	428d      	cmp	r5, r1
10005710:	d227      	bcs.n	10005762 <tu_fifo_write_n_access_mode+0xf6>
10005712:	42a7      	cmp	r7, r4
10005714:	bfb6      	itet	lt
10005716:	ebc4 0341 	rsblt	r3, r4, r1, lsl #1
1000571a:	1b3b      	subge	r3, r7, r4
1000571c:	19db      	addlt	r3, r3, r7
1000571e:	b29b      	uxth	r3, r3
10005720:	004a      	lsls	r2, r1, #1
10005722:	442b      	add	r3, r5
10005724:	eba5 0a01 	sub.w	sl, r5, r1
10005728:	4293      	cmp	r3, r2
1000572a:	fa1f fa8a 	uxth.w	sl, sl
1000572e:	db0a      	blt.n	10005746 <tu_fifo_write_n_access_mode+0xda>
10005730:	eb04 0901 	add.w	r9, r4, r1
10005734:	fa1f f989 	uxth.w	r9, r9
10005738:	eba9 0705 	sub.w	r7, r9, r5
1000573c:	b2bf      	uxth	r7, r7
1000573e:	42bc      	cmp	r4, r7
10005740:	d924      	bls.n	1000578c <tu_fifo_write_n_access_mode+0x120>
10005742:	1aba      	subs	r2, r7, r2
10005744:	b297      	uxth	r7, r2
10005746:	eb05 0907 	add.w	r9, r5, r7
1000574a:	fa1f f989 	uxth.w	r9, r9
1000574e:	e7b9      	b.n	100056c4 <tu_fifo_write_n_access_mode+0x58>
10005750:	2500      	movs	r5, #0
10005752:	68f0      	ldr	r0, [r6, #12]
10005754:	2800      	cmp	r0, #0
10005756:	d0d7      	beq.n	10005708 <tu_fifo_write_n_access_mode+0x9c>
10005758:	f000 f946 	bl	100059e8 <__mutex_exit_veneer>
1000575c:	4628      	mov	r0, r5
1000575e:	e8bd 8ff8 	ldmia.w	sp!, {r3, r4, r5, r6, r7, r8, r9, sl, fp, pc}
10005762:	f1b9 0f00 	cmp.w	r9, #0
10005766:	d00e      	beq.n	10005786 <tu_fifo_write_n_access_mode+0x11a>
10005768:	b999      	cbnz	r1, 10005792 <tu_fifo_write_n_access_mode+0x126>
1000576a:	460d      	mov	r5, r1
1000576c:	e7f1      	b.n	10005752 <tu_fifo_write_n_access_mode+0xe6>
1000576e:	465a      	mov	r2, fp
10005770:	4641      	mov	r1, r8
10005772:	4454      	add	r4, sl
10005774:	f000 f924 	bl	100059c0 <__memcpy_veneer>
10005778:	6830      	ldr	r0, [r6, #0]
1000577a:	eb08 010b 	add.w	r1, r8, fp
1000577e:	b2a2      	uxth	r2, r4
10005780:	f000 f91e 	bl	100059c0 <__memcpy_veneer>
10005784:	e7b0      	b.n	100056e8 <tu_fifo_write_n_access_mode+0x7c>
10005786:	1a6d      	subs	r5, r5, r1
10005788:	44a8      	add	r8, r5
1000578a:	e7ed      	b.n	10005768 <tu_fifo_write_n_access_mode+0xfc>
1000578c:	42ba      	cmp	r2, r7
1000578e:	dc99      	bgt.n	100056c4 <tu_fifo_write_n_access_mode+0x58>
10005790:	e7d7      	b.n	10005742 <tu_fifo_write_n_access_mode+0xd6>
10005792:	eb04 0901 	add.w	r9, r4, r1
10005796:	4627      	mov	r7, r4
10005798:	460d      	mov	r5, r1
1000579a:	f04f 0a00 	mov.w	sl, #0
1000579e:	fa1f f989 	uxth.w	r9, r9
100057a2:	e78f      	b.n	100056c4 <tu_fifo_write_n_access_mode+0x58>

100057a4 <tu_fifo_get_read_info>:
100057a4:	b5f8      	push	{r3, r4, r5, r6, r7, lr}
100057a6:	8905      	ldrh	r5, [r0, #8]
100057a8:	8944      	ldrh	r4, [r0, #10]
100057aa:	b2ad      	uxth	r5, r5
100057ac:	b2a4      	uxth	r4, r4
100057ae:	8883      	ldrh	r3, [r0, #4]
100057b0:	42a5      	cmp	r5, r4
100057b2:	bfb6      	itet	lt
100057b4:	ebc4 0243 	rsblt	r2, r4, r3, lsl #1
100057b8:	1b2a      	subge	r2, r5, r4
100057ba:	1952      	addlt	r2, r2, r5
100057bc:	b292      	uxth	r2, r2
100057be:	4293      	cmp	r3, r2
100057c0:	4606      	mov	r6, r0
100057c2:	460f      	mov	r7, r1
100057c4:	d213      	bcs.n	100057ee <tu_fifo_get_read_info+0x4a>
100057c6:	6900      	ldr	r0, [r0, #16]
100057c8:	2800      	cmp	r0, #0
100057ca:	d035      	beq.n	10005838 <tu_fifo_get_read_info+0x94>
100057cc:	f04f 31ff 	mov.w	r1, #4294967295	@ 0xffffffff
100057d0:	f000 f90e 	bl	100059f0 <__mutex_enter_timeout_ms_veneer>
100057d4:	88b2      	ldrh	r2, [r6, #4]
100057d6:	6930      	ldr	r0, [r6, #16]
100057d8:	4295      	cmp	r5, r2
100057da:	d236      	bcs.n	1000584a <tu_fifo_get_read_info+0xa6>
100057dc:	18ac      	adds	r4, r5, r2
100057de:	b2a4      	uxth	r4, r4
100057e0:	8174      	strh	r4, [r6, #10]
100057e2:	2800      	cmp	r0, #0
100057e4:	d03d      	beq.n	10005862 <tu_fifo_get_read_info+0xbe>
100057e6:	f000 f8ff 	bl	100059e8 <__mutex_exit_veneer>
100057ea:	88b2      	ldrh	r2, [r6, #4]
100057ec:	4613      	mov	r3, r2
100057ee:	b1f2      	cbz	r2, 1000582e <tu_fifo_get_read_info+0x8a>
100057f0:	429d      	cmp	r5, r3
100057f2:	d303      	bcc.n	100057fc <tu_fifo_get_read_info+0x58>
100057f4:	1aed      	subs	r5, r5, r3
100057f6:	b2ad      	uxth	r5, r5
100057f8:	429d      	cmp	r5, r3
100057fa:	d2fb      	bcs.n	100057f4 <tu_fifo_get_read_info+0x50>
100057fc:	42a3      	cmp	r3, r4
100057fe:	d803      	bhi.n	10005808 <tu_fifo_get_read_info+0x64>
10005800:	1ae4      	subs	r4, r4, r3
10005802:	b2a4      	uxth	r4, r4
10005804:	429c      	cmp	r4, r3
10005806:	d2fb      	bcs.n	10005800 <tu_fifo_get_read_info+0x5c>
10005808:	6831      	ldr	r1, [r6, #0]
1000580a:	42ac      	cmp	r4, r5
1000580c:	eb01 0004 	add.w	r0, r1, r4
10005810:	6078      	str	r0, [r7, #4]
10005812:	d205      	bcs.n	10005820 <tu_fifo_get_read_info+0x7c>
10005814:	2300      	movs	r3, #0
10005816:	803a      	strh	r2, [r7, #0]
10005818:	813b      	strh	r3, [r7, #8]
1000581a:	2100      	movs	r1, #0
1000581c:	60f9      	str	r1, [r7, #12]
1000581e:	bdf8      	pop	{r3, r4, r5, r6, r7, pc}
10005820:	1ad2      	subs	r2, r2, r3
10005822:	1b1b      	subs	r3, r3, r4
10005824:	4414      	add	r4, r2
10005826:	803b      	strh	r3, [r7, #0]
10005828:	813c      	strh	r4, [r7, #8]
1000582a:	60f9      	str	r1, [r7, #12]
1000582c:	bdf8      	pop	{r3, r4, r5, r6, r7, pc}
1000582e:	2300      	movs	r3, #0
10005830:	803b      	strh	r3, [r7, #0]
10005832:	813b      	strh	r3, [r7, #8]
10005834:	607b      	str	r3, [r7, #4]
10005836:	e7f0      	b.n	1000581a <tu_fifo_get_read_info+0x76>
10005838:	42ab      	cmp	r3, r5
1000583a:	d80d      	bhi.n	10005858 <tu_fifo_get_read_info+0xb4>
1000583c:	1aed      	subs	r5, r5, r3
1000583e:	b2ac      	uxth	r4, r5
10005840:	8174      	strh	r4, [r6, #10]
10005842:	2b00      	cmp	r3, #0
10005844:	d0f3      	beq.n	1000582e <tu_fifo_get_read_info+0x8a>
10005846:	461a      	mov	r2, r3
10005848:	e7d5      	b.n	100057f6 <tu_fifo_get_read_info+0x52>
1000584a:	1aac      	subs	r4, r5, r2
1000584c:	b2a4      	uxth	r4, r4
1000584e:	8174      	strh	r4, [r6, #10]
10005850:	2800      	cmp	r0, #0
10005852:	d1c8      	bne.n	100057e6 <tu_fifo_get_read_info+0x42>
10005854:	4613      	mov	r3, r2
10005856:	e7ca      	b.n	100057ee <tu_fifo_get_read_info+0x4a>
10005858:	195c      	adds	r4, r3, r5
1000585a:	b2a4      	uxth	r4, r4
1000585c:	461a      	mov	r2, r3
1000585e:	8174      	strh	r4, [r6, #10]
10005860:	e7c6      	b.n	100057f0 <tu_fifo_get_read_info+0x4c>
10005862:	4613      	mov	r3, r2
10005864:	e7ca      	b.n	100057fc <tu_fifo_get_read_info+0x58>
10005866:	bf00      	nop

10005868 <spi_init>:
10005868:	e92d 4ff8 	stmdb	sp!, {r3, r4, r5, r6, r7, r8, r9, sl, fp, lr}
1000586c:	4b37      	ldr	r3, [pc, #220]	@ (1000594c <spi_init+0xe4>)
1000586e:	4607      	mov	r7, r0
10005870:	4298      	cmp	r0, r3
10005872:	bf14      	ite	ne
10005874:	f44f 2380 	movne.w	r3, #262144	@ 0x40000
10005878:	f44f 2300 	moveq.w	r3, #524288	@ 0x80000
1000587c:	460e      	mov	r6, r1
1000587e:	4d34      	ldr	r5, [pc, #208]	@ (10005950 <spi_init+0xe8>)
10005880:	4c34      	ldr	r4, [pc, #208]	@ (10005954 <spi_init+0xec>)
10005882:	4a35      	ldr	r2, [pc, #212]	@ (10005958 <spi_init+0xf0>)
10005884:	602b      	str	r3, [r5, #0]
10005886:	6023      	str	r3, [r4, #0]
10005888:	6894      	ldr	r4, [r2, #8]
1000588a:	ea33 0404 	bics.w	r4, r3, r4
1000588e:	d1fb      	bne.n	10005888 <spi_init+0x20>
10005890:	2006      	movs	r0, #6
10005892:	f7fc fc89 	bl	100021a8 <clock_get_hz>
10005896:	4639      	mov	r1, r7
10005898:	2302      	movs	r3, #2
1000589a:	f851 2f04 	ldr.w	r2, [r1, #4]!
1000589e:	ea4f 2e46 	mov.w	lr, r6, lsl #9
100058a2:	ea4f 5bd6 	mov.w	fp, r6, lsr #23
100058a6:	4570      	cmp	r0, lr
100058a8:	ea02 0803 	and.w	r8, r2, r3
100058ac:	f501 5940 	add.w	r9, r1, #12288	@ 0x3000
100058b0:	eb74 020b 	sbcs.w	r2, r4, fp
100058b4:	f8c9 3000 	str.w	r3, [r9]
100058b8:	d311      	bcc.n	100058de <spi_init+0x76>
100058ba:	ea4f 5c96 	mov.w	ip, r6, lsr #22
100058be:	02b2      	lsls	r2, r6, #10
100058c0:	e001      	b.n	100058c6 <spi_init+0x5e>
100058c2:	4652      	mov	r2, sl
100058c4:	46ac      	mov	ip, r5
100058c6:	3302      	adds	r3, #2
100058c8:	f5b3 7f80 	cmp.w	r3, #256	@ 0x100
100058cc:	d007      	beq.n	100058de <spi_init+0x76>
100058ce:	eb1e 0a02 	adds.w	sl, lr, r2
100058d2:	eb4b 050c 	adc.w	r5, fp, ip
100058d6:	4290      	cmp	r0, r2
100058d8:	eb74 0c0c 	sbcs.w	ip, r4, ip
100058dc:	d2f1      	bcs.n	100058c2 <spi_init+0x5a>
100058de:	f44f 7280 	mov.w	r2, #256	@ 0x100
100058e2:	ebc3 2403 	rsb	r4, r3, r3, lsl #8
100058e6:	4694      	mov	ip, r2
100058e8:	3a01      	subs	r2, #1
100058ea:	d02d      	beq.n	10005948 <spi_init+0xe0>
100058ec:	fbb0 f5f4 	udiv	r5, r0, r4
100058f0:	42ae      	cmp	r6, r5
100058f2:	eba4 0403 	sub.w	r4, r4, r3
100058f6:	d2f6      	bcs.n	100058e6 <spi_init+0x7e>
100058f8:	fb0c fc03 	mul.w	ip, ip, r3
100058fc:	0212      	lsls	r2, r2, #8
100058fe:	2402      	movs	r4, #2
10005900:	613b      	str	r3, [r7, #16]
10005902:	463b      	mov	r3, r7
10005904:	2503      	movs	r5, #3
10005906:	683e      	ldr	r6, [r7, #0]
10005908:	f501 5100 	add.w	r1, r1, #8192	@ 0x2000
1000590c:	4072      	eors	r2, r6
1000590e:	fbb0 f0fc 	udiv	r0, r0, ip
10005912:	f402 427f 	and.w	r2, r2, #65280	@ 0xff00
10005916:	f507 5c80 	add.w	ip, r7, #4096	@ 0x1000
1000591a:	f8cc 2000 	str.w	r2, [ip]
1000591e:	f8c1 8000 	str.w	r8, [r1]
10005922:	687e      	ldr	r6, [r7, #4]
10005924:	f8c9 4000 	str.w	r4, [r9]
10005928:	f853 2b24 	ldr.w	r2, [r3], #36
1000592c:	4026      	ands	r6, r4
1000592e:	f082 0207 	eor.w	r2, r2, #7
10005932:	f002 02cf 	and.w	r2, r2, #207	@ 0xcf
10005936:	f503 5300 	add.w	r3, r3, #8192	@ 0x2000
1000593a:	f8cc 2000 	str.w	r2, [ip]
1000593e:	600e      	str	r6, [r1, #0]
10005940:	601d      	str	r5, [r3, #0]
10005942:	600c      	str	r4, [r1, #0]
10005944:	e8bd 8ff8 	ldmia.w	sp!, {r3, r4, r5, r6, r7, r8, r9, sl, fp, pc}
10005948:	469c      	mov	ip, r3
1000594a:	e7d8      	b.n	100058fe <spi_init+0x96>
1000594c:	40088000 	.word	0x40088000
10005950:	40022000 	.word	0x40022000
10005954:	40023000 	.word	0x40023000
10005958:	40020000 	.word	0x40020000

1000595c <strlen>:
1000595c:	f020 0103 	bic.w	r1, r0, #3
10005960:	f010 0003 	ands.w	r0, r0, #3
10005964:	f1c0 0000 	rsb	r0, r0, #0
10005968:	f851 3b04 	ldr.w	r3, [r1], #4
1000596c:	f100 0c04 	add.w	ip, r0, #4
10005970:	ea4f 0ccc 	mov.w	ip, ip, lsl #3
10005974:	f06f 0200 	mvn.w	r2, #0
10005978:	bf1c      	itt	ne
1000597a:	fa22 f20c 	lsrne.w	r2, r2, ip
1000597e:	4313      	orrne	r3, r2
10005980:	f04f 0c01 	mov.w	ip, #1
10005984:	ea4c 2c0c 	orr.w	ip, ip, ip, lsl #8
10005988:	ea4c 4c0c 	orr.w	ip, ip, ip, lsl #16
1000598c:	eba3 020c 	sub.w	r2, r3, ip
10005990:	ea22 0203 	bic.w	r2, r2, r3
10005994:	ea12 12cc 	ands.w	r2, r2, ip, lsl #7
10005998:	bf04      	itt	eq
1000599a:	f851 3b04 	ldreq.w	r3, [r1], #4
1000599e:	3004      	addeq	r0, #4
100059a0:	d0f4      	beq.n	1000598c <strlen+0x30>
100059a2:	f1c2 0100 	rsb	r1, r2, #0
100059a6:	ea02 0201 	and.w	r2, r2, r1
100059aa:	fab2 f282 	clz	r2, r2
100059ae:	f1c2 021f 	rsb	r2, r2, #31
100059b2:	eb00 00d2 	add.w	r0, r0, r2, lsr #3
100059b6:	4770      	bx	lr

100059b8 <__memset_veneer>:
100059b8:	f85f f000 	ldr.w	pc, [pc]	@ 100059bc <__memset_veneer+0x4>
100059bc:	200005b5 	.word	0x200005b5

100059c0 <__memcpy_veneer>:
100059c0:	f85f f000 	ldr.w	pc, [pc]	@ 100059c4 <__memcpy_veneer+0x4>
100059c4:	20000659 	.word	0x20000659

100059c8 <__mutex_try_enter_block_until_veneer>:
100059c8:	f85f f000 	ldr.w	pc, [pc]	@ 100059cc <__mutex_try_enter_block_until_veneer+0x4>
100059cc:	200001f5 	.word	0x200001f5

100059d0 <__dcd_event_handler_veneer>:
100059d0:	f85f f000 	ldr.w	pc, [pc]	@ 100059d4 <__dcd_event_handler_veneer+0x4>
100059d4:	200002ad 	.word	0x200002ad

100059d8 <__spi_write_blocking_veneer>:
100059d8:	f85f f000 	ldr.w	pc, [pc]	@ 100059dc <__spi_write_blocking_veneer+0x4>
100059dc:	20000525 	.word	0x20000525

100059e0 <__mutex_try_enter_veneer>:
100059e0:	f85f f000 	ldr.w	pc, [pc]	@ 100059e4 <__mutex_try_enter_veneer+0x4>
100059e4:	20000111 	.word	0x20000111

100059e8 <__mutex_exit_veneer>:
100059e8:	f85f f000 	ldr.w	pc, [pc]	@ 100059ec <__mutex_exit_veneer+0x4>
100059ec:	20000265 	.word	0x20000265

100059f0 <__mutex_enter_timeout_ms_veneer>:
100059f0:	f85f f000 	ldr.w	pc, [pc]	@ 100059f4 <__mutex_enter_timeout_ms_veneer+0x4>
100059f4:	2000022d 	.word	0x2000022d

100059f8 <__pre_init_runtime_init_bootrom_reset>:
100059f8:	10002489                                .$..

100059fc <__pre_init_runtime_init_early_resets>:
100059fc:	100023fd                                .#..

10005a00 <__pre_init_runtime_init_usb_power_down>:
10005a00:	10002431                                1$..

10005a04 <__pre_init_runtime_init_clocks>:
10005a04:	10002519                                .%..

10005a08 <__pre_init_runtime_init_post_clock_resets>:
10005a08:	10002469                                i$..

10005a0c <__pre_init_runtime_init_boot_locks_reset>:
10005a0c:	10002381                                .#..

10005a10 <__pre_init_runtime_init_spin_locks_reset>:
10005a10:	100024b1                                .$..

10005a14 <__pre_init_runtime_init_bootrom_locking_enable>:
10005a14:	1000236d                                m#..

10005a18 <__pre_init_runtime_init_mutex>:
10005a18:	10001799                                ....

10005a1c <__pre_init_runtime_init_install_ram_vector_table>:
10005a1c:	100024b5                                .$..

10005a20 <__pre_init_runtime_init_default_alarm_pool>:
10005a20:	10001b69                                i...

10005a24 <__pre_init_first_per_core_initializer>:
10005a24:	100023cd                                .#..

10005a28 <__pre_init_runtime_init_per_core_bootrom_reset>:
10005a28:	1000249d                                .$..

10005a2c <__pre_init_runtime_init_per_core_enable_coprocessors>:
10005a2c:	1000244d                                M$..

10005a30 <__pre_init_spinlock_set_extexclall>:
10005a30:	10001389                                ....

10005a34 <__pre_init_runtime_init_per_core_irq_priorities>:
10005a34:	100013b1                                ....

10005a38 <__init_array_start>:
10005a38:	10003175 	.word	0x10003175

Disassembly of section .data:

20000110 <mutex_try_enter>:
20000110:	4603      	mov	r3, r0
20000112:	b500      	push	{lr}
20000114:	6802      	ldr	r2, [r0, #0]
20000116:	f3ef 8c10 	mrs	ip, PRIMASK
2000011a:	b672      	cpsid	i
2000011c:	e8d2 efcf 	ldaexb	lr, [r2]
20000120:	2001      	movs	r0, #1
20000122:	f1be 0f00 	cmp.w	lr, #0
20000126:	d1f9      	bne.n	2000011c <mutex_try_enter+0xc>
20000128:	e8c2 0f4e 	strexb	lr, r0, [r2]
2000012c:	f1be 0f00 	cmp.w	lr, #0
20000130:	d1f4      	bne.n	2000011c <mutex_try_enter+0xc>
20000132:	f3bf 8f5f 	dmb	sy
20000136:	f993 2004 	ldrsb.w	r2, [r3, #4]
2000013a:	2a00      	cmp	r2, #0
2000013c:	db0a      	blt.n	20000154 <mutex_try_enter+0x44>
2000013e:	b101      	cbz	r1, 20000142 <mutex_try_enter+0x32>
20000140:	600a      	str	r2, [r1, #0]
20000142:	2000      	movs	r0, #0
20000144:	2200      	movs	r2, #0
20000146:	681b      	ldr	r3, [r3, #0]
20000148:	e8c3 2f8f 	stlb	r2, [r3]
2000014c:	f38c 8810 	msr	PRIMASK, ip
20000150:	f85d fb04 	ldr.w	pc, [sp], #4
20000154:	f04f 4250 	mov.w	r2, #3489660928	@ 0xd0000000
20000158:	6812      	ldr	r2, [r2, #0]
2000015a:	2001      	movs	r0, #1
2000015c:	711a      	strb	r2, [r3, #4]
2000015e:	e7f1      	b.n	20000144 <mutex_try_enter+0x34>

20000160 <mutex_enter_block_until>:
20000160:	f04f 4150 	mov.w	r1, #3489660928	@ 0xd0000000
20000164:	e92d 43f8 	stmdb	sp!, {r3, r4, r5, r6, r7, r8, r9, lr}
20000168:	2700      	movs	r7, #0
2000016a:	4604      	mov	r4, r0
2000016c:	4616      	mov	r6, r2
2000016e:	461d      	mov	r5, r3
20000170:	f8df 907c 	ldr.w	r9, [pc, #124]	@ 200001f0 <mutex_enter_block_until+0x90>
20000174:	f8d1 8000 	ldr.w	r8, [r1]
20000178:	6821      	ldr	r1, [r4, #0]
2000017a:	f3ef 8210 	mrs	r2, PRIMASK
2000017e:	b672      	cpsid	i
20000180:	e8d1 0fcf 	ldaexb	r0, [r1]
20000184:	2301      	movs	r3, #1
20000186:	2800      	cmp	r0, #0
20000188:	d1fa      	bne.n	20000180 <mutex_enter_block_until+0x20>
2000018a:	e8c1 3f40 	strexb	r0, r3, [r1]
2000018e:	2800      	cmp	r0, #0
20000190:	d1f6      	bne.n	20000180 <mutex_enter_block_until+0x20>
20000192:	f3bf 8f5f 	dmb	sy
20000196:	f994 3004 	ldrsb.w	r3, [r4, #4]
2000019a:	2b00      	cmp	r3, #0
2000019c:	db1d      	blt.n	200001da <mutex_enter_block_until+0x7a>
2000019e:	f899 c000 	ldrb.w	ip, [r9]
200001a2:	6823      	ldr	r3, [r4, #0]
200001a4:	fa5f fc8c 	uxtb.w	ip, ip
200001a8:	e8c3 7f8f 	stlb	r7, [r3]
200001ac:	f382 8810 	msr	PRIMASK, r2
200001b0:	f899 3000 	ldrb.w	r3, [r9]
200001b4:	4563      	cmp	r3, ip
200001b6:	d008      	beq.n	200001ca <mutex_enter_block_until+0x6a>
200001b8:	4630      	mov	r0, r6
200001ba:	4629      	mov	r1, r5
200001bc:	f000 facc 	bl	20000758 <__best_effort_wfe_or_timeout_veneer>
200001c0:	2800      	cmp	r0, #0
200001c2:	d0d9      	beq.n	20000178 <mutex_enter_block_until+0x18>
200001c4:	2000      	movs	r0, #0
200001c6:	e8bd 83f8 	ldmia.w	sp!, {r3, r4, r5, r6, r7, r8, r9, pc}
200001ca:	bf20      	wfe
200001cc:	4630      	mov	r0, r6
200001ce:	4629      	mov	r1, r5
200001d0:	f000 fac2 	bl	20000758 <__best_effort_wfe_or_timeout_veneer>
200001d4:	2800      	cmp	r0, #0
200001d6:	d0cf      	beq.n	20000178 <mutex_enter_block_until+0x18>
200001d8:	e7f4      	b.n	200001c4 <mutex_enter_block_until+0x64>
200001da:	2300      	movs	r3, #0
200001dc:	6821      	ldr	r1, [r4, #0]
200001de:	f884 8004 	strb.w	r8, [r4, #4]
200001e2:	e8c1 3f8f 	stlb	r3, [r1]
200001e6:	f382 8810 	msr	PRIMASK, r2
200001ea:	2001      	movs	r0, #1
200001ec:	e8bd 83f8 	ldmia.w	sp!, {r3, r4, r5, r6, r7, r8, r9, pc}
200001f0:	20001016 	.word	0x20001016

200001f4 <mutex_try_enter_block_until>:
200001f4:	b570      	push	{r4, r5, r6, lr}
200001f6:	b082      	sub	sp, #8
200001f8:	a901      	add	r1, sp, #4
200001fa:	4606      	mov	r6, r0
200001fc:	4615      	mov	r5, r2
200001fe:	461c      	mov	r4, r3
20000200:	f7ff ff86 	bl	20000110 <mutex_try_enter>
20000204:	b938      	cbnz	r0, 20000216 <mutex_try_enter_block_until+0x22>
20000206:	f04f 4350 	mov.w	r3, #3489660928	@ 0xd0000000
2000020a:	f99d 2004 	ldrsb.w	r2, [sp, #4]
2000020e:	f993 3000 	ldrsb.w	r3, [r3]
20000212:	429a      	cmp	r2, r3
20000214:	d101      	bne.n	2000021a <mutex_try_enter_block_until+0x26>
20000216:	b002      	add	sp, #8
20000218:	bd70      	pop	{r4, r5, r6, pc}
2000021a:	462a      	mov	r2, r5
2000021c:	4623      	mov	r3, r4
2000021e:	4630      	mov	r0, r6
20000220:	b002      	add	sp, #8
20000222:	e8bd 4070 	ldmia.w	sp!, {r4, r5, r6, lr}
20000226:	f7ff bf9b 	b.w	20000160 <mutex_enter_block_until>
2000022a:	bf00      	nop

2000022c <mutex_enter_timeout_ms>:
2000022c:	b570      	push	{r4, r5, r6, lr}
2000022e:	4605      	mov	r5, r0
20000230:	460c      	mov	r4, r1
20000232:	f000 fa95 	bl	20000760 <__time_us_64_veneer>
20000236:	4602      	mov	r2, r0
20000238:	460b      	mov	r3, r1
2000023a:	f44f 707a 	mov.w	r0, #1000	@ 0x3e8
2000023e:	f04f 3eff 	mov.w	lr, #4294967295	@ 0xffffffff
20000242:	f06f 4c00 	mvn.w	ip, #2147483648	@ 0x80000000
20000246:	fbe4 2300 	umlal	r2, r3, r4, r0
2000024a:	4596      	cmp	lr, r2
2000024c:	eb7c 0103 	sbcs.w	r1, ip, r3
20000250:	bf38      	it	cc
20000252:	4672      	movcc	r2, lr
20000254:	4628      	mov	r0, r5
20000256:	e8bd 4070 	ldmia.w	sp!, {r4, r5, r6, lr}
2000025a:	bf38      	it	cc
2000025c:	4663      	movcc	r3, ip
2000025e:	f7ff bf7f 	b.w	20000160 <mutex_enter_block_until>
20000262:	bf00      	nop

20000264 <mutex_exit>:
20000264:	6803      	ldr	r3, [r0, #0]
20000266:	f3ef 8110 	mrs	r1, PRIMASK
2000026a:	b672      	cpsid	i
2000026c:	e8d3 cfcf 	ldaexb	ip, [r3]
20000270:	2201      	movs	r2, #1
20000272:	f1bc 0f00 	cmp.w	ip, #0
20000276:	d1f9      	bne.n	2000026c <mutex_exit+0x8>
20000278:	e8c3 2f4c 	strexb	ip, r2, [r3]
2000027c:	f1bc 0f00 	cmp.w	ip, #0
20000280:	d1f4      	bne.n	2000026c <mutex_exit+0x8>
20000282:	f3bf 8f5f 	dmb	sy
20000286:	f04f 0cff 	mov.w	ip, #255	@ 0xff
2000028a:	4a07      	ldr	r2, [pc, #28]	@ (200002a8 <mutex_exit+0x44>)
2000028c:	f880 c004 	strb.w	ip, [r0, #4]
20000290:	7813      	ldrb	r3, [r2, #0]
20000292:	3301      	adds	r3, #1
20000294:	b2db      	uxtb	r3, r3
20000296:	7013      	strb	r3, [r2, #0]
20000298:	2300      	movs	r3, #0
2000029a:	6802      	ldr	r2, [r0, #0]
2000029c:	e8c2 3f8f 	stlb	r3, [r2]
200002a0:	f381 8810 	msr	PRIMASK, r1
200002a4:	bf40      	sev
200002a6:	4770      	bx	lr
200002a8:	20001016 	.word	0x20001016

200002ac <dcd_event_handler>:
200002ac:	e92d 41f0 	stmdb	sp!, {r4, r5, r6, r7, r8, lr}
200002b0:	7843      	ldrb	r3, [r0, #1]
200002b2:	4604      	mov	r4, r0
200002b4:	3b02      	subs	r3, #2
200002b6:	460e      	mov	r6, r1
200002b8:	b084      	sub	sp, #16
200002ba:	2b05      	cmp	r3, #5
200002bc:	d80c      	bhi.n	200002d8 <dcd_event_handler+0x2c>
200002be:	e8df f013 	tbh	[pc, r3, lsl #1]
200002c2:	00a2      	.short	0x00a2
200002c4:	009b003e 	.word	0x009b003e
200002c8:	000600da 	.word	0x000600da
200002cc:	00a9      	.short	0x00a9
200002ce:	4a90      	ldr	r2, [pc, #576]	@ (20000510 <dcd_event_handler+0x264>)
200002d0:	7813      	ldrb	r3, [r2, #0]
200002d2:	3301      	adds	r3, #1
200002d4:	b2db      	uxtb	r3, r3
200002d6:	7013      	strb	r3, [r2, #0]
200002d8:	4b8e      	ldr	r3, [pc, #568]	@ (20000514 <dcd_event_handler+0x268>)
200002da:	681d      	ldr	r5, [r3, #0]
200002dc:	69ab      	ldr	r3, [r5, #24]
200002de:	f3ef 8210 	mrs	r2, PRIMASK
200002e2:	b672      	cpsid	i
200002e4:	e8d3 0fcf 	ldaexb	r0, [r3]
200002e8:	2101      	movs	r1, #1
200002ea:	2800      	cmp	r0, #0
200002ec:	d1fa      	bne.n	200002e4 <dcd_event_handler+0x38>
200002ee:	e8c3 1f40 	strexb	r0, r1, [r3]
200002f2:	2800      	cmp	r0, #0
200002f4:	d1f6      	bne.n	200002e4 <dcd_event_handler+0x38>
200002f6:	f3bf 8f5f 	dmb	sy
200002fa:	4628      	mov	r0, r5
200002fc:	61ea      	str	r2, [r5, #28]
200002fe:	2300      	movs	r3, #0
20000300:	4621      	mov	r1, r4
20000302:	f830 2b04 	ldrh.w	r2, [r0], #4
20000306:	f000 fa23 	bl	20000750 <__tu_fifo_write_n_access_mode_veneer>
2000030a:	2300      	movs	r3, #0
2000030c:	69aa      	ldr	r2, [r5, #24]
2000030e:	e8c2 3f8f 	stlb	r3, [r2]
20000312:	69eb      	ldr	r3, [r5, #28]
20000314:	f383 8810 	msr	PRIMASK, r3
20000318:	b948      	cbnz	r0, 2000032e <dcd_event_handler+0x82>
2000031a:	f04f 23e0 	mov.w	r3, #3758153728	@ 0xe000e000
2000031e:	f8d3 3df0 	ldr.w	r3, [r3, #3568]	@ 0xdf0
20000322:	07db      	lsls	r3, r3, #31
20000324:	d508      	bpl.n	20000338 <dcd_event_handler+0x8c>
20000326:	be00      	bkpt	0x0000
20000328:	b004      	add	sp, #16
2000032a:	e8bd 81f0 	ldmia.w	sp!, {r4, r5, r6, r7, r8, pc}
2000032e:	4632      	mov	r2, r6
20000330:	7861      	ldrb	r1, [r4, #1]
20000332:	7820      	ldrb	r0, [r4, #0]
20000334:	f000 fa08 	bl	20000748 <__tud_event_hook_cb_veneer>
20000338:	b004      	add	sp, #16
2000033a:	e8bd 81f0 	ldmia.w	sp!, {r4, r5, r6, r7, r8, pc}
2000033e:	4f76      	ldr	r7, [pc, #472]	@ (20000518 <dcd_event_handler+0x26c>)
20000340:	7839      	ldrb	r1, [r7, #0]
20000342:	29ff      	cmp	r1, #255	@ 0xff
20000344:	d018      	beq.n	20000378 <dcd_event_handler+0xcc>
20000346:	2500      	movs	r5, #0
20000348:	462a      	mov	r2, r5
2000034a:	f8df 81d4 	ldr.w	r8, [pc, #468]	@ 20000520 <dcd_event_handler+0x274>
2000034e:	4291      	cmp	r1, r2
20000350:	eb05 00c5 	add.w	r0, r5, r5, lsl #3
20000354:	d90a      	bls.n	2000036c <dcd_event_handler+0xc0>
20000356:	f8d8 3000 	ldr.w	r3, [r8]
2000035a:	eb13 0380 	adds.w	r3, r3, r0, lsl #2
2000035e:	d005      	beq.n	2000036c <dcd_event_handler+0xc0>
20000360:	6a1b      	ldr	r3, [r3, #32]
20000362:	b11b      	cbz	r3, 2000036c <dcd_event_handler+0xc0>
20000364:	6861      	ldr	r1, [r4, #4]
20000366:	7820      	ldrb	r0, [r4, #0]
20000368:	4798      	blx	r3
2000036a:	7839      	ldrb	r1, [r7, #0]
2000036c:	3501      	adds	r5, #1
2000036e:	1c4b      	adds	r3, r1, #1
20000370:	b2db      	uxtb	r3, r3
20000372:	b2ea      	uxtb	r2, r5
20000374:	4293      	cmp	r3, r2
20000376:	d8ea      	bhi.n	2000034e <dcd_event_handler+0xa2>
20000378:	4f68      	ldr	r7, [pc, #416]	@ (2000051c <dcd_event_handler+0x270>)
2000037a:	7dbb      	ldrb	r3, [r7, #22]
2000037c:	2b00      	cmp	r3, #0
2000037e:	f040 8082 	bne.w	20000486 <dcd_event_handler+0x1da>
20000382:	7ebb      	ldrb	r3, [r7, #26]
20000384:	07da      	lsls	r2, r3, #31
20000386:	d5d7      	bpl.n	20000338 <dcd_event_handler+0x8c>
20000388:	2303      	movs	r3, #3
2000038a:	2700      	movs	r7, #0
2000038c:	4a61      	ldr	r2, [pc, #388]	@ (20000514 <dcd_event_handler+0x268>)
2000038e:	7821      	ldrb	r1, [r4, #0]
20000390:	6815      	ldr	r5, [r2, #0]
20000392:	6862      	ldr	r2, [r4, #4]
20000394:	f88d 1004 	strb.w	r1, [sp, #4]
20000398:	f88d 3005 	strb.w	r3, [sp, #5]
2000039c:	69ab      	ldr	r3, [r5, #24]
2000039e:	f8cd 7006 	str.w	r7, [sp, #6]
200003a2:	f8cd 700a 	str.w	r7, [sp, #10]
200003a6:	f8ad 700e 	strh.w	r7, [sp, #14]
200003aa:	9202      	str	r2, [sp, #8]
200003ac:	f3ef 8210 	mrs	r2, PRIMASK
200003b0:	b672      	cpsid	i
200003b2:	e8d3 0fcf 	ldaexb	r0, [r3]
200003b6:	2101      	movs	r1, #1
200003b8:	2800      	cmp	r0, #0
200003ba:	d1fa      	bne.n	200003b2 <dcd_event_handler+0x106>
200003bc:	e8c3 1f40 	strexb	r0, r1, [r3]
200003c0:	2800      	cmp	r0, #0
200003c2:	d1f6      	bne.n	200003b2 <dcd_event_handler+0x106>
200003c4:	f3bf 8f5f 	dmb	sy
200003c8:	4628      	mov	r0, r5
200003ca:	463b      	mov	r3, r7
200003cc:	61ea      	str	r2, [r5, #28]
200003ce:	a901      	add	r1, sp, #4
200003d0:	f830 2b04 	ldrh.w	r2, [r0], #4
200003d4:	f000 f9bc 	bl	20000750 <__tu_fifo_write_n_access_mode_veneer>
200003d8:	69ab      	ldr	r3, [r5, #24]
200003da:	e8c3 7f8f 	stlb	r7, [r3]
200003de:	69eb      	ldr	r3, [r5, #28]
200003e0:	f383 8810 	msr	PRIMASK, r3
200003e4:	2800      	cmp	r0, #0
200003e6:	d098      	beq.n	2000031a <dcd_event_handler+0x6e>
200003e8:	4632      	mov	r2, r6
200003ea:	f89d 1005 	ldrb.w	r1, [sp, #5]
200003ee:	f89d 0004 	ldrb.w	r0, [sp, #4]
200003f2:	f000 f9a9 	bl	20000748 <__tud_event_hook_cb_veneer>
200003f6:	e79f      	b.n	20000338 <dcd_event_handler+0x8c>
200003f8:	4b48      	ldr	r3, [pc, #288]	@ (2000051c <dcd_event_handler+0x270>)
200003fa:	7d1a      	ldrb	r2, [r3, #20]
200003fc:	2a00      	cmp	r2, #0
200003fe:	d09b      	beq.n	20000338 <dcd_event_handler+0x8c>
20000400:	2201      	movs	r2, #1
20000402:	759a      	strb	r2, [r3, #22]
20000404:	e768      	b.n	200002d8 <dcd_event_handler+0x2c>
20000406:	2200      	movs	r2, #0
20000408:	4b44      	ldr	r3, [pc, #272]	@ (2000051c <dcd_event_handler+0x270>)
2000040a:	751a      	strb	r2, [r3, #20]
2000040c:	761a      	strb	r2, [r3, #24]
2000040e:	755a      	strb	r2, [r3, #21]
20000410:	759a      	strb	r2, [r3, #22]
20000412:	e761      	b.n	200002d8 <dcd_event_handler+0x2c>
20000414:	7901      	ldrb	r1, [r0, #4]
20000416:	f011 030f 	ands.w	r3, r1, #15
2000041a:	f43f af5d 	beq.w	200002d8 <dcd_event_handler+0x2c>
2000041e:	4d3f      	ldr	r5, [pc, #252]	@ (2000051c <dcd_event_handler+0x270>)
20000420:	4a3d      	ldr	r2, [pc, #244]	@ (20000518 <dcd_event_handler+0x26c>)
20000422:	eb05 0543 	add.w	r5, r5, r3, lsl #1
20000426:	eb05 15d1 	add.w	r5, r5, r1, lsr #7
2000042a:	f895 302b 	ldrb.w	r3, [r5, #43]	@ 0x2b
2000042e:	7812      	ldrb	r2, [r2, #0]
20000430:	429a      	cmp	r2, r3
20000432:	f67f af51 	bls.w	200002d8 <dcd_event_handler+0x2c>
20000436:	4a3a      	ldr	r2, [pc, #232]	@ (20000520 <dcd_event_handler+0x274>)
20000438:	eb03 03c3 	add.w	r3, r3, r3, lsl #3
2000043c:	6812      	ldr	r2, [r2, #0]
2000043e:	eb12 0283 	adds.w	r2, r2, r3, lsl #2
20000442:	f43f af49 	beq.w	200002d8 <dcd_event_handler+0x2c>
20000446:	69d7      	ldr	r7, [r2, #28]
20000448:	2f00      	cmp	r7, #0
2000044a:	f43f af45 	beq.w	200002d8 <dcd_event_handler+0x2c>
2000044e:	f895 304b 	ldrb.w	r3, [r5, #75]	@ 0x4b
20000452:	f003 03fa 	and.w	r3, r3, #250	@ 0xfa
20000456:	f885 304b 	strb.w	r3, [r5, #75]	@ 0x4b
2000045a:	6883      	ldr	r3, [r0, #8]
2000045c:	7942      	ldrb	r2, [r0, #5]
2000045e:	7800      	ldrb	r0, [r0, #0]
20000460:	47b8      	blx	r7
20000462:	2800      	cmp	r0, #0
20000464:	f47f af68 	bne.w	20000338 <dcd_event_handler+0x8c>
20000468:	f895 304b 	ldrb.w	r3, [r5, #75]	@ 0x4b
2000046c:	f043 0305 	orr.w	r3, r3, #5
20000470:	f885 304b 	strb.w	r3, [r5, #75]	@ 0x4b
20000474:	e730      	b.n	200002d8 <dcd_event_handler+0x2c>
20000476:	4b29      	ldr	r3, [pc, #164]	@ (2000051c <dcd_event_handler+0x270>)
20000478:	7d1a      	ldrb	r2, [r3, #20]
2000047a:	2a00      	cmp	r2, #0
2000047c:	f43f af5c 	beq.w	20000338 <dcd_event_handler+0x8c>
20000480:	2200      	movs	r2, #0
20000482:	759a      	strb	r2, [r3, #22]
20000484:	e728      	b.n	200002d8 <dcd_event_handler+0x2c>
20000486:	2500      	movs	r5, #0
20000488:	2305      	movs	r3, #5
2000048a:	75bd      	strb	r5, [r7, #22]
2000048c:	f88d 3005 	strb.w	r3, [sp, #5]
20000490:	7823      	ldrb	r3, [r4, #0]
20000492:	f8ad 500e 	strh.w	r5, [sp, #14]
20000496:	f88d 3004 	strb.w	r3, [sp, #4]
2000049a:	4b1e      	ldr	r3, [pc, #120]	@ (20000514 <dcd_event_handler+0x268>)
2000049c:	f8cd 5006 	str.w	r5, [sp, #6]
200004a0:	f8d3 8000 	ldr.w	r8, [r3]
200004a4:	f8cd 500a 	str.w	r5, [sp, #10]
200004a8:	f8d8 3018 	ldr.w	r3, [r8, #24]
200004ac:	f3ef 8210 	mrs	r2, PRIMASK
200004b0:	b672      	cpsid	i
200004b2:	e8d3 0fcf 	ldaexb	r0, [r3]
200004b6:	2101      	movs	r1, #1
200004b8:	2800      	cmp	r0, #0
200004ba:	d1fa      	bne.n	200004b2 <dcd_event_handler+0x206>
200004bc:	e8c3 1f40 	strexb	r0, r1, [r3]
200004c0:	2800      	cmp	r0, #0
200004c2:	d1f6      	bne.n	200004b2 <dcd_event_handler+0x206>
200004c4:	f3bf 8f5f 	dmb	sy
200004c8:	4640      	mov	r0, r8
200004ca:	462b      	mov	r3, r5
200004cc:	f8c8 201c 	str.w	r2, [r8, #28]
200004d0:	a901      	add	r1, sp, #4
200004d2:	f830 2b04 	ldrh.w	r2, [r0], #4
200004d6:	f000 f93b 	bl	20000750 <__tu_fifo_write_n_access_mode_veneer>
200004da:	f8d8 3018 	ldr.w	r3, [r8, #24]
200004de:	e8c3 5f8f 	stlb	r5, [r3]
200004e2:	f8d8 301c 	ldr.w	r3, [r8, #28]
200004e6:	f383 8810 	msr	PRIMASK, r3
200004ea:	b940      	cbnz	r0, 200004fe <dcd_event_handler+0x252>
200004ec:	f04f 23e0 	mov.w	r3, #3758153728	@ 0xe000e000
200004f0:	f8d3 3df0 	ldr.w	r3, [r3, #3568]	@ 0xdf0
200004f4:	07d9      	lsls	r1, r3, #31
200004f6:	f57f af44 	bpl.w	20000382 <dcd_event_handler+0xd6>
200004fa:	be00      	bkpt	0x0000
200004fc:	e741      	b.n	20000382 <dcd_event_handler+0xd6>
200004fe:	4632      	mov	r2, r6
20000500:	f89d 1005 	ldrb.w	r1, [sp, #5]
20000504:	f89d 0004 	ldrb.w	r0, [sp, #4]
20000508:	f000 f91e 	bl	20000748 <__tud_event_hook_cb_veneer>
2000050c:	e739      	b.n	20000382 <dcd_event_handler+0xd6>
2000050e:	bf00      	nop
20000510:	20001013 	.word	0x20001013
20000514:	20000bfc 	.word	0x20000bfc
20000518:	20001011 	.word	0x20001011
2000051c:	20000b8c 	.word	0x20000b8c
20000520:	200009c0 	.word	0x200009c0

20000524 <spi_write_blocking>:
20000524:	4684      	mov	ip, r0
20000526:	4610      	mov	r0, r2
20000528:	b36a      	cbz	r2, 20000586 <spi_write_blocking+0x62>
2000052a:	3901      	subs	r1, #1
2000052c:	b500      	push	{lr}
2000052e:	eb01 0e02 	add.w	lr, r1, r2
20000532:	f8dc 300c 	ldr.w	r3, [ip, #12]
20000536:	079b      	lsls	r3, r3, #30
20000538:	d5fb      	bpl.n	20000532 <spi_write_blocking+0xe>
2000053a:	f811 3f01 	ldrb.w	r3, [r1, #1]!
2000053e:	458e      	cmp	lr, r1
20000540:	f8cc 3008 	str.w	r3, [ip, #8]
20000544:	d1f5      	bne.n	20000532 <spi_write_blocking+0xe>
20000546:	f8dc 300c 	ldr.w	r3, [ip, #12]
2000054a:	0759      	lsls	r1, r3, #29
2000054c:	d505      	bpl.n	2000055a <spi_write_blocking+0x36>
2000054e:	f8dc 3008 	ldr.w	r3, [ip, #8]
20000552:	f8dc 300c 	ldr.w	r3, [ip, #12]
20000556:	0759      	lsls	r1, r3, #29
20000558:	d4f9      	bmi.n	2000054e <spi_write_blocking+0x2a>
2000055a:	f8dc 300c 	ldr.w	r3, [ip, #12]
2000055e:	06da      	lsls	r2, r3, #27
20000560:	d506      	bpl.n	20000570 <spi_write_blocking+0x4c>
20000562:	f8dc 300c 	ldr.w	r3, [ip, #12]
20000566:	06da      	lsls	r2, r3, #27
20000568:	d4f7      	bmi.n	2000055a <spi_write_blocking+0x36>
2000056a:	e001      	b.n	20000570 <spi_write_blocking+0x4c>
2000056c:	f8dc 3008 	ldr.w	r3, [ip, #8]
20000570:	f8dc 300c 	ldr.w	r3, [ip, #12]
20000574:	075b      	lsls	r3, r3, #29
20000576:	d4f9      	bmi.n	2000056c <spi_write_blocking+0x48>
20000578:	2301      	movs	r3, #1
2000057a:	f8cc 3020 	str.w	r3, [ip, #32]
2000057e:	f85d fb04 	ldr.w	pc, [sp], #4
20000582:	f8dc 3008 	ldr.w	r3, [ip, #8]
20000586:	f8dc 300c 	ldr.w	r3, [ip, #12]
2000058a:	0759      	lsls	r1, r3, #29
2000058c:	d4f9      	bmi.n	20000582 <spi_write_blocking+0x5e>
2000058e:	f8dc 300c 	ldr.w	r3, [ip, #12]
20000592:	06da      	lsls	r2, r3, #27
20000594:	d506      	bpl.n	200005a4 <spi_write_blocking+0x80>
20000596:	f8dc 300c 	ldr.w	r3, [ip, #12]
2000059a:	06da      	lsls	r2, r3, #27
2000059c:	d4f7      	bmi.n	2000058e <spi_write_blocking+0x6a>
2000059e:	e001      	b.n	200005a4 <spi_write_blocking+0x80>
200005a0:	f8dc 3008 	ldr.w	r3, [ip, #8]
200005a4:	f8dc 300c 	ldr.w	r3, [ip, #12]
200005a8:	075b      	lsls	r3, r3, #29
200005aa:	d4f9      	bmi.n	200005a0 <spi_write_blocking+0x7c>
200005ac:	2301      	movs	r3, #1
200005ae:	f8cc 3020 	str.w	r3, [ip, #32]
200005b2:	4770      	bx	lr

200005b4 <memset>:
200005b4:	b570      	push	{r4, r5, r6, lr}
200005b6:	0786      	lsls	r6, r0, #30
200005b8:	d047      	beq.n	2000064a <memset+0x96>
200005ba:	1e54      	subs	r4, r2, #1
200005bc:	2a00      	cmp	r2, #0
200005be:	d03e      	beq.n	2000063e <memset+0x8a>
200005c0:	b2ca      	uxtb	r2, r1
200005c2:	4603      	mov	r3, r0
200005c4:	e001      	b.n	200005ca <memset+0x16>
200005c6:	3c01      	subs	r4, #1
200005c8:	d339      	bcc.n	2000063e <memset+0x8a>
200005ca:	f803 2b01 	strb.w	r2, [r3], #1
200005ce:	079d      	lsls	r5, r3, #30
200005d0:	d1f9      	bne.n	200005c6 <memset+0x12>
200005d2:	2c03      	cmp	r4, #3
200005d4:	d92c      	bls.n	20000630 <memset+0x7c>
200005d6:	b2cd      	uxtb	r5, r1
200005d8:	2c0f      	cmp	r4, #15
200005da:	eb05 2505 	add.w	r5, r5, r5, lsl #8
200005de:	eb05 4505 	add.w	r5, r5, r5, lsl #16
200005e2:	d935      	bls.n	20000650 <memset+0x9c>
200005e4:	f1a4 0c10 	sub.w	ip, r4, #16
200005e8:	f103 0e10 	add.w	lr, r3, #16
200005ec:	461a      	mov	r2, r3
200005ee:	f02c 060f 	bic.w	r6, ip, #15
200005f2:	ea4f 1c1c 	mov.w	ip, ip, lsr #4
200005f6:	44b6      	add	lr, r6
200005f8:	e9c2 5500 	strd	r5, r5, [r2]
200005fc:	e9c2 5502 	strd	r5, r5, [r2, #8]
20000600:	3210      	adds	r2, #16
20000602:	4572      	cmp	r2, lr
20000604:	d1f8      	bne.n	200005f8 <memset+0x44>
20000606:	f10c 0201 	add.w	r2, ip, #1
2000060a:	f014 0f0c 	tst.w	r4, #12
2000060e:	f004 0c0f 	and.w	ip, r4, #15
20000612:	eb03 1202 	add.w	r2, r3, r2, lsl #4
20000616:	d013      	beq.n	20000640 <memset+0x8c>
20000618:	f1ac 0304 	sub.w	r3, ip, #4
2000061c:	f023 0303 	bic.w	r3, r3, #3
20000620:	3304      	adds	r3, #4
20000622:	4413      	add	r3, r2
20000624:	f842 5b04 	str.w	r5, [r2], #4
20000628:	4293      	cmp	r3, r2
2000062a:	d1fb      	bne.n	20000624 <memset+0x70>
2000062c:	f00c 0403 	and.w	r4, ip, #3
20000630:	b12c      	cbz	r4, 2000063e <memset+0x8a>
20000632:	b2c9      	uxtb	r1, r1
20000634:	441c      	add	r4, r3
20000636:	f803 1b01 	strb.w	r1, [r3], #1
2000063a:	42a3      	cmp	r3, r4
2000063c:	d1fb      	bne.n	20000636 <memset+0x82>
2000063e:	bd70      	pop	{r4, r5, r6, pc}
20000640:	4664      	mov	r4, ip
20000642:	4613      	mov	r3, r2
20000644:	2c00      	cmp	r4, #0
20000646:	d1f4      	bne.n	20000632 <memset+0x7e>
20000648:	e7f9      	b.n	2000063e <memset+0x8a>
2000064a:	4603      	mov	r3, r0
2000064c:	4614      	mov	r4, r2
2000064e:	e7c0      	b.n	200005d2 <memset+0x1e>
20000650:	461a      	mov	r2, r3
20000652:	46a4      	mov	ip, r4
20000654:	e7e0      	b.n	20000618 <memset+0x64>
20000656:	bf00      	nop

20000658 <memcpy>:
20000658:	4684      	mov	ip, r0
2000065a:	ea41 0300 	orr.w	r3, r1, r0
2000065e:	f013 0303 	ands.w	r3, r3, #3
20000662:	d149      	bne.n	200006f8 <memcpy+0xa0>
20000664:	3a40      	subs	r2, #64	@ 0x40
20000666:	d323      	bcc.n	200006b0 <memcpy+0x58>
20000668:	680b      	ldr	r3, [r1, #0]
2000066a:	6003      	str	r3, [r0, #0]
2000066c:	684b      	ldr	r3, [r1, #4]
2000066e:	6043      	str	r3, [r0, #4]
20000670:	688b      	ldr	r3, [r1, #8]
20000672:	6083      	str	r3, [r0, #8]
20000674:	68cb      	ldr	r3, [r1, #12]
20000676:	60c3      	str	r3, [r0, #12]
20000678:	690b      	ldr	r3, [r1, #16]
2000067a:	6103      	str	r3, [r0, #16]
2000067c:	694b      	ldr	r3, [r1, #20]
2000067e:	6143      	str	r3, [r0, #20]
20000680:	698b      	ldr	r3, [r1, #24]
20000682:	6183      	str	r3, [r0, #24]
20000684:	69cb      	ldr	r3, [r1, #28]
20000686:	61c3      	str	r3, [r0, #28]
20000688:	6a0b      	ldr	r3, [r1, #32]
2000068a:	6203      	str	r3, [r0, #32]
2000068c:	6a4b      	ldr	r3, [r1, #36]	@ 0x24
2000068e:	6243      	str	r3, [r0, #36]	@ 0x24
20000690:	6a8b      	ldr	r3, [r1, #40]	@ 0x28
20000692:	6283      	str	r3, [r0, #40]	@ 0x28
20000694:	6acb      	ldr	r3, [r1, #44]	@ 0x2c
20000696:	62c3      	str	r3, [r0, #44]	@ 0x2c
20000698:	6b0b      	ldr	r3, [r1, #48]	@ 0x30
2000069a:	6303      	str	r3, [r0, #48]	@ 0x30
2000069c:	6b4b      	ldr	r3, [r1, #52]	@ 0x34
2000069e:	6343      	str	r3, [r0, #52]	@ 0x34
200006a0:	6b8b      	ldr	r3, [r1, #56]	@ 0x38
200006a2:	6383      	str	r3, [r0, #56]	@ 0x38
200006a4:	6bcb      	ldr	r3, [r1, #60]	@ 0x3c
200006a6:	63c3      	str	r3, [r0, #60]	@ 0x3c
200006a8:	3040      	adds	r0, #64	@ 0x40
200006aa:	3140      	adds	r1, #64	@ 0x40
200006ac:	3a40      	subs	r2, #64	@ 0x40
200006ae:	d2db      	bcs.n	20000668 <memcpy+0x10>
200006b0:	3230      	adds	r2, #48	@ 0x30
200006b2:	d30b      	bcc.n	200006cc <memcpy+0x74>
200006b4:	680b      	ldr	r3, [r1, #0]
200006b6:	6003      	str	r3, [r0, #0]
200006b8:	684b      	ldr	r3, [r1, #4]
200006ba:	6043      	str	r3, [r0, #4]
200006bc:	688b      	ldr	r3, [r1, #8]
200006be:	6083      	str	r3, [r0, #8]
200006c0:	68cb      	ldr	r3, [r1, #12]
200006c2:	60c3      	str	r3, [r0, #12]
200006c4:	3010      	adds	r0, #16
200006c6:	3110      	adds	r1, #16
200006c8:	3a10      	subs	r2, #16
200006ca:	d2f3      	bcs.n	200006b4 <memcpy+0x5c>
200006cc:	320c      	adds	r2, #12
200006ce:	d305      	bcc.n	200006dc <memcpy+0x84>
200006d0:	f851 3b04 	ldr.w	r3, [r1], #4
200006d4:	f840 3b04 	str.w	r3, [r0], #4
200006d8:	3a04      	subs	r2, #4
200006da:	d2f9      	bcs.n	200006d0 <memcpy+0x78>
200006dc:	3204      	adds	r2, #4
200006de:	d008      	beq.n	200006f2 <memcpy+0x9a>
200006e0:	07d2      	lsls	r2, r2, #31
200006e2:	bf1c      	itt	ne
200006e4:	f811 3b01 	ldrbne.w	r3, [r1], #1
200006e8:	f800 3b01 	strbne.w	r3, [r0], #1
200006ec:	d301      	bcc.n	200006f2 <memcpy+0x9a>
200006ee:	880b      	ldrh	r3, [r1, #0]
200006f0:	8003      	strh	r3, [r0, #0]
200006f2:	4660      	mov	r0, ip
200006f4:	4770      	bx	lr
200006f6:	bf00      	nop
200006f8:	2a08      	cmp	r2, #8
200006fa:	d313      	bcc.n	20000724 <memcpy+0xcc>
200006fc:	078b      	lsls	r3, r1, #30
200006fe:	d0b1      	beq.n	20000664 <memcpy+0xc>
20000700:	f010 0303 	ands.w	r3, r0, #3
20000704:	d0ae      	beq.n	20000664 <memcpy+0xc>
20000706:	f1c3 0304 	rsb	r3, r3, #4
2000070a:	1ad2      	subs	r2, r2, r3
2000070c:	07db      	lsls	r3, r3, #31
2000070e:	bf1c      	itt	ne
20000710:	f811 3b01 	ldrbne.w	r3, [r1], #1
20000714:	f800 3b01 	strbne.w	r3, [r0], #1
20000718:	d3a4      	bcc.n	20000664 <memcpy+0xc>
2000071a:	f831 3b02 	ldrh.w	r3, [r1], #2
2000071e:	f820 3b02 	strh.w	r3, [r0], #2
20000722:	e79f      	b.n	20000664 <memcpy+0xc>
20000724:	3a04      	subs	r2, #4
20000726:	d3d9      	bcc.n	200006dc <memcpy+0x84>
20000728:	3a01      	subs	r2, #1
2000072a:	f811 3b01 	ldrb.w	r3, [r1], #1
2000072e:	f800 3b01 	strb.w	r3, [r0], #1
20000732:	d2f9      	bcs.n	20000728 <memcpy+0xd0>
20000734:	780b      	ldrb	r3, [r1, #0]
20000736:	7003      	strb	r3, [r0, #0]
20000738:	784b      	ldrb	r3, [r1, #1]
2000073a:	7043      	strb	r3, [r0, #1]
2000073c:	788b      	ldrb	r3, [r1, #2]
2000073e:	7083      	strb	r3, [r0, #2]
20000740:	4660      	mov	r0, ip
20000742:	4770      	bx	lr
20000744:	0000      	movs	r0, r0
	...

20000748 <__tud_event_hook_cb_veneer>:
20000748:	f85f f000 	ldr.w	pc, [pc]	@ 2000074c <__tud_event_hook_cb_veneer+0x4>
2000074c:	10003f09 	.word	0x10003f09

20000750 <__tu_fifo_write_n_access_mode_veneer>:
20000750:	f85f f000 	ldr.w	pc, [pc]	@ 20000754 <__tu_fifo_write_n_access_mode_veneer+0x4>
20000754:	1000566d 	.word	0x1000566d

20000758 <__best_effort_wfe_or_timeout_veneer>:
20000758:	f85f f000 	ldr.w	pc, [pc]	@ 2000075c <__best_effort_wfe_or_timeout_veneer+0x4>
2000075c:	10001f99 	.word	0x10001f99

20000760 <__time_us_64_veneer>:
20000760:	f85f f000 	ldr.w	pc, [pc]	@ 20000764 <__time_us_64_veneer+0x4>
20000764:	100020a1 	.word	0x100020a1

20000768 <striped_spin_lock_num>:
20000768:	00000010                                ....

2000076c <irq_handler_chain_slots>:
2000076c:	00000000 	.word	0x00000000
20000770:	00010000 	.word	0x00010000
	...
2000077c:	00020000 	.word	0x00020000
	...
20000788:	00030000 	.word	0x00030000
	...
20000794:	00040000 	.word	0x00040000
	...
200007a0:	00050000 	.word	0x00050000
	...
200007ac:	00ff0000 	.word	0x00ff0000
200007b0:	00000000 	.word	0x00000000

200007b4 <irq_handler_chain_first_slot>:
200007b4:	b501      	push	{r0, lr}
200007b6:	6848      	ldr	r0, [r1, #4]
200007b8:	3101      	adds	r1, #1
200007ba:	468e      	mov	lr, r1
200007bc:	4700      	bx	r0

200007be <irq_handler_chain_remove_tail>:
200007be:	4670      	mov	r0, lr
200007c0:	3809      	subs	r0, #9
200007c2:	4901      	ldr	r1, [pc, #4]	@ (200007c8 <irq_handler_chain_remove_tail+0xa>)
200007c4:	4788      	blx	r1
200007c6:	bd01      	pop	{r0, pc}
200007c8:	10001691 	.word	0x10001691
200007cc:	00000000 	.word	0x00000000

200007d0 <last_added.0>:
200007d0:	ffffffff 7fffffff                       ........

200007d8 <default_alarm_pool>:
	...
200007ec:	20000838                                8.. 

200007f0 <stdio_usb>:
200007f0:	10002e41 10002ded 10002d65 10002cd5     A....-..e-...,..
20000800:	00000000 00000100                       ........

20000808 <_usbd_qdef>:
20000808:	0000000c 20000c00 000000c0 00000000     ....... ........
	...

20000828 <_usbd_rhport>:
20000828:	000000ff                                ....

2000082c <print_mutex>:
	...
