:020000041000EA
:10000000002008205B0100101B0100101D010010E2
:100010001101001011010010110100101101001058
:100020001901001019010010190100101F01001022
:10003000110100101901001021010010230100100E
:100040001101001011010010110100101101001028
:100050001101001011010010110100101101001018
:100060001101001011010010110100101101001008
:1000700011010010110100101101001011010010F8
:1000800011010010110100101101001011010010E8
:1000900011010010110100101101001011010010D8
:1000A00011010010110100101101001011010010C8
:1000B00011010010110100101101001011010010B8
:1000C00011010010110100101101001011010010A8
:1000D0001101001011010010110100101101001098
:1000E0001101001011010010110100101101001088
:1000F0001101001011010010110100101101001078
:100100001101001011010010110100101101001067
:10011000EFF30580103800BE00BE00BE00BE00BE7A
:1001200000BE00BEF2EB887144C5001070C500101F
:100130009C01001090A31AE7D3DEFFFF42012110BB
:10014000FF0100008CD20000793512AB00201E495F
:10015000086006C881F3088810474FF050400068D7
:1001600008B10020F3E70DA40ECC002902D000F066
:1001700012F8F9E71549164A002000E001C1914242
:10018000FCD114498847144988471449884700BE60
:10019000FDE701C901C29A42FBD3704770C5001048
:1001A00010010020640F0020C4D3001000000820BC
:1001B00000000820C4D30010001008200010082000
:1001C000000000007047000008ED00E0640F002010
:1001D00024240020697D0010E1010010617D0010E1
:1001E0002DE9F04F85B007F0E3FE4FF47A7005F08B
:1001F00085F9674807F026FF664807F023FF664841
:1002000007F020FF172004F0B9F94FF00005172080
:1002100045EC44000022012104F08CF9182004F080
:10022000ADF94FF00104182344EC443044EC403065
:10023000192004F0A3F9192344EC443045EC403074
:1002400001F012FA554807F0FDFE00F0BFF85448DF
:1002500007F0F8FE00F0C2F9524807F0F3FE5248EA
:1002600001F03AFE01F01CFF002800F08C804F489E
:1002700007F0E8FE4E4801F0BFFF4E4801F038FF9E
:1002800001F0EEFF18234FF0000242EC40304A48E4
:1002900007F0D8FE02F020F905F0CAF94FF0010886
:1002A0004FF05049CDE90201444EDFF818B1DFF8B4
:1002B00018A100F0B5F8044600F0D2F8054600F0A9
:1002C000D7F8D9F80430024603F40003002B14BF1A
:1002D0000127002702D1B8F1000F12D13AB35846D6
:1002E00007F0B0FE31785046013101F00301317062
:1002F00007F02AFF3378032B25D8DFE803F03C38DA
:100300004016019005F094F94CF25133029A801A8C
:10031000039A61EB0201984271F10001019ADDDB61
:1003200005F086F9CDE90201D9E702F0C5F8337886
:10033000032B08D8DFE803F016110C0204B915B13D
:10034000002002F0C3F8052005F0D8F8B846B0E761
:100350002146002002F0ACF9F5E72146002002F02A
:1003600079F9F0E72146002002F054F9EBE702F0BA
:100370009DF93378DCE702F0AFF83378D8E702F084
:1003800099F93378D4E70E4807F05CFE78E700BFB0
:10039000A0B30010CCB30010F8B3001024B40010C8
:1003A00040B4001064B4001044BF001080B40010CA
:1003B000A8B40010B4B40010DCB400101C24002059
:1003C000BCB4001000B5001020B5001038B50A20EC
:1003D00004F0D4F800240A2044EC44000121224611
:1003E00004F0A8F80B2004F0C9F80B2044EC4400FA
:1003F0000121224604F09EF80D2004F0BFF80D20E4
:1004000044EC44000121224604F094F84FF050439C
:100410005B68024AC3F38023137038BD710E00205D
:100420004FF0504110B40D4A4B68107803F48064CB
:10043000C3F3802398420DD054B9496811F4006F7A
:100440000CBF4FF0FF30012013705DF8044B704774
:100450000020F9E700205DF8044B7047710E002082
:100460004FF05043586880F40050C0F3403070475C
:10047000F8B54FF05043294F5C6805F0D9F83D7846
:10048000C4F34034A54219D044F6216C244E33689D
:10049000C21A736861EB0303624573F100030ADA61
:1004A000204A85F001041378012B0ED0022B14D0C2
:1004B00023B30020F8BDC6E900013C702546194A67
:1004C00085F001041378012BF0D1002DF1D0022426
:1004D000154B1470C3E90001EBE7134B1D685B6813
:1004E000401B61EB03018CB10123104C1370A0423F
:1004F00071F10001B4BF18460020F8BD002CD8D01F
:100500000124094B1470C3E90001D2E7084B834270
:1005100074EB0101CDDA1470CBE700BF700E002040
:10052000680F00201B240020F810002021A10700E4
:1005300020A1070010B50C4A0C4600F00F0141F055
:10054000C00193699806FCD41160084807F0FCFDCF
:10055000054A04F07F0193699B06FCD4BDE8104076
:100560000248116007F0F0BD0000074044B50010DC
:10057000094A08B59369D90601D5002008BD84460B
:100580009369DB06FCD4116804488CF80010C9B2EA
:1005900007F0DAFD012008BD0000074058B5001043
:1005A000012330B500240C4D85B00DF10B020093F2
:1005B0005A2128468DF80B40ADF80C400AF0E4FDB6
:1005C00002235A212846009403AA0AF0E5FDBDF84B
:1005D0000C0005B030BD00BF540F002008B50D4918
:1005E0000D480AF083FC0121062003F085FF01215C
:1005F000072003F081FF0121042003F07DFF052087
:1006000003F0BCFF05234FF0010242EC443042EC02
:10061000403008BD801A06000080084001490248A9
:100620000AF0DEBC20BCBE00008008402A232DE971
:10063000F04F83B007468DF8073000BF002646EC28
:100640004060012446EC404000BF794822460DF14D
:1006500007010AF075FE00BF44EC40408DF80760CA
:1006600000BF44EC406046EC404000BF704822466A
:100670000DF107010AF064FE00BF44EC4040C623C0
:100680008DF8073000BF44EC406046EC404000BFAE
:10069000674822460DF107010AF052FE00BF44EC04
:1006A00040408DF8074000BF44EC406046EC4040BD
:1006B00000BF5F4822460DF107010AF041FE00BF6E
:1006C00044EC404005238DF8073000BF44EC406007
:1006D00046EC404000BF564822460DF107010AF0A3
:1006E0002FFE00BF44EC40402B238DF8073000BFA5
:1006F00046EC406046EC404000BF4D4822460DF1BC
:1007000007010AF01DFE00BF44EC40408DF8076071
:1007100000BF44EC406046EC404000BF44482246E5
:100720000DF107010AF00CFE00BF44EC40406123CC
:100730008DF8063000BF44EC406046EC404000BFFE
:100740003B4822460DF106010AF0FAFD00BF44ECD9
:1007500040408DF8066000BF44EC406046EC4040ED
:1007600000BF334822460DF106010AF0E9FD00BF43
:1007700044EC4040C0238DF8053000BF44EC40609D
:1007800046EC404000BF2A4822460DF105010AF020
:10079000D7FD00BF44EC40402C238DF8053000BF4E
:1007A00046EC406046EC404000BF214822460DF137
:1007B00005010AF0C5FD00BF44EC404044EC406038
:1007C00046EC4040DFF870A0194C4FEA17284FF074
:1007D00008091AF8016F002580232B4113EA06024D
:1007E00014BF414611464FF0080B18BFFAB28DF8FE
:1007F00004108DF80520012201A920460AF0A0FD71
:10080000012220460DF105010AF09AFDBBF1010B12
:10081000F1D10135082DDFD1B9F10109DBD1054B4B
:100820005345D4D1012343EC403003B0BDE8F08FF1
:1008300000000840CFBB0010C3BB00102DE9F04FF3
:10084000A1F1200ABAF15E0F85B000F21081B0F577
:10085000A07F814680F00B812A2317468DF80F3048
:1008600000BF4FF0000848EC4080012448EC4040B5
:1008700000BF804822460DF10F010AF061FD00BF64
:1008800044EC40404FEA19238DF80F3000BF44EC90
:10089000408048EC404000BF764822460DF10F01F1
:1008A0000AF04EFD00BF44EC40405FFA89FB8DF832
:1008B0000FB000BF44EC408048EC404000BF6D48A2
:1008C00022460DF10F010AF03BFD00BF44EC404011
:1008D00009F127031B128DF80F3000BF44EC408054
:1008E00048EC404000BF634822460DF10F010AF07A
:1008F00027FD00BF44EC40400BF1270B8DF80FB0F3
:1009000000BF44EC408048EC404000BF59482246BC
:100910000DF10F010AF014FD00BF44EC40402B2301
:100920008DF80F3000BF48EC408048EC404000BFDD
:10093000504822460DF10F010AF002FD00BF44ECC1
:1009400040408DF80F8000BF44EC408048EC4040B0
:1009500000BF484822460DF10F010AF0F1FC00BF2C
:1009600044EC404079238DF80E3000BF44EC4080C9
:1009700048EC404000BF3F4822460DF10E010AF00E
:10098000DFFC00BF44EC40408DF80E8000BF44EC1B
:10099000408048EC404000BF364822460DF10E0131
:1009A0000AF0CEFC00BF44EC4040B4238DF80D307B
:1009B00000BF44EC408048EC404000BF2D48224638
:1009C0000DF10D010AF0BCFC00BF44EC40402C23AB
:1009D0008DF80D3000BF48EC408048EC404000BF2F
:1009E000244822460DF10D010AF0AAFC00BF44EC98
:1009F000404044EC408048EC40401F4B0AEB4A0A20
:100A000003EB8A0B0C3303EB8A031A4C01934FEA76
:100A100017284FF005091BF8016B002580232B4197
:100A200013EA060214BF414611464FF0050A18BFEB
:100A3000FAB28DF80C108DF80D20012203A9204682
:100A40000AF07EFC012220460DF10D010AF078FC2F
:100A5000BAF1010AF1D10135082DDFD1B9F101094F
:100A6000DBD1019B9B45D4D1012343EC403005B041
:100A7000BDE8F08F00000840B0BA00102DE9F04F3B
:100A8000A1F1200ABAF15E0F85B000F21081B0F535
:100A9000A07F814680F00B812A2317468DF80F3006
:100AA00000BF4FF0000848EC4080012448EC404073
:100AB00000BF804822460DF10F010AF041FC00BF43
:100AC00044EC40404FEA19238DF80F3000BF44EC4E
:100AD000408048EC404000BF764822460DF10F01AF
:100AE0000AF02EFC00BF44EC40405FFA89FB8DF811
:100AF0000FB000BF44EC408048EC404000BF6D4860
:100B000022460DF10F010AF01BFC00BF44EC4040EF
:100B100009F117031B128DF80F3000BF44EC408021
:100B200048EC404000BF634822460DF10F010AF037
:100B300007FC00BF44EC40400BF1170B8DF80FB0E1
:100B400000BF44EC408048EC404000BF594822467A
:100B50000DF10F010AF0F4FB00BF44EC40402B23E1
:100B60008DF80F3000BF48EC408048EC404000BF9B
:100B7000504822460DF10F010AF0E2FB00BF44ECA1
:100B800040408DF80F8000BF44EC408048EC40406E
:100B900000BF484822460DF10F010AF0D1FB00BF0B
:100BA00044EC404041238DF80E3000BF44EC4080BF
:100BB00048EC404000BF3F4822460DF10E010AF0CC
:100BC000BFFB00BF44EC40408DF80E8000BF44ECFA
:100BD000408048EC404000BF364822460DF10E01EF
:100BE0000AF0AEFB00BF44EC404064238DF80D30AA
:100BF00000BF44EC408048EC404000BF2D482246F6
:100C00000DF10D010AF09CFB00BF44EC40402C2389
:100C10008DF80D3000BF48EC408048EC404000BFEC
:100C2000244822460DF10D010AF08AFB00BF44EC76
:100C3000404044EC408048EC40401F4B0AEB4A0ADD
:100C400003EB8A0B0C3303EB8A031A4C01934FEA34
:100C500017284FF003091BF8016B002580232B4157
:100C600013EA060214BF414611464FF0030A18BFAB
:100C7000FAB28DF80C108DF80D20012203A9204640
:100C80000AF05EFB012220460DF10D010AF058FB2F
:100C9000BAF1010AF1D10135082DDFD1B9F101090D
:100CA000DBD1019B9B45D4D1012343EC403005B0FF
:100CB000BDE8F08F00000840B0BA00102DE9F04107
:100CC000012482B08DF8074000BF002747EC407038
:100CD00047EC404000BFDFF88482224640460DF1D9
:100CE00007010AF02DFB00BF44EC4040372004F020
:100CF00005FC11238DF8073000BF47EC407047EC2E
:100D0000404000BF224640460DF107010AF018FBA3
:100D100000BF44EC4040372004F0F0FB3A238DF84C
:100D2000073000BF47EC407047EC404000BF224610
:100D300040460DF107010AF003FB00BF44EC4040C0
:100D400055238DF8073000BF44EC407047EC40401D
:100D500000BF224640460DF107010AF0F1FA00BF3C
:100D600044EC404036238DF8073000BF47EC40701C
:100D700047EC404000BF224640460DF107010AF013
:100D8000DFFA00BF44EC404060238DF8073000BF1D
:100D900044EC407047EC404000BF224640460DF115
:100DA00007010AF0CDFA00BF44EC404021238DF842
:100DB000073000BF47EC407047EC404000BF224680
:100DC00040460DF107010AF0BBFA00BF44EC404079
:100DD0002A238DF8073000BF47EC407047EC4040B5
:100DE00000BF224640460DF107010AF0A9FA00BFF4
:100DF00044EC40408DF8077000BF44EC407047EC75
:100E0000404000BF224640460DF107010AF098FA23
:100E100000BF44EC40408DF8067000BF44EC4070C9
:100E200047EC404000BF224640460DF106010AF063
:100E300087FA00BF44EC40408DF8054000BF44EC09
:100E4000407047EC404000BF224640460DF105018E
:100E50000AF076FA00BF44EC40403F238DF805309D
:100E600000BF44EC407047EC404000BF2246404683
:100E70000DF105010AF064FA00BF44EC40402B2359
:100E80008DF8053000BF47EC407047EC404000BF94
:100E9000224640460DF105010AF052FA00BF44EC2B
:100EA00040408DF8057000BF44EC407047EC404076
:100EB00000BF224640460DF105010AF041FA00BF8D
:100EC00044EC40408DF8047000BF44EC407047ECA7
:100ED000404000BF2246404601A90AF031FA00BF57
:100EE00044EC40408DF8037000BF44EC407047EC88
:100EF000404000BF224640460DF103010AF020FAAF
:100F000000BF44EC4040EF238DF8023000BF44ECBA
:100F1000407047EC404000BF224640460DF10201C0
:100F20000AF00EFA00BF44EC404029238DF802304D
:100F300000BF47EC407047EC404000BF22464046AF
:100F40000DF102010AF0FCF900BF44EC40403720EB
:100F500004F0D4FA02B0BDE8F08100BF0000084000
:100F60002DE9F04FB0F5A07F87B0BDF840A080F02C
:100F700009811546002A00F005811F461318B3F5B4
:100F8000A07FC8BFC0F5A07501F12303C8BFADB2F3
:100F9000EF2B064600F3F680002F00F0F3807A1E58
:100FA0001A44EF2A019700F2F080D2B202922A226C
:100FB00003938DF8172000BF002444EC4040012724
:100FC00044EC407000BF74483A460DF117010AF036
:100FD000B7F900BF47EC4070310A8DF8171000BF19
:100FE00047EC404044EC407000BF6B483A460DF17E
:100FF00017010AF0A5F900BF47EC40705FFA86FBC5
:101000008DF817B000BF47EC404044EC407000BF83
:1010100061483A460DF117010AF092F900BF47EC1A
:1010200040702E44013E36128DF8176000BF47EC29
:10103000404044EC407000BF57483A460DF117015C
:101040000AF07EF900BF47EC40700BF1FF3BAB4468
:101050008DF817B000BF47EC404044EC407000BF33
:101060004D483A460DF117010AF06AF900BF47EC06
:1010700040702B218DF8171000BF44EC404044EC29
:10108000407000BF44483A460DF117010AF058F984
:1010900000BF47EC40708DF8174000BF47EC404060
:1010A00044EC407000BF3C483A460DF117010AF08D
:1010B00047F900BF47EC4070039B8DF8163000BF26
:1010C00047EC404044EC407000BF33483A460DF1D5
:1010D00016010AF035F900BF47EC40708DF8164054
:1010E00000BF47EC404044EC407000BF2A483A46FD
:1010F0000DF116010AF024F900BF47EC4070029B85
:101100008DF8153000BF47EC404044EC407000BF04
:1011100021483A460DF115010AF012F900BF47ECDB
:1011200040702C238DF8153000BF44EC404044EC57
:10113000407000BF18483A460DF115010AF000F959
:1011400000BF47EC407047EC404044EC4070019BCE
:101150008DF815A003FB05F54FEA1A2A0E4E8DF8FF
:1011600014A0012205A930460AF0EAF80134012250
:1011700030460DF115010AF0E3F8A542F1D1012343
:1011800043EC403007B0BDE8F08FC1F1CD018AB229
:101190000192EF2202920AE7000008402A23F0B5EC
:1011A00083B08DF80730030A8DF801308DF8020006
:1011B00000BF002646EC4060012446EC404000BFE2
:1011C000674822460DF107010AF0BAF800BF44EC67
:1011D00040408DF8076000BF44EC406046EC404062
:1011E00000BF5F4822460DF107010AF0A9F800BFD1
:1011F00044EC40408DF8066000BF44EC406046EC93
:10120000404000BF564822460DF106010AF098F80A
:1012100000BF44EC40408DF8054000BF44EC406006
:1012200046EC404000BF4E4822460DF105010AF051
:1012300087F800BF44EC40403F238DF8053000BFE5
:1012400044EC406046EC404000BF454822460DF16A
:1012500005010AF075F800BF44EC40402B238DF8DF
:10126000053000BF46EC406046EC404000BF3C48C3
:1012700022460DF105010AF063F800BF44EC40403E
:101280008DF8056000BF44EC406046EC404000BF74
:10129000334822460DF105010AF052F800BF44EC34
:1012A000404023238DF8043000BF44EC406046ECFE
:1012B000404000BF2A48224601A90AF041F800BF79
:1012C00044EC40408DF8046000BF44EC406046ECC4
:1012D000404000BF2248224601A90AF031F800BF71
:1012E00044EC4040EF238DF8033000BF44EC4060F5
:1012F00046EC404000BF1A4822460DF103010AF0B7
:101300001FF800BF44EC40402C238DF8033000BF91
:1013100046EC406046EC404000BF114822460DF1CB
:1013200003010AF00DF800BF44EC404044EC40607B
:1013300046EC40400B4C0A4D012228460DEB0201C1
:1013400009F0FEFF012228460DF1020109F0F8FF25
:10135000013CF1D1012343EC403003B0F0BD00BFAC
:1013600000000840400001002DE9F04F2DED048BF6
:1013700000208BB0FFF712FF0024DFEDB79AB1EE2B
:10138000009A07EE904AF8EEE77A0025862367EE8A
:10139000A97A4FF0800B08EE905A12215D201A4670
:1013A0000095AE4FCDED087AFFF7DAFD099417F8F6
:1013B000019F4FF0000AB2EE0A8AB8464BFA0AF3D0
:1013C00013EA090F7BD007EE90AAF8EEE77A77EEE2
:1013D000C97A67EE887A17EE900A09F0B9FF0246DB
:1013E0000B460898CDE9022309F0B2FF04460D46EA
:1013F00004F037FFB1EE087AF8EEE87A77EEC77AB4
:1014000067EE887A064617EE900A0F4609F0A0FFAD
:1014100002460B4620462946CDE9042304F01CFF72
:1014200032463B46CDE9066706460F46DDE9020136
:1014300004F0A6FC324604460D46DDE904013B46B5
:1014400004F09EFC02460B462046294604F084FC2C
:1014500004F008FD07EE900AFDEEE77A17EE904AD9
:101460009B34B4F59B7F2AD8DDE9020132463B4626
:1014700004F086FCDDE9042306460F46DDE906019B
:1014800004F07EFC0B4602463946304604F050FC20
:1014900004F0E8FC07EE900AFDEEE77A17EE901AEA
:1014A00001F12D03A02B01F15001A0B289B206D8A1
:1014B00040F2FF720A2300921A46FFF751FD0AF12B
:1014C000010ABAF1080F7FF479AF18EE903A0133B0
:1014D0000C2B474608EE903A7FF469AF099C1E201A
:1014E000013404F00BF8182C7FF44BAF0020FFF709
:1014F00055FE41F282064F255921594CA1F1200396
:101500005E2B40F2848014F8011F0029F6D13220AE
:1015100003F0F4FF4BF2965306F584560236B6B24A
:101520009E42E8D14F2559214D4CA1F120035E2B5D
:1015300040F2858014F8011F0029F6D1C82003F07D
:10154000DDFF41F282065E254421464CA1F12003D5
:101550005E2B51D914F8011F0029F7D1322003F076
:10156000CDFF4BF2965306F584560236B6B29E4234
:10157000E9D15E2544213B4CA1F120035E2B52D9D9
:1015800014F8011F0029F7D141F282044FF496703C
:1015900003F0B4FF49F29246254660082C44FFF759
:1015A00045F8A4B2322003F0A9FFB442F5D140F2CD
:1015B000FF70FFF73BF84FF4967003F09FFF40F287
:1015C000FF70FFF733F84FF4967003F097FF4FF476
:1015D000FC60FFF72BF84FF4967003F08FFF40F29A
:1015E000FF70FFF723F84FF47A700BB0BDEC048B5B
:1015F000BDE8F04F03F082BF28463246FFF71EF9E0
:1016000014F8011F3235ADB200299FD1A6E7284654
:101610003246FFF733FA14F8011F1E35ADB2002928
:101620007FF46CAF73E728464FF6FF72FFF706F9B9
:1016300014F8011F3235ADB200299DD1A4E7284628
:101640004FF6FF72FFF71AFA14F8011F1E35ADB2FC
:1016500000297FF46AAF71E78B0A863EC3BB001096
:101660006CB5001074B50010F8B50C2002F086FFC0
:1016700001240C2644EC4460002002F07FFF002788
:1016800044EC4470204602F079FF44EC444044ECC2
:10169000404044EC4060642003F030FF47EC406081
:1016A000642003F02BFF44EC40600226642003F02A
:1016B00025FF194D2146032002F01EFF214602207E
:1016C00002F01AFF2846154909F010FC0321144BBB
:1016D0006A685E602B68DFF850C0124883F0070329
:1016E000324003F0CF03CCF800304260084602F0ED
:1016F00035FF3046032102F031FF3846032102F066
:101700002DFF2046032102F029FFFFF7D7FABDE89D
:10171000F840FFF729BE00BF00000840A0ACB903A5
:101720000030084000200840001008402DE9F04F2C
:10173000B0F5A07F87B0BDF840A080F009811546C4
:10174000002A00F005811F461318B3F5A07FC8BF1B
:10175000C0F5A07501F12303C8BFADB2EF2B06465B
:1017600000F3F680002F00F0F3807A1E1A44EF2A6F
:10177000019700F2F080D2B202922A2203938DF8F0
:10178000172000BF002444EC4040012744EC407087
:1017900000BF74483A460DF1170109F0D1FD00BFB2
:1017A00047EC4070310A8DF8171000BF47EC4040FD
:1017B00044EC407000BF6B483A460DF1170109F048
:1017C000BFFD00BF47EC40705FFA86FB8DF817B095
:1017D00000BF47EC404044EC407000BF61483A46CF
:1017E0000DF1170109F0ACFD00BF47EC40702E442D
:1017F000013E36128DF8176000BF47EC404044ECC4
:10180000407000BF57483A460DF1170109F098FDA6
:1018100000BF47EC40700BF1FF3BAB448DF817B0B5
:1018200000BF47EC404044EC407000BF4D483A4692
:101830000DF1170109F084FD00BF47EC40702B212A
:101840008DF8171000BF44EC404044EC407000BFDE
:1018500044483A460DF1170109F072FD00BF47EC0C
:1018600040708DF8174000BF47EC404044EC40709A
:1018700000BF3C483A460DF1170109F061FD00BF79
:1018800047EC4070039B8DF8163000BF47EC40409A
:1018900044EC407000BF33483A460DF1160109F0A0
:1018A0004FFD00BF47EC40708DF8164000BF47EC7D
:1018B000404044EC407000BF2A483A460DF1160102
:1018C00009F03EFD00BF47EC4070029B8DF81530DB
:1018D00000BF47EC404044EC407000BF21483A460E
:1018E0000DF1150109F02CFD00BF47EC40702C23D1
:1018F0008DF8153000BF44EC404044EC407000BF10
:1019000018483A460DF1150109F01AFD00BF47ECE1
:10191000407047EC404044EC4070019B8DF815A0AE
:1019200003FB05F54FEA1A2A0E4E8DF814A001228A
:1019300005A9304609F004FD0134012230460DF1BD
:10194000150109F0FDFCAC42F1D1012343EC40301C
:1019500007B0BDE8F08FC1F1CD018AB20192EF224C
:1019600002920AE7000008402DE9F04F203A87B0C4
:101970005E2ABDF84060119C009211D8B0F5A07F9E
:1019800082460DD21D4600EBC403002B4FEAC40073
:101990000190039304DD02912331EF29019102DDCF
:1019A00007B0BDE8F08F2A228DF8172000BF4FF056
:1019B000000949EC40904FF0010B49EC40B000BFEA
:1019C0000DF117075A4639468D4809F0B9FC00BF9A
:1019D0004BEC40B04FEA1A218DF8171000BF4BECCA
:1019E000409049EC40B000BF0DF1170C5A466146DB
:1019F000834809F0A5FC00BF4BEC40B05FFA8AFABF
:101A00008DF817A000BF4BEC409049EC40B000BFF0
:101A10000DF1170C5A466146794809F091FC00BF58
:101A20004BEC40B0039B013B1B128DF8173000BFFD
:101A30004BEC409049EC40B000BF0DF1170C5A46FA
:101A400061466F4809F07CFC00BF4BEC40B00AF1E6
:101A5000FF3AE00050448DF8170000BF4BEC409077
:101A600049EC40B000BF0DF1170C5A46614664487E
:101A700009F066FC00BF4BEC40B02B238DF817300B
:101A800000BF49EC409049EC40B000BF0DF1170C8D
:101A90005A4661465A4809F053FC00BF4BEC40B02F
:101AA0008DF8179000BF4BEC409049EC40B000BF60
:101AB0000DF1170001465A46514809F041FC00BF9C
:101AC0004BEC40B001998DF8161000BF4BEC4090E4
:101AD00049EC40B000BF4A485A460DF1160109F0E2
:101AE0002FFC00BF4BEC40B08DF8169000BF4BECC4
:101AF000409049EC40B000BF41485A460DF11601F4
:101B000009F01EFC00BF4BEC40B0029B04EB44010B
:101B1000223303EB8103EF2B28BFEF238DF8153021
:101B200000BF4BEC409049EC40B000BF34485A46EF
:101B30000DF1150109F004FC00BF4BEC40B02C2363
:101B40008DF8153000BF49EC409049EC40B000BF23
:101B50002B485A460DF1150109F0F2FB00BF4BEC82
:101B600040B04BEC409049EC40B04C4542DD4FF06A
:101B70008009009A234B02EB420BDFF8848003F1CB
:101B80000C0202EB8B0203EB8B030027394613F8A0
:101B900001AB029201930027009149FA07F313EA7F
:101BA0000A0F0CBF32462A464FF0000B8DF8152065
:101BB000120A8DF81420012205A9404609F0C0FB45
:101BC000012240460DF1150109F0BAFB5A460BF10E
:101BD000010B5C45EFD10137082FDED11346009988
:101BE000994201F1010201D01146D4E7DDE9013249
:101BF0009342CAD1012343EC403007B0BDE8F08FD7
:101C000000000840B0BA00102DE9F04714461278E1
:101C100082B0BDF828A0DDF82C807AB105460E46CA
:101C20001F464FEAC8094FEA480CE144A2F12003DD
:101C30005E2B06D914F8012F002AF7D102B0BDE8B7
:101C4000F08728463B463146CDE900A8FFF78CFED9
:101C500014F8012F4D44ADB2002AE7D102B0BDE81F
:101C6000F08700BF2DE9F04F89B09DF84840B0F5EE
:101C7000A07F0194BDF85060BDF84C40029280F006
:101C80001D811D46C318074600F018812331EF2936
:101C900000F31481019A013A0A44EF2AC9B2039170
:101CA00000F20F81D2B205922A2204938DF81F20F0
:101CB00000BF4FF0000B4BEC40B04FF001094BEC74
:101CC000409000BF83484A460DF11F0109F038FBE0
:101CD00000BF49EC4090390A8DF81F1000BF49EC55
:101CE00040B04BEC409000BF7A484A460DF11F01CE
:101CF00009F026FB00BF49EC4090FFB28DF81F7041
:101D000000BF49EC40B04BEC409000BF71484A46E0
:101D10000DF11F0109F014FB00BF49EC4090049B3A
:101D2000013B1B128DF81F3000BF49EC40B04BEC5B
:101D3000409000BF67484A460DF11F0109F000FBC3
:101D400000BF49EC40906B1E1F448DF81F7000BF10
:101D500049EC40B04BEC409000BF5E484A460DF164
:101D60001F0109F0EDFA00BF49EC40902B238DF8DC
:101D70001F3000BF4BEC40B04BEC409000BF5548CB
:101D80004A460DF11F0109F0DBFA00BF49EC409013
:101D90008DF81FB000BF49EC40B04BEC409000BF45
:101DA0004C484A460DF11F0109F0CAFA00BF49EC40
:101DB0004090039B8DF81E3000BF49EC40B04BECC7
:101DC000409000BF43484A460DF11E0109F0B8FAA1
:101DD00000BF49EC40908DF81EB000BF49EC40B008
:101DE0004BEC409000BF3B484A460DF11E0109F004
:101DF000A7FA00BF49EC4090059B8DF81D3000BF4D
:101E000049EC40B04BEC409000BF32484A460DF1DF
:101E10001D0109F095FA00BF49EC40902C238DF884
:101E20001D3000BF4BEC40B04BEC409000BF294848
:101E30004A460DF11D0109F083FA00BF49EC4090BC
:101E400049EC40B04BEC4090019BA3B39DB31A46C4
:101E5000029B204F03EB4202CDE901324FEA162BE1
:101E60004FF0000A4FF40048019B33F8029B0193A6
:101E700048FA0AF313EA090F4FEA142C4FF0010253
:101E800007A9384619BF8DF81CC08DF81D408DF884
:101E90001CB08DF81D600AF1010A09F051FA012207
:101EA00038460DF11D0109F04BFA5545E0D1DDE949
:101EB00001239342D4D1012343EC403009B0BDE863
:101EC000F08FEF220592039AC2F1F002D2B2019292
:101ED000EAE600BF00000840034A044B002818BF90
:101EE00002461A60704700BF80BD00100C1400202D
:101EF00000B53448ADF50D7D02F0AEF910F0F70FE6
:101F000002D1314800F0CAFA0021304802F078F9D5
:101F100070B900212E4802F073F910BB00212D4842
:101F200002F06EF9002835D10DF50D7D5DF804FB4A
:101F30000A22264902A801F077FD0028E9D12649A6
:101F40008C2201AB02A801F03BFF02A802F02CF8A2
:101F5000224800F0A3FA00211D4802F051F90028A0
:101F6000DCD00A221A4902A801F05EFD0028D5D172
:101F70001B49472201AB02A801F022FF02A802F090
:101F800013F8184800F08AFA0021124802F038F9D4
:101F90000028C9D00A220F4902A801F045FD0028F7
:101FA000C2D14622104901AB02A801F009FF02A8E4
:101FB00001F0FAFF0D4800F071FA0DF50D7D5DF8A6
:101FC00004FB00BF58B6001078B50010A8B400108C
:101FD0004CB60010C4B6001098B5001028B600101A
:101FE0005CB60010A4B60010D8B6001020B70010E0
:101FF00038B50C462E21054609F03EF9F8B1854268
:102000001CD00378EBB12146104D13E0144615F8AF
:1020100003C0AA5C0CF0030CBCF1010F02F0030238
:1020200008BF2033012A08BF2034A34206D110F88C
:10203000013F2BB111F8012B002AE7D1002038BD58
:102040000C462278B2FA82F0400938BD39C400103B
:10205000004870470000E15C38B50C4D2C7814B195
:102060000124204638BD0A4901220A4801F0ACFC8F
:10207000014628B9012308482B7005F0E3FFEFE77C
:1020800006482C7006F060F8204638BD1D2400205C
:1020900040B70010B416002044B7001050B700102D
:1020A00010B5FEF79BFA01220C490D4801F08CFC9B
:1020B00038B100240B4B0C481C7000F0EFF920469F
:1020C00010BD0124074B1C70FEF7A8FA074800F06A
:1020D000E5F9FFF70DFF204610BD00BF40B7001027
:1020E00080140020A81B00207CB7001064B70010EB
:1020F00000232DE9F0473A4D92B095F800806B80AF
:10210000B8F1000F05D14FF00008404612B0BDE80D
:10211000F0870446014607A801F0ACFF0028F2D181
:1021200023782F2B3CD16378002B39D1DFF8C09076
:10213000DFF8C0A001A907A801F0ECFF48BB9DF89B
:102140000D3033B32E2BF5D09DF80C4014F006045F
:10215000F0D16E8806EB461004303F2E28444FEA3B
:10216000461716D80DF10D034A46202105F0B2FDA1
:102170009DF80C30DB0622D56B8837442F440133A1
:1021800001A907A887F824406B8001F0C3FF00284D
:10219000D5D007A801F0A6FF404612B0BDE8F087F1
:1021A0002378002BC2D0002385F824306B880D4A99
:1021B0000D49013303C96B8082E80300B6E751463D
:1021C0000DF10D00FFF714FF08B10124D4E7074912
:1021D0000DF10D00FFF70CFFC0F10204E4B2CBE7F4
:1021E000A81B0020AC1B002090B70010A4B7001063
:1021F00098B700109CB7001030B5154BADF51D7D9C
:102200001D78C5B10146012212A801F00DFC90B95C
:1022100001903F2201AB12A802A901F0FBFC044689
:1022200012A801F0C1FE34B9019B002B03DD284642
:102230000DF51D7D30BD0025064B07484FF6FF729A
:102240001860284605491A8159600DF51D7D30BD7D
:10225000A81B0020740E00200000FFFFFF07E318FA
:10226000014B1888FEF79ABF740E0020F0B50D469A
:10227000002107461D4C8BB0E388164608460093A4
:102280004FF4A0721623FFF751FA0C213B460127A9
:102290000DEB0100164A05F01DFD0197E38803AA26
:1022A0000093A38804210620FFF7AEFC1148124BCF
:1022B0001021002D08BF0346104A009606A805F01D
:1022C00009FDE38801970093A38806AA0421D22080
:1022D000FFF79AFCA48802234FF4A0721621002075
:1022E0000094FFF723FA0BB0F0BD00BF740E00207E
:1022F00098B70010B0B70010ACB70010B4B700101A
:1023000010B5064A82B01488B5234FF4A072182184
:1023100000200094FFF70AFA02B010BD740E0020EE
:102320002DE9F04F01260C46534DDFF86CB191B00A
:102330000122297882465148FFF798FFBBF8003008
:102340004F4ACDE900361E21BBF804300A20FFF7C2
:102350005BFC204608F0FCFF06ACCDE90001494AD1
:102360002821204605F0B6FC0196BBF800302E214E
:102370000093BBF802300A202246FFF745FC2B7879
:10238000002B74D0282120466B883F4A05F0A2FC20
:102390000125BBF8003022460093BBF802303C21F7
:1023A0000A200195FFF730FCBBF800305021CDE941
:1023B00000350A20354ABBF80230FFF725FC00261D
:1023C00006F0030505EBC503B41005EB4305C4EBAC
:1023D00004140A355C344AFA06F71FFA85F91FFA25
:1023E00084F817F001034D464446039320D0BBF810
:1023F00004400C231022414648460094FFF796F90A
:1024000033460321224A05A805F064FC012208F1A5
:102410000201CDE90042002305AA89B209F10300B7
:102420000136FFF7F1FB0C2ECAD111B0BDE8F08FD9
:1024300043F2A6170C231022414648460097FFF7A7
:1024400075F933460321124A05A805F043FC012023
:10245000A11C0190039B05AA009789B2E81C0136D4
:10246000FFF7D2FB0C2EABD111B0BDE8F08F094BBA
:102470000FCB84E80F008BE7A81B0020C4B7001027
:10248000C8B70010DCB70010F8B700101CB8001077
:102490002CB800100CB80010740E00200FB400B55A
:1024A00083B004A951F8040B019105F0E9FD03B0D4
:1024B0005DF804EB04B0704708B5FEF771F8BDE8AD
:1024C00008400149FFF72CBFEC51A0400149FFF73C
:1024D00027BF00BFEC51A0402DE9F043414B91B024
:1024E000197801224048FFF7C1FEFFF709FF2021BC
:1024F0004FF001083D4A3E4C107801233D4A0090C0
:102500000DEB010005F0E6FB258823891E210A203A
:10251000CDE9005808AAFFF777FBE588002600956B
:10252000382548234FF4967232210A20FFF7FEF82F
:10253000314B05AF93E8070087E80700DFF8D0903C
:10254000D9F80030B4F806C0B3420CBFA388638842
:10255000294657F8042B1620CDE900C80136FFF7AD
:1025600053FB1835032EADB2EAD10C252188228900
:102570001023CDE901212D209B21204A0095FFF752
:1025800071FB2688009502962689102301969B21CF
:1025900064201B4AFFF766FB9B2120880095029070
:1025A000208910230190174A0846FFF75BFB268815
:1025B000009502962689102301969B21D220124A6B
:1025C000FFF750FB268800950296248910239B2153
:1025D00040F209100D4A0194FFF744FB11B0BDE829
:1025E000F08300BFA81B002030B800107E0E002032
:1025F000740E002038B8001074BD001068BA0010C6
:1026000098BA001080BA001050BA001038BA001002
:10261000EC23002010B50C4682B00DF10700FDF749
:10262000A7FF0028F9D124B1084B1A681444022CE2
:1026300001D902B010BD064AE1B21C604B1C1370F8
:10264000FDF778FFFFF748FF02B010BDEC23002034
:102650007E0E002070B50C46FFF7FEFCA0B11048BE
:1026600042888AB184B10F4D2B68E4180DD494428E
:102670000FDA04EB4413611C043303442C600A4852
:10268000BDE8704005F060BD70BD00240423012149
:10269000F3E7541E04EB441311460433EDE700BF87
:1026A000A81B0020B016002074B80010704700BFAF
:1026B000704700BF704700BF037810B5202B00F0B3
:1026C0008780052B08BFE5234B7243784FF0010C40
:1026D000202B00F08380052B08BFE5230CF10102BD
:1026E0008C448CF809308378202B7BD0052B08BFD5
:1026F000E52302F1010C0A445372C378202B75D0F4
:10270000052B08BFE5230CF101028C448CF809303D
:102710000379202B6ED0052B08BFE52302F1010CB5
:102720000A4453724379202B68D0052B08BFE52358
:102730000CF101028C448CF809308379202B61D094
:10274000052B08BFE52302F1010C0A445372C2793C
:10275000202A5BD0052A08BFE5220CF101038C4436
:102760008CF80920027A202A0DD0052A08BFE5221C
:102770002E2403F1010C01EB030E8C448EF809406A
:1027800002338CF80920427A202A43D0052A08BF58
:10279000E52203F1010C0B445A72837A202B37D0C7
:1027A000052B08BFE5230CF101028C448CF809309D
:1027B0004FF0000C8B1883F809C0C37A03F03F0375
:1027C0000B72C3690B60C38ACB80038B8B8010BDF7
:1027D00043784FF0000C202B7FF47DAF8378624666
:1027E000202B83D1C3789446202B89D1037962466C
:1027F000202B90D143799446202B96D18379624641
:10280000202B9DD19446C279202AA3D16346A9E703
:102810006246CDE79C46C0E770B5037904465BB9D4
:102820006579012D22D000226078114601F052FE18
:10283000003818BF012070BD00F13005C2690123C6
:102840002946407801F040FE98BBD4E90626636A29
:102850002071F31A9342E3D2E378022BE0D10123F3
:1028600029466078324401F02FFED9E70021237811
:102870006171032BD7D104F130064FF4007230465A
:1028800008F042FD0C480D4A2063C4F81422D4E934
:102890000302C4F81822226A094B0132C4F82C3210
:1028A000C4F81C022B4631466078E26101F00CFE50
:1028B000B9E7012070BD00BF52526141727241619F
:1028C000000055AAC2698A4201D10020704770B544
:1028D000044603790D46407804F130065BB92A4678
:1028E0000123314601F0EAFD00281CBF4FF0FF35FF
:1028F0000120E56170BD0123314601F0E5FD88B995
:10290000E169636AA269CB1A934220716078E6D2CA
:10291000E378022BE3D10A440123314601F0D4FDD0
:102920006078DCE7012070BD2DE9F84F0678044699
:10293000022E0D46904642D0032E2AD0012E56D1AB
:10294000416A05EB550901EB5921FFF7BBFF07462B
:10295000E0B909F1010BEB07C9F3080904F1300AEA
:102960005FFA88F14FEA5B2245D51AF80930204614
:1029700003F00F0343EA01130AF80930616A267174
:102980001144FFF79FFF00284ED007463846BDE8A8
:10299000F88F416A01EBD511FFF794FF0746002835
:1029A000F4D10121AD0004F1300205F4FE75535954
:1029B000384668F31B0353512171BDE8F88F416A13
:1029C00001EB1521FFF77EFF07460028DED101212C
:1029D0006D0004F1300305F4FF7503F80580C8F3BA
:1029E00007222B445A7021713846BDE8F88F022720
:1029F0003846BDE8F88F0AF80910616A204626714A
:102A00001144FFF75FFF0028BFD1CBF3080B1AF882
:102A10000B30C8F3032223F00F03DA4413430122DF
:102A20008AF800302271B1E7CBF3080BDA44C8F31F
:102A30000713F4E7012919D94269F8B591420C4608
:102A4000064611D20278022A21D0032A10D0012A88
:102A50000AD1416A04EB540501EB5521FFF732FF1F
:102A600010B34FF0FF30F8BD0120F8BD01207047D2
:102A7000416A01EBD411FFF725FF0028F1D1A40032
:102A800004F4FE743319186B20F07040F8BD416AED
:102A900001EB1421FFF716FF0028E2D1600000F4DB
:102AA000FF703044008EF8BD716A6F1CC5F30805D5
:102AB0003544304601EB572195F83050FFF702FFBF
:102AC0000028CED1C7F30807374497F8303045EADD
:102AD0000320E3074CBF0009C0F30B00F8BD00BFA3
:102AE0002DE9F047D0F8189004460768B9F1000FB7
:102AF0002FD007F13008FA694A4513D03B7978782E
:102B0000002B63D101234A46414601F0D7FC38B17E
:102B10004FF0FF33FB6101200023A361BDE8F08784
:102B2000C7F81C90E3691A789AB1DB7AE52A03F0BA
:102B30003F03A37107D02E2A05D00F2B03D023F01B
:102B40002003082B24D1256926682035B5F5001F00
:102B500001D30420E0E7D4F81890B9F1000FF8D0C1
:102B6000C5F3080323B130361E442561E661C2E790
:102B7000616909F10109C4F8189061B93389B3EBAF
:102B8000551FE6D930362561E661B9F1000FB2D1A3
:102B90000020BDE8F0877389013B13EA552AF1D183
:102BA0003046FFF747FF01282ED9431CB3D0736985
:102BB0009842CED2023B6061023898421ED272899E
:102BC000F36A00FB0239C4F81890DBE701234146A1
:102BD00001F07AFC00289ED1F9697B6ABA69CB1AA8
:102BE0009342387178788DD2FB78022B8AD10A44CF
:102BF0000123414601F068FC787883E73036C4F859
:102C000018A02561E661C3E7022085E770B54FF0A3
:102C1000FF360023B14204460371C66130D194F8F7
:102C20003030B4F82E52EB2B0AD01833DBB2012B24
:102C300006D94AF6552085420CBF0220032070BDFC
:102C40004AF655239D4209D0B4F83B305A1E1A4229
:102C500002D1B3F5007F21D0032070BD08222449A2
:102C600004F1820008F064FB0028E8D0B4F83B309F
:102C70005A1E1A4202D1B3F5007F30D0022070BD37
:102C80000D460A460123407804F1300101F016FC9C
:102C900010B10420E66170BDE561C0E794F83D30F5
:102CA000002BD9D05A1E1A42D6D1E38F002BC0D0A8
:102CB00094F84030013B012BBBD8B4F84130002BD5
:102CC000B7D0B4F843303F2B03D8236DB3F5803F22
:102CD000AFD3B4F84630002BABD0002070BD94F8D1
:102CE0003D30002BCAD05A1E1A42C7D1DDE700BFC3
:102CF000B4B80010F8B5002305680B60002D00F093
:102D0000E2802C4602E03A2B00F0A98014F8013B47
:102D1000202BF8D8914B1C68002C00F0B7800C6079
:102D20002378607802F0FE0553B101F0B9FBC607C5
:102D300005D415B1410700F1A7800020F8BD6078E7
:102D40000023237001F0B0FBC20700F1908015B1A1
:102D5000430700F1998000212046FFF757FF022822
:102D60006FD0042800F08E80012876D8B4F83B306C
:102D7000E169B3F5007F70D1B4F846301BB9636DDB
:102D8000B3F5001F69D294F84000A361421E012AE6
:102D9000E07062D894F83D206281002A5DD0551E13
:102DA00015425AD1B4F841C01CF00F0FA4F808C066
:102DB00053D1B4F8435005B9256DE78F002F4CD09F
:102DC00003FB00F007EB1C160644B54245D3A5EB08
:102DD000060E9645BEFBF2F53FD3614A95423CD8BC
:102DE0004FF6F572954270D840F6F572954200F2B2
:102DF0008C80202D31D902350F440E442162E662C9
:102E000065616762BCF1000F27D005EB450205F054
:102E1000010505EB52050122384405F2FF15B3EB1D
:102E2000552FA06219D34FF0FF338021C4E903333B
:102E300061714C4922700B8801339BB20B80E38097
:102E40007BE7D4F8F611D4F80662D4F81652D4F819
:102E50002672E9B926BB65BB5FB90D20F8BD2B789A
:102E6000302B30D10235AC422DD1046052E7032023
:102E7000F8BD39462046FFF7C9FE01287FF676AF38
:102E80000428EAD10120F8BD0A20F8BD0C20F8BDC5
:102E90002046FFF7BBFE01287FF668AF002EDAD090
:102EA00031462046FFF7B2FE01287FF65FAF002DC6
:102EB000D2D029462046FFF7A9FE01287FF656AF5B
:102EC000002FCAD0D5E70B20F8BDB4F85A20023540
:102ED0000F440E445CEA02026762E66265612162A9
:102EE000BBD1AD00E06D05F2FF12B3EB522FA06233
:102EF000B3D34FF0FF338020B4F86020C4E903332C
:102F0000012A60710FD0032293E702350F440E446B
:102F10002162E66265616762BCF1000F9DD002220A
:102F200038446D0079E720460131FFF7CBFC0028DB
:102F3000E9D1216B0C4A60719142E4D1D4F814229A
:102F40000A4B9A42DFD1D4F82C22094B9A4204BF93
:102F5000D4E98623C4E90332D5E700BF001100207D
:102F6000F5FFFF0F16240020525261417272416139
:102F7000000055AA2DE9F843002384680646076837
:102F800003618CB93B78022B0AD83B895BB3BB6ADF
:102F9000C6E905433BB330370020F761BDE8F8834D
:102FA000BB6A002BF1D01C467B89002B5FD1012C22
:102FB00019D03D466B69A34215D92B78022B2BD033
:102FC000032B13D0012B0ED1696A04EB5408284659
:102FD00001EB5821FFF776FC60B30120BDE8F883D0
:102FE0000023C6E905430220BDE8F883696A284644
:102FF00001EBD411FFF766FC0028EED1A30003F427
:10300000FE732B441C6B24F07044012CEBD97B69BC
:10301000A342E8D93568CDE7696A284601EB142157
:10302000FFF750FC0028D8D1630003F4FF732B4452
:103030001C8EEAE7696A08F10109C8F30808A84488
:10304000284601EB592198F83080FFF73BFC002817
:10305000C3D1C9F30809A94499F8303048EA0328D4
:10306000E3074CBF4FEA1814C8F30B04CDE77A69A5
:10307000A11E023A9142B3D2FA6A01FB032387E709
:103080002DE9F04F0446D0F800C085B08B4611F80A
:10309000013B2F2BFAD05C2BF8D00022A2609BF8CA
:1030A00000201F2A40F235814FF020395E4604F19E
:1030B0002008CDF808C0C8F80490C8F80090C8F8F7
:1030C00007903778202F38D900254FF0080B4FF0A4
:1030D000010A2B462F2F4AD05C2F48D02E2F31D0FB
:1030E0005D452AD2802F35D99F2F1CD9DF2F01D9DA
:1030F000FC2F18D93946924808F056F8E8B95346DB
:1031000008F805700135F75C03F1010A202FE1D8BA
:1031100094F820305644E52B02D1052384F8203062
:10312000042300933BE016F80A203F2A05D97E2AA3
:103130005CD982F080017C2958D90626304605B03A
:10314000BDE8F08FBBF10B0FF7D0534608254FF0C9
:103150000B0BD8E739467A4808F026F80028ECD15E
:10316000A7F16103192B9CBF203FFFB2C7E7B24410
:103170009AF8003056462F2B0AF1010AF8D05C2B42
:10318000F6D0002DD9D094F82030E52B00F0CA807D
:103190003378202B8CBF002301239B000093204613
:1031A00084F82B30D4F800A0FFF7E4FE002840F0AC
:1031B000C180A7690AF1300B0196DAF81C2097420A
:1031C00022D09AF804309AF80100002B6AD101232A
:1031D0003A46594601F072F9A0B14FF0FF33CAF8F0
:1031E0001C300126304605B0BDE8F08F0BF1FF31F1
:1031F000A942A2D9691C08F80570023308F8012019
:10320000023580E7CAF81C70E0690378ABB1C77A71
:1032100007F03F03A371C57A15F0080505D10B220D
:10322000414608F085F800285CD0256923682035E0
:10323000B5F5001F06D30023A361009B002B77D1B7
:1032400005267BE7A769002FF7D0C5F308063EB92E
:1032500061690137A76141B91989B1EB551FEAD9F5
:10326000303333442561E361A7E75889013810EA18
:103270005520F5D118460393FFF7DCFB012846D90A
:10328000421CAED0039B59698842D4D20239606196
:10329000023888422FBF37465989DF6A00FB017721
:1032A000A761DDE70123594601F00EF9002898D106
:1032B000DAF81C10DAF82430DAF81820CB1A934226
:1032C0008AF804009AF8010081D29AF80330022BA0
:1032D0007FF47DAF0A440123594601F0F5F89AF8CE
:1032E000010074E7DDE9003603BBFB06A8D50299AF
:1032F000226901F130030978C2F30802134403295B
:103300005A8B04BF9B8A42EA0342A260D3E602269C
:1033100014E78023204684F82B3005B0BDE8F04F39
:10332000FFF728BE052384F8203031E72E4605E755
:10333000042603E7042806467FF400AF7DE700BFBC
:10334000C0B800102DE9F84F05468946066811BB44
:10335000D6E90383B8F1000F08D11BB17369022BC2
:1033600000F2E58000242046BDE8F88F72694245EE
:10337000F3D9002BF6D008F10104A24264D8B8F1C9
:10338000010FEFD002242F687B69A34260D801248B
:103390002046BDE8F88F3046FFF74CFB0128044675
:1033A000F5D9411C35D073698342DCD83269002AD3
:1033B000D8D009F10107BB428CBF3C4602242868E3
:1033C0002146FFF737FB0128E1D0421C21D0736969
:1033D000002840F08E80002C00F09280A342D6D9C5
:1033E0004FF0FF3221463046FFF79EFA78B9B9F127
:1033F000000F5DD0B9F1010FC9D073699945C6D2EC
:10340000224649463046FFF78FFA002850D001285F
:10341000BDD14FF0FF34A6E7796A384601EBD411ED
:10342000FFF750FA0028F4D1A30003F4FE733B44E5
:103430001B6B33F070436CD0012BA8D0A04591D00A
:10344000736901349C429AD22F687B69A3429ED94A
:103450003B78022B3DD0032BDED0012B97D1796A2C
:1034600004EB540A384601EB5A21FFF72BFA0028E7
:10347000CFD1796A0AF1010BCAF3080ABA44384677
:1034800001EB5B219AF830A0FFF71CFA0028C0D1AD
:10349000CBF3080BBB449BF830304AEA032AE3071E
:1034A00033D55FEA1A1A34D0BAF1010FC6D16EE7EC
:1034B0003369F460002B3FF456AF7269023A9342CD
:1034C0003FF651AF7279013B42F0010233617271F4
:1034D00049E7796A384601EB1421FFF7F3F9002830
:1034E00097D1630003F4FF733B441B8E002BA3D1E1
:1034F0000FE0D6F80C80B8F1010F01D9984510D330
:103500009F423C4607D3C84639E7CAF30B03002B5A
:1035100092D1736962E7012C2F687FF638AFC846F5
:1035200093E708F101049C42BFF42CAF8CE74FF005
:103530000108022488E700BF2DE9F04F87B0044658
:103540000768FFF717FD002840F0A180D4F818A005
:1035500007F1300BFA69924513D03B797878002B4C
:103560007BD101235246594600F0A8FF38B14FF0F5
:10357000FF33FB610125284607B0BDE8F08FC7F88F
:103580001CA0E3691B78E52B00D0D3B93846A169AC
:10359000FFF798F905460028EDD12946E069202279
:1035A00007F0B2FEE369203403CC1860596020882C
:1035B000A17801221881284699723A7107B0BDE8B6
:1035C000F08F2569D4F800802035B5F5001F03D3AE
:1035D0000023A3610725CEE7D4F818A0BAF1000FA5
:1035E000F8D0C5F3080656B961690AF10103A36171
:1035F00059B9B8F80820B2EB551F4FD99A4608F1CF
:1036000030094E442561E661A4E7B8F80A20013A82
:1036100012EA55220192F1D14046FFF70BFA012838
:10362000824640F28E80B0F1FF3FA3D0D8F814203C
:10363000904235D2023A831E08F130099342C4F811
:1036400014A006D2B8F80A20D8F82C1003FB0213F5
:103650000193019B9A46A361D3E70123594600F0E9
:1036600033FF002886D1F9697B6ABA69CB1A934285
:1036700038717878BFF475AFFB78022B7FF471AFA7
:103680000A440123594600F01FFF787869E70428AF
:1036900005469FD0284607B0BDE8F08FA16199E7A5
:1036A00020466169FFF74EFE8246002892D001282D
:1036B00047D0B0F1FF3F3FF45DAF98F8043008F118
:1036C0003009002B3FD1D8F814309A1EAAF102031A
:1036D00093425FD2B8F80A10D8F82C20484603FB72
:1036E000012200210292C8F81C204FF400720393BB
:1036F00007F00AFEB8F80A20039B002A5AD00022DD
:10370000CDE903730595029F154604E0B8F80A2039
:103710000135954239D20123494698F801007A19BA
:1037200000F0D2FE0028F1D02946DDE90373059DA3
:10373000B8F80A2091427FF41DAFD8F81420023A5D
:103740007CE7022517E701234946D8F81C2098F8A2
:10375000010000F0B9FE00287FF40CAFD8F81C106F
:10376000D8F82430D8F81820CB1A934288F80400EF
:10377000A9D298F80330022BA5D10A440123494667
:1037800098F8010000F0A0FE9DE72946DDE90373EB
:10379000059DCFE700214FF40072C8F81C10484681
:1037A000029307F0B1FDB8F80A200021029B22B174
:1037B0000291A4E7C4F814A046E7C4F814A048E7AF
:1037C00001292DE9F84F0C4605680AD96B698B422F
:1037D00007D9064611463AB92F464FF001089C42D8
:1037E00010D30220BDE8F88F012AFAD09342F8D90D
:1037F0004FF0FF322846FFF797F80028F2D13768DC
:103800007B69EAE73B78022B00F09080032B0FD016
:10381000012BE6D1796A04EB5409384601EB5921B2
:10382000FFF750F8002800F0A9800120BDE8F88FCC
:10383000796A384601EBD411FFF744F80028F4D137
:10384000A30003F4FE733B44D3F8309039F0704981
:1038500000F0B180B9F1010FC3D06B699C42C0D2B6
:103860002F78022F53D0032F29D0012FB9D1696AA5
:1038700004EB540A284601EB5A21FFF723F80028ED
:10388000B0D10AF1010BE107CAF308034FEA5B224A
:1038900005F1300A5DD51AF80310284601F00F0132
:1038A0000AF80310696A2F711144FFF70BF800281A
:1038B00098D1CBF3080B0AEB0B03187014E0696A7C
:1038C000284601EBD411FEF7FDFF00288AD1A400A1
:1038D00004F4FE7405F13002115910530B0E22440A
:1038E00003F0F0039070D3706A692B69911E8B42CC
:1038F00085F8048005D201332B616B7943F0010315
:103900006B714A4557D937684C467B6967E7696AE6
:10391000284601EB1421FEF7D5FF00287FF462AFA3
:10392000640004F4FF742C442086DDE7796A38468D
:1039300001EB1421FEF7C6FF00287FF476AF630089
:1039400003F4FF733B44B3F83090B9F1000F81D119
:1039500031E00AF80300696A28462F711144FEF726
:10396000B1FF00287FF43EAFCBF3080B1AF80B0031
:103970000AEB0B0300F0F0001870B5E7796A09F163
:10398000010AC9F30809B944384601EB5A2199F8EC
:103990003090FEF797FF00287FF447AFCAF3080A7C
:1039A000BA449AF83030E00749EA032905D55FEABE
:1039B00019197FF44FAF002014E7C9F30B09B9F1CF
:1039C000000F7FF447AFF6E700B583B0CDE90010F4
:1039D00029B38C4601E03A2B1BD01CF8013B202B6D
:1039E000F9D810490B6813B1002008601870019BCA
:1039F00013B100200B6018801AB9104603B05DF8AF
:103A000004FB0022684601A9FFF774F903B05DF8D2
:103A100004FB0B78302B02D102318C45E1D00B2016
:103A2000ECE700BF001100202DE9F0478EB00191B6
:103A300000287BD002F03F070446164602A93A460A
:103A400001A8FFF757F9054628B10023236028464F
:103A50000EB0BDE8F087DDF808800199C4F8008059
:103A600003A8CDF80C80FFF70BFB80B99DF9373028
:103A7000002B60DB16F01C0F10D070075DD49DF892
:103A8000123013F0110F00F089800725DDE716F0E2
:103A90001C0F01D0042854D00546D6E79DF81230FB
:103AA000DA064CD4B00701D5D907EED40021D8F8F6
:103AB0001C3004F1280A23620A9B5046636298F87E
:103AC00000205E8B032A04BF9A8A46EA0246A6605B
:103AD000D3F81C90B8F806304FF40072C4F80C907C
:103AE000A38027746174E161616107F00DFCBA067F
:103AF000ADD5B9F1000FAAD0B8F80A30C4F81490C7
:103B0000B9EB432F4FEA432704D84AE0431C7ED049
:103B10004F4546D231462068FEF78CFF0128064605
:103B2000A9EB0709F2D8A06102258EE709252846EE
:103B30000EB0BDE8F087062587E7082585E7042550
:103B400083E703A8FFF7F8FC0028A5D147F0080792
:103B5000FEF77EFA0A9BC3F80E000A9BC3F8160014
:103B600098F800200A9B032A08BF9A8A5E8B08BF38
:103B700046EA02462022DA7200220A9B5A8398F80B
:103B80000010032908BF9A82002201230A99CA6102
:103B900088F804303EBB47F0400787E7310785D5FA
:103BA000D6E7C9F30803A661002B3FF450AFD8F85D
:103BB0001430023E023B9E42B6D2B8F80A20D8F832
:103BC0002C3006FB0232002AAED002EB5922E26111
:103BD0005146012398F8010000F070FC00283FF4E2
:103BE00036AF012531E7314603A8D8F81C90FFF71E
:103BF000E7FD00287FF450AF49464046FEF762FEDD
:103C0000013EC8F80C600028C5D005461DE7A0613C
:103C1000E7E700BF2DE9F04F002583B01D6058B1E4
:103C20001E46036804463BB191461A7822B1884685
:103C3000DA888188914203D0092003B0BDE8F08F73
:103C4000587800F02DFCC207F6D4607C0028F4D12F
:103C5000237C13F0010500F092806369E768D4F8D3
:103C600000A0FF1A4F4528BF4F46002FE5D0009017
:103C7000C3F30802002A50D1BAF80A20013A12EA26
:103C8000532236D0A069DAF814300238023B984249
:103C90003DD2BAF80A10DAF82C3001FB0033002BC1
:103CA00035D0B7F5007F02EB030943D302EB572071
:103CB00088424FEA572B88BFA1EB020B5B464A466E
:103CC00041469AF8010000F0F9FB00284AD194F926
:103CD0001020002A66DB4FEA4B293368B7EB09074F
:103CE0004B4433606369C8444B446361C0D100985E
:103CF000A3E7002B3CD1A068012808D9431C31D090
:103D0000DAF81430A061023B02389842C1D3022392
:103D10001846637403B0BDE8F08F04F12801C2F5C2
:103D20000079B94528BFB946114440464A4607F0D4
:103D3000EFFAD2E7E2694A4523D094F910309AF8B5
:103D40000100002B04F128011EDB01234A460191EA
:103D500000F0B4FB019928B96269C4F81C90C2F361
:103D60000802DCE701232846637403B0BDE8F08F46
:103D7000A16920680192FEF75DFE019ABCE7072069
:103D80005BE704F12801E7E70123019100F09CFBC8
:103D90000028E7D1237C019903F07F0323749AF86C
:103DA0000100D2E7E069A0EB0900584593D24FF437
:103DB000007208EB402004F1280107F0A9FA8AE715
:103DC0002DE9F04F002583B01D6058B11F460368F0
:103DD00004463BB116461A7822B18846DA888188B3
:103DE000914205D04FF00909484603B0BDE8F08F75
:103DF000587800F055FBC107F4D494F81190B9F14C
:103E0000000FF1D1237C9A0740F1A6806269D4F8B3
:103E100000A0F24228BFD643002E56D0C2F30805B8
:103E2000002D56D1BAF80AB00BF1FF3B1BEA522B1A
:103E30000ED1002A40F08880A068002800F08F8012
:103E4000012858D0431C78D0A368A06103B9A060B2
:103E500094F91030002B62DBA369DAF81420023BDE
:103E6000023A934247D2BAF80A20DAF82C5002FB01
:103E70000355002D3FD0B6F5007F5D4442D30BEBD8
:103E8000562191424FEA5623414688BFA2EB0B03CD
:103E90009AF801002A46019300F016FB00284CD145
:103EA000E169019B491B99426FD35D026269E36836
:103EB0002A44934238BF13463968761B2944396037
:103EC000A8446261E360A9D1237C43F040032374DA
:103ED0008AE704F1280B0BEB0500C5F50075B54228
:103EE00028BF354641462A4607F012FA237C63F084
:103EF0007F032374DAE7022399464846637403B0CC
:103F0000BDE8F08FE2696369AA4230D0E26804F14B
:103F1000280B9A422ED8E561C3F30805DBE701239D
:103F2000E2699AF8010004F1280100F0CDFA20B905
:103F3000237C03F07F0323748EE7012399464846D0
:103F4000637403B0BDE8F08F2046A169FFF7FAF96A
:103F500000287FF475AFB7E74FF0070944E75946EB
:103F60002046FFF7EFF900287FF46AAFACE704F1D1
:103F7000280BD0E701232A4659469AF8010000F0A1
:103F80009DFA0028D9D16369C5E74FF4007208EBA8
:103F9000412104F1280007F0BBF9227C019B02F0CB
:103FA0007F02227481E700BF58B1036870B50446F0
:103FB0002BB11A781AB18188DA88914203D009208E
:103FC00070BD09207047587800F06AFAC107F6D42E
:103FD000237C25685A062DD51B063CD42846216A29
:103FE000FEF770FC0028EBD1666AF37A43F02003F9
:103FF000F372A3682268C3F30721B376F1761278CF
:10400000032A03D11B0C1A0A33757275E368F36136
:10401000FEF71EF801230022C6F816007282284619
:104020002B71FEF7F9FB237C23F040032374002857
:10403000C6D12568002DC2D02B78002BBFD0A28816
:10404000EB889A42BBD1687800F02AFA10F00100A0
:10405000B5D1206070BD0123E269687804F12801C0
:1040600000F032FA20B9237C03F07F032374B5E714
:10407000012070BD30B585B0019100282FD00446D5
:10408000002203A901A8FEF735FE18B10023236022
:1040900005B030BD039D204601992560FEF7F0FF75
:1040A000C8B994F92B30002B0BDBA379DB0614D5B0
:1040B0002978E2690329538B04BF928A43EA0243B9
:1040C000A360EB882046A380FEF754FF042804D0A9
:1040D0000028DDD0DAE70428D8D10520D6E709206A
:1040E00005B030BD98B1036810B504462BB11A78FD
:1040F0001AB18188DA88914201D0092010BD587820
:1041000000F0CEF910F00100F7D1206010BD0920B9
:10411000704700BF2DE9F0410D4682B040B1036801
:1041200004462BB11A781AB18188DA88914206D0F8
:1041300009200DB100236B7202B0BDE8F081587800
:1041400000F0AEF910F00103F2D12046002D41D06D
:104150006B72FEF7C5FC10F0FB03EBD16B72D4F869
:104160001880B8F1000F3AD02946E069FEF7A4FAAA
:10417000266927682036B6F5001F35D2C6F3080237
:1041800002BB616908F10103A36181B37B89013B33
:1041900013EA562816D138460192FEF74BFC012847
:1041A0002CD9431C28D07B6998421DD2023B606108
:1041B00002389842019A03D27989FB6A00FB0138E0
:1041C000C4F81880303717442661E761002002B038
:1041D000BDE8F08102B0BDE8F041FEF7CBBE236937
:1041E0002033B3F5001FF1D30023A361EEE73B8931
:1041F000B3EB561FE6D8F7E701209BE7022099E7CB
:1042000030B58FB00D460190002203A901A8FEF73A
:1042100071FD30B104460DB100236B7220460FB022
:1042200030BD019903A8FEF72BFF04460028F2D108
:104230009DF93730002B0ADB002DEFD0099B687207
:10424000002BEBD029460A98FEF736FAE6E706245B
:10425000002DE1D1E2E700BF2DE9F04F93B00190CE
:10426000022202A901A8FEF745FD044618B1204626
:1042700013B0BDE8F08F029B0546019907A807938C
:10428000FEF7FEFE044650B99DF8473013F0A00F2C
:104290000CBF08240624204613B0BDE8F08F042884
:1042A000E5D1029B294603A80393FFF74BF8064686
:1042B00040B9FDF7CDFE07240022314603A8FFF7E1
:1042C0007FFAD4E7012800F09B80431C03D1FDF75F
:1042D000BFFE0124F0E7FDF7BBFE029D07462B79E8
:1042E00005F13009002B40F08F806B69B21E023B54
:1042F0009A422EBF4FF000086989EB6A484638BFE2
:1043000002FB01384FF400720021C5F81C8006F052
:10431000FBFF6B8900241BB90EE001349C4209D2DB
:1043200001234946687808EB040200F0CDF86B8958
:104330000028F2D09C42CCD14FF02032029B1021B9
:104340002E20C3F83120C3F83520A3F839201A46AF
:10435000F5B2C6F3072883F83B10C3F8467083F81C
:10436000300083F84A5083F84B8012F8504B09997B
:10437000032CC1F3072E5FFA81F961D0D3F830A086
:10438000D3F834C09C6BD96BC3F850A0C2F804C0FA
:104390009460D160D3F840A0D3F844C09C6CD96C31
:1043A000C2F810A0C2F814C09461D16183F8510022
:1043B00083F86A9083F86BE0012207A81A71FFF76F
:1043C000BBF8044600287FF477AF0E9B0298C3F831
:1043D0000E700E9BC3F816700E9B9D7683F81B80A3
:1043E0000278032A03D1360C320A1E755A75102141
:1043F00001230E9AD1720371FEF70EFA044636E7D6
:10440000FDF726FE022457E701234946EA6968784A
:1044100000F05AF800287FF45CAFE9696B6AAA697A
:10442000CB1A93422871BFF460AFEB78022B7FF474
:104430005CAF0A4401234946687800F045F854E728
:104440001C6BD3F834B01C65D3F838A0D3F83CC04B
:10445000340C83F84440240A83F84540C2F804B081
:10446000C2F808A0C2F80CC01C6CD3F844B0D3F852
:1044700048A0D3F84CC0090C1461C2F814B0C2F8BB
:1044800018A0C2F81CC083F86410090A83F8510010
:1044900083F86A9083F86BE083F865108CE700BFBF
:1044A000003818BF0120704708B10120704710B5CF
:1044B0000446FCF793F8204610BD00BF003818BF33
:1044C00001208000704700BF003818BF0120800025
:1044D000704700BF50B902290AD001D800207047A8
:1044E000032903D101230020136070470420704783
:1044F0004FF400731380F1E710B44FF480740C4B49
:1045000053F8202003EB8003C00082F0400200F14A
:10451000804003F5805C02F0C00200F5203003F516
:104520004053CCF8002041601C605DF8044B70479C
:104530000480034010B4084CC90041EA820154F8D9
:10454000202004EB8003514003F5805301F00C015F
:104550005DF8044B1960704704800340064B53F824
:10456000202003EB800382EA011202F0300203F5FF
:1045700080531A60704700BF0480034030B44FF08E
:10458000000343EC440043EC400005254FF48074E5
:104590000B4BC20053F8201003EB800081F0400168
:1045A00002F1804303F5203301F0C00200F5805191
:1045B00000F540500A605D60046030BC704700BF89
:1045C000048003400FB400B583B0049C074803F097
:1045D00039FD3CB105A92046019103F0A5FB044833
:1045E00003F030FD012003F0B7FB00BFD0B800108E
:1045F00040B7001070B58646EFF3108572B6124CC6
:10460000D4E8CF6F0120002EFAD1C4E8460F002E67
:10461000F6D1BFF35F8F4FF0010CC80801F007031C
:104620000CFA03F31EF800C01CEA030608D14CEA9A
:10463000030C0EF800C0C4E88F6F85F3108870BDBE
:104640001046FFF7BFFF00BFAF120020F8B5EFF331
:10465000108572B6234CD4E8CF7F0126002FFAD103
:10466000C4E8476F002FF6D1BFF35F8F9A4227D877
:104670000126D70810F807E002F0070C06FA0CFC38
:104680001EEA0C0F00EBD2070DD125E04FEAD20E47
:1046900010F80EE002F0070C06FA0CFC1EEA0C0FF4
:1046A00000EBD20718D001329342EFD24FF0FF3027
:1046B0000023C4E88F3F85F31088984207DBF8BDDC
:1046C0000023C4E88F3F85F310884FF0FF300029A6
:1046D000F5D00698FFF776FF4EEA0C0E104687F8E5
:1046E00000E0E5E7AF120020044A1078431CDBB27B
:1046F000182B28BF10231370704700BF7F0E0020B7
:1047000010B5054C82B001461F23182200940348BF
:10471000FFF79CFF02B010BDE0B80010201400208D
:104720004FF0E022936843F000539360704700BF5E
:104730000021044B03F12002C3E88F1F0133934291
:10474000FAD17047A41200204FF0E0234FF08032DE
:10475000C3F80024C3F80424C3F80824C3F80C24C5
:10476000C3F81024C3F81424C3F81824C3F81C2475
:10477000C3F82024C3F82424C3F82824C3F82C2425
:10478000C3F8302462B67047012300F01F02934043
:10479000400941B1800000F1604000F56140C0F87F
:1047A000803103607047024A203042F82030704761
:1047B00000E100E00123064A410952F8212000F0FF
:1047C0001F008340134214BF01200020704700BF28
:1047D00000E100E001224309034900F01F0082408C
:1047E000403341F82320704700E100E0054A1030D3
:1047F0009268054B52F82000C01A47288CBF002051
:104800000120704700ED00E0800E002010B5EFF3AE
:10481000108C72B6114BD3E8CF4F0122002CFAD185
:10482000C3E8442F002CF6D1BFF35F8F0C4A103041
:1048300092680C4C52F82020A24201D091420BD138
:10484000074A926842F82010BFF35F8F0022C3E846
:104850008F2F8CF3108810BD01F036F9AD120020B7
:1048600000ED00E0110100102DE9F04F0B4683B080
:10487000EFF3108A72B6DFF8AC91D9E8CF4F01217F
:10488000002CFAD1C9E8441F002CF6D1BFF35F8F8A
:104890005D4991F90080B8F1000FC0F2B2805B4C25
:1048A00008EB480704EB8705AE7910300E705849C5
:1048B0004FEA48068968009651F82010BF000E1B89
:1048C000472E34D821F0010E9EF80760964209D891
:1048D00071E00CEB4C0604EB860696F807B09345A6
:1048E0004ED9B6469EF906C0BCF1000FF1DA4BF680
:1048F00001560EF1040B043DA5EB0B05C5F34A056B
:104900006FEAC545009F6FEAD5454744BB468EF820
:104910000680DFF80C8104EB8707AEF8045044F8FA
:104920002B80BE8087F806C0FA71BB601AE0394E52
:10493000B14266D1AB60384BEA71BA1C2244043BE9
:104940009B1AC3F34A036FEAC3434FF421426FEA51
:10495000D343E2536B80FF224BF60153AA71AB8025
:1049600045F001012A4B9B6843F82010BFF35F8F8D
:104970000023C9E88F3F8AF3108803B0BDE8F08FA9
:10498000F3463BF8046F76050FD4761502360BEB31
:10499000460601966FF00706F61B019F361B3E4444
:1049A000C6F34A0646F46046A5E706F5FF1606F587
:1049B000FF561F36E9E7AB606FF00703EA714FF46B
:1049C0002142DB1B1B1B7344E253C3F34A02124B0D
:1049D000124E02372744043B3243DB1BAA80C3F349
:1049E0004A030F4A33436B804AF6AA2173461B1BC6
:1049F0005B415943090DA971CEF8002045F0010132
:104A0000B0E701F061F800BF1E240020800E0020F6
:104A100000ED00E011010010C80E002000E0FFFFD3
:104A200001488047AD1200202DE9F84FEFF31087C1
:104A300072B6734CD4E8CF2F0123002AFAD1C4E810
:104A4000423F002AF6D1BFF35F8F6E4B00F1100E8C
:104A50009B68DFF8C0B153F82E205A453CD08A42FB
:104A600047D0694D531B472B36D84FF0010C4609F0
:104A7000B60006F1604606F5614600F01F030CFA29
:104A800003F03368C6F8800000EA0308BFF35F8FC5
:104A9000EFF30583DBB299466BB39E4540F0AD80E2
:104AA00022F0010CDCF808A0514509D18FE003EB9E
:104AB000430305EB8303D3F808A051452CD09C4653
:104AC0009CF90630002BF2DA514563D0B8F1000FA3
:104AD0001FD0C6F8800130604A4B9B6843F82E20F7
:104AE000BFF35F8F0023C4E88F3F87F31088BDE8D2
:104AF000F88F5A46F0E722F0010CDCF808A0514587
:104B0000DED19CF906A06346BAF1000F09DA5A46D5
:104B10004BE0C6F88000DFE793F906A0BAF1000F7A
:104B200039DB0AEB4A0905EB8909D9F808104FEA85
:104B30004A0C996099F80710D97199F90610002963
:104B4000997141DBB9F80410490504D501F5FF114D
:104B500001F5FF511F31491501F102094FF0040B16
:104B60000C2111FB0AB101EB49016FF0070929443F
:104B7000A9EB03094944C1F34A0141F4604199801A
:104B8000224BD444197805EB8C0C83F800A08CF8E8
:104B900006109BE76346B9F1000F1ED1FF218CF888
:104BA00006104BF60151ACF80410DFF860904AF69D
:104BB000AA2199F800A083F806A05B1B5B4159432A
:104BC000090D89F8001081E74BF60151D7E79CF9F0
:104BD00006A06346BAF1000FA3DA0D49DFF838C02A
:104BE000C91A0839C1F30A356FEA05556FEA155538
:104BF0004CEA5101D9809D8068E700F065FF00BF55
:104C0000AD12002000ED00E0800E00201E240020E8
:104C1000D20E00201101001000F8FFFFF0B5EFF3F5
:104C20000585EDB2EFF3108C72B62C49D1E8CF2F89
:104C30000123002AFAD1C1E8423F002AF6D1BFF38E
:104C40005F8F274E40F0010EB4684AF6AA2354F84D
:104C50002570244A0446A41A644163431B0D77451A
:104C60005BB223D092F906409C4224D092F91240C4
:104C70009C422BD092F91E409C4229D092F92A40A6
:104C80009C4227D092F936409C4225D092F942406E
:104C90009C4208BF05240FD0134A002415781370D6
:104CA0008571C1E88F4F8CF31088F0BDB2680F4C4E
:104CB00042F82540F0E7002404EB440402EB8402B0
:104CC000FF2494714BF601549480E5E70124F3E747
:104CD0000224F1E70324EFE70424EDE7AD120020FE
:104CE00000ED00E0800E00201E24002011010010C5
:104CF00010B5074C82B001460523002200940548F8
:104D0000FFF7A4FC0028A8BFC0F1330002B010BD1B
:104D1000FCB8001023240020014B0B4403607047B3
:104D2000A412002070B5104C104DAC420ED2FF26DC
:104D3000236863B1FFF7D8FC01462046FFF7ECFF7C
:104D4000A680BFF35F8F0834AC42F1D370BDFFF78C
:104D5000CBFC01462046FFF7DFFF2671BFF35F8FD4
:104D60000834AC42E4D370BD5C0F0020640F002017
:104D700010B50446FFF7B8FC01462046FFF7CCFF0C
:104D8000FF232371BFF35F8F10BD00BF10B5044632
:104D90000120FFF7B5FC034B03442360BFF35F8F93
:104DA00010BD00BFA4120020024B0B440360BFF3F0
:104DB0005F8F7047A412002010490B68EFF310803A
:104DC00072B6D3E8CFCF0122BCF1000FF9D1C3E80E
:104DD0004C2FBCF1000FF4D1BFF35F8F084A4FF0A6
:104DE000000C137809680133DBB21370C1E88FCF70
:104DF00080F3108840BF002000217047F02300207E
:104E000020240020000000002DE9F04F2DED028B42
:104E100085B0EFF30583DBB2103B9A0818BF01227F
:104E20004FF0010103F0030018BFAF4DAF4B08BFB7
:104E3000AF4D00EB820253F8226001FA00FB05F54A
:104E400041539FEDA78B0190C3F804B02EE0B388C7
:104E5000180440F19280B379002B40F0DC80B6F961
:104E600008100029C0F21D81736901EB410103EBB9
:104E7000C103D3E90247B7F1FF3F08BFB4F1FF3FD9
:104E80000DD0019B05EB8301AB6A0A69D21AE31AC4
:104E9000934203D32B6A13EA0B0F00D10C6128460F
:104EA00000F0BEFBA042B941C0F2FB80B6F9083069
:104EB000C5F83CB0002B0093C9DBD6F8149003EB87
:104EC000430A284609EBCA07D7E9024800F0A8FBC5
:104ED000A04271EB0801BADBB8F1000FC0F2C38049
:104EE000D7E90431834A934200F0ED807A88B6F91D
:104EF000080092B242EA0040984702460B4652EA46
:104F0000030100F0B080002B80F2D180B4EB020EE0
:104F100068EB030839F93A30C7E902E8002B96DB61
:104F2000716903EB430201EBC202D2E90270BE4594
:104F300078EB000C4FEA430289DBB4462CF8083FBB
:104F40000BE031F93230A446002B0DDB03EB4300BC
:104F500001EBC0005A00D0E90270BE451A4478EB5C
:104F6000000001EBC204ECDA29F83A30009BACF8FF
:104F70000030B38818043FF56EAF3369EFF3108249
:104F800072B6D3E8CF0F01210028FAD1C3E8401F41
:104F90000028F6D1BFF35F8F4FF6FF74B08800236F
:104FA000316900B2B480C1E88F3F82F31088984223
:104FB000FFF651AF0746A946746906F1080807EBEA
:104FC000470E04EBCE03D3E90250B6F90830C446CD
:104FD000002B13DBB246009704E034F936309446D8
:104FE000002B09DB03EB430604EBC602D2E9027196
:104FF000BD4270EB0101F0DA5646009FACF800703C
:1050000034F93E7024F83E30002FD8DAB3794D469B
:10501000002B3FF424AF0023B371B6F9083006F13A
:105020000808591C3DD01946776903E080465A1C90
:105030003FF417AF03EB430207EBC200B0F802C026
:105040001C461CF4004F9E4637F93230EED08C429D
:1050500080ED028B05D0A8F80030318927F8321096
:1050600034817146E3E739F83A3033813369EFF33D
:10507000108272B6D3E8CF0F01210028FAD1C3E81D
:10508000401F0028F6D1BFF35F8F7388316929F87C
:105090003A30009B73800023C1E88F3F82F3108871
:1050A000D5E640BF05B0BDEC028BBDE8F08F2846C9
:1050B000CDE9022300F0B4FA029A039B10EB020E32
:1050C00043EB010826E708460B6902919847002840
:1050D000C9D00299D1E9002311E700BFAFF30080E6
:1050E000FFFFFFFFFFFFFFFF00800B40781B00204A
:1050F00000000B40094E00102DE9F84F364C256991
:105100002DB1BDE8F84F0A213448FFF705BEDFF89E
:10511000E4800321404600F071FA0326C4F80C80B5
:10512000FFF7E2FA4FF0504C2D4B267003442361F9
:10513000DCF800300F216370636961801D834FF0DC
:105140000405A3F878504FF00505A3F890504FF0F0
:105150000605A3F8A8504FF007050E214FF6FF7281
:1051600008274FF00A0EA3F8C0504FF001094FF086
:105170000C0C4FF0020B4FF0090A0D204FF00B05FD
:10518000A3F868111749A280A3F808E1A160A3F869
:1051900048B0A3F8F0A0A3F82051A3F838C1A3F8B1
:1051A0005001A3F83090A3F86060A3F8D8701A807B
:1051B0000D4B3046C8F820700C49DC60FFF726FB29
:1051C00049463046FFF7E0FA094B0A211F640348BD
:1051D000BDE8F84FFFF7A0BDE80E0020F023002047
:1051E000A4120020FFFF1000781B0020094E0010C1
:1051F00000200B4000000B4000487047E80E0020E4
:10520000F8B59DF82070044616461D4637B900F0E3
:105210000FFA864265EB010100295CDB2369EFF39D
:10522000108772B6D3E8CF1F01220029FAD1C3E854
:10523000412F0029F6D1BFF35F8FB4F902C0636933
:105240000CEB4C01BCF1000F4FEAC10203EBC101B2
:1052500038DB985A4FF0000E60802069C0E88FEF6D
:1052600087F310880698C1E90265086107984861CC
:1052700048880130C0F30E00012838BF0120488063
:1052800040EA0C402169EFF3108572B6D1E8CF7F78
:105290000126002FFAD1C1E8476F002FF6D1BFF3E6
:1052A0005F8FA1889952A4F804C02369C3E88FEFE7
:1052B00085F310880122E368217803F501538A40C1
:1052C0005A60F8BD00232269C2E88F3F87F3108837
:1052D0004FF0FF30F8BD3846F8BD00BF0146F0B5CD
:1052E0000069EFF3108772B6D0E8CF5F0124002D7C
:1052F000FAD1C0E8454F002DF6D1BFF35F8FB1F969
:1053000002E04C690EEB4E0CBEF1000F4FEACC05EB
:1053100004EBCC0C3DDB605B002648800869C0E8EC
:105320008F6F87F31088BCF80200CCE902230130AC
:10533000C0F30E00012838BF0120059BACF8020025
:10534000CCF81030069B40EA0E40CCF814300B69C4
:10535000EFF3108272B6D3E8CFCF0127BCF1000F74
:10536000F9D1C3E84C7FBCF1000FF4D1BFF35F8FDC
:105370008B886353A1F804E00B69C3E88F6F82F355
:1053800010880122CB68097803F501538A405A60DE
:10539000F0BD00230A69C2E88F3F87F310884FF001
:1053A000FF30F0BD03464089B0EB214F37DD58692F
:1053B0000A1402EB420210B500EBC2001C69EFF3C5
:1053C000108C72B6D4E8CFEF0122BEF1000FF9D1F4
:1053D000C4E84E2FBEF1000FF4D1BFF35F8F4288B7
:1053E00089B292B28A4207D000221B69C3E88F2F8C
:1053F0008CF31088002010BD42F40042428001214D
:10540000002218699971C0E88F2F8CF310881C78DE
:10541000DA68084602F50153A140596010BD00202A
:10542000704700BF407870472DE9F043871F41F176
:10543000FF35B84271EB050338BF002783B038BF92
:105440003D4604460E4600F0F3F8381A65EB0103BA
:10545000012873F1000306DA2046314603B0BDE8A7
:10546000F04300F021B900F0E3F8874265EB010159
:1054700000290ADB00211C4B3A4600931B482B46AF
:105480000191FFF72BFF0028E6DB4FF0000EDFF85D
:1054900068C01749174ADCF824309D4205D8DCF86B
:1054A0002800B842D8D29D42D6D10B68EFF31088BD
:1054B00072B6D3E8CF9F0120B9F1000FF9D1C3E84C
:1054C000490FB9F1000FF4D1BFF35F8F10780B686B
:1054D000C0B2C3E88FEF88F310881378834200D1FD
:1054E00020BF20BFD7E700BFB94D0010E80E002055
:1054F000F02300202024002000000B4010B50446BB
:1055000000F096F84FF47A734FF0FF3C6FF00042D2
:10551000E4FB0301BDE81040844572EB01033CBF8E
:1055200060461146FFF780BF2DE9F04705460C465F
:1055300082B0EFF30587FFB2002F38D12B4ED6E9AA
:1055400000238B4208BF824239D0DFF8AC80D8F804
:105550000CA098F80090504600F062F809F1040998
:105560005AF829301B1A281A64EB0101984271F18C
:10557000000124DA00F05CF8854264EB01010029A7
:1055800015DB1B4B404600932A4623460197FFF745
:10559000A5FE011E0BDD174BC6E900545A6AA24254
:1055A00021D39B6AAB421CD31348FFF7FBFE114B80
:1055B000586AA04208D2002002B0BDE8F08720BFA0
:1055C0000C4B586AA042F6D39B6AAB4203D301202E
:1055D00002B0BDE8F087001B18BF012002B0BDE893
:1055E000F087A242E0D120BFDEE700BFE00E00203E
:1055F000B94D001000000B40E80E002010B4054B20
:10560000054C064AA04214BF1846581C5DF8044BCE
:10561000FEF7F0BF2414002000800B4018B90010E2
:105620000346416A0A46986A596A8A42FAD1704723
:10563000034B596A0A46986A596A9142FAD17047EF
:1056400000000B4010B4174A536A9C46946A536A90
:105650006345FAD1001959414FF0000228BF0122D9
:105660000346CAB10F4B596A4B1C08BF0B4608D002
:105670004FF0FF310B460B48426A8A42FCD38A4204
:1056800007D1084A02E0506A884202D1906A9842E3
:10569000F9D35DF8044B7047024A526A9142EAD846
:1056A000EDE700BF00000B40074A536A9942FCD85F
:1056B000994207D1044B02E05A6A914202D19A6A98
:1056C0008242F9D3704700BF00000B40F8B5054691
:1056D00006200E4600F0E4F8002842D0354A36484D
:1056E000954214BF4FF080624FF00062334B344953
:1056F00002601A608C6832EA0404FBD12D4B4FF42F
:105700008071EB1AB3FA83F32E4A5B09062022F864
:10571000131000F0C5F8C300B3FBF6F30133DA0948
:1057200020D1402601216962AA622F6BFB0722D497
:105730002B46002253F82C1F062003F580542260CC
:105740002F6300F0ADF840F2013103228000B0FB7E
:10575000F6F0EB6A83F0700303F07E0323602963A5
:10576000AA64F8BD4FF6FE718A421BD922464FF655
:10577000FF71154ED7E740F2013205F540531A6329
:105780006B6AAC6A062004EB831400F089F80F4BB7
:10579000A402A3FB0023DB0A0021B4FBF3F0FFF714
:1057A00051FFC5E7C3F34503114603EB82161A46C2
:1057B000B9E700BF008007400020024000300240EF
:1057C00000000240FC230020C0FF3F00757B2B8FB0
:1057D00000EB400C4FEA8C0C0CF1804C0CF5803C3B
:1057E000F0B51646DCF80420051FB2F5803F38BF3F
:1057F0004FF48032EDB238BFCCF80420012D2AD905
:105800004FF40067254C0CF54052176054F82020E7
:10581000B2B9DCF80020012D82EA461202F0E00263
:105820000CF5805632602AD94FF4006144F82030DC
:105830004FF480330CF500521160CCF80430F0BD09
:105840006769B7FBF2FE0EF1010E0EEB4E0EBEF1D4
:10585000030EFCD2DDE70129D2D103240CF540521E
:105860001460DCF80820D207FBD5DCF800200B4CD4
:1058700082EA461202F0E0020CF580563260012204
:10588000DCF800504D4005F00305356002FA01F1E7
:10589000DCF808200A42FBD0C6E700BF281400202D
:1058A000014B53F8200070472814002070B4039D6A
:1058B00004682D0345EA03451B4B002CB3FBF1F3B1
:1058C000B2FBF3F61FDB194A194B904214BF4FF499
:1058D00080424FF40042174C1A6003F580531A605F
:1058E000A36832EA0303FBD1212200F540530433BD
:1058F000016086601A600268002AFCDA0822C5602E
:105900001A6070BC7047036803F03F038B42DAD122
:105910008368C3F30B03B342D5D1C36803F4EE230A
:10592000AB42D0D1EDE700BF001BB70000800540BF
:10593000002002400000024030B44FF080441C4B75
:105940001C60E0B11B4CA3F54053DC611A4C40F0E5
:10595000010044401C62596298624FF080454FF04C
:10596000E061134B1548164C1D60846019604AB9FC
:1059700030BC4FF00042A3F580531A607047114BC2
:10598000D861EAE74FF47A7303FB02F2B2F1807F49
:105990002ABF6FF07F4313461A464FF080410A4CEE
:1059A00008482360094B426030BC1960704700BF53
:1059B00000B00D40D3C007B02D3FF84F00A001400C
:1059C000F3FFFF0100800D406C1B002000A00D4084
:1059D000012300EB4000800000F1804000F58410BE
:1059E00041600360704700BF002370B5DB8A044646
:1059F0000D461646002242E800F2520254BF102122
:105A0000042144F252209847864633462A462046CF
:105A1000F446BDE870400A21604700BF0023DB8ADE
:105A2000002242E800F2520201D41021184704215A
:105A3000184700BF08B51346021E02DB5BB141F0F8
:105A400030018B0603D50023DB7C022B06D04FF4FC
:105A50008170FFF7C9FF41F02001F2E74FF4917028
:105A6000FFF7C2FF034AD2F82838002BFBD0BFF360
:105A70005F8F704700000E400021044B044ABFF3C3
:105A80005F8F43F8041B9342F9D170470C080E4016
:105A90002C080E4010B44FF48D704FF42A64064A5F
:105AA000064B07491460D06019605368002BFCDA7C
:105AB0005DF8044B704700BF0080044000A0044024
:105AC00000B0FA00704700BF08B50148FEF77AFD44
:105AD0003CB9001038B5054C054DAC4204D254F821
:105AE000043B9847AC42FAD338BD00BF58B300100E
:105AF00098B3001010B40748074C084B084A0949EE
:105B000004601A608B6832EA0303FBD15DF8044B32
:105B1000704700BF002002407F3BEFEF00300240A3
:105B2000F6FFF30300000240044BDB6CB3F5004FBB
:105B300003D14FF48022024BDA6470470000115009
:105B4000002011504FF0E022044BD2F8881D0B4387
:105B5000C2F8883D10EE3004704700BF03033000E8
:105B60006FF06041044B054A19609368DB4333F0E2
:105B70006043FAD1704700BF00300240000002408D
:105B800010B545F25320FFF749FFBDE8104003462A
:105B90000420184710B545F25320FFF73FFFBDE83A
:105BA0001040034601201847FEF7C2BD38B513491F
:105BB000134C144D641AA408442C224628BF4422D6
:105BC0002846920005F0A4FB432C14D80E4AC4F1D9
:105BD00044000ED005EB8403410803EBC101C3E987
:105BE000002208339942FAD1C30704D520F00100FE
:105BF000044445F82420054B9D6038BD000000108A
:105C000010010010000000201101001000ED00E064
:105C1000002370B52B4C82B0C4F88430FFF73AFFF4
:105C20000122294BDA63636C012BFCD10321264A44
:105C3000244B11639C6B012CFCD1022605252146C7
:105C40000523224A22480096FFF730FE21462B46C4
:105C5000204A21480095FFF729FE00220420314602
:105C60001E4BFFF7B5FD2146284600221C4BFFF7CF
:105C7000AFFD0022082011461A4BFFF7A9FD0022B4
:105C800009201146174BFFF7A3FD002206201146FD
:105C9000134BFFF79DFD0022114B07201146FFF724
:105CA00097FD0420FFF7FCFD00240F4BA3FB0035FC
:105CB000AD0CE0B229460134FFF78AFE062CF8D17C
:105CC00002B070BD0000014000300140002F685953
:105CD00000000540008C864700800540001BB7008F
:105CE00080D1F008006CDC0283DE1B4386B003B475
:105CF00051FC0804CDE9020151FC0904CDE904017D
:105D000051EC0A04CDE9060103BCF047BDE80050A0
:105D10004EEC00C4BDE800504EEC01C4BDE800509C
:105D20004EEC02C400BD000000B5FFF7DFFF02E04B
:105D300010FE30F4F8D441EC100443EC112400EED2
:105D4000010410EE010480EE200451EC10047047B1
:105D500000B5FFF7CBFF02E010FE30F4F8D441ECC1
:105D6000100443EC112400EE010410EE210480EE37
:105D7000200451EC3004704700B5FFF7B7FF02E094
:105D800010FE30F4F8D410B541EC100443EC1124AB
:105D900051EC040453EC0524A0FB024C5FF0000E10
:105DA000E0FB03CEE1FB02CE4CEC20440024E1FBFF
:105DB00003E444EC30E480EE200451EC500410BDC8
:105DC00000B5FFF793FF02E010FE30F4F8D441EC89
:105DD000100443EC112451EC2104A0FB01126FEAE2
:105DE000820252FB100052FB12F252FB1000A0EB99
:105DF000D07C53EC04245CFB13F153EC1524A1FB81
:105E0000022001FB030053EC4424A2EB000050FBF2
:105E10001CF24FEA111312EB017043EBE27140EAFE
:105E2000515020EA915020F0070053EC7524A0FB5C
:105E3000023C53EC752400FB03CC01FB02CC53EC79
:105E40000424ACEB824C40EA5C70A0F1010041EC10
:105E5000400480EE200451EC7004704700B5FFF759
:105E600045FF02E010FE30F4F8D441EC100480EE5F
:105E7000220410EEB204704700B5FFF737FF02E0CE
:105E800010FE30F4F8D440EC700400EE010410EE83
:105E9000210480EE200451EC3004704700B5FFF778
:105EA00025FF02E010FE30F4F8D440EC600400EE70
:105EB000010410EE210480EE200451EC3004704700
:105EC00000B5FFF713FF02E010FE30F4F8D441EC08
:105ED000800400EE010410EE010480EE400410EE98
:105EE0001304704700B5FFF701FF02E010FE30F425
:105EF000F8D441EC800400EE010410EE010480EEC1
:105F0000400410EE3304704700B5FFF7EFFE02E0E7
:105F100010FE30F4F8D441EC100443EC112400EEF0
:105F2000010410EE3004C0F30070704700B5FFF7B5
:105F3000DDFE02E010FE30F4F8D443EC102441EC16
:105F4000110400EE010410EE30F48CBF012000209B
:105F5000704700BF00B5FFF7C9FE02E010FE30F445
:105F6000F8D441EC100443EC112400EE010410EECF
:105F700030F42CBF01200020704700BF00B5FFF7B0
:105F8000B5FE02E010FE30F4F8D441EC100443EC0E
:105F9000112400EE010410EE30F48CBF012000202B
:105FA000704700BF0000000000000000000000007B
:105FB000DB60BE284A059193F4D5097F70374D7D8B
:105FC00066A5D83610E4104FEA58947F58F1AEF722
:105FD0008E1BC96DB8749390BA4B9201876474821A
:105FE000C77A873FCF694A2C7D8D20BA21D1AE4B2D
:105FF000091C673A90DF17AD8E75644E7DCED46074
:10600000E21721270E4A7EEFFF25FEC7036681F7C0
:1060100062C4CBFB479B82D6B39F4DDB6DC2F2C9F6
:10602000D98FD1D38BFA97A7B1EE495D5E7CF9FA8F
:106030007DCE41CFBAA494E2ECD7FE9A4257E34713
:1060400011CC8015174B02F01F054FF00107AF4030
:106050005FEA6218A7FB00450026E7FB015603EB49
:106060008803D3F81090A9FB06A7D3F80C90A9FBDE
:1060700005A8E9FB6678D3F8089009FB0688E9FBD8
:106080000578A9FB04A6D3F8049009FB0588E9FB71
:106090000478D3F8009009FB0488BF1948F1000880
:1060A00070470000A85F001050EA013208BF41F0BD
:1060B000004141F400210B00020070470BB90020A1
:1060C0000021002240F20003C3F6F0731CF0020F1F
:1060D0001CBF1046194670470022002300245FF0C1
:1060E000004504E14DF804CD5FF0000C0CF1040C08
:1060F00002F10402FFF7A6FF98EAE879B9F1807F80
:1061000002D2BCF1400FF1D197EAE87741F2A6162E
:10611000C0F64636A9FB06A04DF21156C4F67E061F
:10612000A7FB06A1E9FB66010626E7FB060109FBC2
:106130000611DCF1200A57D421FA0CF320FA0CF2F4
:1061400001FA0AF942EA0902A2FB0394A2FB0395B1
:10615000E3FB6345A4FB0596A4FB0597E5FB656798
:10616000F60856EA47764FF0AA39A6FB0967D4EB42
:10617000070675EB45075FEA2739360B56EB0756DE
:1061800059F17F6717F14057C0B4A0FB0592A1FBFE
:106190000493E1FB6523A2FB0596A3FB0497E3FBB5
:1061A00065674FF0AA39A2FB09A40025E3FB094566
:1061B000641955F100054FF08839A6FB0923B4EBAB
:1061C000131465F10005B0EB940061EBA501B0EB91
:1061D000857061F10001CCF58064A4F10E0400F03B
:1061E00082F9BDE8C0100CE0CCF58064A4F10E0487
:1061F00000F079F95DF804CB002640F20007C3F601
:10620000F0775FEAD87868F3000C5FEA6C090FD486
:106210005FEA690906D31CF0040C57EA4C713000A0
:10622000BDE8F0879CEA9C0C51EACC71BDE8F08790
:106230001CF0040497EA4477C0B4A6E03CB500F033
:1062400004F830BC03C40CC530BD11F0004C5FEA4B
:106250005C0C5CF0004C06E05FEA517C1CF0040C26
:1062600001E05FF0020CC1F30A53A3F2FF32B2F572
:10627000806F3FF419AF12F1200FFFF61FAF01231B
:1062800063F31F512DE9F04702F10C02FFF7DAFE2C
:106290005FEA987444F10004A8EB84780CEB440C9A
:1062A0004CEAD87C97EAE87798EAE878B8F5800F66
:1062B000FFF418AF41F2A619C0F64639A8FB09A0B1
:1062C0004DF21159C4F67E09A7FB09A1E8FB69014B
:1062D0005FF00609E7FB090108FB0911B1F1007F36
:1062E000FFF4FAAECA0E7C4B03EB02133CCB801AD0
:1062F000994110D45FEA6C0636D476101CD200F0B7
:106300006CF800F0AFF800F0ECF89CEA9C0C51EA55
:10631000CC71BDE8F0875FEA6C0649D4761017D2DD
:1063200000F058F800F0ACF800F0D8F89CEA9C0CAB
:1063300051EACC71BDE8F08700F04FF800F0AFF8FB
:1063400000F0CCF81CF0040C51EA4C71BDE8F08769
:1063500000F040F800F0B2F800F0C3F81CF0040CB4
:1063600051EA4C71BDE8F08700F037F8FCB400F05A
:1063700096F800F0B3F81CF0040491EA4471FCBCF8
:1063800003B400F06FF800F0ACF89CEA5C0494EA07
:106390009C0491EAC4711CF0020F1DBF02460B461B
:1063A00003BC0CBC1CF0804491EA4401BDE8F087BA
:1063B00000F010F8FCB400F081F800F092F81CF046
:1063C000040491EA4471FCBC03B400F059F800F0F5
:1063D00085F8DAE7404261EB4101A1FB0167A0FBD0
:1063E00001237F084FEA3606F21847F10003A3FBAA
:1063F0000076E2FB01760027E3FB01674FF055389A
:10640000A6FB08964FF00009E7FB086916EB0906A2
:1064100059F10007861B71EB07074FEA033040EA8A
:106420001250A0FB0009E9FB0809A9FB01084FF085
:106430003330A8FB000858FB11FA4AF6AA20C2F62E
:10644000AA2060FB1A99B2EB491273EBD9635AFB8D
:1064500011FA4FF0C3606AFB108816EB481657EB31
:10646000D8677047A2FB04804FF00001E3FB0401F2
:10647000A6FB0583E7FB0534181A64EB010170479E
:10648000A2FB04804FF00001E3FB0401A6FB05839F
:106490006442E7FB0534181844EB01017047A2FB86
:1064A00005804FF00001E3FB0501A6FB04836D426C
:1064B000E7FB0435181845EB01017047A2FB058086
:1064C0004FF00001E3FB0501A6FB0483E7FB043565
:1064D000181A65EB0101704734650010404261EB0A
:1064E000410140F2F334B1FA81F20C2A0CD2153298
:1064F00011FA02F3C2F12002D04021FA02F1224443
:10650000584141EB0251704769B1C2F12B0230FA98
:1065100002F3C2F12002914090401943A4EB020221
:1065200001EB0251704701004FF00000A4F120047C
:10653000D9D170470B5C7325A974F50329B5FA010D
:106540000015FC7FEB2FAA0054D9440CC8D22106B9
:106550001F60DA7F3663E842CFD3D9133C5EEA0985
:10656000F0889D7F2FC46D04D9860A1C1F17FE0D6D
:10657000D09E3B7FA79B50EC3EF5EB23BCE7E6119A
:10658000C7EFBD7ED21C9C03B212F12B46F5DC1581
:1065900049771E7ECA057A3DF493F23314C0CB19B5
:1065A0009CAC5F7DA0A0EF7A1D32193C1D22C61D58
:1065B0002F2F7D7CB50FFB1270EF5044530CC1217F
:1065C0003522787B5C8D6B4745A0F14B18DC6A2542
:1065D00016AD687AC14069576DD9EA533916362924
:1065E0003C2D2F79DFEA4ED38942B35BD639E02CBC
:1065F0002526E0776950EA31D9071164C0D3C43049
:1066000070625876CB5667F3B3A2FD6B1C7E68347C
:10661000227AC7740EED7A2F3175E073CCE7FA3722
:1066200027111C73C08EC4FC0E79147C0EA7A33BEB
:106630008ECD417113B7043B8F7B5483D489D23EF6
:10664000EBD8856F9A365B13D96F0B8CD4EA9442E2
:10665000A3EF516D5F52CA4A26D33994706E0A4631
:106660004005236B8340C441340B0E9C3DB0484928
:1066700007EFF168BF086DA3FD6179A485F2B14C05
:106680009D847A663616F8C8D247E5AB1E22A24F23
:106690002F623664ADC9C8D0E1ADFEB32470C352D9
:1066A00086AFA461730E73646A35FEBB28F0C555CE
:1066B000A3A3025FC6A58CB055B912C40892BA58FC
:1066C000A394415C90005354372DB0CB19F46E5B0A
:1066D000D88E9359367C8DA16E3CAAD325022E5EAE
:1066E000FC32AF56D0C7A248F619FFDB3253F36035
:1066F0007EED9253949AAD7AE1AD22E4CADF8E63C7
:10670000C72B7350FF15EF19BD85FBEBBB18FA655E
:10671000C7615C4DBD960F7E494B4CF4F7816F68A5
:10672000E617024AEB09EF1DFDBD4DFCC4D2B26A6B
:1067300013E4B4469A4238BF88547047704700BF8C
:106740002DE9F04F83B09946DDE90DAB0F9B8846EC
:1067500011469A07074616D1DA453AD20C460D463D
:10676000ABEB0A060E4422464B464146202001343C
:10677000B847B442F7D12946BAF1000F08D12046F4
:1067800003B0BDE8F08F0C46BAF1000F10D00E46F2
:1067900055460C9B2E449A440191721B4B46013D79
:1067A00041461AF8010D3446B847002DF5D101993C
:1067B0000F9B9B07E3D5651AAB45E0D922464B46B4
:1067C000414620200135B8475D4504F10104F5D369
:1067D000D5E7BAF1000FDAD10C46D0E72DE9F04F3A
:1067E0000F9FDDF824E017F0020F0A9C9DF82C9013
:1067F0000E9DDDE90C8629D1002D6FD1B44225D242
:10680000202C07F0010B00F0128104F1FF3C4FF047
:10681000300AF44401E0202C7AD00134A6420CF86E
:1068200001AFF8D8BBF1000F10D0AC420ED2202C33
:1068300074D004F1FF3C4FF0300AF44401E0202C06
:1068400029D00134AC420CF801AFF8D117F0100F89
:106850003AD017F4806F28D11CBBB8F1100F00F0AC
:10686000CA80B8F1020F00F0D48030248EF80040C6
:106870000124B9F1000F67D17E0740F1AA802B26D1
:106880000EF804600134CDE90B57CDE909E4BDE809
:10689000F04FFFF755BFFC0640F189807C0535D4E9
:1068A0002024A6426AD0AC4268D0B8F1100F00F0A4
:1068B0008780B8F1020F5AD0202CE4D0264601344C
:1068C0004FF0300C0EF806C0202CD2D1CDE90B577A
:1068D000CDE909E4BDE8F04FFFF732BF17F0010B37
:1068E0003ED0B9F1000F47D117F00C0F44D1B4429C
:1068F0009BD2202C89D1202D10D8FC0657D57C05A1
:1069000055D4202E00F0B980202D10D02024CCE7C3
:10691000BBF1000F00F0A580202DBCD9FC0646D5A8
:106920007C0544D4202E00F0A880202D3FD12C4699
:106930001F26B8F1100F7FD0B8F1020FC0D14FF071
:10694000620C0EF806C0B7E72D260EF8046001347D
:10695000CDE90B57CDE909E4BDE8F04FFFF7F0BEF4
:10696000B442BFF473AF202C7FF44FAFD6E7202C96
:1069700089D026460134E2E7013DB8E7661ED8D14A
:10698000B8F1100F64D0B8F1020F7FF46EAF622639
:106990008EF80060302644468EF80160B9F1000F91
:1069A0003FF46AAFD0E7B8F1100F7FF46CAF20244A
:1069B000CDE90B57CDE909E4BDE8F04FFFF7C0BEC4
:1069C000BE060ED4202CF2D078260EF804600134D6
:1069D00072E73E077FF557AF20260EF804600134BA
:1069E00051E7202CE3D04FF0580C0EEB040686F84C
:1069F00000C0013460E7BE0617D558248EF8004069
:106A000030248EF801400224B9F1000F3FF434AF76
:106A10009AE762248EF8004030248EF80140022468
:106A2000B9F1000F3FF428AF8EE77824F2E7BBF10D
:106A3000000F7FF462AF71E717F0200F0CBF4FF02B
:106A4000780C4FF0580CA61E0EF806C0013C35E736
:106A5000BC06EAD558248EF8004030248EF8014058
:106A6000DDE717F0100F3FF40EAF17F4806F9AD1E7
:106A7000202E7FF418AF1F265BE734461F2658E709
:106A800000B9704701F09CBA10B1D1E90031184744
:106A9000704700BF000000002DE9F04F9FB09DED52
:106AA000287BDDE92AA558EC177B83461E460D910D
:106AB000109243463A46384641468DED087B2C9C61
:106AC000FFF726FA002840F0D880384641464FF0BC
:106AD000FF32754BFFF756FA002840F0CE8038465B
:106AE00041464FF0FF326FF48013FFF723FA00287E
:106AF00040F0C380DDE90878002238464146002393
:106B0000FFF718FA002840F0C081CDE90A78DDE9E6
:106B10000A2390461F4614F4806308BF4FF0060A0C
:106B2000139304F4006258EA0703119240F0C08006
:106B3000002A00F0A2819FED5A7B00278DED0E7B8D
:106B40004FF00009BA45CCBFAAEB070A4FF0000A84
:106B50004F46C8BF0AF1FF3A44F480644D4594BFE4
:106B60004FF00008A5EB090814F00203119304D0BC
:106B7000B9F1000F18BF4FF000083FB1DDE90A017D
:106B8000DDE90E23FFF720F9CDE90A01DDE908016F
:106B900000220023FFF7CEF930B1DDE90A010246F9
:106BA00001F10043CDE90A239DED0A7BCDE902A85E
:106BB000DDF834A024F4006304938DED007B3346AC
:106BC00051465846109A00F097F98046B9F1000FE7
:106BD0004FD014F0200F024600F1010433460CBFE1
:106BE000652045205146D84709F1FF3087EAE77C08
:106BF0000DF1580900224B46DFF8B080ACEBE77C82
:106C00004FEAD77E01E0202A10D0E246A8FB0C71A3
:106C1000C90801EB8107ACEB47073037BAF1090F20
:106C20008C4602F1010203F8017BECD805230590A4
:106C3000069300200A230D9FCDE90330CDE9012EF4
:106C40003346224639465846CDF80090FFF7C6FD38
:106C5000119B80466BB1109BC41AA54209D94246CC
:106C60003346394620200134D847A54208F10108AF
:106C7000F5D840461FB0BDE8F08F9DED087B334648
:106C80005846109A0D998DED287BCDE92B54CDF8FF
:106C9000A8A01FB0BDE8F04F00F02EB9AFF3008000
:106CA0000000000000000000FFFFEF7FCDCCCCCC47
:106CB000C7F30A50A0F2FF30FFF7E2F88AA3D3E946
:106CC0000023FFF75DF88AA3D3E90023FFF730F82C
:106CD000C7F31307CDE90E0147F07F51404600226C
:106CE0007B4B41F44011FFF737F86BA3D3E9002346
:106CF000FFF746F802460B46DDE90E01FFF718F8EC
:106D0000FFF7E2F80746FFF7BBF865A3D3E90023D6
:106D100080468946FFF734F800226E4BFFF708F8EB
:106D2000FFF7D2F803464946404612935EA3D3E9E3
:106D30000023FFF725F8804612988946FFF7A0F850
:106D40005BA3D3E90023FFF71BF802460B4640463E
:106D50004946FFF701F802460B4680468946FFF791
:106D60000FF842464B46CDE90E0140464946FEF734
:106D7000DFFF0022CDE91401DDE90E01564BFFF7DC
:106D800023F80022554BFEF7D3FF02460B46DDE900
:106D90000E01FFF719F80022514BFEF7C9FF02461A
:106DA0000B46DDE90E01FFF70FF842464B468046E1
:106DB000894600204FF08041FEF7CEFF02460B4689
:106DC00040464946FEF7B4FF02460B46DDE9140192
:106DD000FEF7FAFF0022434BFEF7AAFF129B0022A8
:106DE00003F2FF3C4FEA0C53FEF7CAFF8046894688
:106DF000DDE90A0142464B46CDE90E89FFF79AF8D4
:106E000068BB4346494607F16302C62A119A8CBF04
:106E10004FF005094FF00409002A3FF49FAE0B43E1
:106E20003FF48EAEDDE90A0123A3D3E90023FFF787
:106E300095F848B1DDE90A0121A3D3E90023FFF762
:106E400079F800287FF47CAEBAF1000F3FF486AEEB
:106E5000139B002B3FF482AE0AF1FF3A7EE600223C
:106E60001E4B40464946FEF7AFFF0A460146034621
:106E7000CDE90E12013F1146C5E79FED137B174682
:106E80004FF004098DED0E7B68E608F100430A9788
:106E90000B933CE6AFF3008061436F63A787D23F5B
:106EA00071A379094F930A401655B5BBB16B0240E7
:106EB000EF39FAFE422EE63F2D431CEBE2361A3F35
:106EC0000000000080842E4100000000000000004F
:106ED0000000F83F0000E03F00002C40000024408C
:106EE000000018400000F03FFB799F501344D33F4F
:106EF000B3C8608B288AC63F2DE9F04F97B0DDE913
:106F00002089CDE90401DDE9224BCDE90623404685
:106F100042464B464946DDF890A0FEF7F9FF0028AF
:106F200040F0C581404649464FF0FF326FF4801370
:106F3000FFF700F8002840F01D81404649464FF019
:106F4000FF32C14BFFF71EF8002840F0E380B8A3E2
:106F5000D3E9002340464946FFF714F8002840F0E3
:106F6000CB80B5A3D3E9002340464946FEF7E2FFB4
:106F7000002840F0C1804046494600220023FEF729
:106F8000D9FF002840F0E0801AF480650D9000F0F1
:106F9000E980092C40F296810EAB1A460C93302101
:106FA0000023A4F109050133202B02F8011BA4EBF7
:106FB000030600F03A81AB42F5D19FED9D7B8DED4C
:106FC000087B49464046FEF77FFF0446FEF758FF20
:106FD00002460B4640464946FEF7BEFEDDE9082361
:106FE000FEF7CEFE02460B46CDE90A23FEF77EFFF2
:106FF0000746FEF757FF02460B46DDE90A01FEF79A
:10700000ABFE02460B46CDE90A2300228F4BFEF76A
:10701000B9FF002800F0DB8001373846FEF742FF59
:10702000DDE90823FEF79AFF08B100270134002E9E
:1070300040F0B1802046FEF723FF02460B46404653
:107040004946FEF789FE0022804B06460F46FEF7B2
:1070500071FF40B93046394600227C4BFEF792FF63
:10706000002800F015810C9B691E7948194410E036
:1070700080FB0462C3EBA20303EB8302A4EB420494
:1070800004F1300201351C4601F8012F002B00F0FD
:10709000AB80202D4FEAE473EAD10AF00303012B01
:1070A0001CD1BBF1000F19D00D9B002B40F0F980D3
:1070B0001AF00C0F40F0F580AB4540F2D380202D44
:1070C0000BD030220C996B1E0B4401355D4503F843
:1070D000012F00F08D80202DF7D12025DDE906233A
:1070E000DDE904010C9CCDE902BA01950094FFF79B
:1070F00027FB17B0BDE8F08FCDE92089DDE9062335
:10710000DDE90401CDE923BA229417B0BDE8F04FC0
:10711000FFF7C2BC4F4DCDF88CA00AF0040ABAF1BB
:10712000000F4D4C18BF2C46DDE90623DDE90401B4
:1071300020940CBF03240424CDF888B0219417B008
:10714000BDE8F04FFFF7FCBA4B4642460020002155
:10715000FEF702FE01231AF48065804689460D93EE
:107160007FF417AF9FED367B0EAB06268DED087BC7
:107170000C9326E70424DDE90623DDE90401374DFD
:10718000CDF88CA0CDF888B02095219417B0BDE83B
:10719000F04FFFF7D5BA0C9B681EDFF8C4C0184447
:1071A0000DE0ACFB0721C90801EB8102A7EB42020D
:1071B0003032092F00F8012F27D90F461D46202D08
:1071C00005F1010306F1FF36EBD120254BE7002244
:1071D000DDE90A011D4BFEF7ADFE00287FF427AF65
:1071E000002F5AD1013722E70AF00303012B75D093
:1071F000202D3FF473AF0D9BBBB32D2205F1580337
:107200006B4403F8202C013568E7202BDDD0AEB3AA
:107210000C9A1E441544302201E0B3422ED00133B3
:10722000202B05F8012FF8D1CFE71D46C5E600BF9A
:107230000000000065CDCD410000000065CDCDC14E
:107240000000000080842E41FFFFEF7F0000E03F40
:107250006766666690B9001098B90010A0B9001072
:10726000CDCCCCCC202D3FF439AF1AF0040F0DD18A
:107270001AF0080F3FF432AF2022BFE72E2103F1AE
:1072800058026A4402F8201C5D1CECE62B22B5E78C
:10729000E3077FF5E8AE0134E5E6FA077FF5C7AE10
:1072A000A0E70BF1FF3BAB453FF609AFA0E7032496
:1072B000DDE90623DDE904010A4DCDF88CA0CDF807
:1072C00088B061E7084B264603EBC40393ED007BCF
:1072D0000EAB8DED087B00250C9372E6BBF1000F21
:1072E00086D0E1E69CB9001028C200102DE9F04FCD
:1072F0009A469BB0249C964D0B94964C0B1E18BF3F
:10730000834625609AF80000934C0A9308BFA34671
:107310000992002800F0BC824FF000090AE04A46BA
:10732000099B0A9909F10109D8479AF80000002839
:1073300000F0CE8025280AF1010AF0D10023524640
:1073400012F8010BA0F1200110290AD8DFE801F0A2
:107350004009093C090909090909093809340909D9
:107360003000A0F13001092940F28C802A2800F079
:10737000F58000210C912E2800F099800027A0F1C3
:10738000680112292DD8DFE811F057012C005101B6
:107390002C0045012C002C002C002C002C002C0073
:1073A0002C0027002C002C002C002C002C00270087
:1073B000924643F00103C2E7924643F00203BEE760
:1073C000924643F00403BAE7924643F01003B6E74F
:1073D000924643F00803B2E79AF8010043F4807341
:1073E00001326728924600F28280242840F2C6804B
:1073F000A0F12502422A00F2C180DFE812F05F010D
:10740000BF00BF00BF00BF00BF00BF00BF00BF0084
:10741000BF00BF00BF00BF00BF00BF00BF00BF0074
:10742000BF00BF00BF00BF00BF00BF00BF00BF0064
:10743000BF00BF00BF00BF00BF00BF00BF002601EC
:1074400045012601BF00BF00BF00BF00BF00BF0055
:10745000BF00BF00BF00BF00BF00BF00BF00BF0034
:10746000BF00BF00D301BF00BF00BF00BF00BF000F
:10747000BF00BF00BF00BF00D3016701D3012601D9
:1074800045012601002100E0013201EB810100EB02
:10749000410110789246A0F13004092CA1F130018D
:1074A000F2D92E280C9102F101027FF467AF9AF80D
:1074B00001001146A0F13006092E43F4806340F22A
:1074C00031812A2800F03E8192460027013256E79A
:1074D0004C46099B994501D303F1FF394A460020E8
:1074E000099B0A99D84720461BB0BDE8F08FA0F150
:1074F0006902D2B20F2A41D8012649F241019640D1
:107500000E4040F001810A2A3FD0072A36D10B9C59
:1075100054F8042B002A00F0288143F021010DF1DA
:10752000480E704603E0202E00F029811A4602F032
:107530000F052B46092D94BF303337330F2A00F83F
:10754000013B06F101064FEA1213ECD817E100BF28
:10755000ED720010681B00203D6700100B9C9AF82C
:10756000010054F8045B9246002DBDBF694243F010
:1075700002030C910C950B940132FCE64A46099BE0
:107580000A9909F10109D847CFE60B9951F8048B04
:1075900098F800201046002F40F0E18072B16FF0A3
:1075A000010C0CF1010C4646C44401E0664503D0D1
:1075B00016F8014F002CF9D1A6EB080613F4806CE5
:1075C00002D0BE4228BF3E4613F0020400F087817D
:1075D000002A00F02B81BCF1000F00F041810B94D8
:1075E0000D964A46DDE909540E464F4408E02B4605
:1075F0002146D84718F8010F09F1010910B14A4690
:107600004F45F4D131460B9C0D9E002C40F00E816D
:107610000B918AE69AF801006C287FF4DFAE9AF8A5
:10762000020043F440730AF10302DAE69AF801001B
:1076300043F400730132D4E69AF80100682800F0A0
:10764000208143F080030132CBE6672800F0E78019
:10765000472800F00081452800F0FF800B9C049330
:107660000C9B0734CDE9027324F007031C46DDE9C7
:107670000931F4E802674A465846CDE900670B94A1
:10768000FFF70AFA814650E646280B9C08BF43F0F4
:10769000200304930C9B0734CDE9027324F0070305
:1076A0001C46DDE90931F4E802674A465846CDE94F
:1076B00000670B94FFF720FC814636E64A462520FA
:1076C000099B0A9909F10109D8472EE60B9A9C07F4
:1076D00002F1040709F1010640F1E6801078099BE8
:1076E0004A460A99D8470C9B012B40F22C81DDE9D0
:1076F0000954994432462B46214620200136D8476A
:107700004E45F7D10B9710E66F2800F08B8040F2C2
:107710006581782800F008814FF00A0823F01003F3
:10772000C44647E0002707EB870700EB4700A0F1BE
:10773000300711F8010FA0F13002092AF3D98A4667
:107740004A1C1CE60B9C9AF8020054F8047B0AF1D0
:10775000020A0AF101020B9427EAE7770FE6002AF2
:107760003FF42CAF07F1FF3C1BE723F0100113F4AB
:10777000806241F021013FF4D2AE0DF1480E0823A2
:107780001020059300234A46CDE902300691584661
:10779000DDE90931CDE900E60497FFF71FF80B9406
:1077A0008146C2E5582879D0622840F051824FF0D6
:1077B0000208C44613F480606DD123F00C0313F467
:1077C000007240F0C2800B9904310D9113F4807166
:1077D00040F02E825E060B9A40F1AA801278002AB1
:1077E00040F0DA8023F01003002800F0D580114625
:1077F0000DF1480E06930C9BCDF80CC0CDE9047337
:10780000019100234A4602935846DDE90931CDF83B
:1078100000E0FEF7E3FF0D9B81460B9385E543F403
:1078200000631BE74FF00808C446C3E70C9B4C46B7
:10783000B3427FF6EDAE0F464B44A3EB0609DDE9FC
:10784000096522463346294620200134D8474C4555
:10785000F7D13946DCE643F4006343F02003FDE64C
:107860000F460B94DDE909544A462B462146D8477A
:1078700018F8010F09F101090028F5D139460B9CD0
:10788000C3E69AF8020043F0C0030AF10302A8E538
:10789000044681461DE623F00D0390E74FF01008E3
:1078A00043F02003C44685E70C9B012B45D9DDE955
:1078B00009544E4609F1FF38984432462B4621467A
:1078C00020200136D8474645F7D10C9B32469944D3
:1078D0000B9B1878DDE90931D8470B9725E50C9B00
:1078E000B34240F2EE81CDE90D48DDE90954884606
:1078F0004B449E1BCDF82CC04A462B4621462020E7
:1079000009F10109D847B145F6D14146DDF8388083
:107910000C9BDDF82CC00D9C98F800205E1C1046D6
:10792000002A7FF458AE73E64FF01008C44641E7D2
:107930001D064CBF1288126851E713464A46187854
:10794000DDE90931D847B146DCE60B9C073424F069
:1079500007042246656852F8084B0B9254EA050268
:1079600040F02C8123F01003002800F0278100262E
:107970000DF1480E06930C9B4A46CDE90473002393
:10798000CDE900E6CDF80CC002935846DDE9093197
:10799000FEF724FF8146C8E413F0200F14BF4120F6
:1079A00061200DF1480E7646A0F10A0803E0202977
:1079B0003FF420AF2246B2FBFCF40CFB1425E8B2E6
:1079C000092D00F130058ABF4044E8B2C0B26245DB
:1079D00006F8010B01F10101E9D20BE723F01002D7
:1079E00069280D9240F06F8113F4806204D04FF447
:1079F000806223F011030D930D9B13F4007640D1A8
:107A00000B9B03F104080D9B13F4807040F09880E9
:107A1000590640F1C6800B9B19780C46CB0F002904
:107A200000F0B98022460DF1480E74461646DFF884
:107A3000A0C201E020280FD03546ACFB0621C908C2
:107A400001EB8102A6EB42023032092D0E4600F115
:107A5000010004F8012BEDD80D9ACDE9010306923F
:107A60000C9ACDE904720A234A4603935846DDE98D
:107A70000931CDF800E0FEF7B1FECDF82C8081464B
:107A800053E40B9C073424F007042146084663683E
:107A900050F8081BDC0F0B9051EA030000F0C38084
:107AA0000A46191E48DB13460DF1480EF44600261F
:107AB000CDE90E94DFF8188201E0202E2DD05A185F
:107AC00042F10002A8FB025929F0030505EB9905D4
:107AD000521B1C469B1A61F1000508464FF0CC3141
:107AE00001FB03F108FB0511A3FB0853194405230F
:107AF00005F00109A9FB03399B180A2C03F1300397
:107B00004FEA550570F100000CF8013B06F1010643
:107B100045EAC1734FEA5101CFD2DDE90E940D9BC6
:107B20004A4606930C9BCDE90164CDE904730A2310
:107B3000CDF800E0039328E7524261EB4101B2E740
:107B40000B9B1968CB0F002900F0AB8081EAE17232
:107B5000A2EBE1720DF1480E7046DFF874C101E04E
:107B6000202E10D01546ACFB0241C90801EB810460
:107B7000A2EB440404F13002092D00F8012B06F1B8
:107B800001060A46ECD80D9ACDE9016306920C9ADB
:107B9000CDE9047267E7002A3FF445AF0DF1480EC6
:107BA0005AE713F0800F0B9B00F08180B3F90010AF
:107BB00081EAE174A4EBE174A4B22FE713F0200F83
:107BC00014BF412261220DF1480E0A3ACDE90D970A
:107BD000CDF844B000267746F3469146CDE90F3CF8
:107BE00003E0202E17D004460D46294642460023C6
:107BF000204603F099FBD2B2092A02F1300388BF74
:107C000002EB09034445DBB275F1000507F8013BBF
:107C100006F10106E5D2DE46DDE90D97DDE90F3C10
:107C2000DDF844B0A6E6002A47D1134611463BE7EB
:107C30000B990968A1B923F0100388B10DF1480E22
:107C400006930C9BCDF80CC0CDE904730192D8E5E6
:107C500013F480627FF4CBAE23F010030D93CBE6D8
:107C600013F0200F14BF412061200DF1480E76461D
:107C7000A0F10A0802E0202AE2D02146B1FBFCF480
:107C80000CFB1415E8B2092D00F130058ABF404401
:107C9000E8B2C0B2614506F8010B02F10102EAD276
:107CA000CEE7002A3FF456AF0DF1480E6BE7196896
:107CB00081EAE174A4EBE174B0E600260DF1480E10
:107CC0002DE701362BE64FF00A081346C44671E54E
:107CD000CDCCCCCC84460CB410B584B006AC54F8F2
:107CE000043B0A460094614604480394FFF7FEFAF9
:107CF00004B0BDE8104002B0704700BF3567001007
:107D000070B594461E4605460C4684B04FF0FF32CF
:107D1000634602A900960348CDE90254FFF7E6FA4C
:107D200004B070BD896A001010B5094B84B01C689E
:107D30004CB1034600914FF0FF3203A90548A0471C
:107D4000012004B010BD00F07DF9204604B010BD44
:107D5000681B0020816A001000BEFDE7704700BF6D
:107D600008B5FFF7F9FF00BF38B5064C064DFDF723
:107D7000B1FEAC4204D254F8043B9847AC42FAD36B
:107D800038BD00BF98B300109CB3001003680846CC
:107D900011461847437D2DE9F04781460F461646A8
:107DA000002B43D0002A3BDD037D00204D1E014601
:107DB00015F8012FDFF884800A2A01F101040ED0A2
:107DC000A6421CD02B782146A3F10D03B3FA83F30E
:107DD00015F8012F5B090A2A01F10104F0D1002BEB
:107DE000EED18142A1EB000138441BDC0221404668
:107DF000D9F800309847A64208D02046E2E78642EC
:107E000004DD311AD9F8003038449847374417F860
:107E1000013CA3F10D03B3FA83F35B0989F8143035
:107E2000BDE8F087D9F800309847DFE73846D9F841
:107E300000301146BDE8F047184700BF78C2001077
:107E4000F8B50B685A1C802A0B440A60187100D0E0
:107E5000F8BD0D4B0D461C689CB10C4E0F1D01E08A
:107E6000246974B12368002BFAD033680BB1A342A4
:107E7000F6D1204639462A68FFF78CFF2469002C8A
:107E8000F0D100232B60F8BD781400207C14002072
:107E90002DE9F04782B00D46924699460746FDF718
:107EA000C7FB4FF0FF366FF000442F4A821841F1B4
:107EB0000003964274EB03013CBF324623462B4835
:107EC00003F02EFA6B1C804603D1384603F0EAF922
:107ED0000546274B274E1C68274BB9F1000F18BFEA
:107EE0001E46B4B1BAF1000F1AD1DFF8909001E04C
:107EF000246974B12368002BFAD0D9F800300BB193
:107F00009C42F5D120462A463946B0472469002CC8
:107F1000F0D1B8F1000F1FD1284602B0BDE8F087BC
:107F20004FF00A0ADFF8549002E02469002CF0D0E8
:107F30002368002BF9D0D9F800300BB1A342F4D15B
:107F40002A4639462046B047012220460DF1070156
:107F50008DF807A0B047E8E7044803F0DDF92846AC
:107F600002B0BDE8F08700BF40420F005C0F002068
:107F7000781400208D7D0010957D00107C14002069
:107F80000A4A13684BB1834202D109E0984207D0F4
:107F900003F110021B69002BF8D101B1106070478A
:107FA0000029FCD103691360016170477814002037
:107FB00008B500F0A7F900F06BFB012008BD00BF79
:107FC000F0B583B006468DF80700FDF731FB4FF0A2
:107FD000FF356FF00044174A821841F100039542C3
:107FE00074EB03013CBF23462A46134803F098F97B
:107FF000124B07461C689CB1114D01E024697CB10D
:108000002368002BFAD02B680BB19C42F6D1204696
:1080100001220DF10701FFF7BDFE2469002CEFD10D
:1080200017B9304603B0F0BD034803F075F9304688
:1080300003B0F0BD40420F005C0F00207814002018
:108040007C14002038B5044603F02CF901230546C2
:108050001A4620462946FFF71BFF084B1C682CB127
:1080600063682BB198472469002CF9D1284638BDA4
:108070002469002CF4D1284638BD00BF78140020B4
:108080002DE9F041A2B004460D46FDF7D1FA4FF0BC
:10809000FF376FF00046274A821841F100039742EC
:1080A00076EB03013CBF3A463346234803F038F9E8
:1080B00000262B4607462246204801A90196FFF7D5
:1080C0001FFE019B06467BB91D4B1C682CB16368E3
:1080D00043B198472469002CF9D10FBB304622B038
:1080E000BDE8F0812469F1E7DFF85480D8F800504A
:1080F000EDB1144C01E02D6975B12B68002BFAD05D
:1081000023680BB1AB42F6D12846019A02A9FFF7CA
:1081100041FE2D69002DF0D1D8F800400195D5E73A
:10812000054803F0F9F8304622B0BDE8F08101952A
:10813000D3E700BF40420F005C0F0020417E0010DB
:10814000781400207C1400200FB400B583B004A97B
:1081500051F8040B0191FFF793FF03B05DF804EBB6
:1081600004B07047B1F1000C1DDD0F4A0F4B1268CF
:1081700030B5D31AB3FA83F30D240D4D5B09411EBC
:1081800035F913E08C4411F8010F864506D0936948
:108190009B06FCD461451060F5D130BD93699D0606
:1081A000FCD41460F3E770470024002000800740EF
:1081B000FC230020224BB1F1000C10B41C682EDD12
:1081C000034600201F4A591E12689369DB0617D424
:1081D00001309369DB06FCD41368844501F8013F44
:1081E000F3D14CB150211346916353F8342F02F070
:1081F000380203F580531A6060465DF8044B7047FF
:108200004CB150211346916353F8342F02F03802D9
:1082100003F580531A6078B15DF8044B70475CB188
:10822000084B50211A681346916353F8342F02F01B
:10823000380203F580531A606FF00200ECE700BFCC
:108240001014002000240020054B1B6833B10021CE
:10825000044A05481268006891631847704700BFD8
:10826000101400200024002018140020024B1A686B
:1082700093691B07FCD4704700240020F8B51C4FFD
:108280001C4D3A681C4EAA4214BF212522250446E3
:10829000D6F800C018B1BCF1000F10D0F8BDBCF189
:1082A000000FFBD0014690632846FCF76DFA284684
:1082B0001249FCF7B9FB124B34601C60F8BD0B4649
:1082C0000F4A0E49306028461360FCF79FFA0121DF
:1082D0002846FCF759FA3A6850211346916353F83F
:1082E000342F02F0380203F580531A60F8BD00BF46
:1082F0000024002000800740101400204982001054
:108300001814002010B50E490E4C0F480F4A104BA0
:10831000007821600020022112781B78FCF7ECF82D
:1083200002210120FCF7E8F84FF4E1312068FDF765
:10833000CDF9BDE8104001210648FFF721BE00BF7E
:10834000000007400024002068C5001064C500102C
:1083500060C50010000F0020024A034B1060196036
:10836000704700BF141400201C140020184B70B577
:108370001A68002A28D0EFF3108172B6D2E8CF4FE6
:108380000120002CFAD1C2E8440F002CF6D1BFF333
:108390005F8F00220F4C186859602270C0E88F2F41
:1083A00081F31088002400250B4E3078FCF702FA88
:1083B00020B9002400252046294670BD3078FCF7FE
:1083C00009FA2046294670BD4FF47A740025EBE780
:1083D000701B00202224002021240020014B18784B
:1083E000FCF7F8B92124002038B5044600200D46DA
:1083F00001F0E8FEA8B3002001F0F8FE88B3FDF715
:1084000017F94FF0FF3E6FF0004C174A821841F108
:10841000000396457CEB03013CBF7246634613485C
:1084200002F07EFFE8B1002001F0CCFE58B9002137
:108430004FF0FF3001F088FA6FF002040B4802F0B1
:108440006BFF204638BD002001F0D0FE0028EED0A2
:1084500021462A46002001F0E3FE04460028EDD123
:10846000EAE76FF00204ECE740420F00F42300203B
:1084700008B5FDF7DDF84FF0FF3E6FF0004C0F4AF6
:10848000821841F1000396457CEB03013CBF724624
:1084900063460B4802F044FF70B14FF0FF300021FB
:1084A00001F052FA002001F0CBFE0028F5D1BDE822
:1084B0000840034802F030BF08BD00BF40420F0033
:1084C000F42300202DE9F84307460E46FDF7B0F8E7
:1084D0004FF0FF356FF00044334A821841F100033A
:1084E000954274EB03013CBF2A4623462F4802F015
:1084F00017FF08B9BDE8F883002001F063FE0028EB
:1085000048D0002E41DD0025DFF8A480DFF8A490DC
:1085100013E02246002001F08BFE002104464FF0BC
:10852000FF3001F011FA002001F08AFEFDF780F81B
:10853000C8E900012544AE4227DD002001F088FE95
:10854000741B8442A8BF04467919002CE1D121464E
:108550004FF0FF3001F0F8F9204601F071FE20469F
:1085600001F030FE88B1204601F072FE0028E2D111
:10857000FDF75EF8D8F80030D8F8042013EB0903B3
:1085800042F1000283428A41D5D20848BDE8F8434F
:1085900002F0C2BE00200021054BC3E90001BDE886
:1085A000F843024802F0B8BE40420F00F423002016
:1085B000F010002020A1070030B5002185B02E4822
:1085C00002F0BAFEF0B92D4B1A68CAB1EFF3108170
:1085D00072B6D2E8CF5F0124002DFAD1C2E8454F30
:1085E000002DF6D1BFF35F8F254C1D6822785960AE
:1085F000D3B201222270C5E88F0F81F31088CBB16E
:1086000005B030BD00214FF0FF3001F09DF9002092
:1086100001F0ECFD0446184802F07EFE002CEFD07D
:10862000184B1B68002BEBD0174A106805B0BDE84B
:1086300030401847FCF7E0FD0446FCF7F9FF4FF027
:10864000FF3C6FF0004510F57A7241F1000394454C
:1086500075EB030138BF2B464FF000014FF00105C9
:1086600020460A4C38BF6246CDE901150094FCF75C
:10867000C7FD05B030BD00BFF4230020701B0020F3
:1086800022240020141400201C1400206D830010EC
:108690004FF0504330B585B01C68FCF7ADFDFCF7DA
:1086A000C1FEA04202D0002005B030BD00212A4BFF
:1086B00008461B7801F0A0FF28480368002B47D02C
:1086C0000120FCF715FB0346254C2649C0B2237058
:1086D000FCF79CF820780121FCF756F80E20FCF7F7
:1086E00085F840BB204B0125C3E90000FCF784FD61
:1086F0000446FCF79DFF4FF0FF3E6FF0004C10F575
:108700007A7241F1000396457CEB03014FF00001C2
:108710002046164C3CBF72466346CDE901150094D5
:10872000FCF76EFD0028BEDB01211148FFF728FC95
:10873000012005B030BD0120FBF7E2FF01460A48E9
:10874000FCF732FB00220E200A49FCF78DF8EBE71C
:10875000FCF70EFBB4E700BF6CC50010F42300204B
:1087600021240020B9850010701B00206D830010AB
:10877000180F0020DD8300100048704710C3001060
:1087800000487047BCC2001038B5184B04461A7830
:108790000AB344B940F209424FF44173144D6A8060
:1087A00013482B8038BD052C1AD8124B104D53F8A6
:1087B000241028460023013903E0132B20F8022F50
:1087C00010D011F8012F0133DBB2002AF5D15B0084
:1087D00043F44073E4E71121184600F025F8D8E788
:1087E000002038BD4FF44A73DAE700BF04240020AC
:1087F00050140020A4C2001000B545F247308BB0E1
:10880000FDF70CF901220346092101A89847DDE98B
:108810000332044912BA1BBAC1E900230BB05DF858
:1088200004FB00BF981B0020012901F1FF3300F079
:10883000B3805D490A784FEA121C9F2A8CBF0CF165
:10884000370C0CF1300C012B80F800C000F0A78031
:1088500002F00F02092A8CBF37323032022B4270ED
:1088600000F09D804A784FEA121C9F2A8CBF0CF1C1
:10887000370C0CF1300C032B80F802C000F08F8015
:1088800002F00F02092A8CBF37323032042BC2703B
:1088900000F085808A784FEA121C9F2A8CBF0CF169
:1088A000370C0CF1300C052B80F804C077D002F0A7
:1088B0000F02092A8CBF37323032062B42716ED03C
:1088C000CA784FEA121C9F2A8CBF0CF1370C0CF1AE
:1088D000300C072B80F806C061D002F00F02092A85
:1088E0008CBF37323032082BC27158D00A794FEA28
:1088F000121C9F2A8CBF0CF1370C0CF1300C092B89
:1089000080F808C04BD002F00F02092A8CBF373222
:1089100030320A2B427242D04A794FEA121C9F2A07
:108920008CBF0CF1370C0CF1300C0B2B80F80AC00B
:1089300035D002F00F02092A8CBF373230320C2BAF
:10894000C2722CD08A794FEA121C9F2A8CBF0CF17C
:10895000370C0CF1300C0D2B80F80CC01FD002F03E
:108960000F02092A8CBF373230320E2B427316D0D9
:10897000CA7911099F2A8CBF373130310F2B81738F
:108980000DD002F00F02092A94BF30323732102B7B
:10899000C27318BF103002D0002303707047184410
:1089A00000230370704700BF981B0020704700BF72
:1089B0000022014B1A7070471F2400204B79FF2BB7
:1089C0000BD1887948B9CB79012B07D1082A05D971
:1089D000034B8A7809201A7070470020704700BF47
:1089E0001F24002001207047012901D00120704779
:1089F00008B5104B91881B78994201D0002008BD22
:108A00005378012B08D0022BF8D1002164220846AC
:108A1000FCF792FF012008BD518811F480721ABF43
:108A2000C1F3C012480A4FF0FF3001F00301FDF717
:108A300001F800BF1F24002000487047CCC300107D
:108A4000012907D15378012B02D19388072B03D03A
:108A500000207047012070471146A623014A00F00C
:108A600071BE00BF24C300100346012201481A70E2
:108A7000704700BFF0C3001008B50B68B3F5966FE0
:108A800000D008BD00224FF0FF301146FCF7D2FFA6
:108A90002DE9F04F9C4E8FB0D6F8984014F4003575
:108AA00040F0C780E70638D4E6032AD50DF12C0B39
:108AB0004FF00109954E06F1280AB77886F8019023
:108AC000012F00F033811436B245F6D14FF4C06265
:108AD0008F4BADF82C2093E803000EAB03E90300A5
:108AE0000121584602F00CFC4FF40032894B1A6504
:108AF0003DB1894B1B7823B94FF40032854BC3F845
:108B00009020E10400F1C580620400F1B6802304E6
:108B100000F1A4800FB0BDE8F08FD6F85880B8F10E
:108B2000000FC1D098FAA8F3B3FA83F3CDE9085443
:108B3000DFF8E0B1012403EA040282EA040123FA27
:108B400004F7561E059106F0140607EB870106EBA5
:108B5000C1066E499C400E445908069163D06F4887
:108B6000013900EBC707783800EBC101002A58D063
:108B700001F104090437644DA96D2142DAD06FEA8E
:108B8000040AD3B20293059B9B000793EB6D029AF4
:108B90001C4214BF01230023CBF8584049460092E1
:108BA00030463A4608EA0A0800F0CCFB50B9AB6DF3
:108BB0001C42EBD1B8F1000F2DD098FAA8F3B3FA0C
:108BC00083F3B7E7069B0599079A03EB83030A44EF
:108BD000DB0003EB82034D4A30461A44528A049369
:108BE000039200F0CDFA039A049B0D92474A0121AB
:108BF000D35C0BA88DF830304FF4E063ADF82C3027
:108C000000238DF8313002F07BFBAB6D2342BDD1E8
:108C1000B8F1000FD1D1DDE90854E0037FF568AF6A
:108C200044E78946A7E7002A00F09F8089463B4F2A
:108C3000A0E74FF44072B36C0DF12C0BC3F30A03A1
:108C400001215846ADF82C200C9302F059FBE206A6
:108C500000F18E80E3033FF52BAF4AE74FF4A063AA
:108C600001210BA8ADF82C3002F04AFB4FF4006252
:108C7000284B1A650FB0BDE8F08F4FF480630121D7
:108C80000BA8ADF82C3002F03BFB1022214B1A65EB
:108C90003DE700251E4B1C494FF416720D6020481D
:108CA0009D602946DD601D615D619D61DD611D6224
:108CB0005D629D62DD621D635D639D63DD631D64B6
:108CC0005D649D64DD641D655D659D65DD651D6696
:108CD0005D669D66DD661D675D679D67DD6702F009
:108CE00013FB4FF480730F4A0F490BA81160012149
:108CF000ADF82C308DF8305002F002FB4FF400221A
:108D0000044B1A6500E700BF00001150E81800206E
:108D10000000105000301150192400208000105025
:108D200010190020E4180020800110503178144AF6
:108D3000C80980F0010301F00F0143EA41039F409D
:108D40001766A2F50052536E37EA0303FBD10D4BB1
:108D500003EBC10300B90433002230461A6000F06F
:108D60000FFA094B5F661F66ADE69146054F02E7B5
:108D7000D6F85880B8F1000F7FF4D4AE6AE700BF90
:108D800000201150800010500030115038B500F014
:108D9000D1F90C23274D284CAB67FF220E20274921
:108DA000FBF762FD28220021204602F0ADFA802068
:108DB00000214022224BA0822248C3F88410E28086
:108DC000C3F88010628399604FF41672D9601961FC
:108DD00059619961D961196259629962D9621963BD
:108DE00059639963D963196459649964D96419659D
:108DF00059659965D965196659669966A060E061FB
:108E0000D96604F12800196759679967D96702F094
:108E10007BFA4FF0005401204FF480320A4B0B498B
:108E200019600B490B4B2864EC64C5F89010DA64A8
:108E300038BD00BF00001150E8180020918A0010D2
:108E40000000105000011050E41800208001105064
:108E500010D001000020115001210E20FBF794BC1E
:108E6000002300B583B01946CDE90033034A044816
:108E700000F08CF903B05DF804FB00BF80001050D7
:108E8000FC180020064B4FF40032197019B1054B45
:108E9000C3F890207047044BC3F89020704700BF80
:108EA0001924002000201150003011500B785B066F
:108EB00002D14B78052B00D070474B88014ADBB2BA
:108EC0001360704700001150F8B54FF0000E91F894
:108ED00002C0CD780CF00F038E8803EB83024FEABB
:108EE000DC112748D20001EB810702EB8702254CF9
:108EF00000F802C0C6F30A06024482F801E005F059
:108F0000030504EBC304D6804FEA810C4FEA830EBD
:108F100001B90434002222603BB91B4B8C4400EBA6
:108F20008C0CCCF808300120F8BD9E44AC06022D14
:108F30008C44164D4FEACE0E06F13F020EEB8C0E1E
:108F400022F03F0200EB0E0C286808BF52000244DA
:108F5000CCF8080080F0A040DB0080F4801003F122
:108F6000A043204303F580132A6040F0204001B95C
:108F70000433074918608A42D5D9FCF7A5FD00BF24
:108F8000E81800208000105000011050E418002064
:108F9000FF0F1050002108B5134B4FF41672996063
:108FA0001248D960196159619961D9611962596290
:108FB0009962D962196359639963D96319645964D1
:108FC0009964D964196559659965D96519665966B1
:108FD0009966D966196759679967D96702F094F954
:108FE000034B044A1A6008BD0000105010190020FD
:108FF000E418002080011050282070B51D4613464B
:1090000041F3C01201F00F0402F0140210FB04201F
:10901000104E82B03044C909A4B10F4A02EBC40219
:10902000E40004F1A04404F5801449B9211D043280
:1090300000240195009400F0A9F8012002B070BD51
:109040002146F5E711B92146034AF0E72146024AD5
:10905000EEE700BFE818002080001050F8B541F39B
:10906000C01001F00F061F4B00F0140006EB860243
:1090700000EBC200CD0911F00F01184403D11A4AC8
:10908000C5F102049466012401EB810105EB850220
:10909000C90001EB8201595C134ACF0987EA040336
:1090A00001F00F0143EA41039C401466A2F500520F
:1090B000536E34EA0303FBD10C4B03EBC10307B936
:1090C000043300221A6000F05BF8094A074B54662B
:1090D00003EBC603146605B904334FF400621A604B
:1090E000F8BD00BFE818002000201150800010508B
:1090F0000030115011F00F0217D04FF0000CC909C9
:1091000002EB820300B50948DB0001EB810E03EBA3
:109110008E031844064B80F801C003EBC20301B96B
:10912000043300221A605DF804FB7047E818002041
:10913000800010504FF080520B480C4908B50C4B82
:1091400002600A609968C94311F08051FAD14FF466
:109150008052084802F0D8F80922074B07485A679E
:10916000BDE80840FBF712BE00200240003002407C
:10917000000002400000105000001150A01B002011
:109180000023C0E903338370704700BF2DE9F04F1F
:1091900004464FF001084FF0000E1846DFF89CC15E
:1091A00084F80280DCF8403085B0BDF83C5094F87B
:1091B000008003F0020AF2450F46164614BF4FF036
:1091C0000109F146A168A4F812E02582E0604FEAA7
:1091D000D81804D194F804B0BBF1000F75D1E08821
:1091E0006378A84228BF28462D1AADB22582002BED
:1091F00068D140F4806C83F00103C845637012D0DD
:1092000078B1E56805EB000E2A4612780135D2B236
:1092100075450A7001F10101F6D1E368258A03441E
:10922000E3604CF4004C002D66D04CF48053002FCA
:1092300035D0E08894F801C0A84228BF28462D1AEE
:10924000ADB23A68A1682582BCF1000F5DD140F44F
:10925000806E8CF0010CC84584F801C017D0A0B115
:1092600001F14008E16801EB00098C469CF800C060
:1092700001315FFA8CFC494588F800C008F101080B
:10928000F3D1E168258A0144E1604EF4004E0DB946
:109290004EF4804E42F0804243EA0E433A60326818
:1092A0001A4012F0042F45D1244A23F004213160E2
:1092B000126C920702D40C22033AFDD2336005B03F
:1092C000BDE8F08F40F4105C95E7E3785A4601EB77
:1092D000831102F01DF8628A258AE3685A44A5EBDF
:1092E0000B0592B2ADB25B44A4F803A06282258262
:1092F000E3606DB1A16872E74CF4A043002FCED0BB
:109300003A6822F080423A60C9E740F4105EA0E774
:109310004FF4E063207829468DF80800C4E903552E
:10932000A57001A803928DF80950ADF8043001F042
:10933000E7FFC4E731460248FBF744F9000011504B
:1093400014BA00102DE9F04F847883B09DF8309066
:10935000002C5DD0624CD4F840B011B10968C1F363
:109360008071D0F808800BB108F140080FFA83FA39
:1093700032F81A5002EB430CAFB2C5F30905B9F14C
:10938000000F16D0C46895B1C646CDE900C866196D
:10939000A0469EF800C001345FFA8CFCB4420EF186
:1093A000010E88F800C0F3D1DDE900C8C4682C4480
:1093B000C460448A07F480472C444482C488A54290
:1093C00022D200240482E9B1B9F1000F1AD0CFB93A
:1093D0001BF0020F01785DD0414C4249E56C2940F9
:1093E00041F01001E164E16C11F01001FBD183F058
:1093F000010332F813301B0403D4437883F00103D4
:1094000043701160012004E0002FFBD1038A1BB9D7
:10941000002003B0BDE8F08F9C4228BF1C46417875
:109420001B1B9BB20382002931D144F4806581F07B
:1094300001014170B9F1000F12D17CB1C3681F194D
:109440001E4636780133F6B2BB4288F8006008F158
:109450000108F5D1C3682344C360038A45F400457D
:109460000BB945F4804532F81A302B405B0533D4F4
:1094700025F480639BB21A4922F81A300B6C9F07BF
:1094800002D40C23033BFDD222F81A50C0E744F467
:109490001055CCE7012401F00F01134EA1408C4080
:1094A0000F4D3466696E34EA0101FBD183F001018E
:1094B00032F811301E049DB209D40021437883F0A4
:1094C000010343701160094B5C661C669AE7002338
:1094D0000571C1701360F6E761460548FBF772F845
:1094E0000000115000860020002011500030115063
:1094F00014BA00102DE9F041204E3278FF2A24D012
:10950000002405462146DFF880801D4F0DE03B68B2
:1095100013EB800310D0DB6828469847327801347B
:10952000531CE1B2DBB299420FD2914204EBC4006A
:10953000EDD301D14346EFE74FF0E023D3F8F03D00
:10954000DB0700D500BEBDE8F0810E4B6C22002188
:10955000184601F0D9FE4FF0FF340346C3F81B4014
:10956000C3F81F40C3F82340C3F827402022BDE8BA
:10957000F041FF212B3001F0C7BE00BF18240020AE
:1095800004110020D0120020C5A20010704700BFB7
:10959000704700BF0020704700207047704700BF31
:1095A000704700BF704700BF704700BF024B187E76
:1095B000003818BF01207047D0120020024B987D60
:1095C000003818BF01207047D01200202DE9F84F55
:1095D000DFF8E88098F80030FF2B02D00120BDE8CA
:1095E000F88F0D4600294BD000246C22002106463E
:1095F000284801F089FE284F284B29481C70FBF7AA
:10960000C5FB3846FBF7B4FB264B27481F60FBF72A
:10961000BDFB264F264801F0CFFA264A264B384696
:109620001A60FFF721FA3A78DFF89490FF2AC9F818
:10963000000025D0A3462146DFF888A08A421CD925
:10964000D9F800301B191BD05B68CBB198473A782A
:109650000BF1010B531CDBB25FFA8BF18B4204F16F
:109660002404EBD82946304688F80060FFF78EFBCB
:1096700030B13046FFF7F0FBB0E701D15346E5E7E4
:109680004FF0E023D3F8F03DDB0700D500BE00200B
:10969000A5E700BFD0120020C81200201A24002025
:1096A000041400203C130020480F00201824002040
:1096B000340F0020300F002040130020500F0020F6
:1096C0000411002061A2001010B51C4C82B0E38888
:1096D00083B32378DB4303F08001C3F3C0131C443E
:1096E00094F84B30164A13F00103107809D04FF06C
:1096F000E023D3F8F03DDA0700D500BE002002B029
:1097000010BD94F84B20009342F0010284F84B20E6
:109710001A46FFF771FC0028F1D14FF0E02294F8CF
:109720004B3003F0FA0384F84B30D2F8F03DDB07FE
:10973000E4D5E2E701238021D1E700BFD012002069
:10974000500F002030B5454C85B0E588A260AB4293
:1097500028BF2B46A381002D39D0114618460BB1E6
:10976000002A42D0E58994F90020431B9BB2402B8C
:1097700028BF4023002A1BDBA8424FF0000069D01D
:109780000146374A044494F84B50364815F0010519
:10979000007823D1009594F84B5045F0010584F8EA
:1097A0004B50FFF729FC002843D0012005B030BD05
:1097B000A8424BD02A48814205D0B1B11A46039342
:1097C00001F0A6FD039B01208021254ADAE794F8E9
:1097D0004C30244A13F00103107810D04FF0E023EE
:1097E000D3F8F03DDA0700D500BE4FF0E023D3F800
:1097F000F03DD90700D500BE002005B030BD94F87B
:109800004C101A4641F00101009384F84C1080215D
:10981000FFF7F2FB0028C8D14FF0E02294F84C305B
:1098200003F0FA0384F84C30D2F8F03DDB07DCD5C6
:10983000DAE74FF0E02294F84B3003F0FA0384F8B3
:109840004B30D2F8F03DD807CFD5CDE701208021AD
:10985000002297E70146024694E700BFD01200209D
:1098600064120020500F0020084B18788B88C3F337
:109870000A0343B94FF0E023D3F8F03DDB0700D5EE
:1098800000BE00207047FFF71FBB00BF500F002035
:109890000B46064A06481168DA094B3203F00F03FB
:1098A00002EB4303184400F0D7BE00BF3C13002076
:1098B000D01200200B46064A06481168DA094B32DE
:1098C00003F00F0302EB4303184400F0E5BE00BFB2
:1098D0003C130020D012002030B5194C01F00F0EBF
:1098E00004EB4E0404EBD11494F84BC0154883B03C
:1098F0001CF0010F9DF81850007809D04FF0E023BC
:10990000D3F8F03DDA0700D500BE002003B030BD2B
:10991000009594F84BC04CF0010C84F84BC0FFF755
:109920006BFB0028F2D14FF0E02294F84B3003F0AB
:10993000FA0384F84B30D2F8F03DDB07E5D5E3E7D6
:10994000D0120020500F00202DE9F04FDFF8E4B2D4
:109950008DB09BF80030FF2B3ED010240026B04D78
:10996000B04FDFF8D4A20294D5F80080D8F81830B0
:10997000EFF3108272B6D3E8CF0F01210028FAD19D
:10998000C3E8401F0028F6D1BFF35F8F4046C8F8F8
:109990001C20002330F8042B09A901F047F9D8F85E
:1099A0001830C3E88F6FD8F81C3083F3108898B153
:1099B0009DF82530013B072B00F20981DFE803F019
:1099C000A39C948A84330F040A9B0BB10B9898478D
:1099D000029B013B0293C7D10DB0BDE8F08F9DF80B
:1099E000281001F00F0807EB480303EBD11393F89D
:1099F0004B2002F0FA0283F84B20B8F1000F00F080
:109A00009480894A93F82B3012789342C0F0838077
:109A100040F0FC80DFF824820B9B9DF829209DF804
:109A20002400C047D4E79AF80030002BD0D09AF831
:109A30000030013BDBB28AF800309AF8003003F0C6
:109A4000FF02002BC4D14FF0010CDFF8D8810CAB22
:109A500013E9030088E8030098F8003088F814C080
:109A600003F06000602888F84B20C8E902229DF8C6
:109A70002490C8F8102088F84C2000F0E48040289A
:109A800000F0468203F01F03012B00F0C981022B76
:109A900000F0EC80002B40F0D680202800F04582BA
:109AA000002840F0D08098F80130092B00F2CB80DC
:109AB000DFE813F07D016D01C9005D01C9005401AB
:109AC0002B01C9001F010A013B7D002B80D0FFF74D
:109AD0006BFD7DE73B7D002B3FF47AAFF87DC0F353
:109AE0004000FFF75FFD73E7BB7EDA077FF570AFDD
:109AF0000A98FFF74DFD6BE79DF82400FFF7FAFC8D
:109B0000FFF74EFD64E79DF82400FFF7F3FC9DF896
:109B100028307B765CE7454A03EBC303126812EBFF
:109B2000830273D0D2F8188076E7B7F806E09DF884
:109B300024300B9ABEF1000F52D097F800906FEAD4
:109B4000090909F0800949454DD097F90010B86816
:109B5000002975DB00283FF43BAFB7F80EC0B98988
:109B6000A1EB0C018A4228BF0A46314988420AD03B
:109B7000CDE9032301F0CCFBDDE90323B7F80EC0E8
:109B8000B868B7F806E094441FFA8CFC8118F445D5
:109B9000A7F80EC0B96002D03F2A00F21481D7F8AE
:109BA0001080B8F1000F08D0184602211D4A039317
:109BB000C047039B002800F028811846002349462F
:109BC0001A460093FFF788FE00287FF401AF4FF09C
:109BD000E023D3F8F03DDB077FF5FAAE00BEF7E6F1
:109BE0004FF08009AFE7002AF1D118460D490393E1
:109BF000FFF75CF9D7F81080B8F1000F3FF4E8AE3A
:109C0000039B03211846074AC047E1E64FF0E023D3
:109C1000D3F8F03DD9077FF5DFAE00BEDCE600BF2C
:109C200040130020D012002018240020041100202E
:109C300064120020500F00201A240020D9A4001024
:109C4000B7F80EC09FE74FF0E023D3F8F03DDB07F5
:109C500002D500BE9DF8249048460021FFF7FEF98A
:109C600080219DF82400FFF7F9F9B1E698F8041077
:109C7000BE4A01F00F0408EB440303EBD11392F842
:109C800000C093F82B206300624503934FEAD11381
:109C900080F01F81DFF8E0C202EBC202DCF8004076
:109CA00004EB8204002800F01981002CD4D06369F1
:109CB00048460121AE4AC8F81030984700287FF482
:109CC00087AE9DF82490C7E798F8022098F81830DE
:109CD0009A4209D0002B40F00C8288F81820002A04
:109CE00040F09781FFF75CFC4846A149FFF7ECFC88
:109CF0006EE698F818308DF82230484601239C49CA
:109D00000DF12202FFF71EFD62E6B8F80200030A19
:109D1000013B020AC0B20E2B9ED801A151F823F0DC
:109D200063A1001051A1001041A10010599C001026
:109D3000599C001029A1001051A10010599C00103D
:109D4000599C0010599C0010599C0010599C0010FF
:109D5000599C0010599C0010FB9F0010484698F831
:109D60000210FFF77DF8012388F8153030E6B8F8C7
:109D70000230012B7FF470AF98F81730484643F05B
:109D800002037B4988F81730FFF79EFC20E6B8F8FD
:109D90000230012B7FF460AF98F81730484623F06B
:109DA0000203734988F81730FFF78EFC10E698F825
:109DB00017304846ADF822306D4902230DF12202DA
:109DC000FFF7C0FC04E6BA8997F90000A2EB0C0388
:109DD0009BB2402B28BF402300286ADB94454FF0FC
:109DE000000900F0B780634AB94499F84B109BF81A
:109DF000000011F0010141D04FF0E023D3F8F03D15
:109E0000DC077FF5E4AE00BEE1E6014618460393A9
:109E1000FFF724F9039B80211846FFF71FF9D7E5C8
:109E200098F804300F2B3FF617AF504A4344DB7EBF
:109E30001278934275D2504A03EBC303126812EBB7
:109E400083023FF409AF536901214846484AC8F8E4
:109E50001030984700287FF4BBAD98F8003013F01D
:109E600060037FF42EAF98F80120C8F810300A2A5A
:109E70003FF441AF0B2A3FF437AF22E7009199F846
:109E80004BC041464CF0010C89F84BC0FFF7B4F8C9
:109E900000287FF49DAD4FF0E02299F84B3003F09D
:109EA000FA0389F84B30D2F8F03DD8077FF58FAE32
:109EB000A9E7944554D02F48814204D01A46039311
:109EC00001F026FA039B4FF001094FF08008294A60
:109ED0008AE740F08080002840D1284C98F8012083
:109EE00002F0FD0001284FD0002A7FF4ACAE039AA7
:109EF00048469044434493F84B301D49C3F3400314
:109F0000ADF822300DF122020223FFF71BFC5FE5C2
:109F10001B4B614648464246C8F81030FEF790FD9C
:109F2000CCE67FF499AE174B8EE798F804300F2BF0
:109F30003FF692AE0D4A4344DB7E127893420BD239
:109F40000D4A03EBC303126812EB83023FF484AEA5
:109F50005369ADE64A4647E77FF47EAE094BA7E674
:109F60004FF001094FF0800800223DE7182400203F
:109F7000D0120020641200200411002014C400102C
:109F8000418A001035A40010B8F8020080B9012AF7
:109F90009BF80000049323D0FFF760F8039A049B1A
:109FA0004244134493F84B2042F0030283F84B20C1
:109FB000002C3FF40DAD6369764AC8F810300121DA
:109FC000484698470023C8F8103098F84C30DA0714
:109FD0003FF5FEAC88E600287FF43EAE04467DE700
:109FE000FFF788F8039A049B4244134493F84B20EC
:109FF00002F0FC0283F84B20DAE7FEF71DFD024673
:10A0000000283FF45EAE484653886249FFF79AFB4A
:10A0100054E6501EC0B2FEF7B3FB002857D042787A
:10A02000022A54D1C27998F81710921162F30001F4
:10A0300088F81710428800F1090482180492CDF8BC
:10A040001490049AA24268D9237823449A4264D394
:10A0500062780B2A66D0042A39D1049B21461A1B48
:10A06000002392B2144603934B4B0693069B9DF834
:10A070000C901A78531CDBB24B4528D94A4549D974
:10A080002422464B1B6802FB093303B31B6922469B
:10A09000059807919847039B082803F10103079946
:10A0A0000393E3D98442E1D310233D4ACDE9001064
:10A0B0000C460390D118484600F008FB38B1039BCA
:10A0C0001C44069B1B780133DBB24B45B9D84FF0DB
:10A0D000E023D3F8F03DDC0700D500BE00224FF0AE
:10A0E000E02388F81820D3F8F03DD8073FF5B1AD4C
:10A0F000E7E5002148460392FEF7C4FE4846FEF716
:10A1000049FF98F819404846FFF7F4F9039A88F890
:10A110001940E2E5DBD1234BB8E7DDF81490FFF7F7
:10A120003DFAE1E51C468CE7FFF734FA02460028C9
:10A130003FF4C7AD484613781649FFF703FBBDE56A
:10A14000B8F80410FEF720FB02460028F2D1B8E56B
:10A15000022A10D0FFF720FA024600287FF453AFFE
:10A16000AFE5FEF709FB024658B1484612230949FC
:10A17000FFF7E8FAA2E5FEF703FB024600287FF4AA
:10A1800042AF4FF0E023D3F8F03DD9073FF561AD82
:10A1900097E500BFD01200201824002004110020F1
:10A1A000EB12002014C4001000207047704700BF5D
:10A1B000704700BF704700BF704700BF704700BFC7
:10A1C000704700BF08B10020704710B5FFF7EEF9E7
:10A1D0000446FFF7F3F92CB120B9034BD87800F00F
:10A1E000010010BD002010BD8811002098B90B4956
:10A1F000B1F84830B1F84A20B1F8440092B29BB2AD
:10A200009342B6BFC2EB40029B1A9B189BB2984286
:10A2100028BF184670470020704700BF88110020F3
:10A2200008B100207047014800F036BCBC11002086
:10A2300008B100207047014800F03CBB9411002099
:10A2400008B100207047014800F0D6BA94110020F0
:10A2500008B100207047014800F0A4BB9411002011
:10A2600070B5154C84B0DC220021204601F04CF87A
:10A2700040264FF6087200234FF4E1310F4D04F1F0
:10A280003400CDE90165628104F19C0261601946E8
:10A2900000921A4600F058FA012304F15C0235449A
:10A2A000009200211A460295019604F10C0000F07C
:10A2B0004BFA04B070BD00BF8811002008110020C7
:10A2C0000120704738B5064C00252046012140F892
:10A2D000185B00F08DFC84F83650A57338BD00BFC4
:10A2E000881100202DE9F84F4B79022B02D0002075
:10A2F000BDE8F88F8B790C46022BF8D1DFF830914E
:10A30000064699F8361099F80E0041B138B14FF071
:10A31000E023D3F8F03DDB07E9D500BEE7E7A178FD
:10A3200089F8006089F80110257804EB020A2544B9
:10A330005545697809D22B782B449A4505D32429B1
:10A3400003D11D4655456978F5D305295CD004290C
:10A3500003D0281B80B2BDE8F88F69790A29F8D1AB
:10A3600095F800C02979AC4400293ED055453CD22F
:10A37000E2453AD3E34600279BF80130D846052B47
:10A38000C5D19BF8033003F00303022BBFD159461C
:10A390003046FFF769FA0028B9D09BF80220BBF8D5
:10A3A0000430D109C3F30A0321D189F836200022F1
:10A3B00063F30F021B4863F31F4289F83460C9F846
:10A3C000382000F0F9FB184800F0FEFA00289ED073
:10A3D0009BF8003001379B442B79FFB2BB42DC462F
:10A3E00003D9C24501D9DA45C6D26546B1E7A9F815
:10A3F000103040230D4889F80E2089F80C60A9F828
:10A40000123000F0D9FBE3E729463046FFF72CFA7B
:10A4100000283FF47CAFA97889F8021029780D4410
:10A42000697894E7C8110020BC110020A011002019
:10A4300088110020137803F06003202B08D170B539
:10A44000224C938894F801C09C4503D0002070BD35
:10A45000002070475378203B032BF7D8DFE803F048
:10A46000231F0B02012927D003291AD1002051886C
:10A47000FFF7A6FE15E001291ED0032911D155884A
:10A48000134805F0010686F00101E57000F0B0FB0D
:10A4900000203146C5F34002FFF790FE01E001299C
:10A4A0000ED0012070BD01290AD00329F9D1002066
:10A4B0000849FEF7E1FAF4E71146FFF705F9F0E77E
:10A4C00011460723034AFFF73DF9EAE78811002008
:10A4D000A01100208C110020F0B5434D0C4695F8DA
:10A4E00036201E468A42A87B95F802C085B00ED061
:10A4F00081425BD0614500D111BB4FF0E023D3F81E
:10A50000F03DDB0700D500BE002005B0F0BDE96BD3
:10A5100029B10023B2B205F1400000F0E9FBEB7A6B
:10A52000FF2B1DD1B5F84820B5F84A3092B29BB246
:10A530009A420BD12D4800F047FAAB7BA34235D0AD
:10A54000AB78A3423FD0012005B0F0BD0020FFF75B
:10A550002DFE264800F038FAAB7BA342F0D125E06F
:10A560006946234800F060FCBDF808307BB3039ACD
:10A57000013B1A44002AD5D0002ED3D0BDF800E00C
:10A58000DDF804C00EF1FF3E0023E97A039FE644A4
:10A5900005E09445C6D0013A01339E42C2D01078FE
:10A5A00088421CD09742F4D17246F5E70020FFF7AD
:10A5B00001FE104800F020F90028C1D131460D48B5
:10A5C00000F0E2F8BCE70020FFF7F6FDBBE7BDF8BE
:10A5D0000030002BA6D0019A013B1A44CAE70020A4
:10A5E000FFF7E6FD9EE700BF88110020BC110020A8
:10A5F000C81100209411002010B582B0B9B1012813
:10A600000CD80B7853B1134C012B235402D00120EA
:10A6100002B010BDFEF7DAFF0028F8D14FF0E023BA
:10A62000D3F8F03DDB0700D500BE0020F0E70124A1
:10A63000084601A9ADF80440FEF7C8FF38B94FF04D
:10A64000E023D3F8F03DDA07E2D500BEE0E7014BA6
:10A650001C70DDE7C412002070B5037813F0050FFD
:10A6600002D00026304670BD0D4604464FF0FF3143
:10A67000284600F069FE237803F00503002B0CBF89
:10A680000126002603D1237843F0040323702846D3
:10A6900000F042FE304670BD70B50C4605464FF0E6
:10A6A000FF31204600F050FE2B7803F00503042B09
:10A6B0000CBF0126002603D12B7803F0FB032B707F
:10A6C000204600F029FE304670BD00BF30B5039C27
:10A6D000BDF810C0A444644511D2257804EB050EE2
:10A6E000F4450CD36578052D16D0042D09D0F4451A
:10A6F000744604D99EF80050AE44F445F2D20120CD
:10A7000030BDE578002DF2D1A5789D4213D2505589
:10A71000257804EB050EEAE7A57805F00F0E01EBAE
:10A720004E0EED090EF80500257804EB050EF445F4
:10A730007446E4D9DEE74FF0E023D3F8F03DDB07C1
:10A7400000D500BE002030BDF8B5069FBDF81C50F6
:10A75000C7B10DB92846F8BD0446164641702A46D1
:10A7600039460C3004F1200500F000FA2846FAF7CB
:10A77000FFFA0EB12E460025089B0120C4E90665AC
:10A78000A360F8BD3846F8BD828AC38A92B29BB2F4
:10A790009A4201D0002070470029FBD010B5838871
:10A7A0000446013B0B4282B003D1817809B1437862
:10A7B00013B1002002B010BD0078FFF769F800283F
:10A7C000F7D063784BB9A2682078A1786AB11A46AD
:10A7D0000093FFF781F80028ECD14FF0E023D3F885
:10A7E000F03DDB07E5D500BEE3E71346009204F138
:10A7F0000C02FFF7D9FCEEE7838AC28A9BB292B2C1
:10A80000018A9342B6BFC2EB41029B1A9B189BB2CE
:10A81000994228BF194630B5044683B019B18178F2
:10A8200009B1457815B1002003B030BD0078FFF7BD
:10A830002FF80028F7D0A168A1B12B46E28804F1D7
:10A840000C0000F0F3F905466378E5B113BBA2688C
:10A850002078A17832B300932B46FFF73DF8C8B1BA
:10A860002846E1E7A38AE28A208A9BB292B2934209
:10A87000B6BFC2EB40029B1A9B189BB2984228BFFE
:10A8800018460546E0E7002BCDD1A1782078FFF7E8
:10A8900011F8C8E74FF0E023D3F8F03DDB07C2D54D
:10A8A00000BEC0E700922B4604F10C02FFF77CFCCF
:10A8B000D5E700BFF0B5054683B010460AB903B02E
:10A8C000F0BD05F10C06002392B2304600F010FAFC
:10A8D000AB8AE98A9BB289B22A8A8B42B6BFC1EBA6
:10A8E00042015B1A5B189BB2934228BF1346A988AA
:10A8F0000446994201D9914212D9AB8AE98A9BB2A6
:10A9000089B28B42B6BFC1EB42015B1A5B189BB2A6
:10A910009A4228BF1A461AB1A97809B16F7817B1BF
:10A92000204603B0F0BD2878FEF7B2FF0028F7D02C
:10A93000A96811B33B463046EA8800F077F9034630
:10A940006F7893B147B9AA682878A9782AB3009795
:10A95000FEF7C2FF0028E3D14FF0E023D3F8F03D2B
:10A96000DB07DDD500BE2046DBE7002FD8D1A97874
:10A970002878FEF79FFF2046D3E7AA8AE98A92B299
:10A9800089B22B8A8A42B6BFC1EB4301521A5218D0
:10A9900092B2934228BF1346D2E700923246FFF7A5
:10A9A00003FCD7E7838AC28A9BB2008A92B29342A1
:10A9B000B6BFC2EB40029B1A9B189BB2984286BF5F
:10A9C000C01A80B200207047838AC18A028A9BB273
:10A9D00089B28B42B6BFC1EB42015B1A5B189BB2D6
:10A9E0009A4298BF002270B588BFD21A838888BF68
:10A9F00092B29342044682B003D8817809B1437879
:10AA000013B1002002B070BD0078FEF741FF0028AE
:10AA1000F7D0A28AE18A238A92B289B28A42B6BF6B
:10AA2000C1EB4301521A521892B2934292BF0022D4
:10AA30009B1A9AB2A3886678934206D9002EE0D179
:10AA4000A1782078FEF736FFDBE7E188A6B95B4204
:10AA500002EA0300884228BF0846A2680546A1789A
:10AA600020788AB1002D08BF00222B460096FEF701
:10AA700033FF08B12846C5E74FF0E023D3F8F03D97
:10AA8000DB07BED500BEBCE700922B4604F10C02EA
:10AA9000FFF78AFBEDE700BFF0B5044600F10C05B7
:10AAA000002392B2284683B000F0C0F8A38AE18A5E
:10AAB000228A9BB289B28B42B6BFC1EB42015B1ABC
:10AAC0005B189BB29A4294BF0022D21AA38888BF17
:10AAD00092B29342064603D8A17809B1637813B1C4
:10AAE000304603B0F0BD2078FEF7D2FE0028F7D044
:10AAF000A38AE18A228A9BB289B28B42B6BFC1EB9C
:10AB000042015B1A5B189BB29A4294BF0022D21A90
:10AB1000A38888BF92B29342677806D9002FDFD10D
:10AB2000A1782078FEF7C6FEDAE7E18887B95B42B4
:10AB30001340A2688B4228BF0B462078A1787AB1D7
:10AB4000002B08BF00220097FEF7C6FE0028C7D1E1
:10AB50004FF0E023D3F8F03DDB07C1D500BEBFE7DF
:10AB600000922A46FFF720FBF0E700BFB2F5004F46
:10AB700020D8F8B50446C06815460F461E4618B1E1
:10AB80004FF0FF3100F0E0FB206918B14FF0FF31CA
:10AB900000F0DAFB0023E06863812760A580A671DE
:10ABA000238108B100F0B8FB206908B100F0B4FBC4
:10ABB0000120F8BD0020704710B50446C06818B1E8
:10ABC0004FF0FF3100F0C0FB206918B14FF0FF31AA
:10ABD00000F0BAFB0023E0686381238108B100F034
:10ABE0009BFB206918B1BDE8104000F095BB10BD7B
:10ABF00038B583798B4218D00446C0680D4618B129
:10AC00004FF0FF3100F0A0FB206918B14FF0FF3189
:10AC100000F09AFBE068A57108B100F07DFB2069A7
:10AC200018B1BDE8384000F077BB38BD2DE9F843D6
:10AC3000064600698846914618B14FF0FF3100F092
:10AC400083FB338974899BB2A4B2B588A342B6BF93
:10AC5000C4EB45071F1BFF18BFB2002F3FD0BD42FA
:10AC600035D3B94528BFB946A5421FFA89F703D89D
:10AC7000641BA4B2A542FBD9A5EB040931681FFAF5
:10AC800089F94F4521441DD94A4640467D1B00F0B5
:10AC90003FFB6219316808EB090092B200F038FB03
:10ACA0007289B58892B2D3199BB29A4219D96A00B7
:10ACB0009B1A9BB23069738108B100F02DFB3846B6
:10ACC000BDE8F8833A46404600F022FBE8E7AB4295
:10ACD0002CBF5B1B5B199CB22F467481C1E7738943
:10ACE0009BB2B3EB450F4FEA4502E3DBE0E700BF61
:10ACF0002DE9F84F1546002A48D00646C068884618
:10AD0000994618B14FF0FF3100F01EFB3789B27938
:10AD10007489B188BFB2A4B2002A3AD1A742B6BFA3
:10AD2000C4EB41043C1BE419A4B28C4252D20C1B6C
:10AD3000A4B2A54228BF254607EB0509A5EB010AE9
:10AD40001FFA89F91FFA8AFA8F423C4603D3641A24
:10AD5000A4B28C42FBD2091B30681FFA81FBAB45C1
:10AD6000204446D341462A4600F0D2FAB288B9457B
:10AD70004FEA420302D3B9EB420F03DBA9EB030313
:10AD80001FFA83F9F068A6F8089038BB2846BDE89A
:10AD9000F88F8D4227D2A742B6BFC4EB41033B1BBD
:10ADA000DB199BB24A002B44A5EB010A93421FFA20
:10ADB0008AFA0ADB04EB01091FFA89F9A9EB0507F6
:10ADC000BFB2BC4224D9BA1A97B205EB07091FFAE1
:10ADD00089F9B9E70025F0680028D7D000F09CFA7F
:10ADE0002846BDE8F88FB9F1000F0ED099B90D468D
:10ADF000F1E75A464146544400F08AFA306808EBBD
:10AE00000B01A2B200F084FAB0E76D1AA844EDE796
:10AE1000BA4299DCD7E704EB010927460D464FF00B
:10AE2000000A1FFA89F98FE7F8B505894489ADB2A0
:10AE3000A4B28388A542B6BFC4EB43022A1B5219B1
:10AE400092B2934206460F4613D20069002835D0CD
:10AE50004FF0FF3100F078FAB2883069954236D26F
:10AE6000AC18A4B2748100283DD000F055FAB28825
:10AE70001346F2B19D4203D3ED1AADB29D42FBD20F
:10AE8000A34203D8E41AA4B29C42FBD23168AC427C
:10AE900001EB0400786005D200233A803B81002159
:10AEA000F960F8BDD21A1B1B14443B803C81F96049
:10AEB000F8BD00233B803B817B60F0E7AB420DD8BF
:10AEC000ED1AACB27481002BF3D01A46D5E7AC1A58
:10AED000A4B274810028C8D11346CAE75C19A4B291
:10AEE0001A467481C6E71346CAE700BF2DE9F84F3A
:10AEF000374B0746984214BF4FF480234FF400238A
:10AF00000E46344D344C354A2B602360946833EA46
:10AF10000404FBD10620FAF7C3FC3946022351F89A
:10AF2000042F4FEA462E4FEAD65B704502EA03082B
:10AF300001F5405974EB0B02C9F8003011D34FEA08
:10AF4000965CB20201E05246AC460233B3F5807F14
:10AF500007D01EEB020A4BEB0C05904274EB0C0C75
:10AF6000F1D24FF48072C3EB03249446013A2DD002
:10AF7000B0FBF4F5AE42A4EB0304F6D20CFB03FCE9
:10AF8000120202243B613B4603253E6801F5005155
:10AF90007240B0FBFCF002F47F4207F5805CCCF815
:10AFA0000020C1F800807E68C9F8004053F8242BC7
:10AFB000264082F0070202F0CF0203F50053CCF8DE
:10AFC00000200E601D600C60BDE8F88F9C46D8E73D
:10AFD0000080084000200240003002400000024093
:10AFE0002DE9F047054606200C46FAF759FC29469C
:10AFF00002234FF0000951F8046F4FEA442E01F587
:10B0000040524FEAD45A7045136079EB0A0206EABF
:10B01000030611D34FEA945CA20201E04246BC460B
:10B020000233B3F5807F07D01EEB02084AEB0C0712
:10B03000904279EB0C0CF1D24FF48072C3EB032CED
:10B040001746013A17D0B0FBFCFEA645ACEB030C4B
:10B05000F6D903FB07F712022B612B6801F50051AB
:10B06000534003F47F4305F580552B60B0FBF7F0A8
:10B070000E60BDE8F0871F46EEE700BF70B5002503
:10B0800001260468002BE5668446616028469DF829
:10B0900010E0E66616DD5D1E616F1029FCD000B37E
:10B0A0000021A84204BF8EF0010641EA462141F486
:10B0B00080712161D4F88010616B490605D54FF08D
:10B0C000FF30636D8CF804E070BDA16F0029F1D0F2
:10B0D00021690130834202F8011BF3D0DCF8004003
:10B0E000DAE79CF804108902DBE700BF2DE9F041A4
:10B0F0000024012794460268B3F1000ED466054689
:10B10000516020469DF81860D7661DDD297977408B
:10B1100089027F020EF1FF34A0420CBFB8464FF007
:10B1200000081CF8013B0B4343EA08031361536B0F
:10B13000D906FCD5D2F8801049B9A0421CD0013004
:10B1400086454FF00001E7D12E71BDE8F0814FF048
:10B150000108536D536B9B05FCD5136EB8F1000FBE
:10B16000EDD069B1CB070BD411F0080F08BF4FF039
:10B17000FF302E71BDE8F081002EE0D1B046E9E746
:10B180004FF0FF30E0E700BF10B49DF80440019499
:10B190005DF8044BFFF7AABF10B49DF8044001947A
:10B1A0005DF8044BFFF76ABF11F0FF01034600F0A2
:10B1B000030239D08ABB10B501EB012E02680EEBF9
:10B1C0000E4EA2F101338EEA020423EA0203A4F137
:10B1D000013222EA0402134313F0803F0FD150F8EA
:10B1E000044F84EA0E0CA4F10133ACF1013223EADE
:10B1F000040322EA0C02134313F0803FEFD00378DC
:10B2000023B936E010F8013F002B32D09942F9D132
:10B2100010BD8A4228D09A0729D01A7818460133DF
:10B22000002AF6D110467047CAB90268A2F101336C
:10B2300023EA020313F0803F08D150F8042FA2F153
:10B24000013323EA020313F0803FF6D003785BB1A9
:10B2500010F8013F002BFBD17047990705D0184625
:10B2600013F8012B002AF8D170471846DDE718467D
:10B27000A1E7184610BD00BF38B511F0FF040CD08F
:10B280000346002501E0431C054621461846FFF70A
:10B290008BFF0028F7D1284638BD2146BDE838404D
:10B2A000FFF782BF20F0030110F00300C0F100009F
:10B2B00051F8043B00F1040C4FEACC0C6FF0000293
:10B2C0001CBF22FA0CF213434FF0010C4CEA0C2C79
:10B2D0004CEA0C4CA3EB0C0222EA030212EACC1259
:10B2E00004BF51F8043B0430F4D0C2F1000102EA7B
:10B2F0000102B2FA82F2C2F11F0200EBD2007047E3
:10B300005FF800F0AD0200205FF800F0BD0C0020F7
:10B310005FF800F0610D00205FF800F0650200208A
:10B320005FF800F0F50100205FF800F02D09002023
:10B330005FF800F0610C00205FF800F011010020C0
:10B340005FF800F0250500205FF800F02D020020D6
:10B350005FF800F07D080020815B0010F55A0010B6
:10B36000295B0010115C0010615B0010795A00101D
:10B37000A95B0010655A0010254D0010AD5B001050
:10B38000F9500010C55A0010955B0010455B001085
:0CB390002147001049470010F987001009
:10B3A0000A3D3D3D3D3D3D3D3D3D3D3D3D3D3D3D00
:10B3B0003D3D3D3D3D3D3D3D3D3D3D3D3D3D3D3DBD
:10B3C0003D3D3D3D3D3D3D3D3D3D00002020204477
:10B3D00058372052503233353020436F6E74726FBD
:10B3E0006C6C65722053797374656D20537461724F
:10B3F00074202020000000003D3D3D3D3D3D3D3D91
:10B400003D3D3D3D3D3D3D3D3D3D3D3D3D3D3D3D6C
:10B410003D3D3D3D3D3D3D3D3D3D3D3D3D3D3D3D5C
:10B420003D0000005B494E49545D20544654204481
:10B430006973706C61792E2E2E204F4B0000000036
:10B440005B494E49545D20456E636F6465722026EA
:10B45000205357202847503133292E2E2E204F4B72
:10B46000000000005B494E49545D20534420436175
:10B470007264205350492E2E2E204F4B00000000A6
:10B480005B494E49545D2053442053746F72616789
:10B4900065204D6F756E74656420537563636573C5
:10B4A0007366756C6C7921007468656D652E6366D2
:10B4B000670000002E535958000000005B574152AE
:10B4C0004E5D2053442053746F72616765204D6F49
:10B4D000756E74204661696C656421003D3D3D20B8
:10B4E000496E697469616C697A6174696F6E204331
:10B4F0006F6D706C657465203D3D3D0A0000000075
:10B500005B4556454E545D204D6F646520737769E9
:10B5100074636820747269676765726564210000EE
:10B520005B4D4F44455F5359535D205377697463B6
:10B5300068656420746F206D6F64653A2025640A25
:10B54000000000005B4D494449204F55545D2025C3
:10B550003032580A000000005B4D49444920494EF2
:10B56000205D20253032580A0000000059414D412D
:10B57000484100004458000053443A204469726531
:10B5800063746F727920276D617027206973207250
:10B59000656164792E0A0000232059616D6168613C
:10B5A0002044583720436F6E74726F6C6C65722044
:10B5B0005468656D6520436F6E6669677572617466
:10B5C000696F6E0A42475F434F4C4F523D307830AF
:10B5D0003030300A544558545F434F4C4F523D3041
:10B5E00078464646460A414343454E545F434F4CD6
:10B5F0004F523D3078303746460A4241525F42470B
:10B600005F434F4C4F523D3078313845330A424109
:10B61000525F544558545F434F4C4F523D3078462B
:10B620004646460A0000000053443A2043726561D2
:10B630007465642064656661756C74202774686540
:10B640006D652E636667272E0A0000006D61702FFE
:10B6500064656661756C742E6D61700023204465AD
:10B660006661756C74204D494449204343204D6107
:10B670007070696E672050726F66696C650A434826
:10B680003D310A43435F454E434F4445525F313D90
:10B6900031360A43435F454E434F4445525F323D86
:10B6A00031370A0053443A2043726561746564205F
:10B6B000276D61702F64656661756C742E6D6170A5
:10B6C000272E0A006D61702F6E75636C657573327D
:10B6D0002E6D617000000000232053534C204E75E6
:10B6E000636C6575732032204855492F4D49444994
:10B6F0002050726F66696C650A43483D320A4343C5
:10B700005F454E434F4445525F313D33320A434318
:10B710005F454E434F4445525F323D33330A00008C
:10B7200053443A204372656174656420276D6170EB
:10B730002F6E75636C657573322E6D6170272E0ADE
:10B74000000000005344206D6F756E746564210025
:10B750005344206D6F756E74206572723A202564B3
:10B760000A0000005344206D6F756E746564207389
:10B770007563636573732E0A000000005344206DE7
:10B780006F756E74206661696C6564210A00000043
:10B790002E2E205B55505D00257300002E737978A6
:10B7A000000000002E6D6964000000004F4B000097
:10B7B0002D2D000053443A25732043483A2530325A
:10B7C0006400000053595300525032333530204446
:10B7D0004941474E4F5354494353000046573A207E
:10B7E00076312E302E322020504F5745523A2025A8
:10B7F0002E3266560000000053443A204F4B20285A
:10B8000046696C65733A20256429000053443A2048
:10B810004E4F54204D4F554E54454400544F5543C0
:10B8200048504144204D41503A000000256400003A
:10B83000504C41590000000042414E4B3A20253007
:10B840003264202050415443483A2025303364006C
:10B85000452E5049414E4F2031000000535452496B
:10B860004E47532032000000462E424153532033AE
:10B87000000000005B53442042726F777365725D75
:10B880002053656C65637465643A205B25642F25DD
:10B89000645D2025730A000044656661756C742040
:10B8A0004458370053534C204E75636C65757332A2
:10B8B00000000000464154333220202000000000E8
:10B8C0002A2B2C3A3B3C3D3E5B5D7C223F7F0000B7
:10B8D0000A2A2A2A2050414E4943202A2A2A0A00AD
:10B8E0004E6F207370696E6C6F636B73206172654D
:10B8F00020617661696C61626C6500004E6F207535
:10B9000073657220495251732061726520617661BE
:10B91000696C61626C650000486172647761726590
:10B9200020616C61726D20256420616C72656164B8
:10B930007920636C61696D65640000004861726420
:10B94000206173736572740052656C656173650084
:10B95000626F6F74325F77323571303830000000BB
:10B96000322E332E300000007069636F3200000009
:10B970004458375F5250323335305F7570677261AB
:10B98000646500004A756C20323620323032360051
:10B99000666E692B00000000666E69006E616E00C5
:10B9A000666E692D00000000554152542073746486
:10B9B000696E000055415254207374646F757400B1
:10B9C0005541525420737464696E202F207374643F
:10B9D0006F75740055534220737464696E202F2074
:10B9E0007374646F75740000526173706265727273
:10B9F00079205069000000005069636F000000006A
:10BA0000426F6172642043444300000052657365D5
:10BA1000740000006275665F6374726C20402030B1
:10BA200078256C5820616C7265616479206176615B
:10BA3000696C61626C6500000008001C003E007FBC
:10BA400000FE00FE00FE00000000000000000000FC
:10BA5000008200C380E3C0F3E0FBFFFFE0FBC0F324
:10BA600080E300C3008200008002800780118025EF
:10BA7000804D809F804D80258011800780020000CE
:10BA800000000000F00FF00FF00FF00FF00FF00FBC
:10BA9000F00FF00F00000000008000C000E000F098
:10BAA00000F800FC00F800F000E000C0008000009A
:10BAB0000000000000000000000000000000001076
:10BAC00010101010001000000000002424240000BA
:10BAD0000000000000000012127E2424FC484800F0
:10BAE0000000103854503814147810000000006220
:10BAF00064081010204C8C000000002050502834A6
:10BB00004A443A0000000008080800000000000055
:10BB1000000004081010101010080400000020108D
:10BB200008080808081020000000001054381038D9
:10BB3000541000000000000010107C1010000000E5
:10BB400000000000000000000010102000000000B5
:10BB500000003800000000000000000000000000AD
:10BB60000010100000000002040408101020400023
:10BB70000000003844828282443800000000001037
:10BB800030501010107C00000000003844040810F1
:10BB9000207C0000000000384404180444380000F1
:10BBA000000000081828487E080800000000007CFB
:10BBB00040780404443800000000003844407844D1
:10BBC000443800000000007C040808101020000029
:10BBD0000000003844443844443800000000003875
:10BBE00044443C04443800000000000010100000F1
:10BBF00010100000000000001010000010102000C5
:10BC000000000004081020100804000000000000DC
:10BC1000003C003C00000000000000201008040868
:10BC2000102000000000003844040810001000003C
:10BC300000000038449AAA9A443800000000001816
:10BC400024427E4242E700000000007C42427C42E7
:10BC5000427C00000000003C42404040423C00006A
:10BC60000000007844424242447800000000007E18
:10BC700040407C40407E00000000007E40407C4010
:10BC8000404000000000003C42404E42423C000068
:10BC90000000004242427E4242E700000000003CB9
:10BCA00010101010103C00000000001E04040404DA
:10BCB00044380000000000424448704844E300005B
:10BCC0000000004040404040407E00000000004234
:10BCD000665A5A4242E700000000004262524A4659
:10BCE00042E70000000000182442424224180000ED
:10BCF0000000007C42427C404040000000000018F0
:10BD00002442424A261A00000000007C42427C4441
:10BD100042E300000000003C42403804423C000086
:10BD20000000007C101010101010000000000042F5
:10BD300042424242423C0000000000814242242430
:10BD4000181800000000004242425A5A66420000A1
:10BD500000000041221408142241000000000041AC
:10BD600022140808080800000000007E02040810E1
:10BD7000207E000050B800105CB8001068B80010B9
:10BD800098B80010160000008CBD00100E86001F31
:10BD9000416C676F726974686D00000000000000FC
:10BDA0000F870007466565646261636B00000000F1
:10BDB00000000000108800014F7363204B6579205C
:10BDC00053796E6300000000119000305472616E70
:10BDD00073706F736500000000000000128900633B
:10BDE0004C464F2053706565640000000000000061
:10BDF000138A00634C464F2044656C617900000053
:10BE000000000000148B00634C464F20506974639F
:10BE100068204D6F64000000158C00634C464F2075
:10BE2000416D70204D6F640000000000168E00050B
:10BE30004C464F205761766500000000000000006E
:10BE4000178D00074C464F20506974636820536576
:10BE50006E730000187800634F5031204F75747076
:10BE60007574000000000000196300634F50322019
:10BE70004F75747075740000000000001A4E006366
:10BE80004F5033204F75747075740000000000002F
:10BE90001B3900634F5034204F7574707574000067
:10BEA000000000001C2400634F5035204F75747053
:10BEB00075740000000000001D0F00634F50362015
:10BEC0004F75747075740000000000001E7A001F2A
:10BED0004F5031204672657120436F617273650067
:10BEE0001F65001F4F5032204672657120436F61FD
:10BEF000727365002150001F4F50332046726571E8
:10BF000020436F6172736500223B001F4F50342045
:10BF10004672657120436F61727365002326001FAE
:10BF20004F5035204672657120436F617273650012
:10BF30002411001F4F5036204672657120436F61F7
:10BF400072736500A4B800102000000050BF0010FC
:10BF5000017800634F5031204C6576656C0000001D
:10BF600000000000026300634F5032204C6576658C
:10BF70006C00000000000000034E00634F503320AF
:10BF80004C6576656C000000000000000439006319
:10BF90004F5034204C6576656C00000000000000B6
:10BFA000052400634F5035204C6576656C00000019
:10BFB00000000000060F00634F5036204C65766588
:10BFC0006C00000000000000117A001F4F5031206B
:10BFD000436F617273650000000000001265001F6E
:10BFE0004F503220436F6172736500000000000003
:10BFF0001350001F4F503320436F61727365000070
:10C0000000000000143B001F4F503420436F61724A
:10C0100073650000000000001526001F4F503520FA
:10C02000436F617273650000000000001611001F6D
:10C030004F503620436F61727365000000000000AE
:10C04000197B00634F50312046696E650000000087
:10C05000000000001A6600634F50322046696E658A
:10C0600000000000000000001B5100634F5033200F
:10C0700046696E6500000000000000001C3C006383
:10C080004F50342046696E6500000000000000003B
:10C090001D2700634F50352046696E650000000083
:10C0A000000000001E1200634F50362046696E6586
:10C0B0000000000000000000097C000E4F503120FD
:10C0C000446574756E650000000000000A67000E8C
:10C0D0004F503220446574756E650000000000000A
:10C0E0000B52000E4F503320446574756E6500008E
:10C0F000000000000C3D000E4F5034204465747564
:10C100006E650000000000000D28000E4F50352025
:10C11000446574756E650000000000000E13000E8B
:10C120004F503620446574756E65000000000000B5
:10C130000786001F416C676F726974686D000000AC
:10C140000000000017870007466565646261636B45
:10C150000000000000000000088900634C464F20EA
:10C16000537065656400000000000000188B0063D8
:10C170004C464F205069746368204D6F6400000086
:10C180000F8A00634C464F2044656C6179000000C3
:10C19000000000001F8E00054C464F205761766559
:10C1A000666F726D00000000109000305472616E76
:10C1B00073706F73650000000000000020880001AC
:10C1C0004F7363204B65792053796E630000000044
:10C1D00006005250D3F0754248B900100600525084
:10C1E000E182887F50B9001006005250ABB3605313
:10C1F00060B9001006005250BBFF3CB668B9001091
:10C2000006005250861C030270B9001006005250FE
:10C210005422A29D84B9001005005250DE65F468D6
:10C22000D8D3001000000000000000000000F03F24
:10C230000000000000002440000000000000594001
:10C240000000000000408F40000000000088C34054
:10C2500000000000006AF8400000000080842E41C9
:10C2600000000000D01263410000000084D7974115
:10C270000000000065CDCD410D0A000006005250BF
:10C2800053B4F4A1C0B900100800525012000000CD
:10C2900008005250921000000600525053B4F4A10E
:10C2A000D4B9001000000000E8B90010F8B900107F
:10C2B0000424002000BA00100CBA00100902540037
:10C2C000030100807D080B00020202000009040047
:10C2D00000010202000405240020010524010001E0
:10C2E0000424020605240600010705810308000155
:10C2F00009040100020A00000007050202400000D4
:10C30000070582024000000904020000FF00010549
:10C3100012011002EF0201408A2E09000001010201
:10C32000030100000A00000000000306A600080048
:10C33000020002009C001400030057494E5553426E
:10C340000000000000000000000080000400010068
:10C35000280044006500760069006300650049001C
:10C360006E00740065007200660061006300650085
:10C37000470055004900440000004E007B00620069
:10C3800063003700330039003800630031002D00AE
:10C3900037003300630064002D0034006300620046
:10C3A00037002D0039003800620038002D003900B8
:10C3B000310033006100380066006300610037001F
:10C3C0006200660036007D0000000000050F2100BD
:10C3D000011C100500DF60DDD88945C74C9CD26583
:10C3E0009D9E648A9F00000306A6000100000000D5
:10C3F00000000000AD89001000000000B1890010AD
:10C40000BD890010E9890010E589001000000000D6
:10C41000000000000000000061A20010C1A2001096
:10C42000C5A20010E5A2001035A40010D9A4001088
:10C43000000000000000000000202020202020201C
:10C4400020202828282828202020202020202020C4
:10C4500020202020202020202088101010101010D4
:10C460001010101010101010100404040404040420
:10C4700004040410101010101010414141414141BA
:10C48000010101010101010101010101010101019C
:10C4900001010101101010101010424242424242AC
:10C4A000020202020202020202020202020202026C
:10C4B0000202020210101010200000000000000014
:10C4C000000000000000000000000000000000006C
:10C4D000000000000000000000000000000000005C
:10C4E000000000000000000000000000000000004C
:10C4F000000000000000000000000000000000003C
:10C50000000000000000000000000000000000002B
:10C51000000000000000000000000000000000001B
:10C52000000000000000000000000000000000000B
:0CC53000000000000000000000000000FF
:08C53C002044FF0F0100000084
:10C54400D0C10010DCC10010E8C10010F4C100101B
:10C5540000C200100CC2001018C2001090C20010DB
:0CC5640088C200107CC2001098C20010B9
:10C57000034600B50268EFF3108C72B6D2E8CFEF35
:10C580000120BEF1000FF9D1C2E84E0FBEF1000F3D
:10C59000F4D1BFF35F8F93F90420002A0ADB01B1C5
:10C5A0000A60002000221B68C3E88F2F8CF31088DC
:10C5B0005DF804FB4FF05042126801201A71F1E758
:10C5C0004FF050412DE9F8430027044616461D461A
:10C5D000DFF87C90D1F800802168EFF3108272B60A
:10C5E000D1E8CF0F01230028FAD1C1E8403F00284D
:10C5F000F6D1BFF35F8F94F90430002B1DDB99F85F
:10C6000000C023685FFA8CFCC3E88F7F82F3108838
:10C6100099F80030634508D03046294600F050FEB6
:10C620000028D9D00020BDE8F88320BF3046294635
:10C6300000F046FE0028CFD0F4E70023216884F8FC
:10C640000480C1E88F3F82F310880120BDE8F883A1
:10C650002024002070B582B001A9064615461C466C
:10C66000FFF786FF38B94FF050439DF9042093F946
:10C6700000309A4201D102B070BD2A4623463046AE
:10C6800002B0BDE87040FFF79BBF00BF70B5054624
:10C690000C4600F011FE02460B464FF47A704FF044
:10C6A000FF3E6FF0004CE4FB002396457CEB03015A
:10C6B00038BF72462846BDE8704038BF6346FFF772
:10C6C0007FBF00BF0368EFF3108172B6D3E8CFCF0E
:10C6D0000122BCF1000FF9D1C3E84C2FBCF1000FCF
:10C6E000F4D1BFF35F8F4FF0FF0C074A80F804C00E
:10C6F00013780133DBB2137000230268C2E88F3F66
:10C7000081F3108840BF7047202400202DE9F041BC
:10C7100043780446023B0E4684B0052B0CD8DFE874
:10C7200013F0A2003E009B00DA000600A900904A28
:10C7300013780133DBB213708E4B1D68AB69EFF3D6
:10C74000108272B6D3E8CF0F01210028FAD1C3E8D6
:10C75000401F0028F6D1BFF35F8F2846EA6100230F
:10C76000214630F8042B00F0AFFD0023AA69C2E88F
:10C770008F3FEB6983F3108848B94FF0E023D3F87B
:10C78000F03DDB0708D500BE04B0BDE8F0813246BD
:10C790006178207800F08CFD04B0BDE8F081764F20
:10C7A0003978FF2918D000252A46DFF8D481914234
:10C7B00005EBC5000AD9D8F8003013EB800305D08B
:10C7C0001B6A1BB1616820789847397801354B1C8A
:10C7D000DBB2EAB29342EAD8684FBB7D002B40F04F
:10C7E0008280BB7EDA07D7D503230027614A2178F0
:10C7F000156862688DF804108DF80530AB69CDF8C6
:10C800000670CDF80A70ADF80E700292EFF3108248
:10C8100072B6D3E8CF0F01210028FAD1C3E8401F38
:10C820000028F6D1BFF35F8F28463B46EA6101A995
:10C8300030F8042B00F048FDAB69C3E88F7FEB694B
:10C8400083F31088002898D032469DF805109DF893
:10C85000040000F02DFD9FE7484B1A7D002A9BD075
:10C8600001229A7568E70022444B1A751A765A75A8
:10C870009A7561E7017911F00F033FF45DAF3F4D09
:10C880003D4A05EB430505EBD11595F82B301278A1
:10C890009A427FF651AF3A4A03EBC303126812EB98
:10C8A00083023FF449AFD769002F3FF445AF95F8B5
:10C8B0004B3003F0FA0385F84B30836842790078F7
:10C8C000B84700287FF468AF95F84B3043F0050374
:10C8D00085F84B3030E7294B1A7D002A3FF45CAFD6
:10C8E00000229A7528E700250523BD758DF80530CF
:10C8F0002378ADF80E508DF804301E4BCDF806505D
:10C90000D3F80080CDF80A50D8F81830EFF3108231
:10C9100072B6D3E8CF0F01210028FAD1C3E8401F37
:10C920000028F6D1BFF35F8F40462B46C8F81C2085
:10C9300001A930F8042B00F0C7FCD8F81830C3E880
:10C940008F5FD8F81C3083F3108840B94FF0E02394
:10C95000D3F8F03DD9077FF544AF00BE41E732463A
:10C960009DF805109DF8040000F0A2FC39E700BF17
:10C970001A2400204013002018240020D012002088
:10C9800004110020844610466AB3013900B501EB5A
:10C99000020EDCF80C309B07FBD511F8013F8E45E9
:10C9A000CCF80830F5D1DCF80C30590705D5DCF8A7
:10C9B0000830DCF80C305907F9D4DCF80C30DA0612
:10C9C00006D5DCF80C30DA06F7D401E0DCF80830E4
:10C9D000DCF80C305B07F9D40123CCF820305DF88B
:10C9E00004FBDCF80830DCF80C305907F9D4DCF82B
:10C9F0000C30DA0606D5DCF80C30DA06F7D401E0A4
:10CA0000DCF80830DCF80C305B07F9D40123CCF8F3
:10CA10002030704781F0004102E000BF83F0004306
:10CA200030B54FEA41044FEA430594EA050F08BFC9
:10CA300090EA020F1FBF54EA000C55EA020C7FEA8D
:10CA4000645C7FEA655C00F0E2804FEA5454D4EB0A
:10CA50005555B8BF6D420CDD2C4480EA020281EAD4
:10CA6000030382EA000083EA010180EA020281EA0C
:10CA70000303362D88BF30BD11F0004F4FEA01315E
:10CA80004FF4801C4CEA113102D0404261EB41016D
:10CA900013F0004F4FEA03334CEA133302D05242F3
:10CAA00063EB430394EA050F00F0A780A4F10104AF
:10CAB000D5F1200E0DDB02FA0EFC22FA05F28018E9
:10CAC00041F1000103FA0EF2801843FA05F35941CF
:10CAD0000EE0A5F120050EF1200E012A03FA0EFC4E
:10CAE00028BF4CF0020C43FA05F3C01851EBE37178
:10CAF00001F0004507D54FF0000EDCF1000C7EEB95
:10CB000000006EEB0101B1F5801F1BD3B1F5001FD2
:10CB10000CD349085FEA30004FEA3C0C04F10104F1
:10CB20004FEA445212F5800F80F09A80BCF1004F1A
:10CB300008BF5FEA500C50F1000041EB045141EA9C
:10CB4000050130BD5FEA4C0C404141EB0101013C65
:10CB500028BFB1F5801FE9D291F0000F04BF014654
:10CB60000020B1FA81F308BF2033A3F10B03B3F126
:10CB700020020CDA0C3208DD02F1140CC2F10C02B6
:10CB800001FA0CF021FA02F10CE002F11402D8BF14
:10CB9000C2F1200C01FA02F120FA0CFCDCBF41EAE0
:10CBA0000C019040E41AA2BF01EB0451294330BDAF
:10CBB0006FEA04041F3C1CDA0C340EDC04F114048C
:10CBC000C4F1200220FA04F001FA02F340EA030063
:10CBD00021FA04F345EA030130BDC4F10C04C4F1A9
:10CBE000200220FA02F001FA04F340EA0300294689
:10CBF00030BD21FA04F0294630BD94F0000F83F4D3
:10CC0000801306BF81F480110134013D4EE77FEAB5
:10CC1000645C18BF7FEA655C29D094EA050F08BF01
:10CC200090EA020F05D054EA000C04BF19461046E2
:10CC300030BD91EA030F1EBF0021002030BD5FEA26
:10CC4000545C05D14000494128BF41F0004130BD4E
:10CC500014F580043CBF01F5801130BD01F00045A2
:10CC600045F0FE4141F470014FF0000030BD7FEA15
:10CC7000645C1ABF194610467FEA655C1CBF0B4610
:10CC8000024650EA013406BF52EA033591EA030F27
:10CC900041F4002130BD00BF90F0000F04BF00211F
:10CCA000704730B54FF4806404F132044FF0000552
:10CCB0004FF0000150E700BF90F0000F04BF0021CB
:10CCC000704730B54FF4806404F1320410F0004531
:10CCD00048BF40424FF000013EE700BF42004FEA2C
:10CCE000E2014FEA31014FEA02701FBF12F07F43A9
:10CCF00093F07F4F81F06051704732F07F4208BF60
:10CD0000704793F07F4F04BF41F40021704730B566
:10CD10004FF4607401F0004521F000411CE700BFB2
:10CD200050EA010208BF704730B54FF000050AE035
:10CD300050EA010208BF704730B511F0004502D536
:10CD4000404261EB41014FF4806404F132045FEA38
:10CD5000915C3FF4D8AE4FF003025FEADC0C18BFE1
:10CD600003325FEADC0C18BF033202EBDC02C2F1D3
:10CD7000200300FA03FC20FA02F001FA03FE40EA65
:10CD80000E0021FA02F11444BDE600BF53B94AB9BE
:10CD9000002908BF00281CBF4FF0FF314FF0FF30C3
:10CDA00000F08CB9ADF1080C6DE904CE00F006F886
:10CDB000DDF804E0DDE9022304B070472DE9F04F0F
:10CDC000099D0E4604460F46002B47D18A429446E1
:10CDD000B2FA82F35AD943B102FA03FCC3F120023A
:10CDE0009F409C4020FA02F217434FEA1C461FFA6C
:10CDF0008CFE220CB7FBF6F106FB117701FB0EF05F
:10CE000042EA0742904208D91CEB020201F1FF37C7
:10CE100002D2904200F23C813946121AA4B2B2FB0F
:10CE2000F6F006FB102200FB0EFE44EA0244A64583
:10CE300008D91CEB040400F1FF3202D2A64500F22F
:10CE40002A81104640EA0140A4EB0E0400211DB1E6
:10CE5000DC400023C5E90043BDE8F08F8B4205D9D3
:10CE60000DB1C5E9000100210846F5E7B3FA83F1E9
:10CE700000294FD1B342C0F00281824240F2FF80CC
:10CE80000846002DE8D0C5E90047E5E7002B40F053
:10CE9000AF808A1A4FEA1C4E1FFA8CF70121B2FBB1
:10CEA000FEF60EFB1620220C42EA004207FB06F0BB
:10CEB00090420FD91CEB020206F1FF382CBF4FF055
:10CEC00001094FF00009904203D9B9F1000F00F0B9
:10CED000DC804646121AA4B2B2FBFEF00EFB102212
:10CEE00000FB07F744EA0244A7420FD91CEB0404F5
:10CEF00000F1FF322CBF4FF0010E4FF0000EA742A1
:10CF000003D9BEF1000F00F0C9801046E41B40EACF
:10CF100006409CE7C1F120048B4006FA01FC00FAB0
:10CF200001FE22FA04F7E6408A401F4320FA04F388
:10CF30004FEA174843EA0C031FFA87FC4FEA1349EC
:10CF4000B6FBF8F008FB106649EA064600FB0CF950
:10CF5000B1450ED9BE1900F1FF3A2CBF4FF0010BBD
:10CF60004FF0000BB14503D9BBF1000F00F0A280D8
:10CF70005046A6EB09061FFA83F9B6FBF8F308FB47
:10CF8000136603FB0CFC49EA0646B4450ED9BE19EC
:10CF900003F1FF382CBF4FF001094FF00009B445F1
:10CFA00003D9B9F1000F00F08280434643EA004004
:10CFB000A6EB0C06A0FB028C66454346E14602D375
:10CFC00007D1C64505D2B8EB02036CEB070C01385C
:10CFD000E1465DB1BEEB030266EB090606FA04F416
:10CFE00022FA01F3CE401C43C5E90046002133E795
:10CFF00002FA03FCC3F1200299409C40D6404FEA5C
:10D000001C4E20FA02F21FFA8CF7B6FBFEF00A4320
:10D010000EFB1066110C41EA064100FB07F68E423A
:10D020000ED91CEB010100F1FF382CBF4FF00109B4
:10D030004FF000098E4202D9B9F1000F34D04046BA
:10D04000891B92B2B1FBFEF60EFB161142EA0142B9
:10D0500006FB07F191420ED91CEB020206F1FF38E4
:10D060002CBF4FF001094FF00009914202D9B9F1EC
:10D07000000F16D04646521A46EA00410FE7841ABE
:10D0800066EB030201201746FBE6023E624421E7FD
:10D0900002396244C1E664440238D3E6644402388B
:10D0A00034E7023E6244E6E702386144C8E7023BE7
:10D0B0003E447BE702383E445BE700BF704700BF59
:10D0C000032A30B415D941EA000484460B46A4076C
:10D0D00004D0541E0FE0043A032A08D919466046CA
:10D0E00053F8044B5CF8045BA542F4D0F1E76046CA
:10D0F0001946541E7AB1431E0139021901E09A42C1
:10D1000009D013F8010F11F801CF6045F7D0A0EB5B
:10D110000C0030BC7047002030BC704770B58607EB
:10D1200047D0541E002A3ED0CAB2034601E0013C5B
:10D1300039D303F8012B9D07F9D1032C2CD9CDB29B
:10D140000F2C05EB052505EB054535D9A4F1100C91
:10D1500003F1100E1A462CF00F064FEA1C1CB644C1
:10D16000C2E90055C2E9025510327245F8D10CF1FE
:10D17000010214F00C0F04F00F0C03EB021213D099
:10D18000ACF1040323F003030433134442F8045BBB
:10D190009342FBD10CF003042CB1C9B21C4403F838
:10D1A000011BA342FBD170BD64461346002CF4D191
:10D1B000F9E703461446C0E71A46A446E0E700BF75
:10D1C000844641EA000313F0030349D1403A23D3D4
:10D1D0000B6803604B6843608B688360CB68C360F7
:10D1E0000B6903614B6943618B698361CB69C361DF
:10D1F0000B6A03624B6A43628B6A8362CB6AC362C7
:10D200000B6B03634B6B43638B6B8363CB6BC363AE
:10D2100040304031403ADBD230320BD30B680360F0
:10D220004B6843608B688360CB68C36010301031FB
:10D23000103AF3D20C3205D351F8043B40F8043BCA
:10D24000043AF9D2043208D0D2071CBF11F8013BCE
:10D2500000F8013B01D30B8803806046704700BF94
:10D26000082A13D38B07B1D010F00303AED0C3F15B
:10D270000403D21ADB071CBF11F8013B00F8013B85
:10D28000A4D331F8023B20F8023B9FE7043AD9D3FC
:10D29000013A11F8013B00F8013BF9D20B78037019
:10D2A0004B7843708B7883706046704700000000B5
:10D2B0005FF800F08D9500105FF800F03156001017
:10D2C0005FF800F0295500105FF800F0F1AC001095
:10D2D000010100000000FFFFFF07E318E0CD01108F
:10D2E000000000000000010000000000000000003D
:10D2F0000000020000000000000000000000030029
:10D300000000000000000000000004000000000019
:10D310000000000000000500000000000000000008
:10D320000000FF000000000001B5486801318E4692
:10D330000047704609380149884701BD1D4C00105F
:10D34000FFFFFFFFFFFFFF7F000000000000000065
:10D35000000000000000000000000000700F00202E
:10D36000658100106D820010B58100107D82001073
:10D370000000000000010000C5840010718400104E
:10D38000E983001059830010000000000001000034
:10D390000C00000044130020C0000000000000004A
:10D3A000000000000000000000000000000000007D
:10D3B000FF00000000000940000000000000000025
:04D3C0000000000069
:10D3C400D3DEFFFFFE010000FF010000742DFFFF0C
:04D3D400793512ABEA
:040000051000014D99
:00000001FF
