
/Users/vladistone/MyTools/Pico/projects/DX7_RP2350/build/DX7_RP2350_upgrade.elf:     file format elf32-littlearm

Sections:
Idx Name          Size      VMA       LMA       File off  Algn
  0 .text         0000b39c  10000000  10000000  00001000  2**3
                  CONTENTS, ALLOC, LOAD, READONLY, CODE
  1 .rodata       0000119c  1000b3a0  1000b3a0  0000c3a0  2**3
                  CONTENTS, ALLOC, LOAD, READONLY, DATA
  2 .ARM.exidx    00000008  1000c53c  1000c53c  0000d53c  2**2
                  CONTENTS, ALLOC, LOAD, READONLY, DATA
  3 .binary_info  0000002c  1000c544  1000c544  0000d544  2**2
                  CONTENTS, ALLOC, LOAD, READONLY, DATA
  4 .psram_load   00000000  11000000  11000000  0000f3d8  2**0
                  CONTENTS
  5 .psram_noload 00000000  11000000  11000000  0000f3d8  2**0
                  CONTENTS
  6 .xip_ram      00000000  13ffc000  13ffc000  0000f3d8  2**0
                  CONTENTS
  7 .ram_vector_table 00000110  20000000  20000000  00010000  2**2
                  ALLOC
  8 .uninitialized_data 00000000  20000110  20000110  0000f3d8  2**0
                  CONTENTS
  9 .data         00000e54  20000110  1000c570  0000e110  2**3
                  CONTENTS, ALLOC, LOAD, READONLY, CODE
 10 .tdata        00000000  20000f64  20000f64  0000f3d8  2**0
                  CONTENTS, ALLOC, LOAD, DATA, THREAD_LOCAL
 11 .tbss         00000000  20000f64  20000f64  00000000  2**0
                  ALLOC, THREAD_LOCAL
 12 .tbss_space   00000000  20000f64  20000f64  0000f3d8  2**0
                  CONTENTS
 13 .bss          000014bc  20000f68  1000d3c4  0000ff68  2**3
                  ALLOC
 14 .tls0         00000000  20002424  20002424  0000f3d8  2**0
                  CONTENTS
 15 .tls1         00000000  20002424  20002424  0000f3d8  2**0
                  CONTENTS
 16 .persistent_data 00000000  20002424  20002424  0000f3d8  2**0
                  CONTENTS
 17 .dummy_pre_heap 00000000  20002424  20002424  0000f3d8  2**0
                  CONTENTS
 18 .heap         00000800  20002424  20002424  0000f424  2**2
                  ALLOC, READONLY
 19 .scratch_x    00000000  20080000  20080000  0000f3d8  2**0
                  CONTENTS
 20 .scratch_y    00000000  20081000  20081000  0000f3d8  2**0
                  CONTENTS
 21 .stack_dummy  00000800  20081000  20081000  00010000  2**5
                  ALLOC, READONLY
 22 .flash_end    00000014  1000d3c4  1000d3c4  0000f3c4  2**2
                  CONTENTS, ALLOC, LOAD, READONLY, DATA
 23 .debug_info   00057ad7  00000000  00000000  0000f3d8  2**0
                  CONTENTS, READONLY, DEBUGGING, OCTETS
 24 .debug_abbrev 0000bfa3  00000000  00000000  00066eaf  2**0
                  CONTENTS, READONLY, DEBUGGING, OCTETS
 25 .debug_loclists 0002a3a9  00000000  00000000  00072e52  2**0
                  CONTENTS, READONLY, DEBUGGING, OCTETS
 26 .debug_aranges 00001990  00000000  00000000  0009d200  2**3
                  CONTENTS, READONLY, DEBUGGING, OCTETS
 27 .debug_rnglists 0000622b  00000000  00000000  0009eb90  2**0
                  CONTENTS, READONLY, DEBUGGING, OCTETS
 28 .debug_line   00034b2d  00000000  00000000  000a4dbb  2**0
                  CONTENTS, READONLY, DEBUGGING, OCTETS
 29 .debug_str    0000bc85  00000000  00000000  000d98e8  2**0
                  CONTENTS, READONLY, DEBUGGING, OCTETS
 30 .comment      00000038  00000000  00000000  000e556d  2**0
                  CONTENTS, READONLY
 31 .ARM.attributes 00000036  00000000  00000000  000e55a5  2**0
                  CONTENTS, READONLY
 32 .debug_frame  00004598  00000000  00000000  000e55dc  2**2
                  CONTENTS, READONLY, DEBUGGING, OCTETS
 33 .debug_line_str 000000e8  00000000  00000000  000e9b74  2**0
                  CONTENTS, READONLY, DEBUGGING, OCTETS

/Users/vladistone/MyTools/Pico/projects/DX7_RP2350/build/DX7_RP2350_upgrade.elf:     file format elf32-littlearm


Disassembly of section .text:

10000000 <__VECTOR_TABLE>:
10000000:	20082000 	.word	0x20082000
10000004:	1000015b 	.word	0x1000015b
10000008:	1000011b 	.word	0x1000011b
1000000c:	1000011d 	.word	0x1000011d
10000010:	10000111 	.word	0x10000111
10000014:	10000111 	.word	0x10000111
10000018:	10000111 	.word	0x10000111
1000001c:	10000111 	.word	0x10000111
10000020:	10000119 	.word	0x10000119
10000024:	10000119 	.word	0x10000119
10000028:	10000119 	.word	0x10000119
1000002c:	1000011f 	.word	0x1000011f
10000030:	10000111 	.word	0x10000111
10000034:	10000119 	.word	0x10000119
10000038:	10000121 	.word	0x10000121
1000003c:	10000123 	.word	0x10000123
10000040:	10000111 	.word	0x10000111
10000044:	10000111 	.word	0x10000111
10000048:	10000111 	.word	0x10000111
1000004c:	10000111 	.word	0x10000111
10000050:	10000111 	.word	0x10000111
10000054:	10000111 	.word	0x10000111
10000058:	10000111 	.word	0x10000111
1000005c:	10000111 	.word	0x10000111
10000060:	10000111 	.word	0x10000111
10000064:	10000111 	.word	0x10000111
10000068:	10000111 	.word	0x10000111
1000006c:	10000111 	.word	0x10000111
10000070:	10000111 	.word	0x10000111
10000074:	10000111 	.word	0x10000111
10000078:	10000111 	.word	0x10000111
1000007c:	10000111 	.word	0x10000111
10000080:	10000111 	.word	0x10000111
10000084:	10000111 	.word	0x10000111
10000088:	10000111 	.word	0x10000111
1000008c:	10000111 	.word	0x10000111
10000090:	10000111 	.word	0x10000111
10000094:	10000111 	.word	0x10000111
10000098:	10000111 	.word	0x10000111
1000009c:	10000111 	.word	0x10000111
100000a0:	10000111 	.word	0x10000111
100000a4:	10000111 	.word	0x10000111
100000a8:	10000111 	.word	0x10000111
100000ac:	10000111 	.word	0x10000111
100000b0:	10000111 	.word	0x10000111
100000b4:	10000111 	.word	0x10000111
100000b8:	10000111 	.word	0x10000111
100000bc:	10000111 	.word	0x10000111
100000c0:	10000111 	.word	0x10000111
100000c4:	10000111 	.word	0x10000111
100000c8:	10000111 	.word	0x10000111
100000cc:	10000111 	.word	0x10000111
100000d0:	10000111 	.word	0x10000111
100000d4:	10000111 	.word	0x10000111
100000d8:	10000111 	.word	0x10000111
100000dc:	10000111 	.word	0x10000111
100000e0:	10000111 	.word	0x10000111
100000e4:	10000111 	.word	0x10000111
100000e8:	10000111 	.word	0x10000111
100000ec:	10000111 	.word	0x10000111
100000f0:	10000111 	.word	0x10000111
100000f4:	10000111 	.word	0x10000111
100000f8:	10000111 	.word	0x10000111
100000fc:	10000111 	.word	0x10000111
10000100:	10000111 	.word	0x10000111
10000104:	10000111 	.word	0x10000111
10000108:	10000111 	.word	0x10000111
1000010c:	10000111 	.word	0x10000111

10000110 <__unhandled_user_irq>:
10000110:	f3ef 8005 	mrs	r0, IPSR
10000114:	3810      	subs	r0, #16

10000116 <unhandled_user_irq_num_in_r0>:
10000116:	be00      	bkpt	0x0000

10000118 <isr_invalid>:
10000118:	be00      	bkpt	0x0000

1000011a <isr_nmi>:
1000011a:	be00      	bkpt	0x0000

1000011c <isr_hardfault>:
1000011c:	be00      	bkpt	0x0000

1000011e <isr_svcall>:
1000011e:	be00      	bkpt	0x0000

10000120 <isr_pendsv>:
10000120:	be00      	bkpt	0x0000

10000122 <isr_systick>:
10000122:	be00      	bkpt	0x0000

10000124 <__default_isrs_end>:
10000124:	7188ebf2 	.word	0x7188ebf2
10000128:	1000c544 	.word	0x1000c544
1000012c:	1000c570 	.word	0x1000c570
10000130:	1000019c 	.word	0x1000019c
10000134:	e71aa390 	.word	0xe71aa390

10000138 <__binary_info_header_end>:
10000138:	ffffded3 	.word	0xffffded3
1000013c:	10210142 	.word	0x10210142
10000140:	000001ff 	.word	0x000001ff
10000144:	0000d28c 	.word	0x0000d28c
10000148:	ab123579 	.word	0xab123579

1000014c <_entry_point>:
1000014c:	2000      	movs	r0, #0

1000014e <_enter_vtable_in_r0>:
1000014e:	491e      	ldr	r1, [pc, #120]	@ (100001c8 <data_cpy_table+0x2c>)
10000150:	6008      	str	r0, [r1, #0]
10000152:	c806      	ldmia	r0!, {r1, r2}
10000154:	f381 8808 	msr	MSP, r1
10000158:	4710      	bx	r2

1000015a <_reset_handler>:
1000015a:	f04f 4050 	mov.w	r0, #3489660928	@ 0xd0000000
1000015e:	6800      	ldr	r0, [r0, #0]
10000160:	b108      	cbz	r0, 10000166 <hold_non_core0_in_bootrom+0x4>

10000162 <hold_non_core0_in_bootrom>:
10000162:	2000      	movs	r0, #0
10000164:	e7f3      	b.n	1000014e <_enter_vtable_in_r0>
10000166:	a40d      	add	r4, pc, #52	@ (adr r4, 1000019c <data_cpy_table>)
10000168:	cc0e      	ldmia	r4!, {r1, r2, r3}
1000016a:	2900      	cmp	r1, #0
1000016c:	d002      	beq.n	10000174 <hold_non_core0_in_bootrom+0x12>
1000016e:	f000 f812 	bl	10000196 <data_cpy>
10000172:	e7f9      	b.n	10000168 <hold_non_core0_in_bootrom+0x6>
10000174:	4915      	ldr	r1, [pc, #84]	@ (100001cc <data_cpy_table+0x30>)
10000176:	4a16      	ldr	r2, [pc, #88]	@ (100001d0 <data_cpy_table+0x34>)
10000178:	2000      	movs	r0, #0
1000017a:	e000      	b.n	1000017e <bss_fill_test>

1000017c <bss_fill_loop>:
1000017c:	c101      	stmia	r1!, {r0}

1000017e <bss_fill_test>:
1000017e:	4291      	cmp	r1, r2
10000180:	d1fc      	bne.n	1000017c <bss_fill_loop>

10000182 <platform_entry>:
10000182:	4914      	ldr	r1, [pc, #80]	@ (100001d4 <data_cpy_table+0x38>)
10000184:	4788      	blx	r1
10000186:	4914      	ldr	r1, [pc, #80]	@ (100001d8 <data_cpy_table+0x3c>)
10000188:	4788      	blx	r1
1000018a:	4914      	ldr	r1, [pc, #80]	@ (100001dc <data_cpy_table+0x40>)
1000018c:	4788      	blx	r1
1000018e:	be00      	bkpt	0x0000
10000190:	e7fd      	b.n	1000018e <platform_entry+0xc>

10000192 <data_cpy_loop>:
10000192:	c901      	ldmia	r1!, {r0}
10000194:	c201      	stmia	r2!, {r0}

10000196 <data_cpy>:
10000196:	429a      	cmp	r2, r3
10000198:	d3fb      	bcc.n	10000192 <data_cpy_loop>

1000019a <data_cpy_done>:
1000019a:	4770      	bx	lr

1000019c <data_cpy_table>:
1000019c:	1000c570 	.word	0x1000c570
100001a0:	20000110 	.word	0x20000110
100001a4:	20000f64 	.word	0x20000f64
100001a8:	1000d3c4 	.word	0x1000d3c4
100001ac:	20080000 	.word	0x20080000
100001b0:	20080000 	.word	0x20080000
100001b4:	1000d3c4 	.word	0x1000d3c4
100001b8:	20081000 	.word	0x20081000
100001bc:	20081000 	.word	0x20081000
100001c0:	00000000 	.word	0x00000000
100001c4:	4770      	bx	lr
100001c6:	0000      	.short	0x0000
100001c8:	e000ed08 	.word	0xe000ed08
100001cc:	20000f64 	.word	0x20000f64
100001d0:	20002424 	.word	0x20002424
100001d4:	10007d69 	.word	0x10007d69
100001d8:	100001e1 	.word	0x100001e1
100001dc:	10007d61 	.word	0x10007d61

100001e0 <main>:
100001e0:	e92d 4ff0 	stmdb	sp!, {r4, r5, r6, r7, r8, r9, sl, fp, lr}
100001e4:	b085      	sub	sp, #20
100001e6:	f007 fee3 	bl	10007fb0 <stdio_init_all>
100001ea:	f44f 707a 	mov.w	r0, #1000	@ 0x3e8
100001ee:	f005 f985 	bl	100054fc <sleep_ms>
100001f2:	4867      	ldr	r0, [pc, #412]	@ (10000390 <main+0x1b0>)
100001f4:	f007 ff26 	bl	10008044 <__wrap_puts>
100001f8:	4866      	ldr	r0, [pc, #408]	@ (10000394 <main+0x1b4>)
100001fa:	f007 ff23 	bl	10008044 <__wrap_puts>
100001fe:	4866      	ldr	r0, [pc, #408]	@ (10000398 <main+0x1b8>)
10000200:	f007 ff20 	bl	10008044 <__wrap_puts>
10000204:	2017      	movs	r0, #23
10000206:	f004 f9b9 	bl	1000457c <gpio_init>
1000020a:	f04f 0500 	mov.w	r5, #0
1000020e:	2017      	movs	r0, #23
10000210:	ec45 0044 	gpioc_bit_oe_put r0, r5
10000214:	2200      	movs	r2, #0
10000216:	2101      	movs	r1, #1
10000218:	f004 f98c 	bl	10004534 <gpio_set_pulls>
1000021c:	2018      	movs	r0, #24
1000021e:	f004 f9ad 	bl	1000457c <gpio_init>
10000222:	f04f 0401 	mov.w	r4, #1
10000226:	2318      	movs	r3, #24
10000228:	ec44 3044 	gpioc_bit_oe_put r3, r4
1000022c:	ec44 3040 	gpioc_bit_out_put r3, r4
10000230:	2019      	movs	r0, #25
10000232:	f004 f9a3 	bl	1000457c <gpio_init>
10000236:	2319      	movs	r3, #25
10000238:	ec44 3044 	gpioc_bit_oe_put r3, r4
1000023c:	ec45 3040 	gpioc_bit_out_put r3, r5
10000240:	f001 fa12 	bl	10001668 <tft_init>
10000244:	4855      	ldr	r0, [pc, #340]	@ (1000039c <main+0x1bc>)
10000246:	f007 fefd 	bl	10008044 <__wrap_puts>
1000024a:	f000 f8bf 	bl	100003cc <encoder_init>
1000024e:	4854      	ldr	r0, [pc, #336]	@ (100003a0 <main+0x1c0>)
10000250:	f007 fef8 	bl	10008044 <__wrap_puts>
10000254:	f000 f9c2 	bl	100005dc <sd_spi_init>
10000258:	4852      	ldr	r0, [pc, #328]	@ (100003a4 <main+0x1c4>)
1000025a:	f007 fef3 	bl	10008044 <__wrap_puts>
1000025e:	4852      	ldr	r0, [pc, #328]	@ (100003a8 <main+0x1c8>)
10000260:	f001 fe3a 	bl	10001ed8 <sysex_cc_map_init>
10000264:	f001 ff1c 	bl	100020a0 <sd_storage_mount>
10000268:	2800      	cmp	r0, #0
1000026a:	f000 808c 	beq.w	10000386 <main+0x1a6>
1000026e:	484f      	ldr	r0, [pc, #316]	@ (100003ac <main+0x1cc>)
10000270:	f007 fee8 	bl	10008044 <__wrap_puts>
10000274:	484e      	ldr	r0, [pc, #312]	@ (100003b0 <main+0x1d0>)
10000276:	f001 ffbf 	bl	100021f8 <sd_storage_load_theme>
1000027a:	484e      	ldr	r0, [pc, #312]	@ (100003b4 <main+0x1d4>)
1000027c:	f001 ff38 	bl	100020f0 <sd_storage_scan_files>
10000280:	f001 ffee 	bl	10002260 <ui_engine_init>
10000284:	2318      	movs	r3, #24
10000286:	f04f 0200 	mov.w	r2, #0
1000028a:	ec42 3040 	gpioc_bit_out_put r3, r2
1000028e:	484a      	ldr	r0, [pc, #296]	@ (100003b8 <main+0x1d8>)
10000290:	f007 fed8 	bl	10008044 <__wrap_puts>
10000294:	f002 f920 	bl	100024d8 <play_mode_render>
10000298:	f005 f9ca 	bl	10005630 <time_us_64>
1000029c:	f04f 0801 	mov.w	r8, #1
100002a0:	f04f 4950 	mov.w	r9, #3489660928	@ 0xd0000000
100002a4:	e9cd 0102 	strd	r0, r1, [sp, #8]
100002a8:	4e44      	ldr	r6, [pc, #272]	@ (100003bc <main+0x1dc>)
100002aa:	f8df b118 	ldr.w	fp, [pc, #280]	@ 100003c4 <main+0x1e4>
100002ae:	f8df a118 	ldr.w	sl, [pc, #280]	@ 100003c8 <main+0x1e8>
100002b2:	f000 f8b5 	bl	10000420 <encoder_get_delta>
100002b6:	4604      	mov	r4, r0
100002b8:	f000 f8d2 	bl	10000460 <encoder_is_button_pressed>
100002bc:	4605      	mov	r5, r0
100002be:	f000 f8d7 	bl	10000470 <encoder_is_double_clicked>
100002c2:	f8d9 3004 	ldr.w	r3, [r9, #4]
100002c6:	4602      	mov	r2, r0
100002c8:	f403 0300 	and.w	r3, r3, #8388608	@ 0x800000
100002cc:	2b00      	cmp	r3, #0
100002ce:	bf14      	ite	ne
100002d0:	2701      	movne	r7, #1
100002d2:	2700      	moveq	r7, #0
100002d4:	d102      	bne.n	100002dc <main+0xfc>
100002d6:	f1b8 0f00 	cmp.w	r8, #0
100002da:	d112      	bne.n	10000302 <main+0x122>
100002dc:	b33a      	cbz	r2, 1000032e <main+0x14e>
100002de:	4658      	mov	r0, fp
100002e0:	f007 feb0 	bl	10008044 <__wrap_puts>
100002e4:	7831      	ldrb	r1, [r6, #0]
100002e6:	4650      	mov	r0, sl
100002e8:	3101      	adds	r1, #1
100002ea:	f001 0103 	and.w	r1, r1, #3
100002ee:	7031      	strb	r1, [r6, #0]
100002f0:	f007 ff2a 	bl	10008148 <__wrap_printf>
100002f4:	7833      	ldrb	r3, [r6, #0]
100002f6:	2b03      	cmp	r3, #3
100002f8:	d825      	bhi.n	10000346 <main+0x166>
100002fa:	e8df f003 	tbb	[pc, r3]
100002fe:	383c      	.short	0x383c
10000300:	1640      	.short	0x1640
10000302:	9001      	str	r0, [sp, #4]
10000304:	f005 f994 	bl	10005630 <time_us_64>
10000308:	f24c 3351 	movw	r3, #50001	@ 0xc351
1000030c:	9a02      	ldr	r2, [sp, #8]
1000030e:	1a80      	subs	r0, r0, r2
10000310:	9a03      	ldr	r2, [sp, #12]
10000312:	eb61 0102 	sbc.w	r1, r1, r2
10000316:	4298      	cmp	r0, r3
10000318:	f171 0100 	sbcs.w	r1, r1, #0
1000031c:	9a01      	ldr	r2, [sp, #4]
1000031e:	dbdd      	blt.n	100002dc <main+0xfc>
10000320:	f005 f986 	bl	10005630 <time_us_64>
10000324:	e9cd 0102 	strd	r0, r1, [sp, #8]
10000328:	e7d9      	b.n	100002de <main+0xfe>
1000032a:	f002 f8c5 	bl	100024b8 <system_mode_render>
1000032e:	7833      	ldrb	r3, [r6, #0]
10000330:	2b03      	cmp	r3, #3
10000332:	d808      	bhi.n	10000346 <main+0x166>
10000334:	e8df f003 	tbb	[pc, r3]
10000338:	020c1116 	.word	0x020c1116
1000033c:	b904      	cbnz	r4, 10000340 <main+0x160>
1000033e:	b115      	cbz	r5, 10000346 <main+0x166>
10000340:	2000      	movs	r0, #0
10000342:	f002 f8c3 	bl	100024cc <system_mode_update>
10000346:	2005      	movs	r0, #5
10000348:	f005 f8d8 	bl	100054fc <sleep_ms>
1000034c:	46b8      	mov	r8, r7
1000034e:	e7b0      	b.n	100002b2 <main+0xd2>
10000350:	4621      	mov	r1, r4
10000352:	2000      	movs	r0, #0
10000354:	f002 f9ac 	bl	100026b0 <midi_bridge_update>
10000358:	e7f5      	b.n	10000346 <main+0x166>
1000035a:	4621      	mov	r1, r4
1000035c:	2000      	movs	r0, #0
1000035e:	f002 f979 	bl	10002654 <sd_review_update>
10000362:	e7f0      	b.n	10000346 <main+0x166>
10000364:	4621      	mov	r1, r4
10000366:	2000      	movs	r0, #0
10000368:	f002 f954 	bl	10002614 <play_mode_update>
1000036c:	e7eb      	b.n	10000346 <main+0x166>
1000036e:	f002 f99d 	bl	100026ac <sd_review_render>
10000372:	7833      	ldrb	r3, [r6, #0]
10000374:	e7dc      	b.n	10000330 <main+0x150>
10000376:	f002 f8af 	bl	100024d8 <play_mode_render>
1000037a:	7833      	ldrb	r3, [r6, #0]
1000037c:	e7d8      	b.n	10000330 <main+0x150>
1000037e:	f002 f999 	bl	100026b4 <midi_bridge_render>
10000382:	7833      	ldrb	r3, [r6, #0]
10000384:	e7d4      	b.n	10000330 <main+0x150>
10000386:	480e      	ldr	r0, [pc, #56]	@ (100003c0 <main+0x1e0>)
10000388:	f007 fe5c 	bl	10008044 <__wrap_puts>
1000038c:	e778      	b.n	10000280 <main+0xa0>
1000038e:	bf00      	nop
10000390:	1000b3a0 	.word	0x1000b3a0
10000394:	1000b3cc 	.word	0x1000b3cc
10000398:	1000b3f8 	.word	0x1000b3f8
1000039c:	1000b424 	.word	0x1000b424
100003a0:	1000b440 	.word	0x1000b440
100003a4:	1000b464 	.word	0x1000b464
100003a8:	1000bf44 	.word	0x1000bf44
100003ac:	1000b480 	.word	0x1000b480
100003b0:	1000b4a8 	.word	0x1000b4a8
100003b4:	1000b4b4 	.word	0x1000b4b4
100003b8:	1000b4dc 	.word	0x1000b4dc
100003bc:	2000241c 	.word	0x2000241c
100003c0:	1000b4bc 	.word	0x1000b4bc
100003c4:	1000b500 	.word	0x1000b500
100003c8:	1000b520 	.word	0x1000b520

100003cc <encoder_init>:
100003cc:	b538      	push	{r3, r4, r5, lr}
100003ce:	200a      	movs	r0, #10
100003d0:	f004 f8d4 	bl	1000457c <gpio_init>
100003d4:	2400      	movs	r4, #0
100003d6:	200a      	movs	r0, #10
100003d8:	ec44 0044 	gpioc_bit_oe_put r0, r4
100003dc:	2101      	movs	r1, #1
100003de:	4622      	mov	r2, r4
100003e0:	f004 f8a8 	bl	10004534 <gpio_set_pulls>
100003e4:	200b      	movs	r0, #11
100003e6:	f004 f8c9 	bl	1000457c <gpio_init>
100003ea:	200b      	movs	r0, #11
100003ec:	ec44 0044 	gpioc_bit_oe_put r0, r4
100003f0:	2101      	movs	r1, #1
100003f2:	4622      	mov	r2, r4
100003f4:	f004 f89e 	bl	10004534 <gpio_set_pulls>
100003f8:	200d      	movs	r0, #13
100003fa:	f004 f8bf 	bl	1000457c <gpio_init>
100003fe:	200d      	movs	r0, #13
10000400:	ec44 0044 	gpioc_bit_oe_put r0, r4
10000404:	2101      	movs	r1, #1
10000406:	4622      	mov	r2, r4
10000408:	f004 f894 	bl	10004534 <gpio_set_pulls>
1000040c:	f04f 4350 	mov.w	r3, #3489660928	@ 0xd0000000
10000410:	685b      	ldr	r3, [r3, #4]
10000412:	4a02      	ldr	r2, [pc, #8]	@ (1000041c <encoder_init+0x50>)
10000414:	f3c3 2380 	ubfx	r3, r3, #10, #1
10000418:	7013      	strb	r3, [r2, #0]
1000041a:	bd38      	pop	{r3, r4, r5, pc}
1000041c:	20000e71 	.word	0x20000e71

10000420 <encoder_get_delta>:
10000420:	f04f 4150 	mov.w	r1, #3489660928	@ 0xd0000000
10000424:	b410      	push	{r4}
10000426:	4a0d      	ldr	r2, [pc, #52]	@ (1000045c <encoder_get_delta+0x3c>)
10000428:	684b      	ldr	r3, [r1, #4]
1000042a:	7810      	ldrb	r0, [r2, #0]
1000042c:	f403 6480 	and.w	r4, r3, #1024	@ 0x400
10000430:	f3c3 2380 	ubfx	r3, r3, #10, #1
10000434:	4298      	cmp	r0, r3
10000436:	d00d      	beq.n	10000454 <encoder_get_delta+0x34>
10000438:	b954      	cbnz	r4, 10000450 <encoder_get_delta+0x30>
1000043a:	6849      	ldr	r1, [r1, #4]
1000043c:	f411 6f00 	tst.w	r1, #2048	@ 0x800
10000440:	bf0c      	ite	eq
10000442:	f04f 30ff 	moveq.w	r0, #4294967295	@ 0xffffffff
10000446:	2001      	movne	r0, #1
10000448:	7013      	strb	r3, [r2, #0]
1000044a:	f85d 4b04 	ldr.w	r4, [sp], #4
1000044e:	4770      	bx	lr
10000450:	2000      	movs	r0, #0
10000452:	e7f9      	b.n	10000448 <encoder_get_delta+0x28>
10000454:	2000      	movs	r0, #0
10000456:	f85d 4b04 	ldr.w	r4, [sp], #4
1000045a:	4770      	bx	lr
1000045c:	20000e71 	.word	0x20000e71

10000460 <encoder_is_button_pressed>:
10000460:	f04f 4350 	mov.w	r3, #3489660928	@ 0xd0000000
10000464:	6858      	ldr	r0, [r3, #4]
10000466:	f480 5000 	eor.w	r0, r0, #8192	@ 0x2000
1000046a:	f3c0 3040 	ubfx	r0, r0, #13, #1
1000046e:	4770      	bx	lr

10000470 <encoder_is_double_clicked>:
10000470:	b5f8      	push	{r3, r4, r5, r6, r7, lr}
10000472:	f04f 4350 	mov.w	r3, #3489660928	@ 0xd0000000
10000476:	4f29      	ldr	r7, [pc, #164]	@ (1000051c <encoder_is_double_clicked+0xac>)
10000478:	685c      	ldr	r4, [r3, #4]
1000047a:	f005 f8d9 	bl	10005630 <time_us_64>
1000047e:	783d      	ldrb	r5, [r7, #0]
10000480:	f3c4 3440 	ubfx	r4, r4, #13, #1
10000484:	42a5      	cmp	r5, r4
10000486:	d019      	beq.n	100004bc <encoder_is_double_clicked+0x4c>
10000488:	f644 6c21 	movw	ip, #20001	@ 0x4e21
1000048c:	4e24      	ldr	r6, [pc, #144]	@ (10000520 <encoder_is_double_clicked+0xb0>)
1000048e:	6833      	ldr	r3, [r6, #0]
10000490:	1ac2      	subs	r2, r0, r3
10000492:	6873      	ldr	r3, [r6, #4]
10000494:	eb61 0303 	sbc.w	r3, r1, r3
10000498:	4562      	cmp	r2, ip
1000049a:	f173 0300 	sbcs.w	r3, r3, #0
1000049e:	da0a      	bge.n	100004b6 <encoder_is_double_clicked+0x46>
100004a0:	4a20      	ldr	r2, [pc, #128]	@ (10000524 <encoder_is_double_clicked+0xb4>)
100004a2:	f085 0401 	eor.w	r4, r5, #1
100004a6:	7813      	ldrb	r3, [r2, #0]
100004a8:	2b01      	cmp	r3, #1
100004aa:	d00e      	beq.n	100004ca <encoder_is_double_clicked+0x5a>
100004ac:	2b02      	cmp	r3, #2
100004ae:	d014      	beq.n	100004da <encoder_is_double_clicked+0x6a>
100004b0:	b323      	cbz	r3, 100004fc <encoder_is_double_clicked+0x8c>
100004b2:	2000      	movs	r0, #0
100004b4:	bdf8      	pop	{r3, r4, r5, r6, r7, pc}
100004b6:	e9c6 0100 	strd	r0, r1, [r6]
100004ba:	703c      	strb	r4, [r7, #0]
100004bc:	4625      	mov	r5, r4
100004be:	4a19      	ldr	r2, [pc, #100]	@ (10000524 <encoder_is_double_clicked+0xb4>)
100004c0:	f085 0401 	eor.w	r4, r5, #1
100004c4:	7813      	ldrb	r3, [r2, #0]
100004c6:	2b01      	cmp	r3, #1
100004c8:	d1f0      	bne.n	100004ac <encoder_is_double_clicked+0x3c>
100004ca:	2d00      	cmp	r5, #0
100004cc:	d0f1      	beq.n	100004b2 <encoder_is_double_clicked+0x42>
100004ce:	2402      	movs	r4, #2
100004d0:	4b15      	ldr	r3, [pc, #84]	@ (10000528 <encoder_is_double_clicked+0xb8>)
100004d2:	7014      	strb	r4, [r2, #0]
100004d4:	e9c3 0100 	strd	r0, r1, [r3]
100004d8:	e7eb      	b.n	100004b2 <encoder_is_double_clicked+0x42>
100004da:	4b13      	ldr	r3, [pc, #76]	@ (10000528 <encoder_is_double_clicked+0xb8>)
100004dc:	681d      	ldr	r5, [r3, #0]
100004de:	685b      	ldr	r3, [r3, #4]
100004e0:	1b40      	subs	r0, r0, r5
100004e2:	eb61 0103 	sbc.w	r1, r1, r3
100004e6:	b18c      	cbz	r4, 1000050c <encoder_is_double_clicked+0x9c>
100004e8:	2301      	movs	r3, #1
100004ea:	4c10      	ldr	r4, [pc, #64]	@ (1000052c <encoder_is_double_clicked+0xbc>)
100004ec:	7013      	strb	r3, [r2, #0]
100004ee:	42a0      	cmp	r0, r4
100004f0:	f171 0100 	sbcs.w	r1, r1, #0
100004f4:	bfb4      	ite	lt
100004f6:	4618      	movlt	r0, r3
100004f8:	2000      	movge	r0, #0
100004fa:	bdf8      	pop	{r3, r4, r5, r6, r7, pc}
100004fc:	2c00      	cmp	r4, #0
100004fe:	d0d8      	beq.n	100004b2 <encoder_is_double_clicked+0x42>
10000500:	2401      	movs	r4, #1
10000502:	4b09      	ldr	r3, [pc, #36]	@ (10000528 <encoder_is_double_clicked+0xb8>)
10000504:	7014      	strb	r4, [r2, #0]
10000506:	e9c3 0100 	strd	r0, r1, [r3]
1000050a:	e7d2      	b.n	100004b2 <encoder_is_double_clicked+0x42>
1000050c:	4b08      	ldr	r3, [pc, #32]	@ (10000530 <encoder_is_double_clicked+0xc0>)
1000050e:	4283      	cmp	r3, r0
10000510:	eb74 0101 	sbcs.w	r1, r4, r1
10000514:	dacd      	bge.n	100004b2 <encoder_is_double_clicked+0x42>
10000516:	7014      	strb	r4, [r2, #0]
10000518:	e7cb      	b.n	100004b2 <encoder_is_double_clicked+0x42>
1000051a:	bf00      	nop
1000051c:	20000e70 	.word	0x20000e70
10000520:	20000f68 	.word	0x20000f68
10000524:	2000241b 	.word	0x2000241b
10000528:	200010f8 	.word	0x200010f8
1000052c:	0007a121 	.word	0x0007a121
10000530:	0007a120 	.word	0x0007a120

10000534 <midi_send_program_change>:
10000534:	b510      	push	{r4, lr}
10000536:	4a0c      	ldr	r2, [pc, #48]	@ (10000568 <midi_send_program_change+0x34>)
10000538:	460c      	mov	r4, r1
1000053a:	f000 010f 	and.w	r1, r0, #15
1000053e:	f041 01c0 	orr.w	r1, r1, #192	@ 0xc0
10000542:	6993      	ldr	r3, [r2, #24]
10000544:	0698      	lsls	r0, r3, #26
10000546:	d4fc      	bmi.n	10000542 <midi_send_program_change+0xe>
10000548:	6011      	str	r1, [r2, #0]
1000054a:	4808      	ldr	r0, [pc, #32]	@ (1000056c <midi_send_program_change+0x38>)
1000054c:	f007 fdfc 	bl	10008148 <__wrap_printf>
10000550:	4a05      	ldr	r2, [pc, #20]	@ (10000568 <midi_send_program_change+0x34>)
10000552:	f004 017f 	and.w	r1, r4, #127	@ 0x7f
10000556:	6993      	ldr	r3, [r2, #24]
10000558:	069b      	lsls	r3, r3, #26
1000055a:	d4fc      	bmi.n	10000556 <midi_send_program_change+0x22>
1000055c:	e8bd 4010 	ldmia.w	sp!, {r4, lr}
10000560:	4802      	ldr	r0, [pc, #8]	@ (1000056c <midi_send_program_change+0x38>)
10000562:	6011      	str	r1, [r2, #0]
10000564:	f007 bdf0 	b.w	10008148 <__wrap_printf>
10000568:	40070000 	.word	0x40070000
1000056c:	1000b544 	.word	0x1000b544

10000570 <midi_read_byte>:
10000570:	4a09      	ldr	r2, [pc, #36]	@ (10000598 <midi_read_byte+0x28>)
10000572:	b508      	push	{r3, lr}
10000574:	6993      	ldr	r3, [r2, #24]
10000576:	06d9      	lsls	r1, r3, #27
10000578:	d501      	bpl.n	1000057e <midi_read_byte+0xe>
1000057a:	2000      	movs	r0, #0
1000057c:	bd08      	pop	{r3, pc}
1000057e:	4684      	mov	ip, r0
10000580:	6993      	ldr	r3, [r2, #24]
10000582:	06db      	lsls	r3, r3, #27
10000584:	d4fc      	bmi.n	10000580 <midi_read_byte+0x10>
10000586:	6811      	ldr	r1, [r2, #0]
10000588:	4804      	ldr	r0, [pc, #16]	@ (1000059c <midi_read_byte+0x2c>)
1000058a:	f88c 1000 	strb.w	r1, [ip]
1000058e:	b2c9      	uxtb	r1, r1
10000590:	f007 fdda 	bl	10008148 <__wrap_printf>
10000594:	2001      	movs	r0, #1
10000596:	bd08      	pop	{r3, pc}
10000598:	40070000 	.word	0x40070000
1000059c:	1000b558 	.word	0x1000b558

100005a0 <mpr121_read_touched>:
100005a0:	2301      	movs	r3, #1
100005a2:	b530      	push	{r4, r5, lr}
100005a4:	2400      	movs	r4, #0
100005a6:	4d0c      	ldr	r5, [pc, #48]	@ (100005d8 <mpr121_read_touched+0x38>)
100005a8:	b085      	sub	sp, #20
100005aa:	f10d 020b 	add.w	r2, sp, #11
100005ae:	9300      	str	r3, [sp, #0]
100005b0:	215a      	movs	r1, #90	@ 0x5a
100005b2:	4628      	mov	r0, r5
100005b4:	f88d 400b 	strb.w	r4, [sp, #11]
100005b8:	f8ad 400c 	strh.w	r4, [sp, #12]
100005bc:	f00a fde4 	bl	1000b188 <i2c_write_blocking>
100005c0:	2302      	movs	r3, #2
100005c2:	215a      	movs	r1, #90	@ 0x5a
100005c4:	4628      	mov	r0, r5
100005c6:	9400      	str	r4, [sp, #0]
100005c8:	aa03      	add	r2, sp, #12
100005ca:	f00a fde5 	bl	1000b198 <i2c_read_blocking>
100005ce:	f8bd 000c 	ldrh.w	r0, [sp, #12]
100005d2:	b005      	add	sp, #20
100005d4:	bd30      	pop	{r4, r5, pc}
100005d6:	bf00      	nop
100005d8:	20000f54 	.word	0x20000f54

100005dc <sd_spi_init>:
100005dc:	b508      	push	{r3, lr}
100005de:	490d      	ldr	r1, [pc, #52]	@ (10000614 <sd_spi_init+0x38>)
100005e0:	480d      	ldr	r0, [pc, #52]	@ (10000618 <sd_spi_init+0x3c>)
100005e2:	f00a fc83 	bl	1000aeec <spi_init>
100005e6:	2101      	movs	r1, #1
100005e8:	2006      	movs	r0, #6
100005ea:	f003 ff85 	bl	100044f8 <gpio_set_function>
100005ee:	2101      	movs	r1, #1
100005f0:	2007      	movs	r0, #7
100005f2:	f003 ff81 	bl	100044f8 <gpio_set_function>
100005f6:	2101      	movs	r1, #1
100005f8:	2004      	movs	r0, #4
100005fa:	f003 ff7d 	bl	100044f8 <gpio_set_function>
100005fe:	2005      	movs	r0, #5
10000600:	f003 ffbc 	bl	1000457c <gpio_init>
10000604:	2305      	movs	r3, #5
10000606:	f04f 0201 	mov.w	r2, #1
1000060a:	ec42 3044 	gpioc_bit_oe_put r3, r2
1000060e:	ec42 3040 	gpioc_bit_out_put r3, r2
10000612:	bd08      	pop	{r3, pc}
10000614:	00061a80 	.word	0x00061a80
10000618:	40088000 	.word	0x40088000

1000061c <sd_spi_set_high_speed>:
1000061c:	4901      	ldr	r1, [pc, #4]	@ (10000624 <sd_spi_set_high_speed+0x8>)
1000061e:	4802      	ldr	r0, [pc, #8]	@ (10000628 <sd_spi_set_high_speed+0xc>)
10000620:	f00a bcde 	b.w	1000afe0 <spi_set_baudrate>
10000624:	00bebc20 	.word	0x00bebc20
10000628:	40088000 	.word	0x40088000

1000062c <draw_char_scaled.constprop.0>:
1000062c:	232a      	movs	r3, #42	@ 0x2a
1000062e:	e92d 4ff0 	stmdb	sp!, {r4, r5, r6, r7, r8, r9, sl, fp, lr}
10000632:	b083      	sub	sp, #12
10000634:	4607      	mov	r7, r0
10000636:	f88d 3007 	strb.w	r3, [sp, #7]
1000063a:	bf00      	nop
1000063c:	2600      	movs	r6, #0
1000063e:	ec46 6040 	gpioc_bit_out_put r6, r6
10000642:	2401      	movs	r4, #1
10000644:	ec46 4040 	gpioc_bit_out_put r4, r6
10000648:	bf00      	nop
1000064a:	4879      	ldr	r0, [pc, #484]	@ (10000830 <draw_char_scaled.constprop.0+0x204>)
1000064c:	4622      	mov	r2, r4
1000064e:	f10d 0107 	add.w	r1, sp, #7
10000652:	f00a fe75 	bl	1000b340 <__spi_write_blocking_veneer>
10000656:	bf00      	nop
10000658:	ec44 4040 	gpioc_bit_out_put r4, r4
1000065c:	f88d 6007 	strb.w	r6, [sp, #7]
10000660:	bf00      	nop
10000662:	ec44 6040 	gpioc_bit_out_put r6, r4
10000666:	ec46 4040 	gpioc_bit_out_put r4, r6
1000066a:	bf00      	nop
1000066c:	4870      	ldr	r0, [pc, #448]	@ (10000830 <draw_char_scaled.constprop.0+0x204>)
1000066e:	4622      	mov	r2, r4
10000670:	f10d 0107 	add.w	r1, sp, #7
10000674:	f00a fe64 	bl	1000b340 <__spi_write_blocking_veneer>
10000678:	bf00      	nop
1000067a:	ec44 4040 	gpioc_bit_out_put r4, r4
1000067e:	23c6      	movs	r3, #198	@ 0xc6
10000680:	f88d 3007 	strb.w	r3, [sp, #7]
10000684:	bf00      	nop
10000686:	ec44 6040 	gpioc_bit_out_put r6, r4
1000068a:	ec46 4040 	gpioc_bit_out_put r4, r6
1000068e:	bf00      	nop
10000690:	4867      	ldr	r0, [pc, #412]	@ (10000830 <draw_char_scaled.constprop.0+0x204>)
10000692:	4622      	mov	r2, r4
10000694:	f10d 0107 	add.w	r1, sp, #7
10000698:	f00a fe52 	bl	1000b340 <__spi_write_blocking_veneer>
1000069c:	bf00      	nop
1000069e:	ec44 4040 	gpioc_bit_out_put r4, r4
100006a2:	f88d 4007 	strb.w	r4, [sp, #7]
100006a6:	bf00      	nop
100006a8:	ec44 6040 	gpioc_bit_out_put r6, r4
100006ac:	ec46 4040 	gpioc_bit_out_put r4, r6
100006b0:	bf00      	nop
100006b2:	485f      	ldr	r0, [pc, #380]	@ (10000830 <draw_char_scaled.constprop.0+0x204>)
100006b4:	4622      	mov	r2, r4
100006b6:	f10d 0107 	add.w	r1, sp, #7
100006ba:	f00a fe41 	bl	1000b340 <__spi_write_blocking_veneer>
100006be:	bf00      	nop
100006c0:	ec44 4040 	gpioc_bit_out_put r4, r4
100006c4:	2305      	movs	r3, #5
100006c6:	f88d 3007 	strb.w	r3, [sp, #7]
100006ca:	bf00      	nop
100006cc:	ec44 6040 	gpioc_bit_out_put r6, r4
100006d0:	ec46 4040 	gpioc_bit_out_put r4, r6
100006d4:	bf00      	nop
100006d6:	4856      	ldr	r0, [pc, #344]	@ (10000830 <draw_char_scaled.constprop.0+0x204>)
100006d8:	4622      	mov	r2, r4
100006da:	f10d 0107 	add.w	r1, sp, #7
100006de:	f00a fe2f 	bl	1000b340 <__spi_write_blocking_veneer>
100006e2:	bf00      	nop
100006e4:	ec44 4040 	gpioc_bit_out_put r4, r4
100006e8:	232b      	movs	r3, #43	@ 0x2b
100006ea:	f88d 3007 	strb.w	r3, [sp, #7]
100006ee:	bf00      	nop
100006f0:	ec46 6040 	gpioc_bit_out_put r6, r6
100006f4:	ec46 4040 	gpioc_bit_out_put r4, r6
100006f8:	bf00      	nop
100006fa:	484d      	ldr	r0, [pc, #308]	@ (10000830 <draw_char_scaled.constprop.0+0x204>)
100006fc:	4622      	mov	r2, r4
100006fe:	f10d 0107 	add.w	r1, sp, #7
10000702:	f00a fe1d 	bl	1000b340 <__spi_write_blocking_veneer>
10000706:	bf00      	nop
10000708:	ec44 4040 	gpioc_bit_out_put r4, r4
1000070c:	f88d 6007 	strb.w	r6, [sp, #7]
10000710:	bf00      	nop
10000712:	ec44 6040 	gpioc_bit_out_put r6, r4
10000716:	ec46 4040 	gpioc_bit_out_put r4, r6
1000071a:	bf00      	nop
1000071c:	4844      	ldr	r0, [pc, #272]	@ (10000830 <draw_char_scaled.constprop.0+0x204>)
1000071e:	4622      	mov	r2, r4
10000720:	f10d 0107 	add.w	r1, sp, #7
10000724:	f00a fe0c 	bl	1000b340 <__spi_write_blocking_veneer>
10000728:	bf00      	nop
1000072a:	ec44 4040 	gpioc_bit_out_put r4, r4
1000072e:	2361      	movs	r3, #97	@ 0x61
10000730:	f88d 3006 	strb.w	r3, [sp, #6]
10000734:	bf00      	nop
10000736:	ec44 6040 	gpioc_bit_out_put r6, r4
1000073a:	ec46 4040 	gpioc_bit_out_put r4, r6
1000073e:	bf00      	nop
10000740:	483b      	ldr	r0, [pc, #236]	@ (10000830 <draw_char_scaled.constprop.0+0x204>)
10000742:	4622      	mov	r2, r4
10000744:	f10d 0106 	add.w	r1, sp, #6
10000748:	f00a fdfa 	bl	1000b340 <__spi_write_blocking_veneer>
1000074c:	bf00      	nop
1000074e:	ec44 4040 	gpioc_bit_out_put r4, r4
10000752:	f88d 6006 	strb.w	r6, [sp, #6]
10000756:	bf00      	nop
10000758:	ec44 6040 	gpioc_bit_out_put r6, r4
1000075c:	ec46 4040 	gpioc_bit_out_put r4, r6
10000760:	bf00      	nop
10000762:	4833      	ldr	r0, [pc, #204]	@ (10000830 <draw_char_scaled.constprop.0+0x204>)
10000764:	4622      	mov	r2, r4
10000766:	f10d 0106 	add.w	r1, sp, #6
1000076a:	f00a fde9 	bl	1000b340 <__spi_write_blocking_veneer>
1000076e:	bf00      	nop
10000770:	ec44 4040 	gpioc_bit_out_put r4, r4
10000774:	23c0      	movs	r3, #192	@ 0xc0
10000776:	f88d 3005 	strb.w	r3, [sp, #5]
1000077a:	bf00      	nop
1000077c:	ec44 6040 	gpioc_bit_out_put r6, r4
10000780:	ec46 4040 	gpioc_bit_out_put r4, r6
10000784:	bf00      	nop
10000786:	482a      	ldr	r0, [pc, #168]	@ (10000830 <draw_char_scaled.constprop.0+0x204>)
10000788:	4622      	mov	r2, r4
1000078a:	f10d 0105 	add.w	r1, sp, #5
1000078e:	f00a fdd7 	bl	1000b340 <__spi_write_blocking_veneer>
10000792:	bf00      	nop
10000794:	ec44 4040 	gpioc_bit_out_put r4, r4
10000798:	232c      	movs	r3, #44	@ 0x2c
1000079a:	f88d 3005 	strb.w	r3, [sp, #5]
1000079e:	bf00      	nop
100007a0:	ec46 6040 	gpioc_bit_out_put r6, r6
100007a4:	ec46 4040 	gpioc_bit_out_put r4, r6
100007a8:	bf00      	nop
100007aa:	4821      	ldr	r0, [pc, #132]	@ (10000830 <draw_char_scaled.constprop.0+0x204>)
100007ac:	4622      	mov	r2, r4
100007ae:	f10d 0105 	add.w	r1, sp, #5
100007b2:	f00a fdc5 	bl	1000b340 <__spi_write_blocking_veneer>
100007b6:	bf00      	nop
100007b8:	ec44 4040 	gpioc_bit_out_put r4, r4
100007bc:	ec44 6040 	gpioc_bit_out_put r6, r4
100007c0:	ec46 4040 	gpioc_bit_out_put r4, r6
100007c4:	f8df a070 	ldr.w	sl, [pc, #112]	@ 10000838 <draw_char_scaled.constprop.0+0x20c>
100007c8:	4c19      	ldr	r4, [pc, #100]	@ (10000830 <draw_char_scaled.constprop.0+0x204>)
100007ca:	ea4f 2817 	mov.w	r8, r7, lsr #8
100007ce:	f04f 0908 	mov.w	r9, #8
100007d2:	f81a 6f01 	ldrb.w	r6, [sl, #1]!
100007d6:	2500      	movs	r5, #0
100007d8:	2380      	movs	r3, #128	@ 0x80
100007da:	412b      	asrs	r3, r5
100007dc:	ea13 0206 	ands.w	r2, r3, r6
100007e0:	bf14      	ite	ne
100007e2:	4641      	movne	r1, r8
100007e4:	4611      	moveq	r1, r2
100007e6:	f04f 0b08 	mov.w	fp, #8
100007ea:	bf18      	it	ne
100007ec:	b2fa      	uxtbne	r2, r7
100007ee:	f88d 1004 	strb.w	r1, [sp, #4]
100007f2:	f88d 2005 	strb.w	r2, [sp, #5]
100007f6:	2201      	movs	r2, #1
100007f8:	a901      	add	r1, sp, #4
100007fa:	4620      	mov	r0, r4
100007fc:	f00a fda0 	bl	1000b340 <__spi_write_blocking_veneer>
10000800:	2201      	movs	r2, #1
10000802:	4620      	mov	r0, r4
10000804:	f10d 0105 	add.w	r1, sp, #5
10000808:	f00a fd9a 	bl	1000b340 <__spi_write_blocking_veneer>
1000080c:	f1bb 0b01 	subs.w	fp, fp, #1
10000810:	d1f1      	bne.n	100007f6 <draw_char_scaled.constprop.0+0x1ca>
10000812:	3501      	adds	r5, #1
10000814:	2d08      	cmp	r5, #8
10000816:	d1df      	bne.n	100007d8 <draw_char_scaled.constprop.0+0x1ac>
10000818:	f1b9 0901 	subs.w	r9, r9, #1
1000081c:	d1db      	bne.n	100007d6 <draw_char_scaled.constprop.0+0x1aa>
1000081e:	4b05      	ldr	r3, [pc, #20]	@ (10000834 <draw_char_scaled.constprop.0+0x208>)
10000820:	4553      	cmp	r3, sl
10000822:	d1d4      	bne.n	100007ce <draw_char_scaled.constprop.0+0x1a2>
10000824:	2301      	movs	r3, #1
10000826:	ec43 3040 	gpioc_bit_out_put r3, r3
1000082a:	b003      	add	sp, #12
1000082c:	e8bd 8ff0 	ldmia.w	sp!, {r4, r5, r6, r7, r8, r9, sl, fp, pc}
10000830:	40080000 	.word	0x40080000
10000834:	1000bbcf 	.word	0x1000bbcf
10000838:	1000bbc3 	.word	0x1000bbc3

1000083c <draw_char_scaled.constprop.3>:
1000083c:	e92d 4ff0 	stmdb	sp!, {r4, r5, r6, r7, r8, r9, sl, fp, lr}
10000840:	f1a1 0a20 	sub.w	sl, r1, #32
10000844:	f1ba 0f5e 	cmp.w	sl, #94	@ 0x5e
10000848:	b085      	sub	sp, #20
1000084a:	f200 8110 	bhi.w	10000a6e <draw_char_scaled.constprop.3+0x232>
1000084e:	f5b0 7fa0 	cmp.w	r0, #320	@ 0x140
10000852:	4681      	mov	r9, r0
10000854:	f080 810b 	bcs.w	10000a6e <draw_char_scaled.constprop.3+0x232>
10000858:	232a      	movs	r3, #42	@ 0x2a
1000085a:	4617      	mov	r7, r2
1000085c:	f88d 300f 	strb.w	r3, [sp, #15]
10000860:	bf00      	nop
10000862:	f04f 0800 	mov.w	r8, #0
10000866:	ec48 8040 	gpioc_bit_out_put r8, r8
1000086a:	2401      	movs	r4, #1
1000086c:	ec48 4040 	gpioc_bit_out_put r4, r8
10000870:	bf00      	nop
10000872:	4880      	ldr	r0, [pc, #512]	@ (10000a74 <draw_char_scaled.constprop.3+0x238>)
10000874:	4622      	mov	r2, r4
10000876:	f10d 010f 	add.w	r1, sp, #15
1000087a:	f00a fd61 	bl	1000b340 <__spi_write_blocking_veneer>
1000087e:	bf00      	nop
10000880:	ec44 4040 	gpioc_bit_out_put r4, r4
10000884:	ea4f 2319 	mov.w	r3, r9, lsr #8
10000888:	f88d 300f 	strb.w	r3, [sp, #15]
1000088c:	bf00      	nop
1000088e:	ec44 8040 	gpioc_bit_out_put r8, r4
10000892:	ec48 4040 	gpioc_bit_out_put r4, r8
10000896:	bf00      	nop
10000898:	4876      	ldr	r0, [pc, #472]	@ (10000a74 <draw_char_scaled.constprop.3+0x238>)
1000089a:	4622      	mov	r2, r4
1000089c:	f10d 010f 	add.w	r1, sp, #15
100008a0:	f00a fd4e 	bl	1000b340 <__spi_write_blocking_veneer>
100008a4:	bf00      	nop
100008a6:	ec44 4040 	gpioc_bit_out_put r4, r4
100008aa:	fa5f fb89 	uxtb.w	fp, r9
100008ae:	f88d b00f 	strb.w	fp, [sp, #15]
100008b2:	bf00      	nop
100008b4:	ec44 8040 	gpioc_bit_out_put r8, r4
100008b8:	ec48 4040 	gpioc_bit_out_put r4, r8
100008bc:	bf00      	nop
100008be:	486d      	ldr	r0, [pc, #436]	@ (10000a74 <draw_char_scaled.constprop.3+0x238>)
100008c0:	4622      	mov	r2, r4
100008c2:	f10d 010f 	add.w	r1, sp, #15
100008c6:	f00a fd3b 	bl	1000b340 <__spi_write_blocking_veneer>
100008ca:	bf00      	nop
100008cc:	ec44 4040 	gpioc_bit_out_put r4, r4
100008d0:	f109 0327 	add.w	r3, r9, #39	@ 0x27
100008d4:	121b      	asrs	r3, r3, #8
100008d6:	f88d 300f 	strb.w	r3, [sp, #15]
100008da:	bf00      	nop
100008dc:	ec44 8040 	gpioc_bit_out_put r8, r4
100008e0:	ec48 4040 	gpioc_bit_out_put r4, r8
100008e4:	bf00      	nop
100008e6:	4863      	ldr	r0, [pc, #396]	@ (10000a74 <draw_char_scaled.constprop.3+0x238>)
100008e8:	4622      	mov	r2, r4
100008ea:	f10d 010f 	add.w	r1, sp, #15
100008ee:	f00a fd27 	bl	1000b340 <__spi_write_blocking_veneer>
100008f2:	bf00      	nop
100008f4:	ec44 4040 	gpioc_bit_out_put r4, r4
100008f8:	f10b 0b27 	add.w	fp, fp, #39	@ 0x27
100008fc:	f88d b00f 	strb.w	fp, [sp, #15]
10000900:	bf00      	nop
10000902:	ec44 8040 	gpioc_bit_out_put r8, r4
10000906:	ec48 4040 	gpioc_bit_out_put r4, r8
1000090a:	bf00      	nop
1000090c:	4859      	ldr	r0, [pc, #356]	@ (10000a74 <draw_char_scaled.constprop.3+0x238>)
1000090e:	4622      	mov	r2, r4
10000910:	f10d 010f 	add.w	r1, sp, #15
10000914:	f00a fd14 	bl	1000b340 <__spi_write_blocking_veneer>
10000918:	bf00      	nop
1000091a:	ec44 4040 	gpioc_bit_out_put r4, r4
1000091e:	232b      	movs	r3, #43	@ 0x2b
10000920:	f88d 300f 	strb.w	r3, [sp, #15]
10000924:	bf00      	nop
10000926:	ec48 8040 	gpioc_bit_out_put r8, r8
1000092a:	ec48 4040 	gpioc_bit_out_put r4, r8
1000092e:	bf00      	nop
10000930:	4850      	ldr	r0, [pc, #320]	@ (10000a74 <draw_char_scaled.constprop.3+0x238>)
10000932:	4622      	mov	r2, r4
10000934:	f10d 010f 	add.w	r1, sp, #15
10000938:	f00a fd02 	bl	1000b340 <__spi_write_blocking_veneer>
1000093c:	bf00      	nop
1000093e:	ec44 4040 	gpioc_bit_out_put r4, r4
10000942:	f88d 800f 	strb.w	r8, [sp, #15]
10000946:	bf00      	nop
10000948:	ec44 8040 	gpioc_bit_out_put r8, r4
1000094c:	ec48 4040 	gpioc_bit_out_put r4, r8
10000950:	bf00      	nop
10000952:	4848      	ldr	r0, [pc, #288]	@ (10000a74 <draw_char_scaled.constprop.3+0x238>)
10000954:	4622      	mov	r2, r4
10000956:	f10d 010f 	add.w	r1, sp, #15
1000095a:	f00a fcf1 	bl	1000b340 <__spi_write_blocking_veneer>
1000095e:	bf00      	nop
10000960:	ec44 4040 	gpioc_bit_out_put r4, r4
10000964:	2379      	movs	r3, #121	@ 0x79
10000966:	f88d 300e 	strb.w	r3, [sp, #14]
1000096a:	bf00      	nop
1000096c:	ec44 8040 	gpioc_bit_out_put r8, r4
10000970:	ec48 4040 	gpioc_bit_out_put r4, r8
10000974:	bf00      	nop
10000976:	483f      	ldr	r0, [pc, #252]	@ (10000a74 <draw_char_scaled.constprop.3+0x238>)
10000978:	4622      	mov	r2, r4
1000097a:	f10d 010e 	add.w	r1, sp, #14
1000097e:	f00a fcdf 	bl	1000b340 <__spi_write_blocking_veneer>
10000982:	bf00      	nop
10000984:	ec44 4040 	gpioc_bit_out_put r4, r4
10000988:	f88d 800e 	strb.w	r8, [sp, #14]
1000098c:	bf00      	nop
1000098e:	ec44 8040 	gpioc_bit_out_put r8, r4
10000992:	ec48 4040 	gpioc_bit_out_put r4, r8
10000996:	bf00      	nop
10000998:	4836      	ldr	r0, [pc, #216]	@ (10000a74 <draw_char_scaled.constprop.3+0x238>)
1000099a:	4622      	mov	r2, r4
1000099c:	f10d 010e 	add.w	r1, sp, #14
100009a0:	f00a fcce 	bl	1000b340 <__spi_write_blocking_veneer>
100009a4:	bf00      	nop
100009a6:	ec44 4040 	gpioc_bit_out_put r4, r4
100009aa:	23b4      	movs	r3, #180	@ 0xb4
100009ac:	f88d 300d 	strb.w	r3, [sp, #13]
100009b0:	bf00      	nop
100009b2:	ec44 8040 	gpioc_bit_out_put r8, r4
100009b6:	ec48 4040 	gpioc_bit_out_put r4, r8
100009ba:	bf00      	nop
100009bc:	482d      	ldr	r0, [pc, #180]	@ (10000a74 <draw_char_scaled.constprop.3+0x238>)
100009be:	4622      	mov	r2, r4
100009c0:	f10d 010d 	add.w	r1, sp, #13
100009c4:	f00a fcbc 	bl	1000b340 <__spi_write_blocking_veneer>
100009c8:	bf00      	nop
100009ca:	ec44 4040 	gpioc_bit_out_put r4, r4
100009ce:	232c      	movs	r3, #44	@ 0x2c
100009d0:	f88d 300d 	strb.w	r3, [sp, #13]
100009d4:	bf00      	nop
100009d6:	ec48 8040 	gpioc_bit_out_put r8, r8
100009da:	ec48 4040 	gpioc_bit_out_put r4, r8
100009de:	bf00      	nop
100009e0:	4824      	ldr	r0, [pc, #144]	@ (10000a74 <draw_char_scaled.constprop.3+0x238>)
100009e2:	4622      	mov	r2, r4
100009e4:	f10d 010d 	add.w	r1, sp, #13
100009e8:	f00a fcaa 	bl	1000b340 <__spi_write_blocking_veneer>
100009ec:	bf00      	nop
100009ee:	ec44 4040 	gpioc_bit_out_put r4, r4
100009f2:	ec44 8040 	gpioc_bit_out_put r8, r4
100009f6:	ec48 4040 	gpioc_bit_out_put r4, r8
100009fa:	4b1f      	ldr	r3, [pc, #124]	@ (10000a78 <draw_char_scaled.constprop.3+0x23c>)
100009fc:	eb0a 0a4a 	add.w	sl, sl, sl, lsl #1
10000a00:	eb03 0b8a 	add.w	fp, r3, sl, lsl #2
10000a04:	330c      	adds	r3, #12
10000a06:	eb03 038a 	add.w	r3, r3, sl, lsl #2
10000a0a:	4c1a      	ldr	r4, [pc, #104]	@ (10000a74 <draw_char_scaled.constprop.3+0x238>)
10000a0c:	9301      	str	r3, [sp, #4]
10000a0e:	ea4f 2817 	mov.w	r8, r7, lsr #8
10000a12:	f04f 0905 	mov.w	r9, #5
10000a16:	f81b 6b01 	ldrb.w	r6, [fp], #1
10000a1a:	2500      	movs	r5, #0
10000a1c:	2380      	movs	r3, #128	@ 0x80
10000a1e:	412b      	asrs	r3, r5
10000a20:	ea13 0206 	ands.w	r2, r3, r6
10000a24:	bf14      	ite	ne
10000a26:	4641      	movne	r1, r8
10000a28:	4611      	moveq	r1, r2
10000a2a:	f04f 0a05 	mov.w	sl, #5
10000a2e:	bf18      	it	ne
10000a30:	b2fa      	uxtbne	r2, r7
10000a32:	f88d 100c 	strb.w	r1, [sp, #12]
10000a36:	f88d 200d 	strb.w	r2, [sp, #13]
10000a3a:	2201      	movs	r2, #1
10000a3c:	a903      	add	r1, sp, #12
10000a3e:	4620      	mov	r0, r4
10000a40:	f00a fc7e 	bl	1000b340 <__spi_write_blocking_veneer>
10000a44:	2201      	movs	r2, #1
10000a46:	4620      	mov	r0, r4
10000a48:	f10d 010d 	add.w	r1, sp, #13
10000a4c:	f00a fc78 	bl	1000b340 <__spi_write_blocking_veneer>
10000a50:	f1ba 0a01 	subs.w	sl, sl, #1
10000a54:	d1f1      	bne.n	10000a3a <draw_char_scaled.constprop.3+0x1fe>
10000a56:	3501      	adds	r5, #1
10000a58:	2d08      	cmp	r5, #8
10000a5a:	d1df      	bne.n	10000a1c <draw_char_scaled.constprop.3+0x1e0>
10000a5c:	f1b9 0901 	subs.w	r9, r9, #1
10000a60:	d1db      	bne.n	10000a1a <draw_char_scaled.constprop.3+0x1de>
10000a62:	9b01      	ldr	r3, [sp, #4]
10000a64:	459b      	cmp	fp, r3
10000a66:	d1d4      	bne.n	10000a12 <draw_char_scaled.constprop.3+0x1d6>
10000a68:	2301      	movs	r3, #1
10000a6a:	ec43 3040 	gpioc_bit_out_put r3, r3
10000a6e:	b005      	add	sp, #20
10000a70:	e8bd 8ff0 	ldmia.w	sp!, {r4, r5, r6, r7, r8, r9, sl, fp, pc}
10000a74:	40080000 	.word	0x40080000
10000a78:	1000bab0 	.word	0x1000bab0

10000a7c <draw_char_scaled.constprop.4>:
10000a7c:	e92d 4ff0 	stmdb	sp!, {r4, r5, r6, r7, r8, r9, sl, fp, lr}
10000a80:	f1a1 0a20 	sub.w	sl, r1, #32
10000a84:	f1ba 0f5e 	cmp.w	sl, #94	@ 0x5e
10000a88:	b085      	sub	sp, #20
10000a8a:	f200 8110 	bhi.w	10000cae <draw_char_scaled.constprop.4+0x232>
10000a8e:	f5b0 7fa0 	cmp.w	r0, #320	@ 0x140
10000a92:	4681      	mov	r9, r0
10000a94:	f080 810b 	bcs.w	10000cae <draw_char_scaled.constprop.4+0x232>
10000a98:	232a      	movs	r3, #42	@ 0x2a
10000a9a:	4617      	mov	r7, r2
10000a9c:	f88d 300f 	strb.w	r3, [sp, #15]
10000aa0:	bf00      	nop
10000aa2:	f04f 0800 	mov.w	r8, #0
10000aa6:	ec48 8040 	gpioc_bit_out_put r8, r8
10000aaa:	2401      	movs	r4, #1
10000aac:	ec48 4040 	gpioc_bit_out_put r4, r8
10000ab0:	bf00      	nop
10000ab2:	4880      	ldr	r0, [pc, #512]	@ (10000cb4 <draw_char_scaled.constprop.4+0x238>)
10000ab4:	4622      	mov	r2, r4
10000ab6:	f10d 010f 	add.w	r1, sp, #15
10000aba:	f00a fc41 	bl	1000b340 <__spi_write_blocking_veneer>
10000abe:	bf00      	nop
10000ac0:	ec44 4040 	gpioc_bit_out_put r4, r4
10000ac4:	ea4f 2319 	mov.w	r3, r9, lsr #8
10000ac8:	f88d 300f 	strb.w	r3, [sp, #15]
10000acc:	bf00      	nop
10000ace:	ec44 8040 	gpioc_bit_out_put r8, r4
10000ad2:	ec48 4040 	gpioc_bit_out_put r4, r8
10000ad6:	bf00      	nop
10000ad8:	4876      	ldr	r0, [pc, #472]	@ (10000cb4 <draw_char_scaled.constprop.4+0x238>)
10000ada:	4622      	mov	r2, r4
10000adc:	f10d 010f 	add.w	r1, sp, #15
10000ae0:	f00a fc2e 	bl	1000b340 <__spi_write_blocking_veneer>
10000ae4:	bf00      	nop
10000ae6:	ec44 4040 	gpioc_bit_out_put r4, r4
10000aea:	fa5f fb89 	uxtb.w	fp, r9
10000aee:	f88d b00f 	strb.w	fp, [sp, #15]
10000af2:	bf00      	nop
10000af4:	ec44 8040 	gpioc_bit_out_put r8, r4
10000af8:	ec48 4040 	gpioc_bit_out_put r4, r8
10000afc:	bf00      	nop
10000afe:	486d      	ldr	r0, [pc, #436]	@ (10000cb4 <draw_char_scaled.constprop.4+0x238>)
10000b00:	4622      	mov	r2, r4
10000b02:	f10d 010f 	add.w	r1, sp, #15
10000b06:	f00a fc1b 	bl	1000b340 <__spi_write_blocking_veneer>
10000b0a:	bf00      	nop
10000b0c:	ec44 4040 	gpioc_bit_out_put r4, r4
10000b10:	f109 0317 	add.w	r3, r9, #23
10000b14:	121b      	asrs	r3, r3, #8
10000b16:	f88d 300f 	strb.w	r3, [sp, #15]
10000b1a:	bf00      	nop
10000b1c:	ec44 8040 	gpioc_bit_out_put r8, r4
10000b20:	ec48 4040 	gpioc_bit_out_put r4, r8
10000b24:	bf00      	nop
10000b26:	4863      	ldr	r0, [pc, #396]	@ (10000cb4 <draw_char_scaled.constprop.4+0x238>)
10000b28:	4622      	mov	r2, r4
10000b2a:	f10d 010f 	add.w	r1, sp, #15
10000b2e:	f00a fc07 	bl	1000b340 <__spi_write_blocking_veneer>
10000b32:	bf00      	nop
10000b34:	ec44 4040 	gpioc_bit_out_put r4, r4
10000b38:	f10b 0b17 	add.w	fp, fp, #23
10000b3c:	f88d b00f 	strb.w	fp, [sp, #15]
10000b40:	bf00      	nop
10000b42:	ec44 8040 	gpioc_bit_out_put r8, r4
10000b46:	ec48 4040 	gpioc_bit_out_put r4, r8
10000b4a:	bf00      	nop
10000b4c:	4859      	ldr	r0, [pc, #356]	@ (10000cb4 <draw_char_scaled.constprop.4+0x238>)
10000b4e:	4622      	mov	r2, r4
10000b50:	f10d 010f 	add.w	r1, sp, #15
10000b54:	f00a fbf4 	bl	1000b340 <__spi_write_blocking_veneer>
10000b58:	bf00      	nop
10000b5a:	ec44 4040 	gpioc_bit_out_put r4, r4
10000b5e:	232b      	movs	r3, #43	@ 0x2b
10000b60:	f88d 300f 	strb.w	r3, [sp, #15]
10000b64:	bf00      	nop
10000b66:	ec48 8040 	gpioc_bit_out_put r8, r8
10000b6a:	ec48 4040 	gpioc_bit_out_put r4, r8
10000b6e:	bf00      	nop
10000b70:	4850      	ldr	r0, [pc, #320]	@ (10000cb4 <draw_char_scaled.constprop.4+0x238>)
10000b72:	4622      	mov	r2, r4
10000b74:	f10d 010f 	add.w	r1, sp, #15
10000b78:	f00a fbe2 	bl	1000b340 <__spi_write_blocking_veneer>
10000b7c:	bf00      	nop
10000b7e:	ec44 4040 	gpioc_bit_out_put r4, r4
10000b82:	f88d 800f 	strb.w	r8, [sp, #15]
10000b86:	bf00      	nop
10000b88:	ec44 8040 	gpioc_bit_out_put r8, r4
10000b8c:	ec48 4040 	gpioc_bit_out_put r4, r8
10000b90:	bf00      	nop
10000b92:	4848      	ldr	r0, [pc, #288]	@ (10000cb4 <draw_char_scaled.constprop.4+0x238>)
10000b94:	4622      	mov	r2, r4
10000b96:	f10d 010f 	add.w	r1, sp, #15
10000b9a:	f00a fbd1 	bl	1000b340 <__spi_write_blocking_veneer>
10000b9e:	bf00      	nop
10000ba0:	ec44 4040 	gpioc_bit_out_put r4, r4
10000ba4:	2341      	movs	r3, #65	@ 0x41
10000ba6:	f88d 300e 	strb.w	r3, [sp, #14]
10000baa:	bf00      	nop
10000bac:	ec44 8040 	gpioc_bit_out_put r8, r4
10000bb0:	ec48 4040 	gpioc_bit_out_put r4, r8
10000bb4:	bf00      	nop
10000bb6:	483f      	ldr	r0, [pc, #252]	@ (10000cb4 <draw_char_scaled.constprop.4+0x238>)
10000bb8:	4622      	mov	r2, r4
10000bba:	f10d 010e 	add.w	r1, sp, #14
10000bbe:	f00a fbbf 	bl	1000b340 <__spi_write_blocking_veneer>
10000bc2:	bf00      	nop
10000bc4:	ec44 4040 	gpioc_bit_out_put r4, r4
10000bc8:	f88d 800e 	strb.w	r8, [sp, #14]
10000bcc:	bf00      	nop
10000bce:	ec44 8040 	gpioc_bit_out_put r8, r4
10000bd2:	ec48 4040 	gpioc_bit_out_put r4, r8
10000bd6:	bf00      	nop
10000bd8:	4836      	ldr	r0, [pc, #216]	@ (10000cb4 <draw_char_scaled.constprop.4+0x238>)
10000bda:	4622      	mov	r2, r4
10000bdc:	f10d 010e 	add.w	r1, sp, #14
10000be0:	f00a fbae 	bl	1000b340 <__spi_write_blocking_veneer>
10000be4:	bf00      	nop
10000be6:	ec44 4040 	gpioc_bit_out_put r4, r4
10000bea:	2364      	movs	r3, #100	@ 0x64
10000bec:	f88d 300d 	strb.w	r3, [sp, #13]
10000bf0:	bf00      	nop
10000bf2:	ec44 8040 	gpioc_bit_out_put r8, r4
10000bf6:	ec48 4040 	gpioc_bit_out_put r4, r8
10000bfa:	bf00      	nop
10000bfc:	482d      	ldr	r0, [pc, #180]	@ (10000cb4 <draw_char_scaled.constprop.4+0x238>)
10000bfe:	4622      	mov	r2, r4
10000c00:	f10d 010d 	add.w	r1, sp, #13
10000c04:	f00a fb9c 	bl	1000b340 <__spi_write_blocking_veneer>
10000c08:	bf00      	nop
10000c0a:	ec44 4040 	gpioc_bit_out_put r4, r4
10000c0e:	232c      	movs	r3, #44	@ 0x2c
10000c10:	f88d 300d 	strb.w	r3, [sp, #13]
10000c14:	bf00      	nop
10000c16:	ec48 8040 	gpioc_bit_out_put r8, r8
10000c1a:	ec48 4040 	gpioc_bit_out_put r4, r8
10000c1e:	bf00      	nop
10000c20:	4824      	ldr	r0, [pc, #144]	@ (10000cb4 <draw_char_scaled.constprop.4+0x238>)
10000c22:	4622      	mov	r2, r4
10000c24:	f10d 010d 	add.w	r1, sp, #13
10000c28:	f00a fb8a 	bl	1000b340 <__spi_write_blocking_veneer>
10000c2c:	bf00      	nop
10000c2e:	ec44 4040 	gpioc_bit_out_put r4, r4
10000c32:	ec44 8040 	gpioc_bit_out_put r8, r4
10000c36:	ec48 4040 	gpioc_bit_out_put r4, r8
10000c3a:	4b1f      	ldr	r3, [pc, #124]	@ (10000cb8 <draw_char_scaled.constprop.4+0x23c>)
10000c3c:	eb0a 0a4a 	add.w	sl, sl, sl, lsl #1
10000c40:	eb03 0b8a 	add.w	fp, r3, sl, lsl #2
10000c44:	330c      	adds	r3, #12
10000c46:	eb03 038a 	add.w	r3, r3, sl, lsl #2
10000c4a:	4c1a      	ldr	r4, [pc, #104]	@ (10000cb4 <draw_char_scaled.constprop.4+0x238>)
10000c4c:	9301      	str	r3, [sp, #4]
10000c4e:	ea4f 2817 	mov.w	r8, r7, lsr #8
10000c52:	f04f 0903 	mov.w	r9, #3
10000c56:	f81b 6b01 	ldrb.w	r6, [fp], #1
10000c5a:	2500      	movs	r5, #0
10000c5c:	2380      	movs	r3, #128	@ 0x80
10000c5e:	412b      	asrs	r3, r5
10000c60:	ea13 0206 	ands.w	r2, r3, r6
10000c64:	bf14      	ite	ne
10000c66:	4641      	movne	r1, r8
10000c68:	4611      	moveq	r1, r2
10000c6a:	f04f 0a03 	mov.w	sl, #3
10000c6e:	bf18      	it	ne
10000c70:	b2fa      	uxtbne	r2, r7
10000c72:	f88d 100c 	strb.w	r1, [sp, #12]
10000c76:	f88d 200d 	strb.w	r2, [sp, #13]
10000c7a:	2201      	movs	r2, #1
10000c7c:	a903      	add	r1, sp, #12
10000c7e:	4620      	mov	r0, r4
10000c80:	f00a fb5e 	bl	1000b340 <__spi_write_blocking_veneer>
10000c84:	2201      	movs	r2, #1
10000c86:	4620      	mov	r0, r4
10000c88:	f10d 010d 	add.w	r1, sp, #13
10000c8c:	f00a fb58 	bl	1000b340 <__spi_write_blocking_veneer>
10000c90:	f1ba 0a01 	subs.w	sl, sl, #1
10000c94:	d1f1      	bne.n	10000c7a <draw_char_scaled.constprop.4+0x1fe>
10000c96:	3501      	adds	r5, #1
10000c98:	2d08      	cmp	r5, #8
10000c9a:	d1df      	bne.n	10000c5c <draw_char_scaled.constprop.4+0x1e0>
10000c9c:	f1b9 0901 	subs.w	r9, r9, #1
10000ca0:	d1db      	bne.n	10000c5a <draw_char_scaled.constprop.4+0x1de>
10000ca2:	9b01      	ldr	r3, [sp, #4]
10000ca4:	459b      	cmp	fp, r3
10000ca6:	d1d4      	bne.n	10000c52 <draw_char_scaled.constprop.4+0x1d6>
10000ca8:	2301      	movs	r3, #1
10000caa:	ec43 3040 	gpioc_bit_out_put r3, r3
10000cae:	b005      	add	sp, #20
10000cb0:	e8bd 8ff0 	ldmia.w	sp!, {r4, r5, r6, r7, r8, r9, sl, fp, pc}
10000cb4:	40080000 	.word	0x40080000
10000cb8:	1000bab0 	.word	0x1000bab0

10000cbc <st7789_init_registers>:
10000cbc:	e92d 41f0 	stmdb	sp!, {r4, r5, r6, r7, r8, lr}
10000cc0:	2401      	movs	r4, #1
10000cc2:	b082      	sub	sp, #8
10000cc4:	f88d 4007 	strb.w	r4, [sp, #7]
10000cc8:	bf00      	nop
10000cca:	2700      	movs	r7, #0
10000ccc:	ec47 7040 	gpioc_bit_out_put r7, r7
10000cd0:	ec47 4040 	gpioc_bit_out_put r4, r7
10000cd4:	bf00      	nop
10000cd6:	f8df 8284 	ldr.w	r8, [pc, #644]	@ 10000f5c <st7789_init_registers+0x2a0>
10000cda:	4622      	mov	r2, r4
10000cdc:	4640      	mov	r0, r8
10000cde:	f10d 0107 	add.w	r1, sp, #7
10000ce2:	f00a fb2d 	bl	1000b340 <__spi_write_blocking_veneer>
10000ce6:	bf00      	nop
10000ce8:	ec44 4040 	gpioc_bit_out_put r4, r4
10000cec:	2037      	movs	r0, #55	@ 0x37
10000cee:	f004 fc05 	bl	100054fc <sleep_ms>
10000cf2:	2311      	movs	r3, #17
10000cf4:	f88d 3007 	strb.w	r3, [sp, #7]
10000cf8:	bf00      	nop
10000cfa:	ec47 7040 	gpioc_bit_out_put r7, r7
10000cfe:	ec47 4040 	gpioc_bit_out_put r4, r7
10000d02:	bf00      	nop
10000d04:	4622      	mov	r2, r4
10000d06:	4640      	mov	r0, r8
10000d08:	f10d 0107 	add.w	r1, sp, #7
10000d0c:	f00a fb18 	bl	1000b340 <__spi_write_blocking_veneer>
10000d10:	bf00      	nop
10000d12:	ec44 4040 	gpioc_bit_out_put r4, r4
10000d16:	2037      	movs	r0, #55	@ 0x37
10000d18:	f004 fbf0 	bl	100054fc <sleep_ms>
10000d1c:	233a      	movs	r3, #58	@ 0x3a
10000d1e:	f88d 3007 	strb.w	r3, [sp, #7]
10000d22:	bf00      	nop
10000d24:	ec47 7040 	gpioc_bit_out_put r7, r7
10000d28:	ec47 4040 	gpioc_bit_out_put r4, r7
10000d2c:	bf00      	nop
10000d2e:	4622      	mov	r2, r4
10000d30:	4640      	mov	r0, r8
10000d32:	f10d 0107 	add.w	r1, sp, #7
10000d36:	f00a fb03 	bl	1000b340 <__spi_write_blocking_veneer>
10000d3a:	bf00      	nop
10000d3c:	ec44 4040 	gpioc_bit_out_put r4, r4
10000d40:	2355      	movs	r3, #85	@ 0x55
10000d42:	f88d 3007 	strb.w	r3, [sp, #7]
10000d46:	bf00      	nop
10000d48:	ec44 7040 	gpioc_bit_out_put r7, r4
10000d4c:	ec47 4040 	gpioc_bit_out_put r4, r7
10000d50:	bf00      	nop
10000d52:	4622      	mov	r2, r4
10000d54:	4640      	mov	r0, r8
10000d56:	f10d 0107 	add.w	r1, sp, #7
10000d5a:	f00a faf1 	bl	1000b340 <__spi_write_blocking_veneer>
10000d5e:	bf00      	nop
10000d60:	ec44 4040 	gpioc_bit_out_put r4, r4
10000d64:	2336      	movs	r3, #54	@ 0x36
10000d66:	f88d 3007 	strb.w	r3, [sp, #7]
10000d6a:	bf00      	nop
10000d6c:	ec47 7040 	gpioc_bit_out_put r7, r7
10000d70:	ec47 4040 	gpioc_bit_out_put r4, r7
10000d74:	bf00      	nop
10000d76:	4622      	mov	r2, r4
10000d78:	4640      	mov	r0, r8
10000d7a:	f10d 0107 	add.w	r1, sp, #7
10000d7e:	f00a fadf 	bl	1000b340 <__spi_write_blocking_veneer>
10000d82:	bf00      	nop
10000d84:	ec44 4040 	gpioc_bit_out_put r4, r4
10000d88:	2360      	movs	r3, #96	@ 0x60
10000d8a:	f88d 3007 	strb.w	r3, [sp, #7]
10000d8e:	bf00      	nop
10000d90:	ec44 7040 	gpioc_bit_out_put r7, r4
10000d94:	ec47 4040 	gpioc_bit_out_put r4, r7
10000d98:	bf00      	nop
10000d9a:	4622      	mov	r2, r4
10000d9c:	4640      	mov	r0, r8
10000d9e:	f10d 0107 	add.w	r1, sp, #7
10000da2:	f00a facd 	bl	1000b340 <__spi_write_blocking_veneer>
10000da6:	bf00      	nop
10000da8:	ec44 4040 	gpioc_bit_out_put r4, r4
10000dac:	2321      	movs	r3, #33	@ 0x21
10000dae:	f88d 3007 	strb.w	r3, [sp, #7]
10000db2:	bf00      	nop
10000db4:	ec47 7040 	gpioc_bit_out_put r7, r7
10000db8:	ec47 4040 	gpioc_bit_out_put r4, r7
10000dbc:	bf00      	nop
10000dbe:	4622      	mov	r2, r4
10000dc0:	4640      	mov	r0, r8
10000dc2:	f10d 0107 	add.w	r1, sp, #7
10000dc6:	f00a fabb 	bl	1000b340 <__spi_write_blocking_veneer>
10000dca:	bf00      	nop
10000dcc:	ec44 4040 	gpioc_bit_out_put r4, r4
10000dd0:	232a      	movs	r3, #42	@ 0x2a
10000dd2:	f88d 3007 	strb.w	r3, [sp, #7]
10000dd6:	bf00      	nop
10000dd8:	ec47 7040 	gpioc_bit_out_put r7, r7
10000ddc:	ec47 4040 	gpioc_bit_out_put r4, r7
10000de0:	bf00      	nop
10000de2:	4622      	mov	r2, r4
10000de4:	4640      	mov	r0, r8
10000de6:	f10d 0107 	add.w	r1, sp, #7
10000dea:	f00a faa9 	bl	1000b340 <__spi_write_blocking_veneer>
10000dee:	bf00      	nop
10000df0:	ec44 4040 	gpioc_bit_out_put r4, r4
10000df4:	f88d 7007 	strb.w	r7, [sp, #7]
10000df8:	bf00      	nop
10000dfa:	ec44 7040 	gpioc_bit_out_put r7, r4
10000dfe:	ec47 4040 	gpioc_bit_out_put r4, r7
10000e02:	bf00      	nop
10000e04:	4622      	mov	r2, r4
10000e06:	4640      	mov	r0, r8
10000e08:	f10d 0107 	add.w	r1, sp, #7
10000e0c:	f00a fa98 	bl	1000b340 <__spi_write_blocking_veneer>
10000e10:	bf00      	nop
10000e12:	ec44 4040 	gpioc_bit_out_put r4, r4
10000e16:	f88d 7006 	strb.w	r7, [sp, #6]
10000e1a:	bf00      	nop
10000e1c:	ec44 7040 	gpioc_bit_out_put r7, r4
10000e20:	ec47 4040 	gpioc_bit_out_put r4, r7
10000e24:	bf00      	nop
10000e26:	4622      	mov	r2, r4
10000e28:	4640      	mov	r0, r8
10000e2a:	f10d 0106 	add.w	r1, sp, #6
10000e2e:	f00a fa87 	bl	1000b340 <__spi_write_blocking_veneer>
10000e32:	bf00      	nop
10000e34:	ec44 4040 	gpioc_bit_out_put r4, r4
10000e38:	f88d 4005 	strb.w	r4, [sp, #5]
10000e3c:	bf00      	nop
10000e3e:	ec44 7040 	gpioc_bit_out_put r7, r4
10000e42:	ec47 4040 	gpioc_bit_out_put r4, r7
10000e46:	bf00      	nop
10000e48:	4622      	mov	r2, r4
10000e4a:	4640      	mov	r0, r8
10000e4c:	f10d 0105 	add.w	r1, sp, #5
10000e50:	f00a fa76 	bl	1000b340 <__spi_write_blocking_veneer>
10000e54:	bf00      	nop
10000e56:	ec44 4040 	gpioc_bit_out_put r4, r4
10000e5a:	233f      	movs	r3, #63	@ 0x3f
10000e5c:	f88d 3005 	strb.w	r3, [sp, #5]
10000e60:	bf00      	nop
10000e62:	ec44 7040 	gpioc_bit_out_put r7, r4
10000e66:	ec47 4040 	gpioc_bit_out_put r4, r7
10000e6a:	bf00      	nop
10000e6c:	4622      	mov	r2, r4
10000e6e:	4640      	mov	r0, r8
10000e70:	f10d 0105 	add.w	r1, sp, #5
10000e74:	f00a fa64 	bl	1000b340 <__spi_write_blocking_veneer>
10000e78:	bf00      	nop
10000e7a:	ec44 4040 	gpioc_bit_out_put r4, r4
10000e7e:	232b      	movs	r3, #43	@ 0x2b
10000e80:	f88d 3005 	strb.w	r3, [sp, #5]
10000e84:	bf00      	nop
10000e86:	ec47 7040 	gpioc_bit_out_put r7, r7
10000e8a:	ec47 4040 	gpioc_bit_out_put r4, r7
10000e8e:	bf00      	nop
10000e90:	4622      	mov	r2, r4
10000e92:	4640      	mov	r0, r8
10000e94:	f10d 0105 	add.w	r1, sp, #5
10000e98:	f00a fa52 	bl	1000b340 <__spi_write_blocking_veneer>
10000e9c:	bf00      	nop
10000e9e:	ec44 4040 	gpioc_bit_out_put r4, r4
10000ea2:	f88d 7005 	strb.w	r7, [sp, #5]
10000ea6:	bf00      	nop
10000ea8:	ec44 7040 	gpioc_bit_out_put r7, r4
10000eac:	ec47 4040 	gpioc_bit_out_put r4, r7
10000eb0:	bf00      	nop
10000eb2:	4622      	mov	r2, r4
10000eb4:	4640      	mov	r0, r8
10000eb6:	f10d 0105 	add.w	r1, sp, #5
10000eba:	f00a fa41 	bl	1000b340 <__spi_write_blocking_veneer>
10000ebe:	bf00      	nop
10000ec0:	ec44 4040 	gpioc_bit_out_put r4, r4
10000ec4:	f88d 7004 	strb.w	r7, [sp, #4]
10000ec8:	bf00      	nop
10000eca:	ec44 7040 	gpioc_bit_out_put r7, r4
10000ece:	ec47 4040 	gpioc_bit_out_put r4, r7
10000ed2:	bf00      	nop
10000ed4:	4622      	mov	r2, r4
10000ed6:	4640      	mov	r0, r8
10000ed8:	a901      	add	r1, sp, #4
10000eda:	f00a fa31 	bl	1000b340 <__spi_write_blocking_veneer>
10000ede:	bf00      	nop
10000ee0:	ec44 4040 	gpioc_bit_out_put r4, r4
10000ee4:	f88d 7003 	strb.w	r7, [sp, #3]
10000ee8:	bf00      	nop
10000eea:	ec44 7040 	gpioc_bit_out_put r7, r4
10000eee:	ec47 4040 	gpioc_bit_out_put r4, r7
10000ef2:	bf00      	nop
10000ef4:	4622      	mov	r2, r4
10000ef6:	4640      	mov	r0, r8
10000ef8:	f10d 0103 	add.w	r1, sp, #3
10000efc:	f00a fa20 	bl	1000b340 <__spi_write_blocking_veneer>
10000f00:	bf00      	nop
10000f02:	ec44 4040 	gpioc_bit_out_put r4, r4
10000f06:	23ef      	movs	r3, #239	@ 0xef
10000f08:	f88d 3002 	strb.w	r3, [sp, #2]
10000f0c:	bf00      	nop
10000f0e:	ec44 7040 	gpioc_bit_out_put r7, r4
10000f12:	ec47 4040 	gpioc_bit_out_put r4, r7
10000f16:	bf00      	nop
10000f18:	4622      	mov	r2, r4
10000f1a:	4640      	mov	r0, r8
10000f1c:	f10d 0102 	add.w	r1, sp, #2
10000f20:	f00a fa0e 	bl	1000b340 <__spi_write_blocking_veneer>
10000f24:	bf00      	nop
10000f26:	ec44 4040 	gpioc_bit_out_put r4, r4
10000f2a:	2329      	movs	r3, #41	@ 0x29
10000f2c:	f88d 3002 	strb.w	r3, [sp, #2]
10000f30:	bf00      	nop
10000f32:	ec47 7040 	gpioc_bit_out_put r7, r7
10000f36:	ec47 4040 	gpioc_bit_out_put r4, r7
10000f3a:	bf00      	nop
10000f3c:	4622      	mov	r2, r4
10000f3e:	4640      	mov	r0, r8
10000f40:	f10d 0102 	add.w	r1, sp, #2
10000f44:	f00a f9fc 	bl	1000b340 <__spi_write_blocking_veneer>
10000f48:	bf00      	nop
10000f4a:	ec44 4040 	gpioc_bit_out_put r4, r4
10000f4e:	2037      	movs	r0, #55	@ 0x37
10000f50:	f004 fad4 	bl	100054fc <sleep_ms>
10000f54:	b002      	add	sp, #8
10000f56:	e8bd 81f0 	ldmia.w	sp!, {r4, r5, r6, r7, r8, pc}
10000f5a:	bf00      	nop
10000f5c:	40080000 	.word	0x40080000

10000f60 <draw_rectangle>:
10000f60:	e92d 4ff0 	stmdb	sp!, {r4, r5, r6, r7, r8, r9, sl, fp, lr}
10000f64:	f5b0 7fa0 	cmp.w	r0, #320	@ 0x140
10000f68:	b087      	sub	sp, #28
10000f6a:	f8bd a040 	ldrh.w	sl, [sp, #64]	@ 0x40
10000f6e:	f080 8109 	bcs.w	10001184 <draw_rectangle+0x224>
10000f72:	4615      	mov	r5, r2
10000f74:	2a00      	cmp	r2, #0
10000f76:	f000 8105 	beq.w	10001184 <draw_rectangle+0x224>
10000f7a:	461f      	mov	r7, r3
10000f7c:	1813      	adds	r3, r2, r0
10000f7e:	f5b3 7fa0 	cmp.w	r3, #320	@ 0x140
10000f82:	bfc8      	it	gt
10000f84:	f5c0 75a0 	rsbgt	r5, r0, #320	@ 0x140
10000f88:	f101 0323 	add.w	r3, r1, #35	@ 0x23
10000f8c:	bfc8      	it	gt
10000f8e:	b2ad      	uxthgt	r5, r5
10000f90:	2bef      	cmp	r3, #239	@ 0xef
10000f92:	4606      	mov	r6, r0
10000f94:	f300 80f6 	bgt.w	10001184 <draw_rectangle+0x224>
10000f98:	2f00      	cmp	r7, #0
10000f9a:	f000 80f3 	beq.w	10001184 <draw_rectangle+0x224>
10000f9e:	1e7a      	subs	r2, r7, #1
10000fa0:	441a      	add	r2, r3
10000fa2:	2aef      	cmp	r2, #239	@ 0xef
10000fa4:	9701      	str	r7, [sp, #4]
10000fa6:	f200 80f0 	bhi.w	1000118a <draw_rectangle+0x22a>
10000faa:	b2d2      	uxtb	r2, r2
10000fac:	9202      	str	r2, [sp, #8]
10000fae:	222a      	movs	r2, #42	@ 0x2a
10000fb0:	9303      	str	r3, [sp, #12]
10000fb2:	f88d 2017 	strb.w	r2, [sp, #23]
10000fb6:	bf00      	nop
10000fb8:	2400      	movs	r4, #0
10000fba:	ec44 4040 	gpioc_bit_out_put r4, r4
10000fbe:	2701      	movs	r7, #1
10000fc0:	ec44 7040 	gpioc_bit_out_put r7, r4
10000fc4:	bf00      	nop
10000fc6:	4874      	ldr	r0, [pc, #464]	@ (10001198 <draw_rectangle+0x238>)
10000fc8:	463a      	mov	r2, r7
10000fca:	f10d 0117 	add.w	r1, sp, #23
10000fce:	f00a f9b7 	bl	1000b340 <__spi_write_blocking_veneer>
10000fd2:	bf00      	nop
10000fd4:	ec47 7040 	gpioc_bit_out_put r7, r7
10000fd8:	0a31      	lsrs	r1, r6, #8
10000fda:	f88d 1017 	strb.w	r1, [sp, #23]
10000fde:	bf00      	nop
10000fe0:	ec47 4040 	gpioc_bit_out_put r4, r7
10000fe4:	ec44 7040 	gpioc_bit_out_put r7, r4
10000fe8:	bf00      	nop
10000fea:	486b      	ldr	r0, [pc, #428]	@ (10001198 <draw_rectangle+0x238>)
10000fec:	463a      	mov	r2, r7
10000fee:	f10d 0117 	add.w	r1, sp, #23
10000ff2:	f00a f9a5 	bl	1000b340 <__spi_write_blocking_veneer>
10000ff6:	bf00      	nop
10000ff8:	ec47 7040 	gpioc_bit_out_put r7, r7
10000ffc:	fa5f fb86 	uxtb.w	fp, r6
10001000:	f88d b017 	strb.w	fp, [sp, #23]
10001004:	bf00      	nop
10001006:	ec47 4040 	gpioc_bit_out_put r4, r7
1000100a:	ec44 7040 	gpioc_bit_out_put r7, r4
1000100e:	bf00      	nop
10001010:	4861      	ldr	r0, [pc, #388]	@ (10001198 <draw_rectangle+0x238>)
10001012:	463a      	mov	r2, r7
10001014:	f10d 0117 	add.w	r1, sp, #23
10001018:	f00a f992 	bl	1000b340 <__spi_write_blocking_veneer>
1000101c:	bf00      	nop
1000101e:	ec47 7040 	gpioc_bit_out_put r7, r7
10001022:	442e      	add	r6, r5
10001024:	3e01      	subs	r6, #1
10001026:	1236      	asrs	r6, r6, #8
10001028:	f88d 6017 	strb.w	r6, [sp, #23]
1000102c:	bf00      	nop
1000102e:	ec47 4040 	gpioc_bit_out_put r4, r7
10001032:	ec44 7040 	gpioc_bit_out_put r7, r4
10001036:	bf00      	nop
10001038:	4857      	ldr	r0, [pc, #348]	@ (10001198 <draw_rectangle+0x238>)
1000103a:	463a      	mov	r2, r7
1000103c:	f10d 0117 	add.w	r1, sp, #23
10001040:	f00a f97e 	bl	1000b340 <__spi_write_blocking_veneer>
10001044:	bf00      	nop
10001046:	ec47 7040 	gpioc_bit_out_put r7, r7
1000104a:	f10b 3bff 	add.w	fp, fp, #4294967295	@ 0xffffffff
1000104e:	44ab      	add	fp, r5
10001050:	f88d b017 	strb.w	fp, [sp, #23]
10001054:	bf00      	nop
10001056:	ec47 4040 	gpioc_bit_out_put r4, r7
1000105a:	ec44 7040 	gpioc_bit_out_put r7, r4
1000105e:	bf00      	nop
10001060:	484d      	ldr	r0, [pc, #308]	@ (10001198 <draw_rectangle+0x238>)
10001062:	463a      	mov	r2, r7
10001064:	f10d 0117 	add.w	r1, sp, #23
10001068:	f00a f96a 	bl	1000b340 <__spi_write_blocking_veneer>
1000106c:	bf00      	nop
1000106e:	ec47 7040 	gpioc_bit_out_put r7, r7
10001072:	212b      	movs	r1, #43	@ 0x2b
10001074:	f88d 1017 	strb.w	r1, [sp, #23]
10001078:	bf00      	nop
1000107a:	ec44 4040 	gpioc_bit_out_put r4, r4
1000107e:	ec44 7040 	gpioc_bit_out_put r7, r4
10001082:	bf00      	nop
10001084:	4844      	ldr	r0, [pc, #272]	@ (10001198 <draw_rectangle+0x238>)
10001086:	463a      	mov	r2, r7
10001088:	f10d 0117 	add.w	r1, sp, #23
1000108c:	f00a f958 	bl	1000b340 <__spi_write_blocking_veneer>
10001090:	bf00      	nop
10001092:	ec47 7040 	gpioc_bit_out_put r7, r7
10001096:	f88d 4017 	strb.w	r4, [sp, #23]
1000109a:	bf00      	nop
1000109c:	ec47 4040 	gpioc_bit_out_put r4, r7
100010a0:	ec44 7040 	gpioc_bit_out_put r7, r4
100010a4:	bf00      	nop
100010a6:	483c      	ldr	r0, [pc, #240]	@ (10001198 <draw_rectangle+0x238>)
100010a8:	463a      	mov	r2, r7
100010aa:	f10d 0117 	add.w	r1, sp, #23
100010ae:	f00a f947 	bl	1000b340 <__spi_write_blocking_veneer>
100010b2:	bf00      	nop
100010b4:	ec47 7040 	gpioc_bit_out_put r7, r7
100010b8:	9b03      	ldr	r3, [sp, #12]
100010ba:	f88d 3016 	strb.w	r3, [sp, #22]
100010be:	bf00      	nop
100010c0:	ec47 4040 	gpioc_bit_out_put r4, r7
100010c4:	ec44 7040 	gpioc_bit_out_put r7, r4
100010c8:	bf00      	nop
100010ca:	4833      	ldr	r0, [pc, #204]	@ (10001198 <draw_rectangle+0x238>)
100010cc:	463a      	mov	r2, r7
100010ce:	f10d 0116 	add.w	r1, sp, #22
100010d2:	f00a f935 	bl	1000b340 <__spi_write_blocking_veneer>
100010d6:	bf00      	nop
100010d8:	ec47 7040 	gpioc_bit_out_put r7, r7
100010dc:	f88d 4016 	strb.w	r4, [sp, #22]
100010e0:	bf00      	nop
100010e2:	ec47 4040 	gpioc_bit_out_put r4, r7
100010e6:	ec44 7040 	gpioc_bit_out_put r7, r4
100010ea:	bf00      	nop
100010ec:	482a      	ldr	r0, [pc, #168]	@ (10001198 <draw_rectangle+0x238>)
100010ee:	463a      	mov	r2, r7
100010f0:	f10d 0116 	add.w	r1, sp, #22
100010f4:	f00a f924 	bl	1000b340 <__spi_write_blocking_veneer>
100010f8:	bf00      	nop
100010fa:	ec47 7040 	gpioc_bit_out_put r7, r7
100010fe:	9b02      	ldr	r3, [sp, #8]
10001100:	f88d 3015 	strb.w	r3, [sp, #21]
10001104:	bf00      	nop
10001106:	ec47 4040 	gpioc_bit_out_put r4, r7
1000110a:	ec44 7040 	gpioc_bit_out_put r7, r4
1000110e:	bf00      	nop
10001110:	4821      	ldr	r0, [pc, #132]	@ (10001198 <draw_rectangle+0x238>)
10001112:	463a      	mov	r2, r7
10001114:	f10d 0115 	add.w	r1, sp, #21
10001118:	f00a f912 	bl	1000b340 <__spi_write_blocking_veneer>
1000111c:	bf00      	nop
1000111e:	ec47 7040 	gpioc_bit_out_put r7, r7
10001122:	232c      	movs	r3, #44	@ 0x2c
10001124:	f88d 3015 	strb.w	r3, [sp, #21]
10001128:	bf00      	nop
1000112a:	ec44 4040 	gpioc_bit_out_put r4, r4
1000112e:	ec44 7040 	gpioc_bit_out_put r7, r4
10001132:	bf00      	nop
10001134:	4818      	ldr	r0, [pc, #96]	@ (10001198 <draw_rectangle+0x238>)
10001136:	463a      	mov	r2, r7
10001138:	f10d 0115 	add.w	r1, sp, #21
1000113c:	f00a f900 	bl	1000b340 <__spi_write_blocking_veneer>
10001140:	bf00      	nop
10001142:	ec47 7040 	gpioc_bit_out_put r7, r7
10001146:	ec47 4040 	gpioc_bit_out_put r4, r7
1000114a:	ec44 7040 	gpioc_bit_out_put r7, r4
1000114e:	9b01      	ldr	r3, [sp, #4]
10001150:	f88d a015 	strb.w	sl, [sp, #21]
10001154:	fb03 f505 	mul.w	r5, r3, r5
10001158:	ea4f 2a1a 	mov.w	sl, sl, lsr #8
1000115c:	4e0e      	ldr	r6, [pc, #56]	@ (10001198 <draw_rectangle+0x238>)
1000115e:	f88d a014 	strb.w	sl, [sp, #20]
10001162:	2201      	movs	r2, #1
10001164:	a905      	add	r1, sp, #20
10001166:	4630      	mov	r0, r6
10001168:	f00a f8ea 	bl	1000b340 <__spi_write_blocking_veneer>
1000116c:	3401      	adds	r4, #1
1000116e:	2201      	movs	r2, #1
10001170:	4630      	mov	r0, r6
10001172:	f10d 0115 	add.w	r1, sp, #21
10001176:	f00a f8e3 	bl	1000b340 <__spi_write_blocking_veneer>
1000117a:	42a5      	cmp	r5, r4
1000117c:	d1f1      	bne.n	10001162 <draw_rectangle+0x202>
1000117e:	2301      	movs	r3, #1
10001180:	ec43 3040 	gpioc_bit_out_put r3, r3
10001184:	b007      	add	sp, #28
10001186:	e8bd 8ff0 	ldmia.w	sp!, {r4, r5, r6, r7, r8, r9, sl, fp, pc}
1000118a:	f1c1 01cd 	rsb	r1, r1, #205	@ 0xcd
1000118e:	b28a      	uxth	r2, r1
10001190:	9201      	str	r2, [sp, #4]
10001192:	22ef      	movs	r2, #239	@ 0xef
10001194:	9202      	str	r2, [sp, #8]
10001196:	e70a      	b.n	10000fae <draw_rectangle+0x4e>
10001198:	40080000 	.word	0x40080000

1000119c <fill_screen>:
1000119c:	232a      	movs	r3, #42	@ 0x2a
1000119e:	b5f0      	push	{r4, r5, r6, r7, lr}
100011a0:	b083      	sub	sp, #12
100011a2:	f88d 3007 	strb.w	r3, [sp, #7]
100011a6:	0a03      	lsrs	r3, r0, #8
100011a8:	f88d 3001 	strb.w	r3, [sp, #1]
100011ac:	f88d 0002 	strb.w	r0, [sp, #2]
100011b0:	bf00      	nop
100011b2:	2600      	movs	r6, #0
100011b4:	ec46 6040 	gpioc_bit_out_put r6, r6
100011b8:	2401      	movs	r4, #1
100011ba:	ec46 4040 	gpioc_bit_out_put r4, r6
100011be:	bf00      	nop
100011c0:	4867      	ldr	r0, [pc, #412]	@ (10001360 <fill_screen+0x1c4>)
100011c2:	4622      	mov	r2, r4
100011c4:	f10d 0107 	add.w	r1, sp, #7
100011c8:	f00a f8ba 	bl	1000b340 <__spi_write_blocking_veneer>
100011cc:	bf00      	nop
100011ce:	ec44 4040 	gpioc_bit_out_put r4, r4
100011d2:	f88d 6007 	strb.w	r6, [sp, #7]
100011d6:	bf00      	nop
100011d8:	ec44 6040 	gpioc_bit_out_put r6, r4
100011dc:	ec46 4040 	gpioc_bit_out_put r4, r6
100011e0:	bf00      	nop
100011e2:	485f      	ldr	r0, [pc, #380]	@ (10001360 <fill_screen+0x1c4>)
100011e4:	4622      	mov	r2, r4
100011e6:	f10d 0107 	add.w	r1, sp, #7
100011ea:	f00a f8a9 	bl	1000b340 <__spi_write_blocking_veneer>
100011ee:	bf00      	nop
100011f0:	ec44 4040 	gpioc_bit_out_put r4, r4
100011f4:	f88d 6006 	strb.w	r6, [sp, #6]
100011f8:	bf00      	nop
100011fa:	ec44 6040 	gpioc_bit_out_put r6, r4
100011fe:	ec46 4040 	gpioc_bit_out_put r4, r6
10001202:	bf00      	nop
10001204:	4856      	ldr	r0, [pc, #344]	@ (10001360 <fill_screen+0x1c4>)
10001206:	4622      	mov	r2, r4
10001208:	f10d 0106 	add.w	r1, sp, #6
1000120c:	f00a f898 	bl	1000b340 <__spi_write_blocking_veneer>
10001210:	bf00      	nop
10001212:	ec44 4040 	gpioc_bit_out_put r4, r4
10001216:	f88d 4005 	strb.w	r4, [sp, #5]
1000121a:	bf00      	nop
1000121c:	ec44 6040 	gpioc_bit_out_put r6, r4
10001220:	ec46 4040 	gpioc_bit_out_put r4, r6
10001224:	bf00      	nop
10001226:	484e      	ldr	r0, [pc, #312]	@ (10001360 <fill_screen+0x1c4>)
10001228:	4622      	mov	r2, r4
1000122a:	f10d 0105 	add.w	r1, sp, #5
1000122e:	f00a f887 	bl	1000b340 <__spi_write_blocking_veneer>
10001232:	bf00      	nop
10001234:	ec44 4040 	gpioc_bit_out_put r4, r4
10001238:	233f      	movs	r3, #63	@ 0x3f
1000123a:	f88d 3005 	strb.w	r3, [sp, #5]
1000123e:	bf00      	nop
10001240:	ec44 6040 	gpioc_bit_out_put r6, r4
10001244:	ec46 4040 	gpioc_bit_out_put r4, r6
10001248:	bf00      	nop
1000124a:	4845      	ldr	r0, [pc, #276]	@ (10001360 <fill_screen+0x1c4>)
1000124c:	4622      	mov	r2, r4
1000124e:	f10d 0105 	add.w	r1, sp, #5
10001252:	f00a f875 	bl	1000b340 <__spi_write_blocking_veneer>
10001256:	bf00      	nop
10001258:	ec44 4040 	gpioc_bit_out_put r4, r4
1000125c:	232b      	movs	r3, #43	@ 0x2b
1000125e:	f88d 3005 	strb.w	r3, [sp, #5]
10001262:	bf00      	nop
10001264:	ec46 6040 	gpioc_bit_out_put r6, r6
10001268:	ec46 4040 	gpioc_bit_out_put r4, r6
1000126c:	bf00      	nop
1000126e:	483c      	ldr	r0, [pc, #240]	@ (10001360 <fill_screen+0x1c4>)
10001270:	4622      	mov	r2, r4
10001272:	f10d 0105 	add.w	r1, sp, #5
10001276:	f00a f863 	bl	1000b340 <__spi_write_blocking_veneer>
1000127a:	bf00      	nop
1000127c:	ec44 4040 	gpioc_bit_out_put r4, r4
10001280:	f88d 6005 	strb.w	r6, [sp, #5]
10001284:	bf00      	nop
10001286:	ec44 6040 	gpioc_bit_out_put r6, r4
1000128a:	ec46 4040 	gpioc_bit_out_put r4, r6
1000128e:	bf00      	nop
10001290:	4833      	ldr	r0, [pc, #204]	@ (10001360 <fill_screen+0x1c4>)
10001292:	4622      	mov	r2, r4
10001294:	f10d 0105 	add.w	r1, sp, #5
10001298:	f00a f852 	bl	1000b340 <__spi_write_blocking_veneer>
1000129c:	bf00      	nop
1000129e:	ec44 4040 	gpioc_bit_out_put r4, r4
100012a2:	2323      	movs	r3, #35	@ 0x23
100012a4:	f88d 3004 	strb.w	r3, [sp, #4]
100012a8:	bf00      	nop
100012aa:	ec44 6040 	gpioc_bit_out_put r6, r4
100012ae:	ec46 4040 	gpioc_bit_out_put r4, r6
100012b2:	bf00      	nop
100012b4:	482a      	ldr	r0, [pc, #168]	@ (10001360 <fill_screen+0x1c4>)
100012b6:	4622      	mov	r2, r4
100012b8:	a901      	add	r1, sp, #4
100012ba:	f00a f841 	bl	1000b340 <__spi_write_blocking_veneer>
100012be:	bf00      	nop
100012c0:	ec44 4040 	gpioc_bit_out_put r4, r4
100012c4:	f88d 6004 	strb.w	r6, [sp, #4]
100012c8:	bf00      	nop
100012ca:	ec44 6040 	gpioc_bit_out_put r6, r4
100012ce:	ec46 4040 	gpioc_bit_out_put r4, r6
100012d2:	bf00      	nop
100012d4:	4822      	ldr	r0, [pc, #136]	@ (10001360 <fill_screen+0x1c4>)
100012d6:	4622      	mov	r2, r4
100012d8:	a901      	add	r1, sp, #4
100012da:	f00a f831 	bl	1000b340 <__spi_write_blocking_veneer>
100012de:	bf00      	nop
100012e0:	ec44 4040 	gpioc_bit_out_put r4, r4
100012e4:	23ef      	movs	r3, #239	@ 0xef
100012e6:	f88d 3003 	strb.w	r3, [sp, #3]
100012ea:	bf00      	nop
100012ec:	ec44 6040 	gpioc_bit_out_put r6, r4
100012f0:	ec46 4040 	gpioc_bit_out_put r4, r6
100012f4:	bf00      	nop
100012f6:	481a      	ldr	r0, [pc, #104]	@ (10001360 <fill_screen+0x1c4>)
100012f8:	4622      	mov	r2, r4
100012fa:	f10d 0103 	add.w	r1, sp, #3
100012fe:	f00a f81f 	bl	1000b340 <__spi_write_blocking_veneer>
10001302:	bf00      	nop
10001304:	ec44 4040 	gpioc_bit_out_put r4, r4
10001308:	232c      	movs	r3, #44	@ 0x2c
1000130a:	f88d 3003 	strb.w	r3, [sp, #3]
1000130e:	bf00      	nop
10001310:	ec46 6040 	gpioc_bit_out_put r6, r6
10001314:	ec46 4040 	gpioc_bit_out_put r4, r6
10001318:	bf00      	nop
1000131a:	4811      	ldr	r0, [pc, #68]	@ (10001360 <fill_screen+0x1c4>)
1000131c:	4622      	mov	r2, r4
1000131e:	f10d 0103 	add.w	r1, sp, #3
10001322:	f00a f80d 	bl	1000b340 <__spi_write_blocking_veneer>
10001326:	bf00      	nop
10001328:	ec44 4040 	gpioc_bit_out_put r4, r4
1000132c:	ec44 6040 	gpioc_bit_out_put r6, r4
10001330:	ec46 4040 	gpioc_bit_out_put r4, r6
10001334:	4c0b      	ldr	r4, [pc, #44]	@ (10001364 <fill_screen+0x1c8>)
10001336:	4d0a      	ldr	r5, [pc, #40]	@ (10001360 <fill_screen+0x1c4>)
10001338:	2201      	movs	r2, #1
1000133a:	4628      	mov	r0, r5
1000133c:	eb0d 0102 	add.w	r1, sp, r2
10001340:	f009 fffe 	bl	1000b340 <__spi_write_blocking_veneer>
10001344:	2201      	movs	r2, #1
10001346:	4628      	mov	r0, r5
10001348:	f10d 0102 	add.w	r1, sp, #2
1000134c:	f009 fff8 	bl	1000b340 <__spi_write_blocking_veneer>
10001350:	3c01      	subs	r4, #1
10001352:	d1f1      	bne.n	10001338 <fill_screen+0x19c>
10001354:	2301      	movs	r3, #1
10001356:	ec43 3040 	gpioc_bit_out_put r3, r3
1000135a:	b003      	add	sp, #12
1000135c:	bdf0      	pop	{r4, r5, r6, r7, pc}
1000135e:	bf00      	nop
10001360:	40080000 	.word	0x40080000
10001364:	00010040 	.word	0x00010040

10001368 <show_animated_splash>:
10001368:	e92d 4ff0 	stmdb	sp!, {r4, r5, r6, r7, r8, r9, sl, fp, lr}
1000136c:	ed2d 8b04 	vpush	{d8-d9}
10001370:	2000      	movs	r0, #0
10001372:	b08b      	sub	sp, #44	@ 0x2c
10001374:	f7ff ff12 	bl	1000119c <fill_screen>
10001378:	2400      	movs	r4, #0
1000137a:	eddf 9ab7 	vldr	s19, [pc, #732]	@ 10001658 <show_animated_splash+0x2f0>
1000137e:	eeb1 9a00 	vmov.f32	s18, #16	@ 0x40800000  4.0
10001382:	ee07 4a90 	vmov	s15, r4
10001386:	eef8 7ae7 	vcvt.f32.s32	s15, s15
1000138a:	2500      	movs	r5, #0
1000138c:	2386      	movs	r3, #134	@ 0x86
1000138e:	ee67 7aa9 	vmul.f32	s15, s15, s19
10001392:	f04f 0b80 	mov.w	fp, #128	@ 0x80
10001396:	ee08 5a90 	vmov	s17, r5
1000139a:	2112      	movs	r1, #18
1000139c:	205d      	movs	r0, #93	@ 0x5d
1000139e:	461a      	mov	r2, r3
100013a0:	9500      	str	r5, [sp, #0]
100013a2:	4fae      	ldr	r7, [pc, #696]	@ (1000165c <show_animated_splash+0x2f4>)
100013a4:	edcd 7a08 	vstr	s15, [sp, #32]
100013a8:	f7ff fdda 	bl	10000f60 <draw_rectangle>
100013ac:	9409      	str	r4, [sp, #36]	@ 0x24
100013ae:	f817 9f01 	ldrb.w	r9, [r7, #1]!
100013b2:	f04f 0a00 	mov.w	sl, #0
100013b6:	eeb2 8a0a 	vmov.f32	s16, #42	@ 0x41500000  13.0
100013ba:	46b8      	mov	r8, r7
100013bc:	fa4b f30a 	asr.w	r3, fp, sl
100013c0:	ea13 0f09 	tst.w	r3, r9
100013c4:	d07b      	beq.n	100014be <show_animated_splash+0x156>
100013c6:	ee07 aa90 	vmov	s15, sl
100013ca:	eef8 7ae7 	vcvt.f32.s32	s15, s15
100013ce:	ee77 7ac9 	vsub.f32	s15, s15, s18
100013d2:	ee67 7a88 	vmul.f32	s15, s15, s16
100013d6:	ee17 0a90 	vmov	r0, s15
100013da:	f009 ffb9 	bl	1000b350 <____aeabi_f2d_veneer>
100013de:	4602      	mov	r2, r0
100013e0:	460b      	mov	r3, r1
100013e2:	9808      	ldr	r0, [sp, #32]
100013e4:	e9cd 2302 	strd	r2, r3, [sp, #8]
100013e8:	f009 ffb2 	bl	1000b350 <____aeabi_f2d_veneer>
100013ec:	4604      	mov	r4, r0
100013ee:	460d      	mov	r5, r1
100013f0:	f004 ff37 	bl	10006262 <__wrap_cos>
100013f4:	eeb1 7a08 	vmov.f32	s14, #24	@ 0x40c00000  6.0
100013f8:	eef8 7ae8 	vcvt.f32.s32	s15, s17
100013fc:	ee77 7ac7 	vsub.f32	s15, s15, s14
10001400:	ee67 7a88 	vmul.f32	s15, s15, s16
10001404:	4606      	mov	r6, r0
10001406:	ee17 0a90 	vmov	r0, s15
1000140a:	460f      	mov	r7, r1
1000140c:	f009 ffa0 	bl	1000b350 <____aeabi_f2d_veneer>
10001410:	4602      	mov	r2, r0
10001412:	460b      	mov	r3, r1
10001414:	4620      	mov	r0, r4
10001416:	4629      	mov	r1, r5
10001418:	e9cd 2304 	strd	r2, r3, [sp, #16]
1000141c:	f004 ff1c 	bl	10006258 <__wrap_sin>
10001420:	4632      	mov	r2, r6
10001422:	463b      	mov	r3, r7
10001424:	e9cd 6706 	strd	r6, r7, [sp, #24]
10001428:	4606      	mov	r6, r0
1000142a:	460f      	mov	r7, r1
1000142c:	e9dd 0102 	ldrd	r0, r1, [sp, #8]
10001430:	f004 fca6 	bl	10005d80 <__wrap___aeabi_dmul>
10001434:	4632      	mov	r2, r6
10001436:	4604      	mov	r4, r0
10001438:	460d      	mov	r5, r1
1000143a:	e9dd 0104 	ldrd	r0, r1, [sp, #16]
1000143e:	463b      	mov	r3, r7
10001440:	f004 fc9e 	bl	10005d80 <__wrap___aeabi_dmul>
10001444:	4602      	mov	r2, r0
10001446:	460b      	mov	r3, r1
10001448:	4620      	mov	r0, r4
1000144a:	4629      	mov	r1, r5
1000144c:	f004 fc84 	bl	10005d58 <__wrap___aeabi_dsub>
10001450:	f004 fd08 	bl	10005e64 <__wrap___aeabi_d2f>
10001454:	ee07 0a90 	vmov	s15, r0
10001458:	eefd 7ae7 	vcvt.s32.f32	s15, s15
1000145c:	ee17 4a90 	vmov	r4, s15
10001460:	349b      	adds	r4, #155	@ 0x9b
10001462:	f5b4 7f9b 	cmp.w	r4, #310	@ 0x136
10001466:	d82a      	bhi.n	100014be <show_animated_splash+0x156>
10001468:	e9dd 0102 	ldrd	r0, r1, [sp, #8]
1000146c:	4632      	mov	r2, r6
1000146e:	463b      	mov	r3, r7
10001470:	f004 fc86 	bl	10005d80 <__wrap___aeabi_dmul>
10001474:	e9dd 2304 	ldrd	r2, r3, [sp, #16]
10001478:	4606      	mov	r6, r0
1000147a:	460f      	mov	r7, r1
1000147c:	e9dd 0106 	ldrd	r0, r1, [sp, #24]
10001480:	f004 fc7e 	bl	10005d80 <__wrap___aeabi_dmul>
10001484:	460b      	mov	r3, r1
10001486:	4602      	mov	r2, r0
10001488:	4639      	mov	r1, r7
1000148a:	4630      	mov	r0, r6
1000148c:	f004 fc50 	bl	10005d30 <__wrap___aeabi_dadd>
10001490:	f004 fce8 	bl	10005e64 <__wrap___aeabi_d2f>
10001494:	ee07 0a90 	vmov	s15, r0
10001498:	eefd 7ae7 	vcvt.s32.f32	s15, s15
1000149c:	ee17 1a90 	vmov	r1, s15
100014a0:	f101 032d 	add.w	r3, r1, #45	@ 0x2d
100014a4:	2ba0      	cmp	r3, #160	@ 0xa0
100014a6:	f101 0150 	add.w	r1, r1, #80	@ 0x50
100014aa:	b2a0      	uxth	r0, r4
100014ac:	b289      	uxth	r1, r1
100014ae:	d806      	bhi.n	100014be <show_animated_splash+0x156>
100014b0:	f240 72ff 	movw	r2, #2047	@ 0x7ff
100014b4:	230a      	movs	r3, #10
100014b6:	9200      	str	r2, [sp, #0]
100014b8:	461a      	mov	r2, r3
100014ba:	f7ff fd51 	bl	10000f60 <draw_rectangle>
100014be:	f10a 0a01 	add.w	sl, sl, #1
100014c2:	f1ba 0f08 	cmp.w	sl, #8
100014c6:	f47f af79 	bne.w	100013bc <show_animated_splash+0x54>
100014ca:	ee18 3a90 	vmov	r3, s17
100014ce:	3301      	adds	r3, #1
100014d0:	2b0c      	cmp	r3, #12
100014d2:	4647      	mov	r7, r8
100014d4:	ee08 3a90 	vmov	s17, r3
100014d8:	f47f af69 	bne.w	100013ae <show_animated_splash+0x46>
100014dc:	9c09      	ldr	r4, [sp, #36]	@ 0x24
100014de:	201e      	movs	r0, #30
100014e0:	3401      	adds	r4, #1
100014e2:	f004 f80b 	bl	100054fc <sleep_ms>
100014e6:	2c18      	cmp	r4, #24
100014e8:	f47f af4b 	bne.w	10001382 <show_animated_splash+0x1a>
100014ec:	2000      	movs	r0, #0
100014ee:	f7ff fe55 	bl	1000119c <fill_screen>
100014f2:	f241 0682 	movw	r6, #4226	@ 0x1082
100014f6:	254f      	movs	r5, #79	@ 0x4f
100014f8:	2159      	movs	r1, #89	@ 0x59
100014fa:	4c59      	ldr	r4, [pc, #356]	@ (10001660 <show_animated_splash+0x2f8>)
100014fc:	f1a1 0320 	sub.w	r3, r1, #32
10001500:	2b5e      	cmp	r3, #94	@ 0x5e
10001502:	f240 8084 	bls.w	1000160e <show_animated_splash+0x2a6>
10001506:	f814 1f01 	ldrb.w	r1, [r4, #1]!
1000150a:	2900      	cmp	r1, #0
1000150c:	d1f6      	bne.n	100014fc <show_animated_splash+0x194>
1000150e:	2032      	movs	r0, #50	@ 0x32
10001510:	f003 fff4 	bl	100054fc <sleep_ms>
10001514:	f24b 5396 	movw	r3, #46486	@ 0xb596
10001518:	f506 5684 	add.w	r6, r6, #4224	@ 0x1080
1000151c:	3602      	adds	r6, #2
1000151e:	b2b6      	uxth	r6, r6
10001520:	429e      	cmp	r6, r3
10001522:	d1e8      	bne.n	100014f6 <show_animated_splash+0x18e>
10001524:	254f      	movs	r5, #79	@ 0x4f
10001526:	2159      	movs	r1, #89	@ 0x59
10001528:	4c4d      	ldr	r4, [pc, #308]	@ (10001660 <show_animated_splash+0x2f8>)
1000152a:	f1a1 0320 	sub.w	r3, r1, #32
1000152e:	2b5e      	cmp	r3, #94	@ 0x5e
10001530:	f240 8085 	bls.w	1000163e <show_animated_splash+0x2d6>
10001534:	f814 1f01 	ldrb.w	r1, [r4, #1]!
10001538:	2900      	cmp	r1, #0
1000153a:	d1f6      	bne.n	1000152a <show_animated_splash+0x1c2>
1000153c:	20c8      	movs	r0, #200	@ 0xc8
1000153e:	f003 ffdd 	bl	100054fc <sleep_ms>
10001542:	f241 0682 	movw	r6, #4226	@ 0x1082
10001546:	255e      	movs	r5, #94	@ 0x5e
10001548:	2144      	movs	r1, #68	@ 0x44
1000154a:	4c46      	ldr	r4, [pc, #280]	@ (10001664 <show_animated_splash+0x2fc>)
1000154c:	f1a1 0320 	sub.w	r3, r1, #32
10001550:	2b5e      	cmp	r3, #94	@ 0x5e
10001552:	d951      	bls.n	100015f8 <show_animated_splash+0x290>
10001554:	f814 1f01 	ldrb.w	r1, [r4, #1]!
10001558:	2900      	cmp	r1, #0
1000155a:	d1f7      	bne.n	1000154c <show_animated_splash+0x1e4>
1000155c:	2032      	movs	r0, #50	@ 0x32
1000155e:	f003 ffcd 	bl	100054fc <sleep_ms>
10001562:	f24b 5396 	movw	r3, #46486	@ 0xb596
10001566:	f506 5684 	add.w	r6, r6, #4224	@ 0x1080
1000156a:	3602      	adds	r6, #2
1000156c:	b2b6      	uxth	r6, r6
1000156e:	429e      	cmp	r6, r3
10001570:	d1e9      	bne.n	10001546 <show_animated_splash+0x1de>
10001572:	255e      	movs	r5, #94	@ 0x5e
10001574:	2144      	movs	r1, #68	@ 0x44
10001576:	4c3b      	ldr	r4, [pc, #236]	@ (10001664 <show_animated_splash+0x2fc>)
10001578:	f1a1 0320 	sub.w	r3, r1, #32
1000157c:	2b5e      	cmp	r3, #94	@ 0x5e
1000157e:	d952      	bls.n	10001626 <show_animated_splash+0x2be>
10001580:	f814 1f01 	ldrb.w	r1, [r4, #1]!
10001584:	2900      	cmp	r1, #0
10001586:	d1f7      	bne.n	10001578 <show_animated_splash+0x210>
10001588:	f241 0482 	movw	r4, #4226	@ 0x1082
1000158c:	f44f 7096 	mov.w	r0, #300	@ 0x12c
10001590:	f003 ffb4 	bl	100054fc <sleep_ms>
10001594:	f249 4692 	movw	r6, #38034	@ 0x9492
10001598:	4625      	mov	r5, r4
1000159a:	0860      	lsrs	r0, r4, #1
1000159c:	442c      	add	r4, r5
1000159e:	f7ff f845 	bl	1000062c <draw_char_scaled.constprop.0>
100015a2:	b2a4      	uxth	r4, r4
100015a4:	2032      	movs	r0, #50	@ 0x32
100015a6:	f003 ffa9 	bl	100054fc <sleep_ms>
100015aa:	42b4      	cmp	r4, r6
100015ac:	d1f5      	bne.n	1000159a <show_animated_splash+0x232>
100015ae:	f240 70ff 	movw	r0, #2047	@ 0x7ff
100015b2:	f7ff f83b 	bl	1000062c <draw_char_scaled.constprop.0>
100015b6:	f44f 7096 	mov.w	r0, #300	@ 0x12c
100015ba:	f003 ff9f 	bl	100054fc <sleep_ms>
100015be:	f240 70ff 	movw	r0, #2047	@ 0x7ff
100015c2:	f7ff f833 	bl	1000062c <draw_char_scaled.constprop.0>
100015c6:	f44f 7096 	mov.w	r0, #300	@ 0x12c
100015ca:	f003 ff97 	bl	100054fc <sleep_ms>
100015ce:	f44f 60fc 	mov.w	r0, #2016	@ 0x7e0
100015d2:	f7ff f82b 	bl	1000062c <draw_char_scaled.constprop.0>
100015d6:	f44f 7096 	mov.w	r0, #300	@ 0x12c
100015da:	f003 ff8f 	bl	100054fc <sleep_ms>
100015de:	f240 70ff 	movw	r0, #2047	@ 0x7ff
100015e2:	f7ff f823 	bl	1000062c <draw_char_scaled.constprop.0>
100015e6:	f44f 707a 	mov.w	r0, #1000	@ 0x3e8
100015ea:	b00b      	add	sp, #44	@ 0x2c
100015ec:	ecbd 8b04 	vpop	{d8-d9}
100015f0:	e8bd 4ff0 	ldmia.w	sp!, {r4, r5, r6, r7, r8, r9, sl, fp, lr}
100015f4:	f003 bf82 	b.w	100054fc <sleep_ms>
100015f8:	4628      	mov	r0, r5
100015fa:	4632      	mov	r2, r6
100015fc:	f7ff f91e 	bl	1000083c <draw_char_scaled.constprop.3>
10001600:	f814 1f01 	ldrb.w	r1, [r4, #1]!
10001604:	3532      	adds	r5, #50	@ 0x32
10001606:	b2ad      	uxth	r5, r5
10001608:	2900      	cmp	r1, #0
1000160a:	d19f      	bne.n	1000154c <show_animated_splash+0x1e4>
1000160c:	e7a6      	b.n	1000155c <show_animated_splash+0x1f4>
1000160e:	4628      	mov	r0, r5
10001610:	4632      	mov	r2, r6
10001612:	f7ff fa33 	bl	10000a7c <draw_char_scaled.constprop.4>
10001616:	f814 1f01 	ldrb.w	r1, [r4, #1]!
1000161a:	351e      	adds	r5, #30
1000161c:	b2ad      	uxth	r5, r5
1000161e:	2900      	cmp	r1, #0
10001620:	f47f af6c 	bne.w	100014fc <show_animated_splash+0x194>
10001624:	e773      	b.n	1000150e <show_animated_splash+0x1a6>
10001626:	4628      	mov	r0, r5
10001628:	f64f 72ff 	movw	r2, #65535	@ 0xffff
1000162c:	f7ff f906 	bl	1000083c <draw_char_scaled.constprop.3>
10001630:	f814 1f01 	ldrb.w	r1, [r4, #1]!
10001634:	3532      	adds	r5, #50	@ 0x32
10001636:	b2ad      	uxth	r5, r5
10001638:	2900      	cmp	r1, #0
1000163a:	d19d      	bne.n	10001578 <show_animated_splash+0x210>
1000163c:	e7a4      	b.n	10001588 <show_animated_splash+0x220>
1000163e:	4628      	mov	r0, r5
10001640:	f64f 72ff 	movw	r2, #65535	@ 0xffff
10001644:	f7ff fa1a 	bl	10000a7c <draw_char_scaled.constprop.4>
10001648:	f814 1f01 	ldrb.w	r1, [r4, #1]!
1000164c:	351e      	adds	r5, #30
1000164e:	b2ad      	uxth	r5, r5
10001650:	2900      	cmp	r1, #0
10001652:	f47f af6a 	bne.w	1000152a <show_animated_splash+0x1c2>
10001656:	e771      	b.n	1000153c <show_animated_splash+0x1d4>
10001658:	3e860a8b 	.word	0x3e860a8b
1000165c:	1000bbc3 	.word	0x1000bbc3
10001660:	1000b56c 	.word	0x1000b56c
10001664:	1000b574 	.word	0x1000b574

10001668 <tft_init>:
10001668:	b5f8      	push	{r3, r4, r5, r6, r7, lr}
1000166a:	200c      	movs	r0, #12
1000166c:	f002 ff86 	bl	1000457c <gpio_init>
10001670:	2401      	movs	r4, #1
10001672:	260c      	movs	r6, #12
10001674:	ec44 6044 	gpioc_bit_oe_put r6, r4
10001678:	2000      	movs	r0, #0
1000167a:	f002 ff7f 	bl	1000457c <gpio_init>
1000167e:	2700      	movs	r7, #0
10001680:	ec44 7044 	gpioc_bit_oe_put r7, r4
10001684:	4620      	mov	r0, r4
10001686:	f002 ff79 	bl	1000457c <gpio_init>
1000168a:	ec44 4044 	gpioc_bit_oe_put r4, r4
1000168e:	ec44 4040 	gpioc_bit_out_put r4, r4
10001692:	ec44 6040 	gpioc_bit_out_put r6, r4
10001696:	2064      	movs	r0, #100	@ 0x64
10001698:	f003 ff30 	bl	100054fc <sleep_ms>
1000169c:	ec47 6040 	gpioc_bit_out_put r6, r7
100016a0:	2064      	movs	r0, #100	@ 0x64
100016a2:	f003 ff2b 	bl	100054fc <sleep_ms>
100016a6:	ec44 6040 	gpioc_bit_out_put r6, r4
100016aa:	2602      	movs	r6, #2
100016ac:	2064      	movs	r0, #100	@ 0x64
100016ae:	f003 ff25 	bl	100054fc <sleep_ms>
100016b2:	4d19      	ldr	r5, [pc, #100]	@ (10001718 <tft_init+0xb0>)
100016b4:	4621      	mov	r1, r4
100016b6:	2003      	movs	r0, #3
100016b8:	f002 ff1e 	bl	100044f8 <gpio_set_function>
100016bc:	4621      	mov	r1, r4
100016be:	2002      	movs	r0, #2
100016c0:	f002 ff1a 	bl	100044f8 <gpio_set_function>
100016c4:	4628      	mov	r0, r5
100016c6:	4915      	ldr	r1, [pc, #84]	@ (1000171c <tft_init+0xb4>)
100016c8:	f009 fc10 	bl	1000aeec <spi_init>
100016cc:	2103      	movs	r1, #3
100016ce:	4b14      	ldr	r3, [pc, #80]	@ (10001720 <tft_init+0xb8>)
100016d0:	686a      	ldr	r2, [r5, #4]
100016d2:	605e      	str	r6, [r3, #4]
100016d4:	682b      	ldr	r3, [r5, #0]
100016d6:	f8df c050 	ldr.w	ip, [pc, #80]	@ 10001728 <tft_init+0xc0>
100016da:	4812      	ldr	r0, [pc, #72]	@ (10001724 <tft_init+0xbc>)
100016dc:	f083 0307 	eor.w	r3, r3, #7
100016e0:	4032      	ands	r2, r6
100016e2:	f003 03cf 	and.w	r3, r3, #207	@ 0xcf
100016e6:	f8cc 3000 	str.w	r3, [ip]
100016ea:	6042      	str	r2, [r0, #4]
100016ec:	4608      	mov	r0, r1
100016ee:	f002 ff35 	bl	1000455c <gpio_set_drive_strength>
100016f2:	4630      	mov	r0, r6
100016f4:	2103      	movs	r1, #3
100016f6:	f002 ff31 	bl	1000455c <gpio_set_drive_strength>
100016fa:	4638      	mov	r0, r7
100016fc:	2103      	movs	r1, #3
100016fe:	f002 ff2d 	bl	1000455c <gpio_set_drive_strength>
10001702:	4620      	mov	r0, r4
10001704:	2103      	movs	r1, #3
10001706:	f002 ff29 	bl	1000455c <gpio_set_drive_strength>
1000170a:	f7ff fad7 	bl	10000cbc <st7789_init_registers>
1000170e:	e8bd 40f8 	ldmia.w	sp!, {r3, r4, r5, r6, r7, lr}
10001712:	f7ff be29 	b.w	10001368 <show_animated_splash>
10001716:	bf00      	nop
10001718:	40080000 	.word	0x40080000
1000171c:	03b9aca0 	.word	0x03b9aca0
10001720:	40083000 	.word	0x40083000
10001724:	40082000 	.word	0x40082000
10001728:	40081000 	.word	0x40081000

1000172c <clear_rect>:
1000172c:	e92d 4ff0 	stmdb	sp!, {r4, r5, r6, r7, r8, r9, sl, fp, lr}
10001730:	f5b0 7fa0 	cmp.w	r0, #320	@ 0x140
10001734:	b087      	sub	sp, #28
10001736:	f8bd a040 	ldrh.w	sl, [sp, #64]	@ 0x40
1000173a:	f080 8109 	bcs.w	10001950 <clear_rect+0x224>
1000173e:	4615      	mov	r5, r2
10001740:	2a00      	cmp	r2, #0
10001742:	f000 8105 	beq.w	10001950 <clear_rect+0x224>
10001746:	461f      	mov	r7, r3
10001748:	1813      	adds	r3, r2, r0
1000174a:	f5b3 7fa0 	cmp.w	r3, #320	@ 0x140
1000174e:	bfc8      	it	gt
10001750:	f5c0 75a0 	rsbgt	r5, r0, #320	@ 0x140
10001754:	f101 0323 	add.w	r3, r1, #35	@ 0x23
10001758:	bfc8      	it	gt
1000175a:	b2ad      	uxthgt	r5, r5
1000175c:	2bef      	cmp	r3, #239	@ 0xef
1000175e:	4606      	mov	r6, r0
10001760:	f300 80f6 	bgt.w	10001950 <clear_rect+0x224>
10001764:	2f00      	cmp	r7, #0
10001766:	f000 80f3 	beq.w	10001950 <clear_rect+0x224>
1000176a:	1e7a      	subs	r2, r7, #1
1000176c:	441a      	add	r2, r3
1000176e:	2aef      	cmp	r2, #239	@ 0xef
10001770:	9701      	str	r7, [sp, #4]
10001772:	f200 80f0 	bhi.w	10001956 <clear_rect+0x22a>
10001776:	b2d2      	uxtb	r2, r2
10001778:	9202      	str	r2, [sp, #8]
1000177a:	222a      	movs	r2, #42	@ 0x2a
1000177c:	9303      	str	r3, [sp, #12]
1000177e:	f88d 2017 	strb.w	r2, [sp, #23]
10001782:	bf00      	nop
10001784:	2400      	movs	r4, #0
10001786:	ec44 4040 	gpioc_bit_out_put r4, r4
1000178a:	2701      	movs	r7, #1
1000178c:	ec44 7040 	gpioc_bit_out_put r7, r4
10001790:	bf00      	nop
10001792:	4874      	ldr	r0, [pc, #464]	@ (10001964 <clear_rect+0x238>)
10001794:	463a      	mov	r2, r7
10001796:	f10d 0117 	add.w	r1, sp, #23
1000179a:	f009 fdd1 	bl	1000b340 <__spi_write_blocking_veneer>
1000179e:	bf00      	nop
100017a0:	ec47 7040 	gpioc_bit_out_put r7, r7
100017a4:	0a31      	lsrs	r1, r6, #8
100017a6:	f88d 1017 	strb.w	r1, [sp, #23]
100017aa:	bf00      	nop
100017ac:	ec47 4040 	gpioc_bit_out_put r4, r7
100017b0:	ec44 7040 	gpioc_bit_out_put r7, r4
100017b4:	bf00      	nop
100017b6:	486b      	ldr	r0, [pc, #428]	@ (10001964 <clear_rect+0x238>)
100017b8:	463a      	mov	r2, r7
100017ba:	f10d 0117 	add.w	r1, sp, #23
100017be:	f009 fdbf 	bl	1000b340 <__spi_write_blocking_veneer>
100017c2:	bf00      	nop
100017c4:	ec47 7040 	gpioc_bit_out_put r7, r7
100017c8:	fa5f fb86 	uxtb.w	fp, r6
100017cc:	f88d b017 	strb.w	fp, [sp, #23]
100017d0:	bf00      	nop
100017d2:	ec47 4040 	gpioc_bit_out_put r4, r7
100017d6:	ec44 7040 	gpioc_bit_out_put r7, r4
100017da:	bf00      	nop
100017dc:	4861      	ldr	r0, [pc, #388]	@ (10001964 <clear_rect+0x238>)
100017de:	463a      	mov	r2, r7
100017e0:	f10d 0117 	add.w	r1, sp, #23
100017e4:	f009 fdac 	bl	1000b340 <__spi_write_blocking_veneer>
100017e8:	bf00      	nop
100017ea:	ec47 7040 	gpioc_bit_out_put r7, r7
100017ee:	442e      	add	r6, r5
100017f0:	3e01      	subs	r6, #1
100017f2:	1236      	asrs	r6, r6, #8
100017f4:	f88d 6017 	strb.w	r6, [sp, #23]
100017f8:	bf00      	nop
100017fa:	ec47 4040 	gpioc_bit_out_put r4, r7
100017fe:	ec44 7040 	gpioc_bit_out_put r7, r4
10001802:	bf00      	nop
10001804:	4857      	ldr	r0, [pc, #348]	@ (10001964 <clear_rect+0x238>)
10001806:	463a      	mov	r2, r7
10001808:	f10d 0117 	add.w	r1, sp, #23
1000180c:	f009 fd98 	bl	1000b340 <__spi_write_blocking_veneer>
10001810:	bf00      	nop
10001812:	ec47 7040 	gpioc_bit_out_put r7, r7
10001816:	f10b 3bff 	add.w	fp, fp, #4294967295	@ 0xffffffff
1000181a:	44ab      	add	fp, r5
1000181c:	f88d b017 	strb.w	fp, [sp, #23]
10001820:	bf00      	nop
10001822:	ec47 4040 	gpioc_bit_out_put r4, r7
10001826:	ec44 7040 	gpioc_bit_out_put r7, r4
1000182a:	bf00      	nop
1000182c:	484d      	ldr	r0, [pc, #308]	@ (10001964 <clear_rect+0x238>)
1000182e:	463a      	mov	r2, r7
10001830:	f10d 0117 	add.w	r1, sp, #23
10001834:	f009 fd84 	bl	1000b340 <__spi_write_blocking_veneer>
10001838:	bf00      	nop
1000183a:	ec47 7040 	gpioc_bit_out_put r7, r7
1000183e:	212b      	movs	r1, #43	@ 0x2b
10001840:	f88d 1017 	strb.w	r1, [sp, #23]
10001844:	bf00      	nop
10001846:	ec44 4040 	gpioc_bit_out_put r4, r4
1000184a:	ec44 7040 	gpioc_bit_out_put r7, r4
1000184e:	bf00      	nop
10001850:	4844      	ldr	r0, [pc, #272]	@ (10001964 <clear_rect+0x238>)
10001852:	463a      	mov	r2, r7
10001854:	f10d 0117 	add.w	r1, sp, #23
10001858:	f009 fd72 	bl	1000b340 <__spi_write_blocking_veneer>
1000185c:	bf00      	nop
1000185e:	ec47 7040 	gpioc_bit_out_put r7, r7
10001862:	f88d 4017 	strb.w	r4, [sp, #23]
10001866:	bf00      	nop
10001868:	ec47 4040 	gpioc_bit_out_put r4, r7
1000186c:	ec44 7040 	gpioc_bit_out_put r7, r4
10001870:	bf00      	nop
10001872:	483c      	ldr	r0, [pc, #240]	@ (10001964 <clear_rect+0x238>)
10001874:	463a      	mov	r2, r7
10001876:	f10d 0117 	add.w	r1, sp, #23
1000187a:	f009 fd61 	bl	1000b340 <__spi_write_blocking_veneer>
1000187e:	bf00      	nop
10001880:	ec47 7040 	gpioc_bit_out_put r7, r7
10001884:	9b03      	ldr	r3, [sp, #12]
10001886:	f88d 3016 	strb.w	r3, [sp, #22]
1000188a:	bf00      	nop
1000188c:	ec47 4040 	gpioc_bit_out_put r4, r7
10001890:	ec44 7040 	gpioc_bit_out_put r7, r4
10001894:	bf00      	nop
10001896:	4833      	ldr	r0, [pc, #204]	@ (10001964 <clear_rect+0x238>)
10001898:	463a      	mov	r2, r7
1000189a:	f10d 0116 	add.w	r1, sp, #22
1000189e:	f009 fd4f 	bl	1000b340 <__spi_write_blocking_veneer>
100018a2:	bf00      	nop
100018a4:	ec47 7040 	gpioc_bit_out_put r7, r7
100018a8:	f88d 4016 	strb.w	r4, [sp, #22]
100018ac:	bf00      	nop
100018ae:	ec47 4040 	gpioc_bit_out_put r4, r7
100018b2:	ec44 7040 	gpioc_bit_out_put r7, r4
100018b6:	bf00      	nop
100018b8:	482a      	ldr	r0, [pc, #168]	@ (10001964 <clear_rect+0x238>)
100018ba:	463a      	mov	r2, r7
100018bc:	f10d 0116 	add.w	r1, sp, #22
100018c0:	f009 fd3e 	bl	1000b340 <__spi_write_blocking_veneer>
100018c4:	bf00      	nop
100018c6:	ec47 7040 	gpioc_bit_out_put r7, r7
100018ca:	9b02      	ldr	r3, [sp, #8]
100018cc:	f88d 3015 	strb.w	r3, [sp, #21]
100018d0:	bf00      	nop
100018d2:	ec47 4040 	gpioc_bit_out_put r4, r7
100018d6:	ec44 7040 	gpioc_bit_out_put r7, r4
100018da:	bf00      	nop
100018dc:	4821      	ldr	r0, [pc, #132]	@ (10001964 <clear_rect+0x238>)
100018de:	463a      	mov	r2, r7
100018e0:	f10d 0115 	add.w	r1, sp, #21
100018e4:	f009 fd2c 	bl	1000b340 <__spi_write_blocking_veneer>
100018e8:	bf00      	nop
100018ea:	ec47 7040 	gpioc_bit_out_put r7, r7
100018ee:	232c      	movs	r3, #44	@ 0x2c
100018f0:	f88d 3015 	strb.w	r3, [sp, #21]
100018f4:	bf00      	nop
100018f6:	ec44 4040 	gpioc_bit_out_put r4, r4
100018fa:	ec44 7040 	gpioc_bit_out_put r7, r4
100018fe:	bf00      	nop
10001900:	4818      	ldr	r0, [pc, #96]	@ (10001964 <clear_rect+0x238>)
10001902:	463a      	mov	r2, r7
10001904:	f10d 0115 	add.w	r1, sp, #21
10001908:	f009 fd1a 	bl	1000b340 <__spi_write_blocking_veneer>
1000190c:	bf00      	nop
1000190e:	ec47 7040 	gpioc_bit_out_put r7, r7
10001912:	ec47 4040 	gpioc_bit_out_put r4, r7
10001916:	ec44 7040 	gpioc_bit_out_put r7, r4
1000191a:	9b01      	ldr	r3, [sp, #4]
1000191c:	f88d a015 	strb.w	sl, [sp, #21]
10001920:	fb03 f505 	mul.w	r5, r3, r5
10001924:	ea4f 2a1a 	mov.w	sl, sl, lsr #8
10001928:	4e0e      	ldr	r6, [pc, #56]	@ (10001964 <clear_rect+0x238>)
1000192a:	f88d a014 	strb.w	sl, [sp, #20]
1000192e:	2201      	movs	r2, #1
10001930:	a905      	add	r1, sp, #20
10001932:	4630      	mov	r0, r6
10001934:	f009 fd04 	bl	1000b340 <__spi_write_blocking_veneer>
10001938:	3401      	adds	r4, #1
1000193a:	2201      	movs	r2, #1
1000193c:	4630      	mov	r0, r6
1000193e:	f10d 0115 	add.w	r1, sp, #21
10001942:	f009 fcfd 	bl	1000b340 <__spi_write_blocking_veneer>
10001946:	42ac      	cmp	r4, r5
10001948:	d1f1      	bne.n	1000192e <clear_rect+0x202>
1000194a:	2301      	movs	r3, #1
1000194c:	ec43 3040 	gpioc_bit_out_put r3, r3
10001950:	b007      	add	sp, #28
10001952:	e8bd 8ff0 	ldmia.w	sp!, {r4, r5, r6, r7, r8, r9, sl, fp, pc}
10001956:	f1c1 01cd 	rsb	r1, r1, #205	@ 0xcd
1000195a:	b28a      	uxth	r2, r1
1000195c:	9201      	str	r2, [sp, #4]
1000195e:	22ef      	movs	r2, #239	@ 0xef
10001960:	9202      	str	r2, [sp, #8]
10001962:	e70a      	b.n	1000177a <clear_rect+0x4e>
10001964:	40080000 	.word	0x40080000

10001968 <draw_char_scaled>:
10001968:	e92d 4ff0 	stmdb	sp!, {r4, r5, r6, r7, r8, r9, sl, fp, lr}
1000196c:	3a20      	subs	r2, #32
1000196e:	b087      	sub	sp, #28
10001970:	2a5e      	cmp	r2, #94	@ 0x5e
10001972:	f8bd 6040 	ldrh.w	r6, [sp, #64]	@ 0x40
10001976:	9c11      	ldr	r4, [sp, #68]	@ 0x44
10001978:	9200      	str	r2, [sp, #0]
1000197a:	d811      	bhi.n	100019a0 <draw_char_scaled+0x38>
1000197c:	f5b0 7fa0 	cmp.w	r0, #320	@ 0x140
10001980:	4682      	mov	sl, r0
10001982:	d20d      	bcs.n	100019a0 <draw_char_scaled+0x38>
10001984:	461d      	mov	r5, r3
10001986:	eb00 03c4 	add.w	r3, r0, r4, lsl #3
1000198a:	2b00      	cmp	r3, #0
1000198c:	ea4f 00c4 	mov.w	r0, r4, lsl #3
10001990:	9001      	str	r0, [sp, #4]
10001992:	9303      	str	r3, [sp, #12]
10001994:	dd04      	ble.n	100019a0 <draw_char_scaled+0x38>
10001996:	9102      	str	r1, [sp, #8]
10001998:	3123      	adds	r1, #35	@ 0x23
1000199a:	29ef      	cmp	r1, #239	@ 0xef
1000199c:	9101      	str	r1, [sp, #4]
1000199e:	dd02      	ble.n	100019a6 <draw_char_scaled+0x3e>
100019a0:	b007      	add	sp, #28
100019a2:	e8bd 8ff0 	ldmia.w	sp!, {r4, r5, r6, r7, r8, r9, sl, fp, pc}
100019a6:	222a      	movs	r2, #42	@ 0x2a
100019a8:	f88d 2017 	strb.w	r2, [sp, #23]
100019ac:	bf00      	nop
100019ae:	f04f 0900 	mov.w	r9, #0
100019b2:	ec49 9040 	gpioc_bit_out_put r9, r9
100019b6:	f04f 0b01 	mov.w	fp, #1
100019ba:	ec49 b040 	gpioc_bit_out_put fp, r9
100019be:	bf00      	nop
100019c0:	f10d 0717 	add.w	r7, sp, #23
100019c4:	465a      	mov	r2, fp
100019c6:	4639      	mov	r1, r7
100019c8:	488d      	ldr	r0, [pc, #564]	@ (10001c00 <draw_char_scaled+0x298>)
100019ca:	f009 fcb9 	bl	1000b340 <__spi_write_blocking_veneer>
100019ce:	bf00      	nop
100019d0:	ec4b b040 	gpioc_bit_out_put fp, fp
100019d4:	ea4f 211a 	mov.w	r1, sl, lsr #8
100019d8:	f88d 1017 	strb.w	r1, [sp, #23]
100019dc:	bf00      	nop
100019de:	ec4b 9040 	gpioc_bit_out_put r9, fp
100019e2:	ec49 b040 	gpioc_bit_out_put fp, r9
100019e6:	bf00      	nop
100019e8:	f10d 0c17 	add.w	ip, sp, #23
100019ec:	465a      	mov	r2, fp
100019ee:	4661      	mov	r1, ip
100019f0:	4883      	ldr	r0, [pc, #524]	@ (10001c00 <draw_char_scaled+0x298>)
100019f2:	f009 fca5 	bl	1000b340 <__spi_write_blocking_veneer>
100019f6:	bf00      	nop
100019f8:	ec4b b040 	gpioc_bit_out_put fp, fp
100019fc:	fa5f fa8a 	uxtb.w	sl, sl
10001a00:	f88d a017 	strb.w	sl, [sp, #23]
10001a04:	bf00      	nop
10001a06:	ec4b 9040 	gpioc_bit_out_put r9, fp
10001a0a:	ec49 b040 	gpioc_bit_out_put fp, r9
10001a0e:	bf00      	nop
10001a10:	f10d 0c17 	add.w	ip, sp, #23
10001a14:	465a      	mov	r2, fp
10001a16:	4661      	mov	r1, ip
10001a18:	4879      	ldr	r0, [pc, #484]	@ (10001c00 <draw_char_scaled+0x298>)
10001a1a:	f009 fc91 	bl	1000b340 <__spi_write_blocking_veneer>
10001a1e:	bf00      	nop
10001a20:	ec4b b040 	gpioc_bit_out_put fp, fp
10001a24:	9b03      	ldr	r3, [sp, #12]
10001a26:	3b01      	subs	r3, #1
10001a28:	121b      	asrs	r3, r3, #8
10001a2a:	f88d 3017 	strb.w	r3, [sp, #23]
10001a2e:	bf00      	nop
10001a30:	ec4b 9040 	gpioc_bit_out_put r9, fp
10001a34:	ec49 b040 	gpioc_bit_out_put fp, r9
10001a38:	bf00      	nop
10001a3a:	f10d 0c17 	add.w	ip, sp, #23
10001a3e:	465a      	mov	r2, fp
10001a40:	4661      	mov	r1, ip
10001a42:	486f      	ldr	r0, [pc, #444]	@ (10001c00 <draw_char_scaled+0x298>)
10001a44:	f009 fc7c 	bl	1000b340 <__spi_write_blocking_veneer>
10001a48:	bf00      	nop
10001a4a:	ec4b b040 	gpioc_bit_out_put fp, fp
10001a4e:	f10a 3aff 	add.w	sl, sl, #4294967295	@ 0xffffffff
10001a52:	00e0      	lsls	r0, r4, #3
10001a54:	4450      	add	r0, sl
10001a56:	f88d 0017 	strb.w	r0, [sp, #23]
10001a5a:	bf00      	nop
10001a5c:	ec4b 9040 	gpioc_bit_out_put r9, fp
10001a60:	ec49 b040 	gpioc_bit_out_put fp, r9
10001a64:	bf00      	nop
10001a66:	f10d 0c17 	add.w	ip, sp, #23
10001a6a:	465a      	mov	r2, fp
10001a6c:	4661      	mov	r1, ip
10001a6e:	4864      	ldr	r0, [pc, #400]	@ (10001c00 <draw_char_scaled+0x298>)
10001a70:	f009 fc66 	bl	1000b340 <__spi_write_blocking_veneer>
10001a74:	bf00      	nop
10001a76:	ec4b b040 	gpioc_bit_out_put fp, fp
10001a7a:	232b      	movs	r3, #43	@ 0x2b
10001a7c:	f88d 3017 	strb.w	r3, [sp, #23]
10001a80:	bf00      	nop
10001a82:	ec49 9040 	gpioc_bit_out_put r9, r9
10001a86:	ec49 b040 	gpioc_bit_out_put fp, r9
10001a8a:	bf00      	nop
10001a8c:	f10d 0c17 	add.w	ip, sp, #23
10001a90:	465a      	mov	r2, fp
10001a92:	4661      	mov	r1, ip
10001a94:	485a      	ldr	r0, [pc, #360]	@ (10001c00 <draw_char_scaled+0x298>)
10001a96:	f009 fc53 	bl	1000b340 <__spi_write_blocking_veneer>
10001a9a:	bf00      	nop
10001a9c:	ec4b b040 	gpioc_bit_out_put fp, fp
10001aa0:	f88d 9017 	strb.w	r9, [sp, #23]
10001aa4:	bf00      	nop
10001aa6:	ec4b 9040 	gpioc_bit_out_put r9, fp
10001aaa:	ec49 b040 	gpioc_bit_out_put fp, r9
10001aae:	bf00      	nop
10001ab0:	f10d 0017 	add.w	r0, sp, #23
10001ab4:	4601      	mov	r1, r0
10001ab6:	465a      	mov	r2, fp
10001ab8:	4851      	ldr	r0, [pc, #324]	@ (10001c00 <draw_char_scaled+0x298>)
10001aba:	f009 fc41 	bl	1000b340 <__spi_write_blocking_veneer>
10001abe:	bf00      	nop
10001ac0:	ec4b b040 	gpioc_bit_out_put fp, fp
10001ac4:	9901      	ldr	r1, [sp, #4]
10001ac6:	f88d 1016 	strb.w	r1, [sp, #22]
10001aca:	bf00      	nop
10001acc:	ec4b 9040 	gpioc_bit_out_put r9, fp
10001ad0:	ec49 b040 	gpioc_bit_out_put fp, r9
10001ad4:	bf00      	nop
10001ad6:	484a      	ldr	r0, [pc, #296]	@ (10001c00 <draw_char_scaled+0x298>)
10001ad8:	465a      	mov	r2, fp
10001ada:	f10d 0116 	add.w	r1, sp, #22
10001ade:	f009 fc2f 	bl	1000b340 <__spi_write_blocking_veneer>
10001ae2:	bf00      	nop
10001ae4:	ec4b b040 	gpioc_bit_out_put fp, fp
10001ae8:	f88d 9016 	strb.w	r9, [sp, #22]
10001aec:	bf00      	nop
10001aee:	ec4b 9040 	gpioc_bit_out_put r9, fp
10001af2:	ec49 b040 	gpioc_bit_out_put fp, r9
10001af6:	bf00      	nop
10001af8:	4841      	ldr	r0, [pc, #260]	@ (10001c00 <draw_char_scaled+0x298>)
10001afa:	465a      	mov	r2, fp
10001afc:	f10d 0116 	add.w	r1, sp, #22
10001b00:	f009 fc1e 	bl	1000b340 <__spi_write_blocking_veneer>
10001b04:	bf00      	nop
10001b06:	ec4b b040 	gpioc_bit_out_put fp, fp
10001b0a:	9b02      	ldr	r3, [sp, #8]
10001b0c:	eb04 0144 	add.w	r1, r4, r4, lsl #1
10001b10:	3322      	adds	r3, #34	@ 0x22
10001b12:	eb03 0381 	add.w	r3, r3, r1, lsl #2
10001b16:	2bef      	cmp	r3, #239	@ 0xef
10001b18:	bf28      	it	cs
10001b1a:	23ef      	movcs	r3, #239	@ 0xef
10001b1c:	f88d 3015 	strb.w	r3, [sp, #21]
10001b20:	bf00      	nop
10001b22:	ec4b 9040 	gpioc_bit_out_put r9, fp
10001b26:	ec49 b040 	gpioc_bit_out_put fp, r9
10001b2a:	bf00      	nop
10001b2c:	4834      	ldr	r0, [pc, #208]	@ (10001c00 <draw_char_scaled+0x298>)
10001b2e:	465a      	mov	r2, fp
10001b30:	f10d 0115 	add.w	r1, sp, #21
10001b34:	f009 fc04 	bl	1000b340 <__spi_write_blocking_veneer>
10001b38:	bf00      	nop
10001b3a:	ec4b b040 	gpioc_bit_out_put fp, fp
10001b3e:	232c      	movs	r3, #44	@ 0x2c
10001b40:	f88d 3015 	strb.w	r3, [sp, #21]
10001b44:	bf00      	nop
10001b46:	ec49 9040 	gpioc_bit_out_put r9, r9
10001b4a:	ec49 b040 	gpioc_bit_out_put fp, r9
10001b4e:	bf00      	nop
10001b50:	482b      	ldr	r0, [pc, #172]	@ (10001c00 <draw_char_scaled+0x298>)
10001b52:	465a      	mov	r2, fp
10001b54:	f10d 0115 	add.w	r1, sp, #21
10001b58:	f009 fbf2 	bl	1000b340 <__spi_write_blocking_veneer>
10001b5c:	bf00      	nop
10001b5e:	ec4b b040 	gpioc_bit_out_put fp, fp
10001b62:	ec4b 9040 	gpioc_bit_out_put r9, fp
10001b66:	ec49 b040 	gpioc_bit_out_put fp, r9
10001b6a:	454c      	cmp	r4, r9
10001b6c:	dd42      	ble.n	10001bf4 <draw_char_scaled+0x28c>
10001b6e:	f04f 0980 	mov.w	r9, #128	@ 0x80
10001b72:	9a00      	ldr	r2, [sp, #0]
10001b74:	4b23      	ldr	r3, [pc, #140]	@ (10001c04 <draw_char_scaled+0x29c>)
10001b76:	eb02 0b42 	add.w	fp, r2, r2, lsl #1
10001b7a:	f8df 8084 	ldr.w	r8, [pc, #132]	@ 10001c00 <draw_char_scaled+0x298>
10001b7e:	f103 020c 	add.w	r2, r3, #12
10001b82:	eb02 028b 	add.w	r2, r2, fp, lsl #2
10001b86:	eb03 038b 	add.w	r3, r3, fp, lsl #2
10001b8a:	2700      	movs	r7, #0
10001b8c:	4639      	mov	r1, r7
10001b8e:	f813 ab01 	ldrb.w	sl, [r3], #1
10001b92:	9202      	str	r2, [sp, #8]
10001b94:	9301      	str	r3, [sp, #4]
10001b96:	2700      	movs	r7, #0
10001b98:	9100      	str	r1, [sp, #0]
10001b9a:	fa49 f307 	asr.w	r3, r9, r7
10001b9e:	ea13 0f0a 	tst.w	r3, sl
10001ba2:	bf0c      	ite	eq
10001ba4:	4632      	moveq	r2, r6
10001ba6:	462a      	movne	r2, r5
10001ba8:	f04f 0b00 	mov.w	fp, #0
10001bac:	f88d 2015 	strb.w	r2, [sp, #21]
10001bb0:	0a12      	lsrs	r2, r2, #8
10001bb2:	f88d 2014 	strb.w	r2, [sp, #20]
10001bb6:	2201      	movs	r2, #1
10001bb8:	a905      	add	r1, sp, #20
10001bba:	4640      	mov	r0, r8
10001bbc:	f009 fbc0 	bl	1000b340 <__spi_write_blocking_veneer>
10001bc0:	2201      	movs	r2, #1
10001bc2:	4640      	mov	r0, r8
10001bc4:	f10d 0115 	add.w	r1, sp, #21
10001bc8:	f009 fbba 	bl	1000b340 <__spi_write_blocking_veneer>
10001bcc:	465a      	mov	r2, fp
10001bce:	f10b 0b01 	add.w	fp, fp, #1
10001bd2:	455c      	cmp	r4, fp
10001bd4:	d1ef      	bne.n	10001bb6 <draw_char_scaled+0x24e>
10001bd6:	3701      	adds	r7, #1
10001bd8:	2f08      	cmp	r7, #8
10001bda:	d1de      	bne.n	10001b9a <draw_char_scaled+0x232>
10001bdc:	4613      	mov	r3, r2
10001bde:	9900      	ldr	r1, [sp, #0]
10001be0:	4299      	cmp	r1, r3
10001be2:	f101 0201 	add.w	r2, r1, #1
10001be6:	d001      	beq.n	10001bec <draw_char_scaled+0x284>
10001be8:	4611      	mov	r1, r2
10001bea:	e7d4      	b.n	10001b96 <draw_char_scaled+0x22e>
10001bec:	e9dd 3201 	ldrd	r3, r2, [sp, #4]
10001bf0:	4293      	cmp	r3, r2
10001bf2:	d1ca      	bne.n	10001b8a <draw_char_scaled+0x222>
10001bf4:	2301      	movs	r3, #1
10001bf6:	ec43 3040 	gpioc_bit_out_put r3, r3
10001bfa:	b007      	add	sp, #28
10001bfc:	e8bd 8ff0 	ldmia.w	sp!, {r4, r5, r6, r7, r8, r9, sl, fp, pc}
10001c00:	40080000 	.word	0x40080000
10001c04:	1000bab0 	.word	0x1000bab0

10001c08 <draw_text_scaled>:
10001c08:	e92d 47f0 	stmdb	sp!, {r4, r5, r6, r7, r8, r9, sl, lr}
10001c0c:	4614      	mov	r4, r2
10001c0e:	7812      	ldrb	r2, [r2, #0]
10001c10:	b082      	sub	sp, #8
10001c12:	f8bd a028 	ldrh.w	sl, [sp, #40]	@ 0x28
10001c16:	f8dd 802c 	ldr.w	r8, [sp, #44]	@ 0x2c
10001c1a:	b17a      	cbz	r2, 10001c3c <draw_text_scaled+0x34>
10001c1c:	4605      	mov	r5, r0
10001c1e:	460e      	mov	r6, r1
10001c20:	461f      	mov	r7, r3
10001c22:	ea4f 09c8 	mov.w	r9, r8, lsl #3
10001c26:	ea4f 0c48 	mov.w	ip, r8, lsl #1
10001c2a:	44e1      	add	r9, ip
10001c2c:	f1a2 0320 	sub.w	r3, r2, #32
10001c30:	2b5e      	cmp	r3, #94	@ 0x5e
10001c32:	d906      	bls.n	10001c42 <draw_text_scaled+0x3a>
10001c34:	f814 2f01 	ldrb.w	r2, [r4, #1]!
10001c38:	2a00      	cmp	r2, #0
10001c3a:	d1f7      	bne.n	10001c2c <draw_text_scaled+0x24>
10001c3c:	b002      	add	sp, #8
10001c3e:	e8bd 87f0 	ldmia.w	sp!, {r4, r5, r6, r7, r8, r9, sl, pc}
10001c42:	4628      	mov	r0, r5
10001c44:	463b      	mov	r3, r7
10001c46:	4631      	mov	r1, r6
10001c48:	e9cd a800 	strd	sl, r8, [sp]
10001c4c:	f7ff fe8c 	bl	10001968 <draw_char_scaled>
10001c50:	f814 2f01 	ldrb.w	r2, [r4, #1]!
10001c54:	444d      	add	r5, r9
10001c56:	b2ad      	uxth	r5, r5
10001c58:	2a00      	cmp	r2, #0
10001c5a:	d1e7      	bne.n	10001c2c <draw_text_scaled+0x24>
10001c5c:	b002      	add	sp, #8
10001c5e:	e8bd 87f0 	ldmia.w	sp!, {r4, r5, r6, r7, r8, r9, sl, pc}
10001c62:	bf00      	nop

10001c64 <draw_bitmap>:
10001c64:	e92d 4ff0 	stmdb	sp!, {r4, r5, r6, r7, r8, r9, sl, fp, lr}
10001c68:	b089      	sub	sp, #36	@ 0x24
10001c6a:	f89d 4048 	ldrb.w	r4, [sp, #72]	@ 0x48
10001c6e:	f5b0 7fa0 	cmp.w	r0, #320	@ 0x140
10001c72:	9401      	str	r4, [sp, #4]
10001c74:	f8bd 6050 	ldrh.w	r6, [sp, #80]	@ 0x50
10001c78:	f8bd 404c 	ldrh.w	r4, [sp, #76]	@ 0x4c
10001c7c:	9202      	str	r2, [sp, #8]
10001c7e:	f080 811d 	bcs.w	10001ebc <draw_bitmap+0x258>
10001c82:	461d      	mov	r5, r3
10001c84:	18c3      	adds	r3, r0, r3
10001c86:	4607      	mov	r7, r0
10001c88:	f000 8118 	beq.w	10001ebc <draw_bitmap+0x258>
10001c8c:	3123      	adds	r1, #35	@ 0x23
10001c8e:	29ef      	cmp	r1, #239	@ 0xef
10001c90:	f300 8114 	bgt.w	10001ebc <draw_bitmap+0x258>
10001c94:	9a01      	ldr	r2, [sp, #4]
10001c96:	3a01      	subs	r2, #1
10001c98:	440a      	add	r2, r1
10001c9a:	2aef      	cmp	r2, #239	@ 0xef
10001c9c:	b2c9      	uxtb	r1, r1
10001c9e:	9103      	str	r1, [sp, #12]
10001ca0:	f200 810f 	bhi.w	10001ec2 <draw_bitmap+0x25e>
10001ca4:	b2d2      	uxtb	r2, r2
10001ca6:	9205      	str	r2, [sp, #20]
10001ca8:	222a      	movs	r2, #42	@ 0x2a
10001caa:	9304      	str	r3, [sp, #16]
10001cac:	f88d 201f 	strb.w	r2, [sp, #31]
10001cb0:	bf00      	nop
10001cb2:	f04f 0b00 	mov.w	fp, #0
10001cb6:	ec4b b040 	gpioc_bit_out_put fp, fp
10001cba:	f04f 0901 	mov.w	r9, #1
10001cbe:	ec4b 9040 	gpioc_bit_out_put r9, fp
10001cc2:	bf00      	nop
10001cc4:	4883      	ldr	r0, [pc, #524]	@ (10001ed4 <draw_bitmap+0x270>)
10001cc6:	464a      	mov	r2, r9
10001cc8:	f10d 011f 	add.w	r1, sp, #31
10001ccc:	f009 fb38 	bl	1000b340 <__spi_write_blocking_veneer>
10001cd0:	bf00      	nop
10001cd2:	ec49 9040 	gpioc_bit_out_put r9, r9
10001cd6:	0a39      	lsrs	r1, r7, #8
10001cd8:	f88d 101f 	strb.w	r1, [sp, #31]
10001cdc:	bf00      	nop
10001cde:	ec49 b040 	gpioc_bit_out_put fp, r9
10001ce2:	ec4b 9040 	gpioc_bit_out_put r9, fp
10001ce6:	bf00      	nop
10001ce8:	487a      	ldr	r0, [pc, #488]	@ (10001ed4 <draw_bitmap+0x270>)
10001cea:	464a      	mov	r2, r9
10001cec:	f10d 011f 	add.w	r1, sp, #31
10001cf0:	f009 fb26 	bl	1000b340 <__spi_write_blocking_veneer>
10001cf4:	bf00      	nop
10001cf6:	ec49 9040 	gpioc_bit_out_put r9, r9
10001cfa:	b2ff      	uxtb	r7, r7
10001cfc:	f88d 701f 	strb.w	r7, [sp, #31]
10001d00:	bf00      	nop
10001d02:	ec49 b040 	gpioc_bit_out_put fp, r9
10001d06:	ec4b 9040 	gpioc_bit_out_put r9, fp
10001d0a:	bf00      	nop
10001d0c:	4871      	ldr	r0, [pc, #452]	@ (10001ed4 <draw_bitmap+0x270>)
10001d0e:	464a      	mov	r2, r9
10001d10:	f10d 011f 	add.w	r1, sp, #31
10001d14:	f009 fb14 	bl	1000b340 <__spi_write_blocking_veneer>
10001d18:	bf00      	nop
10001d1a:	ec49 9040 	gpioc_bit_out_put r9, r9
10001d1e:	9b04      	ldr	r3, [sp, #16]
10001d20:	3b01      	subs	r3, #1
10001d22:	121b      	asrs	r3, r3, #8
10001d24:	f88d 301f 	strb.w	r3, [sp, #31]
10001d28:	bf00      	nop
10001d2a:	ec49 b040 	gpioc_bit_out_put fp, r9
10001d2e:	ec4b 9040 	gpioc_bit_out_put r9, fp
10001d32:	bf00      	nop
10001d34:	4867      	ldr	r0, [pc, #412]	@ (10001ed4 <draw_bitmap+0x270>)
10001d36:	464a      	mov	r2, r9
10001d38:	f10d 011f 	add.w	r1, sp, #31
10001d3c:	f009 fb00 	bl	1000b340 <__spi_write_blocking_veneer>
10001d40:	bf00      	nop
10001d42:	ec49 9040 	gpioc_bit_out_put r9, r9
10001d46:	1e6b      	subs	r3, r5, #1
10001d48:	441f      	add	r7, r3
10001d4a:	f88d 701f 	strb.w	r7, [sp, #31]
10001d4e:	bf00      	nop
10001d50:	ec49 b040 	gpioc_bit_out_put fp, r9
10001d54:	ec4b 9040 	gpioc_bit_out_put r9, fp
10001d58:	bf00      	nop
10001d5a:	485e      	ldr	r0, [pc, #376]	@ (10001ed4 <draw_bitmap+0x270>)
10001d5c:	464a      	mov	r2, r9
10001d5e:	f10d 011f 	add.w	r1, sp, #31
10001d62:	f009 faed 	bl	1000b340 <__spi_write_blocking_veneer>
10001d66:	bf00      	nop
10001d68:	ec49 9040 	gpioc_bit_out_put r9, r9
10001d6c:	232b      	movs	r3, #43	@ 0x2b
10001d6e:	f88d 301f 	strb.w	r3, [sp, #31]
10001d72:	bf00      	nop
10001d74:	ec4b b040 	gpioc_bit_out_put fp, fp
10001d78:	ec4b 9040 	gpioc_bit_out_put r9, fp
10001d7c:	bf00      	nop
10001d7e:	4855      	ldr	r0, [pc, #340]	@ (10001ed4 <draw_bitmap+0x270>)
10001d80:	464a      	mov	r2, r9
10001d82:	f10d 011f 	add.w	r1, sp, #31
10001d86:	f009 fadb 	bl	1000b340 <__spi_write_blocking_veneer>
10001d8a:	bf00      	nop
10001d8c:	ec49 9040 	gpioc_bit_out_put r9, r9
10001d90:	f88d b01f 	strb.w	fp, [sp, #31]
10001d94:	bf00      	nop
10001d96:	ec49 b040 	gpioc_bit_out_put fp, r9
10001d9a:	ec4b 9040 	gpioc_bit_out_put r9, fp
10001d9e:	bf00      	nop
10001da0:	484c      	ldr	r0, [pc, #304]	@ (10001ed4 <draw_bitmap+0x270>)
10001da2:	464a      	mov	r2, r9
10001da4:	f10d 011f 	add.w	r1, sp, #31
10001da8:	f009 faca 	bl	1000b340 <__spi_write_blocking_veneer>
10001dac:	bf00      	nop
10001dae:	ec49 9040 	gpioc_bit_out_put r9, r9
10001db2:	9b03      	ldr	r3, [sp, #12]
10001db4:	f88d 301e 	strb.w	r3, [sp, #30]
10001db8:	bf00      	nop
10001dba:	ec49 b040 	gpioc_bit_out_put fp, r9
10001dbe:	ec4b 9040 	gpioc_bit_out_put r9, fp
10001dc2:	bf00      	nop
10001dc4:	4843      	ldr	r0, [pc, #268]	@ (10001ed4 <draw_bitmap+0x270>)
10001dc6:	464a      	mov	r2, r9
10001dc8:	f10d 011e 	add.w	r1, sp, #30
10001dcc:	f009 fab8 	bl	1000b340 <__spi_write_blocking_veneer>
10001dd0:	bf00      	nop
10001dd2:	ec49 9040 	gpioc_bit_out_put r9, r9
10001dd6:	f88d b01e 	strb.w	fp, [sp, #30]
10001dda:	bf00      	nop
10001ddc:	ec49 b040 	gpioc_bit_out_put fp, r9
10001de0:	ec4b 9040 	gpioc_bit_out_put r9, fp
10001de4:	bf00      	nop
10001de6:	483b      	ldr	r0, [pc, #236]	@ (10001ed4 <draw_bitmap+0x270>)
10001de8:	464a      	mov	r2, r9
10001dea:	f10d 011e 	add.w	r1, sp, #30
10001dee:	f009 faa7 	bl	1000b340 <__spi_write_blocking_veneer>
10001df2:	bf00      	nop
10001df4:	ec49 9040 	gpioc_bit_out_put r9, r9
10001df8:	9b05      	ldr	r3, [sp, #20]
10001dfa:	f88d 301d 	strb.w	r3, [sp, #29]
10001dfe:	bf00      	nop
10001e00:	ec49 b040 	gpioc_bit_out_put fp, r9
10001e04:	ec4b 9040 	gpioc_bit_out_put r9, fp
10001e08:	bf00      	nop
10001e0a:	4832      	ldr	r0, [pc, #200]	@ (10001ed4 <draw_bitmap+0x270>)
10001e0c:	464a      	mov	r2, r9
10001e0e:	f10d 011d 	add.w	r1, sp, #29
10001e12:	f009 fa95 	bl	1000b340 <__spi_write_blocking_veneer>
10001e16:	bf00      	nop
10001e18:	ec49 9040 	gpioc_bit_out_put r9, r9
10001e1c:	232c      	movs	r3, #44	@ 0x2c
10001e1e:	f88d 301d 	strb.w	r3, [sp, #29]
10001e22:	bf00      	nop
10001e24:	ec4b b040 	gpioc_bit_out_put fp, fp
10001e28:	ec4b 9040 	gpioc_bit_out_put r9, fp
10001e2c:	bf00      	nop
10001e2e:	4829      	ldr	r0, [pc, #164]	@ (10001ed4 <draw_bitmap+0x270>)
10001e30:	464a      	mov	r2, r9
10001e32:	f10d 011d 	add.w	r1, sp, #29
10001e36:	f009 fa83 	bl	1000b340 <__spi_write_blocking_veneer>
10001e3a:	bf00      	nop
10001e3c:	ec49 9040 	gpioc_bit_out_put r9, r9
10001e40:	ec49 b040 	gpioc_bit_out_put fp, r9
10001e44:	ec4b 9040 	gpioc_bit_out_put r9, fp
10001e48:	9b01      	ldr	r3, [sp, #4]
10001e4a:	b3a3      	cbz	r3, 10001eb6 <draw_bitmap+0x252>
10001e4c:	b39d      	cbz	r5, 10001eb6 <draw_bitmap+0x252>
10001e4e:	461a      	mov	r2, r3
10001e50:	9b02      	ldr	r3, [sp, #8]
10001e52:	4f20      	ldr	r7, [pc, #128]	@ (10001ed4 <draw_bitmap+0x270>)
10001e54:	eb03 0242 	add.w	r2, r3, r2, lsl #1
10001e58:	e9cd 3201 	strd	r3, r2, [sp, #4]
10001e5c:	ea4f 2b16 	mov.w	fp, r6, lsr #8
10001e60:	f04f 0a00 	mov.w	sl, #0
10001e64:	f44f 4800 	mov.w	r8, #32768	@ 0x8000
10001e68:	9b01      	ldr	r3, [sp, #4]
10001e6a:	f833 9b02 	ldrh.w	r9, [r3], #2
10001e6e:	9301      	str	r3, [sp, #4]
10001e70:	fa48 f30a 	asr.w	r3, r8, sl
10001e74:	ea13 0f09 	tst.w	r3, r9
10001e78:	ea4f 2c14 	mov.w	ip, r4, lsr #8
10001e7c:	f04f 0201 	mov.w	r2, #1
10001e80:	a907      	add	r1, sp, #28
10001e82:	4638      	mov	r0, r7
10001e84:	bf19      	ittee	ne
10001e86:	f88d c01c 	strbne.w	ip, [sp, #28]
10001e8a:	f88d 401d 	strbne.w	r4, [sp, #29]
10001e8e:	f88d b01c 	strbeq.w	fp, [sp, #28]
10001e92:	f88d 601d 	strbeq.w	r6, [sp, #29]
10001e96:	f10a 0a01 	add.w	sl, sl, #1
10001e9a:	f009 fa51 	bl	1000b340 <__spi_write_blocking_veneer>
10001e9e:	2201      	movs	r2, #1
10001ea0:	4638      	mov	r0, r7
10001ea2:	f10d 011d 	add.w	r1, sp, #29
10001ea6:	f009 fa4b 	bl	1000b340 <__spi_write_blocking_veneer>
10001eaa:	4555      	cmp	r5, sl
10001eac:	d1e0      	bne.n	10001e70 <draw_bitmap+0x20c>
10001eae:	e9dd 2301 	ldrd	r2, r3, [sp, #4]
10001eb2:	4293      	cmp	r3, r2
10001eb4:	d1d4      	bne.n	10001e60 <draw_bitmap+0x1fc>
10001eb6:	2301      	movs	r3, #1
10001eb8:	ec43 3040 	gpioc_bit_out_put r3, r3
10001ebc:	b009      	add	sp, #36	@ 0x24
10001ebe:	e8bd 8ff0 	ldmia.w	sp!, {r4, r5, r6, r7, r8, r9, sl, fp, pc}
10001ec2:	22ef      	movs	r2, #239	@ 0xef
10001ec4:	9205      	str	r2, [sp, #20]
10001ec6:	9a03      	ldr	r2, [sp, #12]
10001ec8:	f1c2 02f0 	rsb	r2, r2, #240	@ 0xf0
10001ecc:	b2d2      	uxtb	r2, r2
10001ece:	9201      	str	r2, [sp, #4]
10001ed0:	e6ea      	b.n	10001ca8 <draw_bitmap+0x44>
10001ed2:	bf00      	nop
10001ed4:	40080000 	.word	0x40080000

10001ed8 <sysex_cc_map_init>:
10001ed8:	4a03      	ldr	r2, [pc, #12]	@ (10001ee8 <sysex_cc_map_init+0x10>)
10001eda:	4b04      	ldr	r3, [pc, #16]	@ (10001eec <sysex_cc_map_init+0x14>)
10001edc:	2800      	cmp	r0, #0
10001ede:	bf18      	it	ne
10001ee0:	4602      	movne	r2, r0
10001ee2:	601a      	str	r2, [r3, #0]
10001ee4:	4770      	bx	lr
10001ee6:	bf00      	nop
10001ee8:	1000bd80 	.word	0x1000bd80
10001eec:	2000140c 	.word	0x2000140c

10001ef0 <sd_storage_ensure_defaults>:
10001ef0:	b500      	push	{lr}
10001ef2:	4834      	ldr	r0, [pc, #208]	@ (10001fc4 <sd_storage_ensure_defaults+0xd4>)
10001ef4:	f5ad 7d0d 	sub.w	sp, sp, #564	@ 0x234
10001ef8:	f002 f9ae 	bl	10004258 <f_mkdir>
10001efc:	f010 0ff7 	tst.w	r0, #247	@ 0xf7
10001f00:	d102      	bne.n	10001f08 <sd_storage_ensure_defaults+0x18>
10001f02:	4831      	ldr	r0, [pc, #196]	@ (10001fc8 <sd_storage_ensure_defaults+0xd8>)
10001f04:	f000 faca 	bl	1000249c <debug_log_print>
10001f08:	2100      	movs	r1, #0
10001f0a:	4830      	ldr	r0, [pc, #192]	@ (10001fcc <sd_storage_ensure_defaults+0xdc>)
10001f0c:	f002 f978 	bl	10004200 <f_stat>
10001f10:	b970      	cbnz	r0, 10001f30 <sd_storage_ensure_defaults+0x40>
10001f12:	2100      	movs	r1, #0
10001f14:	482e      	ldr	r0, [pc, #184]	@ (10001fd0 <sd_storage_ensure_defaults+0xe0>)
10001f16:	f002 f973 	bl	10004200 <f_stat>
10001f1a:	bb10      	cbnz	r0, 10001f62 <sd_storage_ensure_defaults+0x72>
10001f1c:	2100      	movs	r1, #0
10001f1e:	482d      	ldr	r0, [pc, #180]	@ (10001fd4 <sd_storage_ensure_defaults+0xe4>)
10001f20:	f002 f96e 	bl	10004200 <f_stat>
10001f24:	2800      	cmp	r0, #0
10001f26:	d135      	bne.n	10001f94 <sd_storage_ensure_defaults+0xa4>
10001f28:	f50d 7d0d 	add.w	sp, sp, #564	@ 0x234
10001f2c:	f85d fb04 	ldr.w	pc, [sp], #4
10001f30:	220a      	movs	r2, #10
10001f32:	4926      	ldr	r1, [pc, #152]	@ (10001fcc <sd_storage_ensure_defaults+0xdc>)
10001f34:	a802      	add	r0, sp, #8
10001f36:	f001 fd77 	bl	10003a28 <f_open>
10001f3a:	2800      	cmp	r0, #0
10001f3c:	d1e9      	bne.n	10001f12 <sd_storage_ensure_defaults+0x22>
10001f3e:	4926      	ldr	r1, [pc, #152]	@ (10001fd8 <sd_storage_ensure_defaults+0xe8>)
10001f40:	228c      	movs	r2, #140	@ 0x8c
10001f42:	ab01      	add	r3, sp, #4
10001f44:	a802      	add	r0, sp, #8
10001f46:	f001 ff3b 	bl	10003dc0 <f_write>
10001f4a:	a802      	add	r0, sp, #8
10001f4c:	f002 f82c 	bl	10003fa8 <f_close>
10001f50:	4822      	ldr	r0, [pc, #136]	@ (10001fdc <sd_storage_ensure_defaults+0xec>)
10001f52:	f000 faa3 	bl	1000249c <debug_log_print>
10001f56:	2100      	movs	r1, #0
10001f58:	481d      	ldr	r0, [pc, #116]	@ (10001fd0 <sd_storage_ensure_defaults+0xe0>)
10001f5a:	f002 f951 	bl	10004200 <f_stat>
10001f5e:	2800      	cmp	r0, #0
10001f60:	d0dc      	beq.n	10001f1c <sd_storage_ensure_defaults+0x2c>
10001f62:	220a      	movs	r2, #10
10001f64:	491a      	ldr	r1, [pc, #104]	@ (10001fd0 <sd_storage_ensure_defaults+0xe0>)
10001f66:	a802      	add	r0, sp, #8
10001f68:	f001 fd5e 	bl	10003a28 <f_open>
10001f6c:	2800      	cmp	r0, #0
10001f6e:	d1d5      	bne.n	10001f1c <sd_storage_ensure_defaults+0x2c>
10001f70:	491b      	ldr	r1, [pc, #108]	@ (10001fe0 <sd_storage_ensure_defaults+0xf0>)
10001f72:	2247      	movs	r2, #71	@ 0x47
10001f74:	ab01      	add	r3, sp, #4
10001f76:	a802      	add	r0, sp, #8
10001f78:	f001 ff22 	bl	10003dc0 <f_write>
10001f7c:	a802      	add	r0, sp, #8
10001f7e:	f002 f813 	bl	10003fa8 <f_close>
10001f82:	4818      	ldr	r0, [pc, #96]	@ (10001fe4 <sd_storage_ensure_defaults+0xf4>)
10001f84:	f000 fa8a 	bl	1000249c <debug_log_print>
10001f88:	2100      	movs	r1, #0
10001f8a:	4812      	ldr	r0, [pc, #72]	@ (10001fd4 <sd_storage_ensure_defaults+0xe4>)
10001f8c:	f002 f938 	bl	10004200 <f_stat>
10001f90:	2800      	cmp	r0, #0
10001f92:	d0c9      	beq.n	10001f28 <sd_storage_ensure_defaults+0x38>
10001f94:	220a      	movs	r2, #10
10001f96:	490f      	ldr	r1, [pc, #60]	@ (10001fd4 <sd_storage_ensure_defaults+0xe4>)
10001f98:	a802      	add	r0, sp, #8
10001f9a:	f001 fd45 	bl	10003a28 <f_open>
10001f9e:	2800      	cmp	r0, #0
10001fa0:	d1c2      	bne.n	10001f28 <sd_storage_ensure_defaults+0x38>
10001fa2:	2246      	movs	r2, #70	@ 0x46
10001fa4:	4910      	ldr	r1, [pc, #64]	@ (10001fe8 <sd_storage_ensure_defaults+0xf8>)
10001fa6:	ab01      	add	r3, sp, #4
10001fa8:	a802      	add	r0, sp, #8
10001faa:	f001 ff09 	bl	10003dc0 <f_write>
10001fae:	a802      	add	r0, sp, #8
10001fb0:	f001 fffa 	bl	10003fa8 <f_close>
10001fb4:	480d      	ldr	r0, [pc, #52]	@ (10001fec <sd_storage_ensure_defaults+0xfc>)
10001fb6:	f000 fa71 	bl	1000249c <debug_log_print>
10001fba:	f50d 7d0d 	add.w	sp, sp, #564	@ 0x234
10001fbe:	f85d fb04 	ldr.w	pc, [sp], #4
10001fc2:	bf00      	nop
10001fc4:	1000b658 	.word	0x1000b658
10001fc8:	1000b578 	.word	0x1000b578
10001fcc:	1000b4a8 	.word	0x1000b4a8
10001fd0:	1000b64c 	.word	0x1000b64c
10001fd4:	1000b6c4 	.word	0x1000b6c4
10001fd8:	1000b598 	.word	0x1000b598
10001fdc:	1000b628 	.word	0x1000b628
10001fe0:	1000b65c 	.word	0x1000b65c
10001fe4:	1000b6a4 	.word	0x1000b6a4
10001fe8:	1000b6d8 	.word	0x1000b6d8
10001fec:	1000b720 	.word	0x1000b720

10001ff0 <has_extension>:
10001ff0:	b538      	push	{r3, r4, r5, lr}
10001ff2:	460c      	mov	r4, r1
10001ff4:	212e      	movs	r1, #46	@ 0x2e
10001ff6:	4605      	mov	r5, r0
10001ff8:	f009 f93e 	bl	1000b278 <strrchr>
10001ffc:	b1f8      	cbz	r0, 1000203e <has_extension+0x4e>
10001ffe:	4285      	cmp	r5, r0
10002000:	d01c      	beq.n	1000203c <has_extension+0x4c>
10002002:	7803      	ldrb	r3, [r0, #0]
10002004:	b1eb      	cbz	r3, 10002042 <has_extension+0x52>
10002006:	4621      	mov	r1, r4
10002008:	4d10      	ldr	r5, [pc, #64]	@ (1000204c <has_extension+0x5c>)
1000200a:	e013      	b.n	10002034 <has_extension+0x44>
1000200c:	4614      	mov	r4, r2
1000200e:	f815 c003 	ldrb.w	ip, [r5, r3]
10002012:	5caa      	ldrb	r2, [r5, r2]
10002014:	f00c 0c03 	and.w	ip, ip, #3
10002018:	f1bc 0f01 	cmp.w	ip, #1
1000201c:	f002 0203 	and.w	r2, r2, #3
10002020:	bf08      	it	eq
10002022:	3320      	addeq	r3, #32
10002024:	2a01      	cmp	r2, #1
10002026:	bf08      	it	eq
10002028:	3420      	addeq	r4, #32
1000202a:	42a3      	cmp	r3, r4
1000202c:	d106      	bne.n	1000203c <has_extension+0x4c>
1000202e:	f810 3f01 	ldrb.w	r3, [r0, #1]!
10002032:	b12b      	cbz	r3, 10002040 <has_extension+0x50>
10002034:	f811 2b01 	ldrb.w	r2, [r1], #1
10002038:	2a00      	cmp	r2, #0
1000203a:	d1e7      	bne.n	1000200c <has_extension+0x1c>
1000203c:	2000      	movs	r0, #0
1000203e:	bd38      	pop	{r3, r4, r5, pc}
10002040:	460c      	mov	r4, r1
10002042:	7822      	ldrb	r2, [r4, #0]
10002044:	fab2 f082 	clz	r0, r2
10002048:	0940      	lsrs	r0, r0, #5
1000204a:	bd38      	pop	{r3, r4, r5, pc}
1000204c:	1000c439 	.word	0x1000c439

10002050 <get_fattime>:
10002050:	4800      	ldr	r0, [pc, #0]	@ (10002054 <get_fattime+0x4>)
10002052:	4770      	bx	lr
10002054:	5ce10000 	.word	0x5ce10000

10002058 <sd_ensure_ready>:
10002058:	b538      	push	{r3, r4, r5, lr}
1000205a:	4d0c      	ldr	r5, [pc, #48]	@ (1000208c <sd_ensure_ready+0x34>)
1000205c:	782c      	ldrb	r4, [r5, #0]
1000205e:	b114      	cbz	r4, 10002066 <sd_ensure_ready+0xe>
10002060:	2401      	movs	r4, #1
10002062:	4620      	mov	r0, r4
10002064:	bd38      	pop	{r3, r4, r5, pc}
10002066:	490a      	ldr	r1, [pc, #40]	@ (10002090 <sd_ensure_ready+0x38>)
10002068:	2201      	movs	r2, #1
1000206a:	480a      	ldr	r0, [pc, #40]	@ (10002094 <sd_ensure_ready+0x3c>)
1000206c:	f001 fcac 	bl	100039c8 <f_mount>
10002070:	4601      	mov	r1, r0
10002072:	b928      	cbnz	r0, 10002080 <sd_ensure_ready+0x28>
10002074:	2301      	movs	r3, #1
10002076:	4808      	ldr	r0, [pc, #32]	@ (10002098 <sd_ensure_ready+0x40>)
10002078:	702b      	strb	r3, [r5, #0]
1000207a:	f005 ffe3 	bl	10008044 <__wrap_puts>
1000207e:	e7ef      	b.n	10002060 <sd_ensure_ready+0x8>
10002080:	4806      	ldr	r0, [pc, #24]	@ (1000209c <sd_ensure_ready+0x44>)
10002082:	702c      	strb	r4, [r5, #0]
10002084:	f006 f860 	bl	10008148 <__wrap_printf>
10002088:	4620      	mov	r0, r4
1000208a:	bd38      	pop	{r3, r4, r5, pc}
1000208c:	2000241d 	.word	0x2000241d
10002090:	1000b740 	.word	0x1000b740
10002094:	200016b4 	.word	0x200016b4
10002098:	1000b744 	.word	0x1000b744
1000209c:	1000b750 	.word	0x1000b750

100020a0 <sd_storage_mount>:
100020a0:	b510      	push	{r4, lr}
100020a2:	f7fe fa9b 	bl	100005dc <sd_spi_init>
100020a6:	2201      	movs	r2, #1
100020a8:	490c      	ldr	r1, [pc, #48]	@ (100020dc <sd_storage_mount+0x3c>)
100020aa:	480d      	ldr	r0, [pc, #52]	@ (100020e0 <sd_storage_mount+0x40>)
100020ac:	f001 fc8c 	bl	100039c8 <f_mount>
100020b0:	b138      	cbz	r0, 100020c2 <sd_storage_mount+0x22>
100020b2:	2400      	movs	r4, #0
100020b4:	4b0b      	ldr	r3, [pc, #44]	@ (100020e4 <sd_storage_mount+0x44>)
100020b6:	480c      	ldr	r0, [pc, #48]	@ (100020e8 <sd_storage_mount+0x48>)
100020b8:	701c      	strb	r4, [r3, #0]
100020ba:	f000 f9ef 	bl	1000249c <debug_log_print>
100020be:	4620      	mov	r0, r4
100020c0:	bd10      	pop	{r4, pc}
100020c2:	2401      	movs	r4, #1
100020c4:	4b07      	ldr	r3, [pc, #28]	@ (100020e4 <sd_storage_mount+0x44>)
100020c6:	701c      	strb	r4, [r3, #0]
100020c8:	f7fe faa8 	bl	1000061c <sd_spi_set_high_speed>
100020cc:	4807      	ldr	r0, [pc, #28]	@ (100020ec <sd_storage_mount+0x4c>)
100020ce:	f000 f9e5 	bl	1000249c <debug_log_print>
100020d2:	f7ff ff0d 	bl	10001ef0 <sd_storage_ensure_defaults>
100020d6:	4620      	mov	r0, r4
100020d8:	bd10      	pop	{r4, pc}
100020da:	bf00      	nop
100020dc:	1000b740 	.word	0x1000b740
100020e0:	20001480 	.word	0x20001480
100020e4:	20001ba8 	.word	0x20001ba8
100020e8:	1000b77c 	.word	0x1000b77c
100020ec:	1000b764 	.word	0x1000b764

100020f0 <sd_storage_scan_files>:
100020f0:	2300      	movs	r3, #0
100020f2:	e92d 47f0 	stmdb	sp!, {r4, r5, r6, r7, r8, r9, sl, lr}
100020f6:	4d3a      	ldr	r5, [pc, #232]	@ (100021e0 <sd_storage_scan_files+0xf0>)
100020f8:	b092      	sub	sp, #72	@ 0x48
100020fa:	f895 8000 	ldrb.w	r8, [r5]
100020fe:	806b      	strh	r3, [r5, #2]
10002100:	f1b8 0f00 	cmp.w	r8, #0
10002104:	d105      	bne.n	10002112 <sd_storage_scan_files+0x22>
10002106:	f04f 0800 	mov.w	r8, #0
1000210a:	4640      	mov	r0, r8
1000210c:	b012      	add	sp, #72	@ 0x48
1000210e:	e8bd 87f0 	ldmia.w	sp!, {r4, r5, r6, r7, r8, r9, sl, pc}
10002112:	4604      	mov	r4, r0
10002114:	4601      	mov	r1, r0
10002116:	a807      	add	r0, sp, #28
10002118:	f001 ffac 	bl	10004074 <f_opendir>
1000211c:	2800      	cmp	r0, #0
1000211e:	d1f2      	bne.n	10002106 <sd_storage_scan_files+0x16>
10002120:	7823      	ldrb	r3, [r4, #0]
10002122:	2b2f      	cmp	r3, #47	@ 0x2f
10002124:	d13c      	bne.n	100021a0 <sd_storage_scan_files+0xb0>
10002126:	7863      	ldrb	r3, [r4, #1]
10002128:	2b00      	cmp	r3, #0
1000212a:	d139      	bne.n	100021a0 <sd_storage_scan_files+0xb0>
1000212c:	f8df 90c0 	ldr.w	r9, [pc, #192]	@ 100021f0 <sd_storage_scan_files+0x100>
10002130:	f8df a0c0 	ldr.w	sl, [pc, #192]	@ 100021f4 <sd_storage_scan_files+0x104>
10002134:	a901      	add	r1, sp, #4
10002136:	a807      	add	r0, sp, #28
10002138:	f001 ffec 	bl	10004114 <f_readdir>
1000213c:	bb48      	cbnz	r0, 10002192 <sd_storage_scan_files+0xa2>
1000213e:	f89d 300d 	ldrb.w	r3, [sp, #13]
10002142:	b333      	cbz	r3, 10002192 <sd_storage_scan_files+0xa2>
10002144:	2b2e      	cmp	r3, #46	@ 0x2e
10002146:	d0f5      	beq.n	10002134 <sd_storage_scan_files+0x44>
10002148:	f89d 400c 	ldrb.w	r4, [sp, #12]
1000214c:	f014 0406 	ands.w	r4, r4, #6
10002150:	d1f0      	bne.n	10002134 <sd_storage_scan_files+0x44>
10002152:	886e      	ldrh	r6, [r5, #2]
10002154:	eb06 1046 	add.w	r0, r6, r6, lsl #5
10002158:	3004      	adds	r0, #4
1000215a:	2e3f      	cmp	r6, #63	@ 0x3f
1000215c:	4428      	add	r0, r5
1000215e:	ea4f 1746 	mov.w	r7, r6, lsl #5
10002162:	d816      	bhi.n	10002192 <sd_storage_scan_files+0xa2>
10002164:	f10d 030d 	add.w	r3, sp, #13
10002168:	464a      	mov	r2, r9
1000216a:	2120      	movs	r1, #32
1000216c:	f005 fdb2 	bl	10007cd4 <__wrap_snprintf>
10002170:	f89d 300c 	ldrb.w	r3, [sp, #12]
10002174:	06db      	lsls	r3, r3, #27
10002176:	d522      	bpl.n	100021be <sd_storage_scan_files+0xce>
10002178:	886b      	ldrh	r3, [r5, #2]
1000217a:	4437      	add	r7, r6
1000217c:	442f      	add	r7, r5
1000217e:	3301      	adds	r3, #1
10002180:	a901      	add	r1, sp, #4
10002182:	a807      	add	r0, sp, #28
10002184:	f887 4024 	strb.w	r4, [r7, #36]	@ 0x24
10002188:	806b      	strh	r3, [r5, #2]
1000218a:	f001 ffc3 	bl	10004114 <f_readdir>
1000218e:	2800      	cmp	r0, #0
10002190:	d0d5      	beq.n	1000213e <sd_storage_scan_files+0x4e>
10002192:	a807      	add	r0, sp, #28
10002194:	f001 ffa6 	bl	100040e4 <f_closedir>
10002198:	4640      	mov	r0, r8
1000219a:	b012      	add	sp, #72	@ 0x48
1000219c:	e8bd 87f0 	ldmia.w	sp!, {r4, r5, r6, r7, r8, r9, sl, pc}
100021a0:	7823      	ldrb	r3, [r4, #0]
100021a2:	2b00      	cmp	r3, #0
100021a4:	d0c2      	beq.n	1000212c <sd_storage_scan_files+0x3c>
100021a6:	2300      	movs	r3, #0
100021a8:	f885 3024 	strb.w	r3, [r5, #36]	@ 0x24
100021ac:	886b      	ldrh	r3, [r5, #2]
100021ae:	4a0d      	ldr	r2, [pc, #52]	@ (100021e4 <sd_storage_scan_files+0xf4>)
100021b0:	490d      	ldr	r1, [pc, #52]	@ (100021e8 <sd_storage_scan_files+0xf8>)
100021b2:	3301      	adds	r3, #1
100021b4:	c903      	ldmia	r1, {r0, r1}
100021b6:	806b      	strh	r3, [r5, #2]
100021b8:	e882 0003 	stmia.w	r2, {r0, r1}
100021bc:	e7b6      	b.n	1000212c <sd_storage_scan_files+0x3c>
100021be:	4651      	mov	r1, sl
100021c0:	f10d 000d 	add.w	r0, sp, #13
100021c4:	f7ff ff14 	bl	10001ff0 <has_extension>
100021c8:	b108      	cbz	r0, 100021ce <sd_storage_scan_files+0xde>
100021ca:	2401      	movs	r4, #1
100021cc:	e7d4      	b.n	10002178 <sd_storage_scan_files+0x88>
100021ce:	4907      	ldr	r1, [pc, #28]	@ (100021ec <sd_storage_scan_files+0xfc>)
100021d0:	f10d 000d 	add.w	r0, sp, #13
100021d4:	f7ff ff0c 	bl	10001ff0 <has_extension>
100021d8:	f1c0 0402 	rsb	r4, r0, #2
100021dc:	b2e4      	uxtb	r4, r4
100021de:	e7cb      	b.n	10002178 <sd_storage_scan_files+0x88>
100021e0:	20001ba8 	.word	0x20001ba8
100021e4:	20001bac 	.word	0x20001bac
100021e8:	1000b790 	.word	0x1000b790
100021ec:	1000b7a4 	.word	0x1000b7a4
100021f0:	1000b798 	.word	0x1000b798
100021f4:	1000b79c 	.word	0x1000b79c

100021f8 <sd_storage_load_theme>:
100021f8:	b530      	push	{r4, r5, lr}
100021fa:	4b15      	ldr	r3, [pc, #84]	@ (10002250 <sd_storage_load_theme+0x58>)
100021fc:	f5ad 7d1d 	sub.w	sp, sp, #628	@ 0x274
10002200:	781d      	ldrb	r5, [r3, #0]
10002202:	b1c5      	cbz	r5, 10002236 <sd_storage_load_theme+0x3e>
10002204:	4601      	mov	r1, r0
10002206:	2201      	movs	r2, #1
10002208:	a812      	add	r0, sp, #72	@ 0x48
1000220a:	f001 fc0d 	bl	10003a28 <f_open>
1000220e:	b990      	cbnz	r0, 10002236 <sd_storage_load_theme+0x3e>
10002210:	9001      	str	r0, [sp, #4]
10002212:	223f      	movs	r2, #63	@ 0x3f
10002214:	ab01      	add	r3, sp, #4
10002216:	a812      	add	r0, sp, #72	@ 0x48
10002218:	a902      	add	r1, sp, #8
1000221a:	f001 fcfb 	bl	10003c14 <f_read>
1000221e:	4604      	mov	r4, r0
10002220:	a812      	add	r0, sp, #72	@ 0x48
10002222:	f001 fec1 	bl	10003fa8 <f_close>
10002226:	b934      	cbnz	r4, 10002236 <sd_storage_load_theme+0x3e>
10002228:	9b01      	ldr	r3, [sp, #4]
1000222a:	2b00      	cmp	r3, #0
1000222c:	dd03      	ble.n	10002236 <sd_storage_load_theme+0x3e>
1000222e:	4628      	mov	r0, r5
10002230:	f50d 7d1d 	add.w	sp, sp, #628	@ 0x274
10002234:	bd30      	pop	{r4, r5, pc}
10002236:	2500      	movs	r5, #0
10002238:	4b06      	ldr	r3, [pc, #24]	@ (10002254 <sd_storage_load_theme+0x5c>)
1000223a:	4807      	ldr	r0, [pc, #28]	@ (10002258 <sd_storage_load_theme+0x60>)
1000223c:	f64f 72ff 	movw	r2, #65535	@ 0xffff
10002240:	6018      	str	r0, [r3, #0]
10002242:	4628      	mov	r0, r5
10002244:	4905      	ldr	r1, [pc, #20]	@ (1000225c <sd_storage_load_theme+0x64>)
10002246:	811a      	strh	r2, [r3, #8]
10002248:	6059      	str	r1, [r3, #4]
1000224a:	f50d 7d1d 	add.w	sp, sp, #628	@ 0x274
1000224e:	bd30      	pop	{r4, r5, pc}
10002250:	20001ba8 	.word	0x20001ba8
10002254:	20000e74 	.word	0x20000e74
10002258:	ffff0000 	.word	0xffff0000
1000225c:	18e307ff 	.word	0x18e307ff

10002260 <ui_engine_init>:
10002260:	4b01      	ldr	r3, [pc, #4]	@ (10002268 <ui_engine_init+0x8>)
10002262:	8818      	ldrh	r0, [r3, #0]
10002264:	f7fe bf9a 	b.w	1000119c <fill_screen>
10002268:	20000e74 	.word	0x20000e74

1000226c <ui_draw_statusbar>:
1000226c:	b5f0      	push	{r4, r5, r6, r7, lr}
1000226e:	460d      	mov	r5, r1
10002270:	2100      	movs	r1, #0
10002272:	4607      	mov	r7, r0
10002274:	4c1d      	ldr	r4, [pc, #116]	@ (100022ec <ui_draw_statusbar+0x80>)
10002276:	b08b      	sub	sp, #44	@ 0x2c
10002278:	88e3      	ldrh	r3, [r4, #6]
1000227a:	4616      	mov	r6, r2
1000227c:	4608      	mov	r0, r1
1000227e:	9300      	str	r3, [sp, #0]
10002280:	f44f 72a0 	mov.w	r2, #320	@ 0x140
10002284:	2316      	movs	r3, #22
10002286:	f7ff fa51 	bl	1000172c <clear_rect>
1000228a:	210c      	movs	r1, #12
1000228c:	463b      	mov	r3, r7
1000228e:	2701      	movs	r7, #1
10002290:	eb0d 0001 	add.w	r0, sp, r1
10002294:	4a16      	ldr	r2, [pc, #88]	@ (100022f0 <ui_draw_statusbar+0x84>)
10002296:	f005 fd1d 	bl	10007cd4 <__wrap_snprintf>
1000229a:	9701      	str	r7, [sp, #4]
1000229c:	88e3      	ldrh	r3, [r4, #6]
1000229e:	aa03      	add	r2, sp, #12
100022a0:	9300      	str	r3, [sp, #0]
100022a2:	88a3      	ldrh	r3, [r4, #4]
100022a4:	2104      	movs	r1, #4
100022a6:	2006      	movs	r0, #6
100022a8:	f7ff fcae 	bl	10001c08 <draw_text_scaled>
100022ac:	4811      	ldr	r0, [pc, #68]	@ (100022f4 <ui_draw_statusbar+0x88>)
100022ae:	4b12      	ldr	r3, [pc, #72]	@ (100022f8 <ui_draw_statusbar+0x8c>)
100022b0:	2110      	movs	r1, #16
100022b2:	2d00      	cmp	r5, #0
100022b4:	bf08      	it	eq
100022b6:	4603      	moveq	r3, r0
100022b8:	4a10      	ldr	r2, [pc, #64]	@ (100022fc <ui_draw_statusbar+0x90>)
100022ba:	9600      	str	r6, [sp, #0]
100022bc:	a806      	add	r0, sp, #24
100022be:	f005 fd09 	bl	10007cd4 <__wrap_snprintf>
100022c2:	88e3      	ldrh	r3, [r4, #6]
100022c4:	9701      	str	r7, [sp, #4]
100022c6:	9300      	str	r3, [sp, #0]
100022c8:	88a3      	ldrh	r3, [r4, #4]
100022ca:	aa06      	add	r2, sp, #24
100022cc:	2104      	movs	r1, #4
100022ce:	20d2      	movs	r0, #210	@ 0xd2
100022d0:	f7ff fc9a 	bl	10001c08 <draw_text_scaled>
100022d4:	88a4      	ldrh	r4, [r4, #4]
100022d6:	2302      	movs	r3, #2
100022d8:	f44f 72a0 	mov.w	r2, #320	@ 0x140
100022dc:	2116      	movs	r1, #22
100022de:	2000      	movs	r0, #0
100022e0:	9400      	str	r4, [sp, #0]
100022e2:	f7ff fa23 	bl	1000172c <clear_rect>
100022e6:	b00b      	add	sp, #44	@ 0x2c
100022e8:	bdf0      	pop	{r4, r5, r6, r7, pc}
100022ea:	bf00      	nop
100022ec:	20000e74 	.word	0x20000e74
100022f0:	1000b798 	.word	0x1000b798
100022f4:	1000b7b0 	.word	0x1000b7b0
100022f8:	1000b7ac 	.word	0x1000b7ac
100022fc:	1000b7b4 	.word	0x1000b7b4

10002300 <ui_clear_work_area>:
10002300:	b510      	push	{r4, lr}
10002302:	4a06      	ldr	r2, [pc, #24]	@ (1000231c <ui_clear_work_area+0x1c>)
10002304:	b082      	sub	sp, #8
10002306:	8814      	ldrh	r4, [r2, #0]
10002308:	23b5      	movs	r3, #181	@ 0xb5
1000230a:	f44f 72a0 	mov.w	r2, #320	@ 0x140
1000230e:	2118      	movs	r1, #24
10002310:	2000      	movs	r0, #0
10002312:	9400      	str	r4, [sp, #0]
10002314:	f7ff fa0a 	bl	1000172c <clear_rect>
10002318:	b002      	add	sp, #8
1000231a:	bd10      	pop	{r4, pc}
1000231c:	20000e74 	.word	0x20000e74

10002320 <debug_log_render_system_screen>:
10002320:	e92d 4ff0 	stmdb	sp!, {r4, r5, r6, r7, r8, r9, sl, fp, lr}
10002324:	2601      	movs	r6, #1
10002326:	460c      	mov	r4, r1
10002328:	4d53      	ldr	r5, [pc, #332]	@ (10002478 <debug_log_render_system_screen+0x158>)
1000232a:	f8df b16c 	ldr.w	fp, [pc, #364]	@ 10002498 <debug_log_render_system_screen+0x178>
1000232e:	b091      	sub	sp, #68	@ 0x44
10002330:	2201      	movs	r2, #1
10002332:	7829      	ldrb	r1, [r5, #0]
10002334:	4682      	mov	sl, r0
10002336:	4851      	ldr	r0, [pc, #324]	@ (1000247c <debug_log_render_system_screen+0x15c>)
10002338:	f7ff ff98 	bl	1000226c <ui_draw_statusbar>
1000233c:	f8bb 3000 	ldrh.w	r3, [fp]
10002340:	4a4f      	ldr	r2, [pc, #316]	@ (10002480 <debug_log_render_system_screen+0x160>)
10002342:	e9cd 3600 	strd	r3, r6, [sp]
10002346:	211e      	movs	r1, #30
10002348:	f8bb 3004 	ldrh.w	r3, [fp, #4]
1000234c:	200a      	movs	r0, #10
1000234e:	f7ff fc5b 	bl	10001c08 <draw_text_scaled>
10002352:	4620      	mov	r0, r4
10002354:	f008 fffc 	bl	1000b350 <____aeabi_f2d_veneer>
10002358:	ac06      	add	r4, sp, #24
1000235a:	e9cd 0100 	strd	r0, r1, [sp]
1000235e:	4a49      	ldr	r2, [pc, #292]	@ (10002484 <debug_log_render_system_screen+0x164>)
10002360:	2128      	movs	r1, #40	@ 0x28
10002362:	4620      	mov	r0, r4
10002364:	f005 fcb6 	bl	10007cd4 <__wrap_snprintf>
10002368:	9601      	str	r6, [sp, #4]
1000236a:	f8bb 3000 	ldrh.w	r3, [fp]
1000236e:	212e      	movs	r1, #46	@ 0x2e
10002370:	9300      	str	r3, [sp, #0]
10002372:	f8bb 3002 	ldrh.w	r3, [fp, #2]
10002376:	200a      	movs	r0, #10
10002378:	4622      	mov	r2, r4
1000237a:	f7ff fc45 	bl	10001c08 <draw_text_scaled>
1000237e:	782b      	ldrb	r3, [r5, #0]
10002380:	2b00      	cmp	r3, #0
10002382:	d074      	beq.n	1000246e <debug_log_render_system_screen+0x14e>
10002384:	2128      	movs	r1, #40	@ 0x28
10002386:	4620      	mov	r0, r4
10002388:	886b      	ldrh	r3, [r5, #2]
1000238a:	4a3f      	ldr	r2, [pc, #252]	@ (10002488 <debug_log_render_system_screen+0x168>)
1000238c:	f005 fca2 	bl	10007cd4 <__wrap_snprintf>
10002390:	2501      	movs	r5, #1
10002392:	f8bb 3000 	ldrh.w	r3, [fp]
10002396:	4622      	mov	r2, r4
10002398:	9300      	str	r3, [sp, #0]
1000239a:	f8bb 3002 	ldrh.w	r3, [fp, #2]
1000239e:	213c      	movs	r1, #60	@ 0x3c
100023a0:	200a      	movs	r0, #10
100023a2:	9501      	str	r5, [sp, #4]
100023a4:	f7ff fc30 	bl	10001c08 <draw_text_scaled>
100023a8:	f8bb 3000 	ldrh.w	r3, [fp]
100023ac:	2150      	movs	r1, #80	@ 0x50
100023ae:	e9cd 3500 	strd	r3, r5, [sp]
100023b2:	200a      	movs	r0, #10
100023b4:	4a35      	ldr	r2, [pc, #212]	@ (1000248c <debug_log_render_system_screen+0x16c>)
100023b6:	f8bb 3002 	ldrh.w	r3, [fp, #2]
100023ba:	f7ff fc25 	bl	10001c08 <draw_text_scaled>
100023be:	2600      	movs	r6, #0
100023c0:	f006 0503 	and.w	r5, r6, #3
100023c4:	eb05 03c5 	add.w	r3, r5, r5, lsl #3
100023c8:	10b4      	asrs	r4, r6, #2
100023ca:	eb05 0543 	add.w	r5, r5, r3, lsl #1
100023ce:	ebc4 1404 	rsb	r4, r4, r4, lsl #4
100023d2:	350a      	adds	r5, #10
100023d4:	345c      	adds	r4, #92	@ 0x5c
100023d6:	fa4a f706 	asr.w	r7, sl, r6
100023da:	fa1f f985 	uxth.w	r9, r5
100023de:	fa1f f884 	uxth.w	r8, r4
100023e2:	f017 0301 	ands.w	r3, r7, #1
100023e6:	464d      	mov	r5, r9
100023e8:	4644      	mov	r4, r8
100023ea:	9303      	str	r3, [sp, #12]
100023ec:	d020      	beq.n	10002430 <debug_log_render_system_screen+0x110>
100023ee:	f8bb 4004 	ldrh.w	r4, [fp, #4]
100023f2:	230c      	movs	r3, #12
100023f4:	2210      	movs	r2, #16
100023f6:	4641      	mov	r1, r8
100023f8:	4648      	mov	r0, r9
100023fa:	9400      	str	r4, [sp, #0]
100023fc:	f7ff f996 	bl	1000172c <clear_rect>
10002400:	4633      	mov	r3, r6
10002402:	2103      	movs	r1, #3
10002404:	4a22      	ldr	r2, [pc, #136]	@ (10002490 <debug_log_render_system_screen+0x170>)
10002406:	a805      	add	r0, sp, #20
10002408:	f005 fc64 	bl	10007cd4 <__wrap_snprintf>
1000240c:	2201      	movs	r2, #1
1000240e:	f108 0102 	add.w	r1, r8, #2
10002412:	e9cd 4200 	strd	r4, r2, [sp]
10002416:	2300      	movs	r3, #0
10002418:	aa05      	add	r2, sp, #20
1000241a:	b289      	uxth	r1, r1
1000241c:	f109 0003 	add.w	r0, r9, #3
10002420:	3601      	adds	r6, #1
10002422:	f7ff fbf1 	bl	10001c08 <draw_text_scaled>
10002426:	2e0c      	cmp	r6, #12
10002428:	d1ca      	bne.n	100023c0 <debug_log_render_system_screen+0xa0>
1000242a:	b011      	add	sp, #68	@ 0x44
1000242c:	e8bd 8ff0 	ldmia.w	sp!, {r4, r5, r6, r7, r8, r9, sl, fp, pc}
10002430:	f243 17a6 	movw	r7, #12710	@ 0x31a6
10002434:	230c      	movs	r3, #12
10002436:	2210      	movs	r2, #16
10002438:	4641      	mov	r1, r8
1000243a:	4648      	mov	r0, r9
1000243c:	9700      	str	r7, [sp, #0]
1000243e:	f7ff f975 	bl	1000172c <clear_rect>
10002442:	4633      	mov	r3, r6
10002444:	2103      	movs	r1, #3
10002446:	4a12      	ldr	r2, [pc, #72]	@ (10002490 <debug_log_render_system_screen+0x170>)
10002448:	a805      	add	r0, sp, #20
1000244a:	f005 fc43 	bl	10007cd4 <__wrap_snprintf>
1000244e:	2001      	movs	r0, #1
10002450:	1ca1      	adds	r1, r4, #2
10002452:	9001      	str	r0, [sp, #4]
10002454:	9b03      	ldr	r3, [sp, #12]
10002456:	aa05      	add	r2, sp, #20
10002458:	9700      	str	r7, [sp, #0]
1000245a:	b289      	uxth	r1, r1
1000245c:	1ce8      	adds	r0, r5, #3
1000245e:	3601      	adds	r6, #1
10002460:	f7ff fbd2 	bl	10001c08 <draw_text_scaled>
10002464:	2e0c      	cmp	r6, #12
10002466:	d1ab      	bne.n	100023c0 <debug_log_render_system_screen+0xa0>
10002468:	b011      	add	sp, #68	@ 0x44
1000246a:	e8bd 8ff0 	ldmia.w	sp!, {r4, r5, r6, r7, r8, r9, sl, fp, pc}
1000246e:	4b09      	ldr	r3, [pc, #36]	@ (10002494 <debug_log_render_system_screen+0x174>)
10002470:	cb0f      	ldmia	r3, {r0, r1, r2, r3}
10002472:	e884 000f 	stmia.w	r4, {r0, r1, r2, r3}
10002476:	e78b      	b.n	10002390 <debug_log_render_system_screen+0x70>
10002478:	20001ba8 	.word	0x20001ba8
1000247c:	1000b7c4 	.word	0x1000b7c4
10002480:	1000b7c8 	.word	0x1000b7c8
10002484:	1000b7dc 	.word	0x1000b7dc
10002488:	1000b7f8 	.word	0x1000b7f8
1000248c:	1000b81c 	.word	0x1000b81c
10002490:	1000b82c 	.word	0x1000b82c
10002494:	1000b80c 	.word	0x1000b80c
10002498:	20000e74 	.word	0x20000e74

1000249c <debug_log_print>:
1000249c:	b40f      	push	{r0, r1, r2, r3}
1000249e:	b500      	push	{lr}
100024a0:	b083      	sub	sp, #12
100024a2:	a904      	add	r1, sp, #16
100024a4:	f851 0b04 	ldr.w	r0, [r1], #4
100024a8:	9101      	str	r1, [sp, #4]
100024aa:	f005 fde9 	bl	10008080 <__wrap_vprintf>
100024ae:	b003      	add	sp, #12
100024b0:	f85d eb04 	ldr.w	lr, [sp], #4
100024b4:	b004      	add	sp, #16
100024b6:	4770      	bx	lr

100024b8 <system_mode_render>:
100024b8:	b508      	push	{r3, lr}
100024ba:	f7fe f871 	bl	100005a0 <mpr121_read_touched>
100024be:	e8bd 4008 	ldmia.w	sp!, {r3, lr}
100024c2:	4901      	ldr	r1, [pc, #4]	@ (100024c8 <system_mode_render+0x10>)
100024c4:	f7ff bf2c 	b.w	10002320 <debug_log_render_system_screen>
100024c8:	40a051ec 	.word	0x40a051ec

100024cc <system_mode_update>:
100024cc:	4901      	ldr	r1, [pc, #4]	@ (100024d4 <system_mode_update+0x8>)
100024ce:	f7ff bf27 	b.w	10002320 <debug_log_render_system_screen>
100024d2:	bf00      	nop
100024d4:	40a051ec 	.word	0x40a051ec

100024d8 <play_mode_render>:
100024d8:	e92d 43f0 	stmdb	sp!, {r4, r5, r6, r7, r8, r9, lr}
100024dc:	4b41      	ldr	r3, [pc, #260]	@ (100025e4 <play_mode_render+0x10c>)
100024de:	b091      	sub	sp, #68	@ 0x44
100024e0:	7819      	ldrb	r1, [r3, #0]
100024e2:	2201      	movs	r2, #1
100024e4:	4840      	ldr	r0, [pc, #256]	@ (100025e8 <play_mode_render+0x110>)
100024e6:	f7ff fec1 	bl	1000226c <ui_draw_statusbar>
100024ea:	f7ff ff09 	bl	10002300 <ui_clear_work_area>
100024ee:	2120      	movs	r1, #32
100024f0:	f04f 0801 	mov.w	r8, #1
100024f4:	4a3d      	ldr	r2, [pc, #244]	@ (100025ec <play_mode_render+0x114>)
100024f6:	4c3e      	ldr	r4, [pc, #248]	@ (100025f0 <play_mode_render+0x118>)
100024f8:	7810      	ldrb	r0, [r2, #0]
100024fa:	2301      	movs	r3, #1
100024fc:	4a3d      	ldr	r2, [pc, #244]	@ (100025f4 <play_mode_render+0x11c>)
100024fe:	9000      	str	r0, [sp, #0]
10002500:	eb0d 0001 	add.w	r0, sp, r1
10002504:	f005 fbe6 	bl	10007cd4 <__wrap_snprintf>
10002508:	8825      	ldrh	r5, [r4, #0]
1000250a:	8923      	ldrh	r3, [r4, #8]
1000250c:	211e      	movs	r1, #30
1000250e:	200a      	movs	r0, #10
10002510:	e9cd 5800 	strd	r5, r8, [sp]
10002514:	aa08      	add	r2, sp, #32
10002516:	f7ff fb77 	bl	10001c08 <draw_text_scaled>
1000251a:	88e5      	ldrh	r5, [r4, #6]
1000251c:	2600      	movs	r6, #0
1000251e:	9500      	str	r5, [sp, #0]
10002520:	2538      	movs	r5, #56	@ 0x38
10002522:	2348      	movs	r3, #72	@ 0x48
10002524:	f44f 7296 	mov.w	r2, #300	@ 0x12c
10002528:	2132      	movs	r1, #50	@ 0x32
1000252a:	200a      	movs	r0, #10
1000252c:	f7ff f8fe 	bl	1000172c <clear_rect>
10002530:	4b31      	ldr	r3, [pc, #196]	@ (100025f8 <play_mode_render+0x120>)
10002532:	af05      	add	r7, sp, #20
10002534:	e893 0007 	ldmia.w	r3, {r0, r1, r2}
10002538:	e887 0007 	stmia.w	r7, {r0, r1, r2}
1000253c:	f8df 90d0 	ldr.w	r9, [pc, #208]	@ 10002610 <play_mode_render+0x138>
10002540:	f8d9 3000 	ldr.w	r3, [r9]
10002544:	f8b4 c006 	ldrh.w	ip, [r4, #6]
10002548:	42b3      	cmp	r3, r6
1000254a:	bf0c      	ite	eq
1000254c:	88a3      	ldrheq	r3, [r4, #4]
1000254e:	8863      	ldrhne	r3, [r4, #2]
10002550:	4629      	mov	r1, r5
10002552:	f857 2b04 	ldr.w	r2, [r7], #4
10002556:	2016      	movs	r0, #22
10002558:	e9cd c800 	strd	ip, r8, [sp]
1000255c:	3601      	adds	r6, #1
1000255e:	f7ff fb53 	bl	10001c08 <draw_text_scaled>
10002562:	3518      	adds	r5, #24
10002564:	2e03      	cmp	r6, #3
10002566:	b2ad      	uxth	r5, r5
10002568:	d1ea      	bne.n	10002540 <play_mode_render+0x68>
1000256a:	250c      	movs	r5, #12
1000256c:	8821      	ldrh	r1, [r4, #0]
1000256e:	8922      	ldrh	r2, [r4, #8]
10002570:	2310      	movs	r3, #16
10002572:	e9cd 2101 	strd	r2, r1, [sp, #4]
10002576:	202d      	movs	r0, #45	@ 0x2d
10002578:	219b      	movs	r1, #155	@ 0x9b
1000257a:	4a20      	ldr	r2, [pc, #128]	@ (100025fc <play_mode_render+0x124>)
1000257c:	9500      	str	r5, [sp, #0]
1000257e:	f7ff fb71 	bl	10001c64 <draw_bitmap>
10002582:	8826      	ldrh	r6, [r4, #0]
10002584:	9500      	str	r5, [sp, #0]
10002586:	9602      	str	r6, [sp, #8]
10002588:	8926      	ldrh	r6, [r4, #8]
1000258a:	2310      	movs	r3, #16
1000258c:	9601      	str	r6, [sp, #4]
1000258e:	219b      	movs	r1, #155	@ 0x9b
10002590:	2064      	movs	r0, #100	@ 0x64
10002592:	4a1b      	ldr	r2, [pc, #108]	@ (10002600 <play_mode_render+0x128>)
10002594:	f7ff fb66 	bl	10001c64 <draw_bitmap>
10002598:	219b      	movs	r1, #155	@ 0x9b
1000259a:	8820      	ldrh	r0, [r4, #0]
1000259c:	9500      	str	r5, [sp, #0]
1000259e:	9002      	str	r0, [sp, #8]
100025a0:	8920      	ldrh	r0, [r4, #8]
100025a2:	2310      	movs	r3, #16
100025a4:	9001      	str	r0, [sp, #4]
100025a6:	4a17      	ldr	r2, [pc, #92]	@ (10002604 <play_mode_render+0x12c>)
100025a8:	4608      	mov	r0, r1
100025aa:	f7ff fb5b 	bl	10001c64 <draw_bitmap>
100025ae:	8826      	ldrh	r6, [r4, #0]
100025b0:	9500      	str	r5, [sp, #0]
100025b2:	9602      	str	r6, [sp, #8]
100025b4:	8926      	ldrh	r6, [r4, #8]
100025b6:	2310      	movs	r3, #16
100025b8:	9601      	str	r6, [sp, #4]
100025ba:	219b      	movs	r1, #155	@ 0x9b
100025bc:	20d2      	movs	r0, #210	@ 0xd2
100025be:	4a12      	ldr	r2, [pc, #72]	@ (10002608 <play_mode_render+0x130>)
100025c0:	f7ff fb50 	bl	10001c64 <draw_bitmap>
100025c4:	8826      	ldrh	r6, [r4, #0]
100025c6:	9500      	str	r5, [sp, #0]
100025c8:	9602      	str	r6, [sp, #8]
100025ca:	8924      	ldrh	r4, [r4, #8]
100025cc:	2310      	movs	r3, #16
100025ce:	219b      	movs	r1, #155	@ 0x9b
100025d0:	f240 1009 	movw	r0, #265	@ 0x109
100025d4:	4a0d      	ldr	r2, [pc, #52]	@ (1000260c <play_mode_render+0x134>)
100025d6:	9401      	str	r4, [sp, #4]
100025d8:	f7ff fb44 	bl	10001c64 <draw_bitmap>
100025dc:	b011      	add	sp, #68	@ 0x44
100025de:	e8bd 83f0 	ldmia.w	sp!, {r4, r5, r6, r7, r8, r9, pc}
100025e2:	bf00      	nop
100025e4:	20001ba8 	.word	0x20001ba8
100025e8:	1000b830 	.word	0x1000b830
100025ec:	20000e7e 	.word	0x20000e7e
100025f0:	20000e74 	.word	0x20000e74
100025f4:	1000b838 	.word	0x1000b838
100025f8:	1000bd74 	.word	0x1000bd74
100025fc:	1000ba68 	.word	0x1000ba68
10002600:	1000ba98 	.word	0x1000ba98
10002604:	1000ba80 	.word	0x1000ba80
10002608:	1000ba50 	.word	0x1000ba50
1000260c:	1000ba38 	.word	0x1000ba38
10002610:	200023ec 	.word	0x200023ec

10002614 <play_mode_update>:
10002614:	b510      	push	{r4, lr}
10002616:	460c      	mov	r4, r1
10002618:	b082      	sub	sp, #8
1000261a:	f10d 0007 	add.w	r0, sp, #7
1000261e:	f7fd ffa7 	bl	10000570 <midi_read_byte>
10002622:	2800      	cmp	r0, #0
10002624:	d1f9      	bne.n	1000261a <play_mode_update+0x6>
10002626:	b124      	cbz	r4, 10002632 <play_mode_update+0x1e>
10002628:	4b08      	ldr	r3, [pc, #32]	@ (1000264c <play_mode_update+0x38>)
1000262a:	681a      	ldr	r2, [r3, #0]
1000262c:	4414      	add	r4, r2
1000262e:	2c02      	cmp	r4, #2
10002630:	d901      	bls.n	10002636 <play_mode_update+0x22>
10002632:	b002      	add	sp, #8
10002634:	bd10      	pop	{r4, pc}
10002636:	4a06      	ldr	r2, [pc, #24]	@ (10002650 <play_mode_update+0x3c>)
10002638:	b2e1      	uxtb	r1, r4
1000263a:	601c      	str	r4, [r3, #0]
1000263c:	1c4b      	adds	r3, r1, #1
1000263e:	7013      	strb	r3, [r2, #0]
10002640:	f7fd ff78 	bl	10000534 <midi_send_program_change>
10002644:	f7ff ff48 	bl	100024d8 <play_mode_render>
10002648:	b002      	add	sp, #8
1000264a:	bd10      	pop	{r4, pc}
1000264c:	200023ec 	.word	0x200023ec
10002650:	20000e7e 	.word	0x20000e7e

10002654 <sd_review_update>:
10002654:	b570      	push	{r4, r5, r6, lr}
10002656:	460c      	mov	r4, r1
10002658:	f7ff fcfe 	bl	10002058 <sd_ensure_ready>
1000265c:	b1a0      	cbz	r0, 10002688 <sd_review_update+0x34>
1000265e:	4810      	ldr	r0, [pc, #64]	@ (100026a0 <sd_review_update+0x4c>)
10002660:	8842      	ldrh	r2, [r0, #2]
10002662:	b18a      	cbz	r2, 10002688 <sd_review_update+0x34>
10002664:	b184      	cbz	r4, 10002688 <sd_review_update+0x34>
10002666:	4d0f      	ldr	r5, [pc, #60]	@ (100026a4 <sd_review_update+0x50>)
10002668:	682b      	ldr	r3, [r5, #0]
1000266a:	18e4      	adds	r4, r4, r3
1000266c:	d40d      	bmi.n	1000268a <sd_review_update+0x36>
1000266e:	4294      	cmp	r4, r2
10002670:	da0f      	bge.n	10002692 <sd_review_update+0x3e>
10002672:	eb04 1344 	add.w	r3, r4, r4, lsl #5
10002676:	1c61      	adds	r1, r4, #1
10002678:	3304      	adds	r3, #4
1000267a:	4403      	add	r3, r0
1000267c:	602c      	str	r4, [r5, #0]
1000267e:	480a      	ldr	r0, [pc, #40]	@ (100026a8 <sd_review_update+0x54>)
10002680:	e8bd 4070 	ldmia.w	sp!, {r4, r5, r6, lr}
10002684:	f005 bd60 	b.w	10008148 <__wrap_printf>
10002688:	bd70      	pop	{r4, r5, r6, pc}
1000268a:	2400      	movs	r4, #0
1000268c:	2304      	movs	r3, #4
1000268e:	2101      	movs	r1, #1
10002690:	e7f3      	b.n	1000267a <sd_review_update+0x26>
10002692:	1e54      	subs	r4, r2, #1
10002694:	eb04 1344 	add.w	r3, r4, r4, lsl #5
10002698:	4611      	mov	r1, r2
1000269a:	3304      	adds	r3, #4
1000269c:	e7ed      	b.n	1000267a <sd_review_update+0x26>
1000269e:	bf00      	nop
100026a0:	20001ba8 	.word	0x20001ba8
100026a4:	200016b0 	.word	0x200016b0
100026a8:	1000b874 	.word	0x1000b874

100026ac <sd_review_render>:
100026ac:	4770      	bx	lr
100026ae:	bf00      	nop

100026b0 <midi_bridge_update>:
100026b0:	4770      	bx	lr
100026b2:	bf00      	nop

100026b4 <midi_bridge_render>:
100026b4:	4770      	bx	lr
100026b6:	bf00      	nop

100026b8 <get_fileinfo.part.0.constprop.0.isra.0>:
100026b8:	7803      	ldrb	r3, [r0, #0]
100026ba:	b510      	push	{r4, lr}
100026bc:	2b20      	cmp	r3, #32
100026be:	f000 8087 	beq.w	100027d0 <get_fileinfo.part.0.constprop.0.isra.0+0x118>
100026c2:	2b05      	cmp	r3, #5
100026c4:	bf08      	it	eq
100026c6:	23e5      	moveq	r3, #229	@ 0xe5
100026c8:	724b      	strb	r3, [r1, #9]
100026ca:	7843      	ldrb	r3, [r0, #1]
100026cc:	f04f 0c01 	mov.w	ip, #1
100026d0:	2b20      	cmp	r3, #32
100026d2:	f000 8083 	beq.w	100027dc <get_fileinfo.part.0.constprop.0.isra.0+0x124>
100026d6:	2b05      	cmp	r3, #5
100026d8:	bf08      	it	eq
100026da:	23e5      	moveq	r3, #229	@ 0xe5
100026dc:	f10c 0201 	add.w	r2, ip, #1
100026e0:	448c      	add	ip, r1
100026e2:	f88c 3009 	strb.w	r3, [ip, #9]
100026e6:	7883      	ldrb	r3, [r0, #2]
100026e8:	2b20      	cmp	r3, #32
100026ea:	d07b      	beq.n	100027e4 <get_fileinfo.part.0.constprop.0.isra.0+0x12c>
100026ec:	2b05      	cmp	r3, #5
100026ee:	bf08      	it	eq
100026f0:	23e5      	moveq	r3, #229	@ 0xe5
100026f2:	f102 0c01 	add.w	ip, r2, #1
100026f6:	440a      	add	r2, r1
100026f8:	7253      	strb	r3, [r2, #9]
100026fa:	78c3      	ldrb	r3, [r0, #3]
100026fc:	2b20      	cmp	r3, #32
100026fe:	d075      	beq.n	100027ec <get_fileinfo.part.0.constprop.0.isra.0+0x134>
10002700:	2b05      	cmp	r3, #5
10002702:	bf08      	it	eq
10002704:	23e5      	moveq	r3, #229	@ 0xe5
10002706:	f10c 0201 	add.w	r2, ip, #1
1000270a:	448c      	add	ip, r1
1000270c:	f88c 3009 	strb.w	r3, [ip, #9]
10002710:	7903      	ldrb	r3, [r0, #4]
10002712:	2b20      	cmp	r3, #32
10002714:	d06e      	beq.n	100027f4 <get_fileinfo.part.0.constprop.0.isra.0+0x13c>
10002716:	2b05      	cmp	r3, #5
10002718:	bf08      	it	eq
1000271a:	23e5      	moveq	r3, #229	@ 0xe5
1000271c:	f102 0c01 	add.w	ip, r2, #1
10002720:	440a      	add	r2, r1
10002722:	7253      	strb	r3, [r2, #9]
10002724:	7943      	ldrb	r3, [r0, #5]
10002726:	2b20      	cmp	r3, #32
10002728:	d068      	beq.n	100027fc <get_fileinfo.part.0.constprop.0.isra.0+0x144>
1000272a:	2b05      	cmp	r3, #5
1000272c:	bf08      	it	eq
1000272e:	23e5      	moveq	r3, #229	@ 0xe5
10002730:	f10c 0201 	add.w	r2, ip, #1
10002734:	448c      	add	ip, r1
10002736:	f88c 3009 	strb.w	r3, [ip, #9]
1000273a:	7983      	ldrb	r3, [r0, #6]
1000273c:	2b20      	cmp	r3, #32
1000273e:	d061      	beq.n	10002804 <get_fileinfo.part.0.constprop.0.isra.0+0x14c>
10002740:	2b05      	cmp	r3, #5
10002742:	bf08      	it	eq
10002744:	23e5      	moveq	r3, #229	@ 0xe5
10002746:	f102 0c01 	add.w	ip, r2, #1
1000274a:	440a      	add	r2, r1
1000274c:	7253      	strb	r3, [r2, #9]
1000274e:	79c2      	ldrb	r2, [r0, #7]
10002750:	2a20      	cmp	r2, #32
10002752:	d05b      	beq.n	1000280c <get_fileinfo.part.0.constprop.0.isra.0+0x154>
10002754:	2a05      	cmp	r2, #5
10002756:	bf08      	it	eq
10002758:	22e5      	moveq	r2, #229	@ 0xe5
1000275a:	f10c 0301 	add.w	r3, ip, #1
1000275e:	448c      	add	ip, r1
10002760:	f88c 2009 	strb.w	r2, [ip, #9]
10002764:	7a02      	ldrb	r2, [r0, #8]
10002766:	2a20      	cmp	r2, #32
10002768:	d00d      	beq.n	10002786 <get_fileinfo.part.0.constprop.0.isra.0+0xce>
1000276a:	2a05      	cmp	r2, #5
1000276c:	bf08      	it	eq
1000276e:	22e5      	moveq	r2, #229	@ 0xe5
10002770:	242e      	movs	r4, #46	@ 0x2e
10002772:	f103 0c01 	add.w	ip, r3, #1
10002776:	eb01 0e03 	add.w	lr, r1, r3
1000277a:	448c      	add	ip, r1
1000277c:	f88e 4009 	strb.w	r4, [lr, #9]
10002780:	3302      	adds	r3, #2
10002782:	f88c 2009 	strb.w	r2, [ip, #9]
10002786:	7a42      	ldrb	r2, [r0, #9]
10002788:	2a20      	cmp	r2, #32
1000278a:	d043      	beq.n	10002814 <get_fileinfo.part.0.constprop.0.isra.0+0x15c>
1000278c:	2a05      	cmp	r2, #5
1000278e:	bf08      	it	eq
10002790:	22e5      	moveq	r2, #229	@ 0xe5
10002792:	f103 0c01 	add.w	ip, r3, #1
10002796:	440b      	add	r3, r1
10002798:	725a      	strb	r2, [r3, #9]
1000279a:	7a83      	ldrb	r3, [r0, #10]
1000279c:	2b20      	cmp	r3, #32
1000279e:	d037      	beq.n	10002810 <get_fileinfo.part.0.constprop.0.isra.0+0x158>
100027a0:	2b05      	cmp	r3, #5
100027a2:	bf08      	it	eq
100027a4:	23e5      	moveq	r3, #229	@ 0xe5
100027a6:	f10c 0201 	add.w	r2, ip, #1
100027aa:	448c      	add	ip, r1
100027ac:	f88c 3009 	strb.w	r3, [ip, #9]
100027b0:	f04f 0c00 	mov.w	ip, #0
100027b4:	188b      	adds	r3, r1, r2
100027b6:	f883 c009 	strb.w	ip, [r3, #9]
100027ba:	7ac3      	ldrb	r3, [r0, #11]
100027bc:	f003 033f 	and.w	r3, r3, #63	@ 0x3f
100027c0:	720b      	strb	r3, [r1, #8]
100027c2:	69c3      	ldr	r3, [r0, #28]
100027c4:	600b      	str	r3, [r1, #0]
100027c6:	8ac3      	ldrh	r3, [r0, #22]
100027c8:	80cb      	strh	r3, [r1, #6]
100027ca:	8b03      	ldrh	r3, [r0, #24]
100027cc:	808b      	strh	r3, [r1, #4]
100027ce:	bd10      	pop	{r4, pc}
100027d0:	7843      	ldrb	r3, [r0, #1]
100027d2:	f04f 0c00 	mov.w	ip, #0
100027d6:	2b20      	cmp	r3, #32
100027d8:	f47f af7d 	bne.w	100026d6 <get_fileinfo.part.0.constprop.0.isra.0+0x1e>
100027dc:	7883      	ldrb	r3, [r0, #2]
100027de:	4662      	mov	r2, ip
100027e0:	2b20      	cmp	r3, #32
100027e2:	d183      	bne.n	100026ec <get_fileinfo.part.0.constprop.0.isra.0+0x34>
100027e4:	78c3      	ldrb	r3, [r0, #3]
100027e6:	4694      	mov	ip, r2
100027e8:	2b20      	cmp	r3, #32
100027ea:	d189      	bne.n	10002700 <get_fileinfo.part.0.constprop.0.isra.0+0x48>
100027ec:	7903      	ldrb	r3, [r0, #4]
100027ee:	4662      	mov	r2, ip
100027f0:	2b20      	cmp	r3, #32
100027f2:	d190      	bne.n	10002716 <get_fileinfo.part.0.constprop.0.isra.0+0x5e>
100027f4:	7943      	ldrb	r3, [r0, #5]
100027f6:	4694      	mov	ip, r2
100027f8:	2b20      	cmp	r3, #32
100027fa:	d196      	bne.n	1000272a <get_fileinfo.part.0.constprop.0.isra.0+0x72>
100027fc:	7983      	ldrb	r3, [r0, #6]
100027fe:	4662      	mov	r2, ip
10002800:	2b20      	cmp	r3, #32
10002802:	d19d      	bne.n	10002740 <get_fileinfo.part.0.constprop.0.isra.0+0x88>
10002804:	4694      	mov	ip, r2
10002806:	79c2      	ldrb	r2, [r0, #7]
10002808:	2a20      	cmp	r2, #32
1000280a:	d1a3      	bne.n	10002754 <get_fileinfo.part.0.constprop.0.isra.0+0x9c>
1000280c:	4663      	mov	r3, ip
1000280e:	e7a9      	b.n	10002764 <get_fileinfo.part.0.constprop.0.isra.0+0xac>
10002810:	4662      	mov	r2, ip
10002812:	e7cd      	b.n	100027b0 <get_fileinfo.part.0.constprop.0.isra.0+0xf8>
10002814:	469c      	mov	ip, r3
10002816:	e7c0      	b.n	1000279a <get_fileinfo.part.0.constprop.0.isra.0+0xe2>

10002818 <sync_fs>:
10002818:	b570      	push	{r4, r5, r6, lr}
1000281a:	7903      	ldrb	r3, [r0, #4]
1000281c:	4604      	mov	r4, r0
1000281e:	b95b      	cbnz	r3, 10002838 <sync_fs+0x20>
10002820:	7965      	ldrb	r5, [r4, #5]
10002822:	2d01      	cmp	r5, #1
10002824:	d022      	beq.n	1000286c <sync_fs+0x54>
10002826:	2200      	movs	r2, #0
10002828:	7860      	ldrb	r0, [r4, #1]
1000282a:	4611      	mov	r1, r2
1000282c:	f001 fe52 	bl	100044d4 <disk_ioctl>
10002830:	3800      	subs	r0, #0
10002832:	bf18      	it	ne
10002834:	2001      	movne	r0, #1
10002836:	bd70      	pop	{r4, r5, r6, pc}
10002838:	f100 0530 	add.w	r5, r0, #48	@ 0x30
1000283c:	69c2      	ldr	r2, [r0, #28]
1000283e:	2301      	movs	r3, #1
10002840:	4629      	mov	r1, r5
10002842:	7840      	ldrb	r0, [r0, #1]
10002844:	f001 fe40 	bl	100044c8 <disk_write>
10002848:	bb98      	cbnz	r0, 100028b2 <sync_fs+0x9a>
1000284a:	e9d4 2606 	ldrd	r2, r6, [r4, #24]
1000284e:	6a63      	ldr	r3, [r4, #36]	@ 0x24
10002850:	7120      	strb	r0, [r4, #4]
10002852:	1af3      	subs	r3, r6, r3
10002854:	4293      	cmp	r3, r2
10002856:	d2e3      	bcs.n	10002820 <sync_fs+0x8>
10002858:	78e3      	ldrb	r3, [r4, #3]
1000285a:	2b02      	cmp	r3, #2
1000285c:	d1e0      	bne.n	10002820 <sync_fs+0x8>
1000285e:	2301      	movs	r3, #1
10002860:	4629      	mov	r1, r5
10002862:	7860      	ldrb	r0, [r4, #1]
10002864:	4432      	add	r2, r6
10002866:	f001 fe2f 	bl	100044c8 <disk_write>
1000286a:	e7d9      	b.n	10002820 <sync_fs+0x8>
1000286c:	2100      	movs	r1, #0
1000286e:	7823      	ldrb	r3, [r4, #0]
10002870:	7161      	strb	r1, [r4, #5]
10002872:	2b03      	cmp	r3, #3
10002874:	d1d7      	bne.n	10002826 <sync_fs+0xe>
10002876:	f104 0630 	add.w	r6, r4, #48	@ 0x30
1000287a:	f44f 7200 	mov.w	r2, #512	@ 0x200
1000287e:	4630      	mov	r0, r6
10002880:	f008 fd42 	bl	1000b308 <__memset_veneer>
10002884:	480c      	ldr	r0, [pc, #48]	@ (100028b8 <sync_fs+0xa0>)
10002886:	4a0d      	ldr	r2, [pc, #52]	@ (100028bc <sync_fs+0xa4>)
10002888:	6320      	str	r0, [r4, #48]	@ 0x30
1000288a:	f8c4 2214 	str.w	r2, [r4, #532]	@ 0x214
1000288e:	e9d4 0203 	ldrd	r0, r2, [r4, #12]
10002892:	f8c4 2218 	str.w	r2, [r4, #536]	@ 0x218
10002896:	6a22      	ldr	r2, [r4, #32]
10002898:	4b09      	ldr	r3, [pc, #36]	@ (100028c0 <sync_fs+0xa8>)
1000289a:	3201      	adds	r2, #1
1000289c:	f8c4 322c 	str.w	r3, [r4, #556]	@ 0x22c
100028a0:	f8c4 021c 	str.w	r0, [r4, #540]	@ 0x21c
100028a4:	462b      	mov	r3, r5
100028a6:	4631      	mov	r1, r6
100028a8:	7860      	ldrb	r0, [r4, #1]
100028aa:	61e2      	str	r2, [r4, #28]
100028ac:	f001 fe0c 	bl	100044c8 <disk_write>
100028b0:	e7b9      	b.n	10002826 <sync_fs+0xe>
100028b2:	2001      	movs	r0, #1
100028b4:	bd70      	pop	{r4, r5, r6, pc}
100028b6:	bf00      	nop
100028b8:	41615252 	.word	0x41615252
100028bc:	61417272 	.word	0x61417272
100028c0:	aa550000 	.word	0xaa550000

100028c4 <move_window>:
100028c4:	69c2      	ldr	r2, [r0, #28]
100028c6:	428a      	cmp	r2, r1
100028c8:	d101      	bne.n	100028ce <move_window+0xa>
100028ca:	2000      	movs	r0, #0
100028cc:	4770      	bx	lr
100028ce:	b570      	push	{r4, r5, r6, lr}
100028d0:	4604      	mov	r4, r0
100028d2:	7903      	ldrb	r3, [r0, #4]
100028d4:	460d      	mov	r5, r1
100028d6:	7840      	ldrb	r0, [r0, #1]
100028d8:	f104 0630 	add.w	r6, r4, #48	@ 0x30
100028dc:	b95b      	cbnz	r3, 100028f6 <move_window+0x32>
100028de:	462a      	mov	r2, r5
100028e0:	2301      	movs	r3, #1
100028e2:	4631      	mov	r1, r6
100028e4:	f001 fdea 	bl	100044bc <disk_read>
100028e8:	2800      	cmp	r0, #0
100028ea:	bf1c      	itt	ne
100028ec:	f04f 35ff 	movne.w	r5, #4294967295	@ 0xffffffff
100028f0:	2001      	movne	r0, #1
100028f2:	61e5      	str	r5, [r4, #28]
100028f4:	bd70      	pop	{r4, r5, r6, pc}
100028f6:	2301      	movs	r3, #1
100028f8:	4631      	mov	r1, r6
100028fa:	f001 fde5 	bl	100044c8 <disk_write>
100028fe:	b988      	cbnz	r0, 10002924 <move_window+0x60>
10002900:	69e1      	ldr	r1, [r4, #28]
10002902:	6a63      	ldr	r3, [r4, #36]	@ 0x24
10002904:	69a2      	ldr	r2, [r4, #24]
10002906:	1acb      	subs	r3, r1, r3
10002908:	4293      	cmp	r3, r2
1000290a:	7120      	strb	r0, [r4, #4]
1000290c:	7860      	ldrb	r0, [r4, #1]
1000290e:	d2e6      	bcs.n	100028de <move_window+0x1a>
10002910:	78e3      	ldrb	r3, [r4, #3]
10002912:	2b02      	cmp	r3, #2
10002914:	d1e3      	bne.n	100028de <move_window+0x1a>
10002916:	440a      	add	r2, r1
10002918:	2301      	movs	r3, #1
1000291a:	4631      	mov	r1, r6
1000291c:	f001 fdd4 	bl	100044c8 <disk_write>
10002920:	7860      	ldrb	r0, [r4, #1]
10002922:	e7dc      	b.n	100028de <move_window+0x1a>
10002924:	2001      	movs	r0, #1
10002926:	bd70      	pop	{r4, r5, r6, pc}

10002928 <put_fat.part.0>:
10002928:	e92d 4ff8 	stmdb	sp!, {r3, r4, r5, r6, r7, r8, r9, sl, fp, lr}
1000292c:	7806      	ldrb	r6, [r0, #0]
1000292e:	4604      	mov	r4, r0
10002930:	2e02      	cmp	r6, #2
10002932:	460d      	mov	r5, r1
10002934:	4690      	mov	r8, r2
10002936:	d042      	beq.n	100029be <put_fat.part.0+0x96>
10002938:	2e03      	cmp	r6, #3
1000293a:	d02a      	beq.n	10002992 <put_fat.part.0+0x6a>
1000293c:	2e01      	cmp	r6, #1
1000293e:	d156      	bne.n	100029ee <put_fat.part.0+0xc6>
10002940:	6a41      	ldr	r1, [r0, #36]	@ 0x24
10002942:	eb05 0955 	add.w	r9, r5, r5, lsr #1
10002946:	eb01 2159 	add.w	r1, r1, r9, lsr #9
1000294a:	f7ff ffbb 	bl	100028c4 <move_window>
1000294e:	4607      	mov	r7, r0
10002950:	b9e0      	cbnz	r0, 1000298c <put_fat.part.0+0x64>
10002952:	f109 0b01 	add.w	fp, r9, #1
10002956:	07eb      	lsls	r3, r5, #31
10002958:	f3c9 0908 	ubfx	r9, r9, #0, #9
1000295c:	f104 0a30 	add.w	sl, r4, #48	@ 0x30
10002960:	fa5f f188 	uxtb.w	r1, r8
10002964:	ea4f 225b 	mov.w	r2, fp, lsr #9
10002968:	d545      	bpl.n	100029f6 <put_fat.part.0+0xce>
1000296a:	f81a 3009 	ldrb.w	r3, [sl, r9]
1000296e:	4620      	mov	r0, r4
10002970:	f003 030f 	and.w	r3, r3, #15
10002974:	ea43 1301 	orr.w	r3, r3, r1, lsl #4
10002978:	f80a 3009 	strb.w	r3, [sl, r9]
1000297c:	6a61      	ldr	r1, [r4, #36]	@ 0x24
1000297e:	7126      	strb	r6, [r4, #4]
10002980:	4411      	add	r1, r2
10002982:	f7ff ff9f 	bl	100028c4 <move_window>
10002986:	2800      	cmp	r0, #0
10002988:	d04e      	beq.n	10002a28 <put_fat.part.0+0x100>
1000298a:	4607      	mov	r7, r0
1000298c:	4638      	mov	r0, r7
1000298e:	e8bd 8ff8 	ldmia.w	sp!, {r3, r4, r5, r6, r7, r8, r9, sl, fp, pc}
10002992:	6a41      	ldr	r1, [r0, #36]	@ 0x24
10002994:	eb01 11d5 	add.w	r1, r1, r5, lsr #7
10002998:	f7ff ff94 	bl	100028c4 <move_window>
1000299c:	4607      	mov	r7, r0
1000299e:	2800      	cmp	r0, #0
100029a0:	d1f4      	bne.n	1000298c <put_fat.part.0+0x64>
100029a2:	2101      	movs	r1, #1
100029a4:	00ad      	lsls	r5, r5, #2
100029a6:	f104 0230 	add.w	r2, r4, #48	@ 0x30
100029aa:	f405 75fe 	and.w	r5, r5, #508	@ 0x1fc
100029ae:	5953      	ldr	r3, [r2, r5]
100029b0:	4638      	mov	r0, r7
100029b2:	f368 031b 	bfi	r3, r8, #0, #28
100029b6:	5153      	str	r3, [r2, r5]
100029b8:	7121      	strb	r1, [r4, #4]
100029ba:	e8bd 8ff8 	ldmia.w	sp!, {r3, r4, r5, r6, r7, r8, r9, sl, fp, pc}
100029be:	6a41      	ldr	r1, [r0, #36]	@ 0x24
100029c0:	eb01 2115 	add.w	r1, r1, r5, lsr #8
100029c4:	f7ff ff7e 	bl	100028c4 <move_window>
100029c8:	4607      	mov	r7, r0
100029ca:	2800      	cmp	r0, #0
100029cc:	d1de      	bne.n	1000298c <put_fat.part.0+0x64>
100029ce:	2101      	movs	r1, #1
100029d0:	006d      	lsls	r5, r5, #1
100029d2:	f104 0330 	add.w	r3, r4, #48	@ 0x30
100029d6:	f405 75ff 	and.w	r5, r5, #510	@ 0x1fe
100029da:	f803 8005 	strb.w	r8, [r3, r5]
100029de:	f3c8 2207 	ubfx	r2, r8, #8, #8
100029e2:	442b      	add	r3, r5
100029e4:	705a      	strb	r2, [r3, #1]
100029e6:	7121      	strb	r1, [r4, #4]
100029e8:	4638      	mov	r0, r7
100029ea:	e8bd 8ff8 	ldmia.w	sp!, {r3, r4, r5, r6, r7, r8, r9, sl, fp, pc}
100029ee:	2702      	movs	r7, #2
100029f0:	4638      	mov	r0, r7
100029f2:	e8bd 8ff8 	ldmia.w	sp!, {r3, r4, r5, r6, r7, r8, r9, sl, fp, pc}
100029f6:	f80a 1009 	strb.w	r1, [sl, r9]
100029fa:	6a61      	ldr	r1, [r4, #36]	@ 0x24
100029fc:	4620      	mov	r0, r4
100029fe:	7126      	strb	r6, [r4, #4]
10002a00:	4411      	add	r1, r2
10002a02:	f7ff ff5f 	bl	100028c4 <move_window>
10002a06:	2800      	cmp	r0, #0
10002a08:	d1bf      	bne.n	1000298a <put_fat.part.0+0x62>
10002a0a:	f3cb 0b08 	ubfx	fp, fp, #0, #9
10002a0e:	f81a 300b 	ldrb.w	r3, [sl, fp]
10002a12:	f3c8 2203 	ubfx	r2, r8, #8, #4
10002a16:	f023 030f 	bic.w	r3, r3, #15
10002a1a:	44da      	add	sl, fp
10002a1c:	4313      	orrs	r3, r2
10002a1e:	2201      	movs	r2, #1
10002a20:	f88a 3000 	strb.w	r3, [sl]
10002a24:	7122      	strb	r2, [r4, #4]
10002a26:	e7b1      	b.n	1000298c <put_fat.part.0+0x64>
10002a28:	f3cb 0b08 	ubfx	fp, fp, #0, #9
10002a2c:	44da      	add	sl, fp
10002a2e:	f3c8 1307 	ubfx	r3, r8, #4, #8
10002a32:	e7f4      	b.n	10002a1e <put_fat.part.0+0xf6>

10002a34 <get_fat.isra.0>:
10002a34:	2901      	cmp	r1, #1
10002a36:	d919      	bls.n	10002a6c <get_fat.isra.0+0x38>
10002a38:	6942      	ldr	r2, [r0, #20]
10002a3a:	b5f8      	push	{r3, r4, r5, r6, r7, lr}
10002a3c:	4291      	cmp	r1, r2
10002a3e:	460c      	mov	r4, r1
10002a40:	4606      	mov	r6, r0
10002a42:	d211      	bcs.n	10002a68 <get_fat.isra.0+0x34>
10002a44:	7802      	ldrb	r2, [r0, #0]
10002a46:	2a02      	cmp	r2, #2
10002a48:	d021      	beq.n	10002a8e <get_fat.isra.0+0x5a>
10002a4a:	2a03      	cmp	r2, #3
10002a4c:	d010      	beq.n	10002a70 <get_fat.isra.0+0x3c>
10002a4e:	2a01      	cmp	r2, #1
10002a50:	d10a      	bne.n	10002a68 <get_fat.isra.0+0x34>
10002a52:	6a41      	ldr	r1, [r0, #36]	@ 0x24
10002a54:	eb04 0554 	add.w	r5, r4, r4, lsr #1
10002a58:	eb01 2155 	add.w	r1, r1, r5, lsr #9
10002a5c:	f7ff ff32 	bl	100028c4 <move_window>
10002a60:	b310      	cbz	r0, 10002aa8 <get_fat.isra.0+0x74>
10002a62:	f04f 30ff 	mov.w	r0, #4294967295	@ 0xffffffff
10002a66:	bdf8      	pop	{r3, r4, r5, r6, r7, pc}
10002a68:	2001      	movs	r0, #1
10002a6a:	bdf8      	pop	{r3, r4, r5, r6, r7, pc}
10002a6c:	2001      	movs	r0, #1
10002a6e:	4770      	bx	lr
10002a70:	6a41      	ldr	r1, [r0, #36]	@ 0x24
10002a72:	eb01 11d4 	add.w	r1, r1, r4, lsr #7
10002a76:	f7ff ff25 	bl	100028c4 <move_window>
10002a7a:	2800      	cmp	r0, #0
10002a7c:	d1f1      	bne.n	10002a62 <get_fat.isra.0+0x2e>
10002a7e:	00a4      	lsls	r4, r4, #2
10002a80:	f404 74fe 	and.w	r4, r4, #508	@ 0x1fc
10002a84:	1933      	adds	r3, r6, r4
10002a86:	6b18      	ldr	r0, [r3, #48]	@ 0x30
10002a88:	f020 4070 	bic.w	r0, r0, #4026531840	@ 0xf0000000
10002a8c:	bdf8      	pop	{r3, r4, r5, r6, r7, pc}
10002a8e:	6a41      	ldr	r1, [r0, #36]	@ 0x24
10002a90:	eb01 2114 	add.w	r1, r1, r4, lsr #8
10002a94:	f7ff ff16 	bl	100028c4 <move_window>
10002a98:	2800      	cmp	r0, #0
10002a9a:	d1e2      	bne.n	10002a62 <get_fat.isra.0+0x2e>
10002a9c:	0060      	lsls	r0, r4, #1
10002a9e:	f400 70ff 	and.w	r0, r0, #510	@ 0x1fe
10002aa2:	4430      	add	r0, r6
10002aa4:	8e00      	ldrh	r0, [r0, #48]	@ 0x30
10002aa6:	bdf8      	pop	{r3, r4, r5, r6, r7, pc}
10002aa8:	6a71      	ldr	r1, [r6, #36]	@ 0x24
10002aaa:	1c6f      	adds	r7, r5, #1
10002aac:	f3c5 0508 	ubfx	r5, r5, #0, #9
10002ab0:	4435      	add	r5, r6
10002ab2:	4630      	mov	r0, r6
10002ab4:	eb01 2157 	add.w	r1, r1, r7, lsr #9
10002ab8:	f895 5030 	ldrb.w	r5, [r5, #48]	@ 0x30
10002abc:	f7ff ff02 	bl	100028c4 <move_window>
10002ac0:	2800      	cmp	r0, #0
10002ac2:	d1ce      	bne.n	10002a62 <get_fat.isra.0+0x2e>
10002ac4:	f3c7 0708 	ubfx	r7, r7, #0, #9
10002ac8:	4437      	add	r7, r6
10002aca:	f897 3030 	ldrb.w	r3, [r7, #48]	@ 0x30
10002ace:	ea45 2003 	orr.w	r0, r5, r3, lsl #8
10002ad2:	07e3      	lsls	r3, r4, #31
10002ad4:	bf4c      	ite	mi
10002ad6:	0900      	lsrmi	r0, r0, #4
10002ad8:	f3c0 000b 	ubfxpl	r0, r0, #0, #12
10002adc:	bdf8      	pop	{r3, r4, r5, r6, r7, pc}
10002ade:	bf00      	nop

10002ae0 <dir_read.constprop.0>:
10002ae0:	e92d 47f0 	stmdb	sp!, {r4, r5, r6, r7, r8, r9, sl, lr}
10002ae4:	f8d0 9018 	ldr.w	r9, [r0, #24]
10002ae8:	4604      	mov	r4, r0
10002aea:	6807      	ldr	r7, [r0, #0]
10002aec:	f1b9 0f00 	cmp.w	r9, #0
10002af0:	d02f      	beq.n	10002b52 <dir_read.constprop.0+0x72>
10002af2:	f107 0830 	add.w	r8, r7, #48	@ 0x30
10002af6:	69fa      	ldr	r2, [r7, #28]
10002af8:	454a      	cmp	r2, r9
10002afa:	d013      	beq.n	10002b24 <dir_read.constprop.0+0x44>
10002afc:	793b      	ldrb	r3, [r7, #4]
10002afe:	7878      	ldrb	r0, [r7, #1]
10002b00:	2b00      	cmp	r3, #0
10002b02:	d163      	bne.n	10002bcc <dir_read.constprop.0+0xec>
10002b04:	2301      	movs	r3, #1
10002b06:	464a      	mov	r2, r9
10002b08:	4641      	mov	r1, r8
10002b0a:	f001 fcd7 	bl	100044bc <disk_read>
10002b0e:	b138      	cbz	r0, 10002b20 <dir_read.constprop.0+0x40>
10002b10:	f04f 33ff 	mov.w	r3, #4294967295	@ 0xffffffff
10002b14:	61fb      	str	r3, [r7, #28]
10002b16:	2001      	movs	r0, #1
10002b18:	2300      	movs	r3, #0
10002b1a:	61a3      	str	r3, [r4, #24]
10002b1c:	e8bd 87f0 	ldmia.w	sp!, {r4, r5, r6, r7, r8, r9, sl, pc}
10002b20:	f8c7 901c 	str.w	r9, [r7, #28]
10002b24:	69e3      	ldr	r3, [r4, #28]
10002b26:	781a      	ldrb	r2, [r3, #0]
10002b28:	b19a      	cbz	r2, 10002b52 <dir_read.constprop.0+0x72>
10002b2a:	7adb      	ldrb	r3, [r3, #11]
10002b2c:	2ae5      	cmp	r2, #229	@ 0xe5
10002b2e:	f003 033f 	and.w	r3, r3, #63	@ 0x3f
10002b32:	71a3      	strb	r3, [r4, #6]
10002b34:	d007      	beq.n	10002b46 <dir_read.constprop.0+0x66>
10002b36:	2a2e      	cmp	r2, #46	@ 0x2e
10002b38:	d005      	beq.n	10002b46 <dir_read.constprop.0+0x66>
10002b3a:	2b0f      	cmp	r3, #15
10002b3c:	d003      	beq.n	10002b46 <dir_read.constprop.0+0x66>
10002b3e:	f023 0320 	bic.w	r3, r3, #32
10002b42:	2b08      	cmp	r3, #8
10002b44:	d124      	bne.n	10002b90 <dir_read.constprop.0+0xb0>
10002b46:	6925      	ldr	r5, [r4, #16]
10002b48:	6826      	ldr	r6, [r4, #0]
10002b4a:	3520      	adds	r5, #32
10002b4c:	f5b5 1f00 	cmp.w	r5, #2097152	@ 0x200000
10002b50:	d301      	bcc.n	10002b56 <dir_read.constprop.0+0x76>
10002b52:	2004      	movs	r0, #4
10002b54:	e7e0      	b.n	10002b18 <dir_read.constprop.0+0x38>
10002b56:	f8d4 9018 	ldr.w	r9, [r4, #24]
10002b5a:	f1b9 0f00 	cmp.w	r9, #0
10002b5e:	d0f8      	beq.n	10002b52 <dir_read.constprop.0+0x72>
10002b60:	f3c5 0308 	ubfx	r3, r5, #0, #9
10002b64:	b123      	cbz	r3, 10002b70 <dir_read.constprop.0+0x90>
10002b66:	3630      	adds	r6, #48	@ 0x30
10002b68:	441e      	add	r6, r3
10002b6a:	6125      	str	r5, [r4, #16]
10002b6c:	61e6      	str	r6, [r4, #28]
10002b6e:	e7c2      	b.n	10002af6 <dir_read.constprop.0+0x16>
10002b70:	6961      	ldr	r1, [r4, #20]
10002b72:	f109 0901 	add.w	r9, r9, #1
10002b76:	f8c4 9018 	str.w	r9, [r4, #24]
10002b7a:	b961      	cbnz	r1, 10002b96 <dir_read.constprop.0+0xb6>
10002b7c:	8933      	ldrh	r3, [r6, #8]
10002b7e:	ebb3 1f55 	cmp.w	r3, r5, lsr #5
10002b82:	d9e6      	bls.n	10002b52 <dir_read.constprop.0+0x72>
10002b84:	3630      	adds	r6, #48	@ 0x30
10002b86:	6125      	str	r5, [r4, #16]
10002b88:	61e6      	str	r6, [r4, #28]
10002b8a:	f1b9 0f00 	cmp.w	r9, #0
10002b8e:	d1b2      	bne.n	10002af6 <dir_read.constprop.0+0x16>
10002b90:	2000      	movs	r0, #0
10002b92:	e8bd 87f0 	ldmia.w	sp!, {r4, r5, r6, r7, r8, r9, sl, pc}
10002b96:	8973      	ldrh	r3, [r6, #10]
10002b98:	3b01      	subs	r3, #1
10002b9a:	ea13 2a55 	ands.w	sl, r3, r5, lsr #9
10002b9e:	d1f1      	bne.n	10002b84 <dir_read.constprop.0+0xa4>
10002ba0:	4630      	mov	r0, r6
10002ba2:	f7ff ff47 	bl	10002a34 <get_fat.isra.0>
10002ba6:	2801      	cmp	r0, #1
10002ba8:	d92e      	bls.n	10002c08 <dir_read.constprop.0+0x128>
10002baa:	1c43      	adds	r3, r0, #1
10002bac:	d0b3      	beq.n	10002b16 <dir_read.constprop.0+0x36>
10002bae:	6973      	ldr	r3, [r6, #20]
10002bb0:	4298      	cmp	r0, r3
10002bb2:	d2ce      	bcs.n	10002b52 <dir_read.constprop.0+0x72>
10002bb4:	3b02      	subs	r3, #2
10002bb6:	6160      	str	r0, [r4, #20]
10002bb8:	3802      	subs	r0, #2
10002bba:	4298      	cmp	r0, r3
10002bbc:	d21e      	bcs.n	10002bfc <dir_read.constprop.0+0x11c>
10002bbe:	8972      	ldrh	r2, [r6, #10]
10002bc0:	6af3      	ldr	r3, [r6, #44]	@ 0x2c
10002bc2:	fb00 3902 	mla	r9, r0, r2, r3
10002bc6:	f8c4 9018 	str.w	r9, [r4, #24]
10002bca:	e7db      	b.n	10002b84 <dir_read.constprop.0+0xa4>
10002bcc:	2301      	movs	r3, #1
10002bce:	4641      	mov	r1, r8
10002bd0:	f001 fc7a 	bl	100044c8 <disk_write>
10002bd4:	2800      	cmp	r0, #0
10002bd6:	d19e      	bne.n	10002b16 <dir_read.constprop.0+0x36>
10002bd8:	69f9      	ldr	r1, [r7, #28]
10002bda:	6a7b      	ldr	r3, [r7, #36]	@ 0x24
10002bdc:	69ba      	ldr	r2, [r7, #24]
10002bde:	1acb      	subs	r3, r1, r3
10002be0:	4293      	cmp	r3, r2
10002be2:	7138      	strb	r0, [r7, #4]
10002be4:	7878      	ldrb	r0, [r7, #1]
10002be6:	d28d      	bcs.n	10002b04 <dir_read.constprop.0+0x24>
10002be8:	78fb      	ldrb	r3, [r7, #3]
10002bea:	2b02      	cmp	r3, #2
10002bec:	d18a      	bne.n	10002b04 <dir_read.constprop.0+0x24>
10002bee:	440a      	add	r2, r1
10002bf0:	2301      	movs	r3, #1
10002bf2:	4641      	mov	r1, r8
10002bf4:	f001 fc68 	bl	100044c8 <disk_write>
10002bf8:	7878      	ldrb	r0, [r7, #1]
10002bfa:	e783      	b.n	10002b04 <dir_read.constprop.0+0x24>
10002bfc:	3630      	adds	r6, #48	@ 0x30
10002bfe:	f8c4 a018 	str.w	sl, [r4, #24]
10002c02:	6125      	str	r5, [r4, #16]
10002c04:	61e6      	str	r6, [r4, #28]
10002c06:	e7c3      	b.n	10002b90 <dir_read.constprop.0+0xb0>
10002c08:	2002      	movs	r0, #2
10002c0a:	e785      	b.n	10002b18 <dir_read.constprop.0+0x38>

10002c0c <check_fs>:
10002c0c:	b570      	push	{r4, r5, r6, lr}
10002c0e:	f04f 36ff 	mov.w	r6, #4294967295	@ 0xffffffff
10002c12:	2300      	movs	r3, #0
10002c14:	42b1      	cmp	r1, r6
10002c16:	4604      	mov	r4, r0
10002c18:	7103      	strb	r3, [r0, #4]
10002c1a:	61c6      	str	r6, [r0, #28]
10002c1c:	d130      	bne.n	10002c80 <check_fs+0x74>
10002c1e:	f894 3030 	ldrb.w	r3, [r4, #48]	@ 0x30
10002c22:	f8b4 522e 	ldrh.w	r5, [r4, #558]	@ 0x22e
10002c26:	2beb      	cmp	r3, #235	@ 0xeb
10002c28:	d00a      	beq.n	10002c40 <check_fs+0x34>
10002c2a:	3318      	adds	r3, #24
10002c2c:	b2db      	uxtb	r3, r3
10002c2e:	2b01      	cmp	r3, #1
10002c30:	d906      	bls.n	10002c40 <check_fs+0x34>
10002c32:	f64a 2055 	movw	r0, #43605	@ 0xaa55
10002c36:	4285      	cmp	r5, r0
10002c38:	bf0c      	ite	eq
10002c3a:	2002      	moveq	r0, #2
10002c3c:	2003      	movne	r0, #3
10002c3e:	bd70      	pop	{r4, r5, r6, pc}
10002c40:	f64a 2355 	movw	r3, #43605	@ 0xaa55
10002c44:	429d      	cmp	r5, r3
10002c46:	d009      	beq.n	10002c5c <check_fs+0x50>
10002c48:	f8b4 303b 	ldrh.w	r3, [r4, #59]	@ 0x3b
10002c4c:	1e5a      	subs	r2, r3, #1
10002c4e:	421a      	tst	r2, r3
10002c50:	d102      	bne.n	10002c58 <check_fs+0x4c>
10002c52:	f5b3 7f00 	cmp.w	r3, #512	@ 0x200
10002c56:	d021      	beq.n	10002c9c <check_fs+0x90>
10002c58:	2003      	movs	r0, #3
10002c5a:	bd70      	pop	{r4, r5, r6, pc}
10002c5c:	2208      	movs	r2, #8
10002c5e:	4924      	ldr	r1, [pc, #144]	@ (10002cf0 <check_fs+0xe4>)
10002c60:	f104 0082 	add.w	r0, r4, #130	@ 0x82
10002c64:	f008 fb64 	bl	1000b330 <__memcmp_veneer>
10002c68:	2800      	cmp	r0, #0
10002c6a:	d0e8      	beq.n	10002c3e <check_fs+0x32>
10002c6c:	f8b4 303b 	ldrh.w	r3, [r4, #59]	@ 0x3b
10002c70:	1e5a      	subs	r2, r3, #1
10002c72:	421a      	tst	r2, r3
10002c74:	d102      	bne.n	10002c7c <check_fs+0x70>
10002c76:	f5b3 7f00 	cmp.w	r3, #512	@ 0x200
10002c7a:	d030      	beq.n	10002cde <check_fs+0xd2>
10002c7c:	2002      	movs	r0, #2
10002c7e:	bd70      	pop	{r4, r5, r6, pc}
10002c80:	460d      	mov	r5, r1
10002c82:	460a      	mov	r2, r1
10002c84:	2301      	movs	r3, #1
10002c86:	7840      	ldrb	r0, [r0, #1]
10002c88:	f104 0130 	add.w	r1, r4, #48	@ 0x30
10002c8c:	f001 fc16 	bl	100044bc <disk_read>
10002c90:	b110      	cbz	r0, 10002c98 <check_fs+0x8c>
10002c92:	2004      	movs	r0, #4
10002c94:	61e6      	str	r6, [r4, #28]
10002c96:	bd70      	pop	{r4, r5, r6, pc}
10002c98:	61e5      	str	r5, [r4, #28]
10002c9a:	e7c0      	b.n	10002c1e <check_fs+0x12>
10002c9c:	f894 303d 	ldrb.w	r3, [r4, #61]	@ 0x3d
10002ca0:	2b00      	cmp	r3, #0
10002ca2:	d0d9      	beq.n	10002c58 <check_fs+0x4c>
10002ca4:	1e5a      	subs	r2, r3, #1
10002ca6:	421a      	tst	r2, r3
10002ca8:	d1d6      	bne.n	10002c58 <check_fs+0x4c>
10002caa:	8fe3      	ldrh	r3, [r4, #62]	@ 0x3e
10002cac:	2b00      	cmp	r3, #0
10002cae:	d0c0      	beq.n	10002c32 <check_fs+0x26>
10002cb0:	f894 3040 	ldrb.w	r3, [r4, #64]	@ 0x40
10002cb4:	3b01      	subs	r3, #1
10002cb6:	2b01      	cmp	r3, #1
10002cb8:	d8bb      	bhi.n	10002c32 <check_fs+0x26>
10002cba:	f8b4 3041 	ldrh.w	r3, [r4, #65]	@ 0x41
10002cbe:	2b00      	cmp	r3, #0
10002cc0:	d0b7      	beq.n	10002c32 <check_fs+0x26>
10002cc2:	f8b4 3043 	ldrh.w	r3, [r4, #67]	@ 0x43
10002cc6:	2b3f      	cmp	r3, #63	@ 0x3f
10002cc8:	d803      	bhi.n	10002cd2 <check_fs+0xc6>
10002cca:	6d23      	ldr	r3, [r4, #80]	@ 0x50
10002ccc:	f5b3 3f80 	cmp.w	r3, #65536	@ 0x10000
10002cd0:	d3af      	bcc.n	10002c32 <check_fs+0x26>
10002cd2:	f8b4 3046 	ldrh.w	r3, [r4, #70]	@ 0x46
10002cd6:	2b00      	cmp	r3, #0
10002cd8:	d0ab      	beq.n	10002c32 <check_fs+0x26>
10002cda:	2000      	movs	r0, #0
10002cdc:	bd70      	pop	{r4, r5, r6, pc}
10002cde:	f894 303d 	ldrb.w	r3, [r4, #61]	@ 0x3d
10002ce2:	2b00      	cmp	r3, #0
10002ce4:	d0ca      	beq.n	10002c7c <check_fs+0x70>
10002ce6:	1e5a      	subs	r2, r3, #1
10002ce8:	421a      	tst	r2, r3
10002cea:	d1c7      	bne.n	10002c7c <check_fs+0x70>
10002cec:	e7dd      	b.n	10002caa <check_fs+0x9e>
10002cee:	bf00      	nop
10002cf0:	1000b8b4 	.word	0x1000b8b4

10002cf4 <mount_volume>:
10002cf4:	b5f8      	push	{r3, r4, r5, r6, r7, lr}
10002cf6:	2300      	movs	r3, #0
10002cf8:	6805      	ldr	r5, [r0, #0]
10002cfa:	600b      	str	r3, [r1, #0]
10002cfc:	2d00      	cmp	r5, #0
10002cfe:	f000 80e2 	beq.w	10002ec6 <mount_volume+0x1d2>
10002d02:	462c      	mov	r4, r5
10002d04:	e002      	b.n	10002d0c <mount_volume+0x18>
10002d06:	2b3a      	cmp	r3, #58	@ 0x3a
10002d08:	f000 80a9 	beq.w	10002e5e <mount_volume+0x16a>
10002d0c:	f814 3b01 	ldrb.w	r3, [r4], #1
10002d10:	2b20      	cmp	r3, #32
10002d12:	d8f8      	bhi.n	10002d06 <mount_volume+0x12>
10002d14:	4b91      	ldr	r3, [pc, #580]	@ (10002f5c <mount_volume+0x268>)
10002d16:	681c      	ldr	r4, [r3, #0]
10002d18:	2c00      	cmp	r4, #0
10002d1a:	f000 80b7 	beq.w	10002e8c <mount_volume+0x198>
10002d1e:	600c      	str	r4, [r1, #0]
10002d20:	7823      	ldrb	r3, [r4, #0]
10002d22:	7860      	ldrb	r0, [r4, #1]
10002d24:	f002 05fe 	and.w	r5, r2, #254	@ 0xfe
10002d28:	b153      	cbz	r3, 10002d40 <mount_volume+0x4c>
10002d2a:	f001 fbb9 	bl	100044a0 <disk_status>
10002d2e:	07c6      	lsls	r6, r0, #31
10002d30:	d405      	bmi.n	10002d3e <mount_volume+0x4a>
10002d32:	b115      	cbz	r5, 10002d3a <mount_volume+0x46>
10002d34:	0741      	lsls	r1, r0, #29
10002d36:	f100 80a7 	bmi.w	10002e88 <mount_volume+0x194>
10002d3a:	2000      	movs	r0, #0
10002d3c:	bdf8      	pop	{r3, r4, r5, r6, r7, pc}
10002d3e:	7860      	ldrb	r0, [r4, #1]
10002d40:	2300      	movs	r3, #0
10002d42:	7023      	strb	r3, [r4, #0]
10002d44:	f001 fbb0 	bl	100044a8 <disk_initialize>
10002d48:	07c2      	lsls	r2, r0, #31
10002d4a:	f100 8090 	bmi.w	10002e6e <mount_volume+0x17a>
10002d4e:	b115      	cbz	r5, 10002d56 <mount_volume+0x62>
10002d50:	0743      	lsls	r3, r0, #29
10002d52:	f100 8099 	bmi.w	10002e88 <mount_volume+0x194>
10002d56:	2100      	movs	r1, #0
10002d58:	4620      	mov	r0, r4
10002d5a:	f7ff ff57 	bl	10002c0c <check_fs>
10002d5e:	2802      	cmp	r0, #2
10002d60:	d06f      	beq.n	10002e42 <mount_volume+0x14e>
10002d62:	2804      	cmp	r0, #4
10002d64:	f000 808e 	beq.w	10002e84 <mount_volume+0x190>
10002d68:	2801      	cmp	r0, #1
10002d6a:	d876      	bhi.n	10002e5a <mount_volume+0x166>
10002d6c:	f8b4 303b 	ldrh.w	r3, [r4, #59]	@ 0x3b
10002d70:	69e1      	ldr	r1, [r4, #28]
10002d72:	f5b3 7f00 	cmp.w	r3, #512	@ 0x200
10002d76:	d170      	bne.n	10002e5a <mount_volume+0x166>
10002d78:	f8b4 3046 	ldrh.w	r3, [r4, #70]	@ 0x46
10002d7c:	b91b      	cbnz	r3, 10002d86 <mount_volume+0x92>
10002d7e:	6d63      	ldr	r3, [r4, #84]	@ 0x54
10002d80:	f5b3 1f00 	cmp.w	r3, #2097152	@ 0x200000
10002d84:	d269      	bcs.n	10002e5a <mount_volume+0x166>
10002d86:	f894 0040 	ldrb.w	r0, [r4, #64]	@ 0x40
10002d8a:	61a3      	str	r3, [r4, #24]
10002d8c:	1e42      	subs	r2, r0, #1
10002d8e:	2a01      	cmp	r2, #1
10002d90:	70e0      	strb	r0, [r4, #3]
10002d92:	d862      	bhi.n	10002e5a <mount_volume+0x166>
10002d94:	f894 203d 	ldrb.w	r2, [r4, #61]	@ 0x3d
10002d98:	8162      	strh	r2, [r4, #10]
10002d9a:	2a00      	cmp	r2, #0
10002d9c:	d05d      	beq.n	10002e5a <mount_volume+0x166>
10002d9e:	1e55      	subs	r5, r2, #1
10002da0:	4215      	tst	r5, r2
10002da2:	d15a      	bne.n	10002e5a <mount_volume+0x166>
10002da4:	f8b4 c041 	ldrh.w	ip, [r4, #65]	@ 0x41
10002da8:	f01c 0f0f 	tst.w	ip, #15
10002dac:	f8a4 c008 	strh.w	ip, [r4, #8]
10002db0:	d153      	bne.n	10002e5a <mount_volume+0x166>
10002db2:	f8b4 5043 	ldrh.w	r5, [r4, #67]	@ 0x43
10002db6:	b905      	cbnz	r5, 10002dba <mount_volume+0xc6>
10002db8:	6d25      	ldr	r5, [r4, #80]	@ 0x50
10002dba:	8fe7      	ldrh	r7, [r4, #62]	@ 0x3e
10002dbc:	2f00      	cmp	r7, #0
10002dbe:	d04c      	beq.n	10002e5a <mount_volume+0x166>
10002dc0:	fb03 f000 	mul.w	r0, r3, r0
10002dc4:	eb07 161c 	add.w	r6, r7, ip, lsr #4
10002dc8:	4406      	add	r6, r0
10002dca:	42b5      	cmp	r5, r6
10002dcc:	d345      	bcc.n	10002e5a <mount_volume+0x166>
10002dce:	eba5 0e06 	sub.w	lr, r5, r6
10002dd2:	4596      	cmp	lr, r2
10002dd4:	fbbe f5f2 	udiv	r5, lr, r2
10002dd8:	d33f      	bcc.n	10002e5a <mount_volume+0x166>
10002dda:	4a61      	ldr	r2, [pc, #388]	@ (10002f60 <mount_volume+0x26c>)
10002ddc:	4295      	cmp	r5, r2
10002dde:	d83c      	bhi.n	10002e5a <mount_volume+0x166>
10002de0:	f64f 72f5 	movw	r2, #65525	@ 0xfff5
10002de4:	4295      	cmp	r5, r2
10002de6:	d870      	bhi.n	10002eca <mount_volume+0x1d6>
10002de8:	f640 72f5 	movw	r2, #4085	@ 0xff5
10002dec:	4295      	cmp	r5, r2
10002dee:	f200 808c 	bhi.w	10002f0a <mount_volume+0x216>
10002df2:	2d20      	cmp	r5, #32
10002df4:	d931      	bls.n	10002e5a <mount_volume+0x166>
10002df6:	3502      	adds	r5, #2
10002df8:	440f      	add	r7, r1
10002dfa:	440e      	add	r6, r1
10002dfc:	6221      	str	r1, [r4, #32]
10002dfe:	62e6      	str	r6, [r4, #44]	@ 0x2c
10002e00:	6165      	str	r5, [r4, #20]
10002e02:	6267      	str	r7, [r4, #36]	@ 0x24
10002e04:	f1bc 0f00 	cmp.w	ip, #0
10002e08:	d027      	beq.n	10002e5a <mount_volume+0x166>
10002e0a:	eb05 0245 	add.w	r2, r5, r5, lsl #1
10002e0e:	f005 0501 	and.w	r5, r5, #1
10002e12:	eb05 0552 	add.w	r5, r5, r2, lsr #1
10002e16:	2201      	movs	r2, #1
10002e18:	4438      	add	r0, r7
10002e1a:	f205 15ff 	addw	r5, r5, #511	@ 0x1ff
10002e1e:	ebb3 2f55 	cmp.w	r3, r5, lsr #9
10002e22:	62a0      	str	r0, [r4, #40]	@ 0x28
10002e24:	d319      	bcc.n	10002e5a <mount_volume+0x166>
10002e26:	f04f 33ff 	mov.w	r3, #4294967295	@ 0xffffffff
10002e2a:	2180      	movs	r1, #128	@ 0x80
10002e2c:	e9c4 3303 	strd	r3, r3, [r4, #12]
10002e30:	7161      	strb	r1, [r4, #5]
10002e32:	494c      	ldr	r1, [pc, #304]	@ (10002f64 <mount_volume+0x270>)
10002e34:	7022      	strb	r2, [r4, #0]
10002e36:	880b      	ldrh	r3, [r1, #0]
10002e38:	3301      	adds	r3, #1
10002e3a:	b29b      	uxth	r3, r3
10002e3c:	800b      	strh	r3, [r1, #0]
10002e3e:	80e3      	strh	r3, [r4, #6]
10002e40:	e77b      	b.n	10002d3a <mount_volume+0x46>
10002e42:	f8d4 11f6 	ldr.w	r1, [r4, #502]	@ 0x1f6
10002e46:	f8d4 6206 	ldr.w	r6, [r4, #518]	@ 0x206
10002e4a:	f8d4 5216 	ldr.w	r5, [r4, #534]	@ 0x216
10002e4e:	f8d4 7226 	ldr.w	r7, [r4, #550]	@ 0x226
10002e52:	b9e9      	cbnz	r1, 10002e90 <mount_volume+0x19c>
10002e54:	bb26      	cbnz	r6, 10002ea0 <mount_volume+0x1ac>
10002e56:	bb65      	cbnz	r5, 10002eb2 <mount_volume+0x1be>
10002e58:	b95f      	cbnz	r7, 10002e72 <mount_volume+0x17e>
10002e5a:	200d      	movs	r0, #13
10002e5c:	bdf8      	pop	{r3, r4, r5, r6, r7, pc}
10002e5e:	782b      	ldrb	r3, [r5, #0]
10002e60:	2b30      	cmp	r3, #48	@ 0x30
10002e62:	d130      	bne.n	10002ec6 <mount_volume+0x1d2>
10002e64:	3502      	adds	r5, #2
10002e66:	42ac      	cmp	r4, r5
10002e68:	d12d      	bne.n	10002ec6 <mount_volume+0x1d2>
10002e6a:	6004      	str	r4, [r0, #0]
10002e6c:	e752      	b.n	10002d14 <mount_volume+0x20>
10002e6e:	2003      	movs	r0, #3
10002e70:	bdf8      	pop	{r3, r4, r5, r6, r7, pc}
10002e72:	4639      	mov	r1, r7
10002e74:	4620      	mov	r0, r4
10002e76:	f7ff fec9 	bl	10002c0c <check_fs>
10002e7a:	2801      	cmp	r0, #1
10002e7c:	f67f af76 	bls.w	10002d6c <mount_volume+0x78>
10002e80:	2804      	cmp	r0, #4
10002e82:	d1ea      	bne.n	10002e5a <mount_volume+0x166>
10002e84:	2001      	movs	r0, #1
10002e86:	bdf8      	pop	{r3, r4, r5, r6, r7, pc}
10002e88:	200a      	movs	r0, #10
10002e8a:	bdf8      	pop	{r3, r4, r5, r6, r7, pc}
10002e8c:	200c      	movs	r0, #12
10002e8e:	bdf8      	pop	{r3, r4, r5, r6, r7, pc}
10002e90:	4620      	mov	r0, r4
10002e92:	f7ff febb 	bl	10002c0c <check_fs>
10002e96:	2801      	cmp	r0, #1
10002e98:	f67f af68 	bls.w	10002d6c <mount_volume+0x78>
10002e9c:	2e00      	cmp	r6, #0
10002e9e:	d0da      	beq.n	10002e56 <mount_volume+0x162>
10002ea0:	4631      	mov	r1, r6
10002ea2:	4620      	mov	r0, r4
10002ea4:	f7ff feb2 	bl	10002c0c <check_fs>
10002ea8:	2801      	cmp	r0, #1
10002eaa:	f67f af5f 	bls.w	10002d6c <mount_volume+0x78>
10002eae:	2d00      	cmp	r5, #0
10002eb0:	d0d2      	beq.n	10002e58 <mount_volume+0x164>
10002eb2:	4629      	mov	r1, r5
10002eb4:	4620      	mov	r0, r4
10002eb6:	f7ff fea9 	bl	10002c0c <check_fs>
10002eba:	2801      	cmp	r0, #1
10002ebc:	f67f af56 	bls.w	10002d6c <mount_volume+0x78>
10002ec0:	2f00      	cmp	r7, #0
10002ec2:	d0ca      	beq.n	10002e5a <mount_volume+0x166>
10002ec4:	e7d5      	b.n	10002e72 <mount_volume+0x17e>
10002ec6:	200b      	movs	r0, #11
10002ec8:	bdf8      	pop	{r3, r4, r5, r6, r7, pc}
10002eca:	f8b4 205a 	ldrh.w	r2, [r4, #90]	@ 0x5a
10002ece:	3502      	adds	r5, #2
10002ed0:	440f      	add	r7, r1
10002ed2:	440e      	add	r6, r1
10002ed4:	ea5c 0202 	orrs.w	r2, ip, r2
10002ed8:	6267      	str	r7, [r4, #36]	@ 0x24
10002eda:	62e6      	str	r6, [r4, #44]	@ 0x2c
10002edc:	6165      	str	r5, [r4, #20]
10002ede:	6221      	str	r1, [r4, #32]
10002ee0:	d1bb      	bne.n	10002e5a <mount_volume+0x166>
10002ee2:	00ad      	lsls	r5, r5, #2
10002ee4:	6de0      	ldr	r0, [r4, #92]	@ 0x5c
10002ee6:	f205 12ff 	addw	r2, r5, #511	@ 0x1ff
10002eea:	ebb3 2f52 	cmp.w	r3, r2, lsr #9
10002eee:	62a0      	str	r0, [r4, #40]	@ 0x28
10002ef0:	d3b3      	bcc.n	10002e5a <mount_volume+0x166>
10002ef2:	f04f 33ff 	mov.w	r3, #4294967295	@ 0xffffffff
10002ef6:	2080      	movs	r0, #128	@ 0x80
10002ef8:	f8b4 2060 	ldrh.w	r2, [r4, #96]	@ 0x60
10002efc:	e9c4 3303 	strd	r3, r3, [r4, #12]
10002f00:	2a01      	cmp	r2, #1
10002f02:	7160      	strb	r0, [r4, #5]
10002f04:	d00f      	beq.n	10002f26 <mount_volume+0x232>
10002f06:	2203      	movs	r2, #3
10002f08:	e793      	b.n	10002e32 <mount_volume+0x13e>
10002f0a:	3502      	adds	r5, #2
10002f0c:	440f      	add	r7, r1
10002f0e:	440e      	add	r6, r1
10002f10:	6221      	str	r1, [r4, #32]
10002f12:	62e6      	str	r6, [r4, #44]	@ 0x2c
10002f14:	6165      	str	r5, [r4, #20]
10002f16:	6267      	str	r7, [r4, #36]	@ 0x24
10002f18:	f1bc 0f00 	cmp.w	ip, #0
10002f1c:	d09d      	beq.n	10002e5a <mount_volume+0x166>
10002f1e:	2202      	movs	r2, #2
10002f20:	4438      	add	r0, r7
10002f22:	006d      	lsls	r5, r5, #1
10002f24:	e779      	b.n	10002e1a <mount_volume+0x126>
10002f26:	4620      	mov	r0, r4
10002f28:	3101      	adds	r1, #1
10002f2a:	f7ff fccb 	bl	100028c4 <move_window>
10002f2e:	2800      	cmp	r0, #0
10002f30:	d1e9      	bne.n	10002f06 <mount_volume+0x212>
10002f32:	6b21      	ldr	r1, [r4, #48]	@ 0x30
10002f34:	4a0c      	ldr	r2, [pc, #48]	@ (10002f68 <mount_volume+0x274>)
10002f36:	7160      	strb	r0, [r4, #5]
10002f38:	4291      	cmp	r1, r2
10002f3a:	d1e4      	bne.n	10002f06 <mount_volume+0x212>
10002f3c:	f8d4 2214 	ldr.w	r2, [r4, #532]	@ 0x214
10002f40:	4b0a      	ldr	r3, [pc, #40]	@ (10002f6c <mount_volume+0x278>)
10002f42:	429a      	cmp	r2, r3
10002f44:	d1df      	bne.n	10002f06 <mount_volume+0x212>
10002f46:	f8d4 222c 	ldr.w	r2, [r4, #556]	@ 0x22c
10002f4a:	4b09      	ldr	r3, [pc, #36]	@ (10002f70 <mount_volume+0x27c>)
10002f4c:	429a      	cmp	r2, r3
10002f4e:	bf04      	itt	eq
10002f50:	e9d4 2386 	ldrdeq	r2, r3, [r4, #536]	@ 0x218
10002f54:	e9c4 3203 	strdeq	r3, r2, [r4, #12]
10002f58:	e7d5      	b.n	10002f06 <mount_volume+0x212>
10002f5a:	bf00      	nop
10002f5c:	20001100 	.word	0x20001100
10002f60:	0ffffff5 	.word	0x0ffffff5
10002f64:	20002416 	.word	0x20002416
10002f68:	41615252 	.word	0x41615252
10002f6c:	61417272 	.word	0x61417272
10002f70:	aa550000 	.word	0xaa550000

10002f74 <dir_sdi.constprop.0>:
10002f74:	e92d 43f8 	stmdb	sp!, {r3, r4, r5, r6, r7, r8, r9, lr}
10002f78:	2300      	movs	r3, #0
10002f7a:	6884      	ldr	r4, [r0, #8]
10002f7c:	4606      	mov	r6, r0
10002f7e:	6807      	ldr	r7, [r0, #0]
10002f80:	6103      	str	r3, [r0, #16]
10002f82:	b98c      	cbnz	r4, 10002fa8 <dir_sdi.constprop.0+0x34>
10002f84:	783b      	ldrb	r3, [r7, #0]
10002f86:	2b02      	cmp	r3, #2
10002f88:	d80a      	bhi.n	10002fa0 <dir_sdi.constprop.0+0x2c>
10002f8a:	893b      	ldrh	r3, [r7, #8]
10002f8c:	b35b      	cbz	r3, 10002fe6 <dir_sdi.constprop.0+0x72>
10002f8e:	6abb      	ldr	r3, [r7, #40]	@ 0x28
10002f90:	e9c6 4305 	strd	r4, r3, [r6, #20]
10002f94:	b33b      	cbz	r3, 10002fe6 <dir_sdi.constprop.0+0x72>
10002f96:	3730      	adds	r7, #48	@ 0x30
10002f98:	2000      	movs	r0, #0
10002f9a:	61f7      	str	r7, [r6, #28]
10002f9c:	e8bd 83f8 	ldmia.w	sp!, {r3, r4, r5, r6, r7, r8, r9, pc}
10002fa0:	6abb      	ldr	r3, [r7, #40]	@ 0x28
10002fa2:	2b00      	cmp	r3, #0
10002fa4:	d0f1      	beq.n	10002f8a <dir_sdi.constprop.0+0x16>
10002fa6:	461c      	mov	r4, r3
10002fa8:	897b      	ldrh	r3, [r7, #10]
10002faa:	2b00      	cmp	r3, #0
10002fac:	d15f      	bne.n	1000306e <dir_sdi.constprop.0+0xfa>
10002fae:	2c01      	cmp	r4, #1
10002fb0:	d019      	beq.n	10002fe6 <dir_sdi.constprop.0+0x72>
10002fb2:	463d      	mov	r5, r7
10002fb4:	696b      	ldr	r3, [r5, #20]
10002fb6:	42a3      	cmp	r3, r4
10002fb8:	d915      	bls.n	10002fe6 <dir_sdi.constprop.0+0x72>
10002fba:	782b      	ldrb	r3, [r5, #0]
10002fbc:	2b02      	cmp	r3, #2
10002fbe:	d02b      	beq.n	10003018 <dir_sdi.constprop.0+0xa4>
10002fc0:	2b03      	cmp	r3, #3
10002fc2:	d013      	beq.n	10002fec <dir_sdi.constprop.0+0x78>
10002fc4:	2b01      	cmp	r3, #1
10002fc6:	d10e      	bne.n	10002fe6 <dir_sdi.constprop.0+0x72>
10002fc8:	6a69      	ldr	r1, [r5, #36]	@ 0x24
10002fca:	eb04 0854 	add.w	r8, r4, r4, lsr #1
10002fce:	4628      	mov	r0, r5
10002fd0:	eb01 2158 	add.w	r1, r1, r8, lsr #9
10002fd4:	f7ff fc76 	bl	100028c4 <move_window>
10002fd8:	b360      	cbz	r0, 10003034 <dir_sdi.constprop.0+0xc0>
10002fda:	2001      	movs	r0, #1
10002fdc:	e8bd 83f8 	ldmia.w	sp!, {r3, r4, r5, r6, r7, r8, r9, pc}
10002fe0:	2300      	movs	r3, #0
10002fe2:	e9c6 4305 	strd	r4, r3, [r6, #20]
10002fe6:	2002      	movs	r0, #2
10002fe8:	e8bd 83f8 	ldmia.w	sp!, {r3, r4, r5, r6, r7, r8, r9, pc}
10002fec:	6a69      	ldr	r1, [r5, #36]	@ 0x24
10002fee:	4628      	mov	r0, r5
10002ff0:	eb01 11d4 	add.w	r1, r1, r4, lsr #7
10002ff4:	f7ff fc66 	bl	100028c4 <move_window>
10002ff8:	2800      	cmp	r0, #0
10002ffa:	d1ee      	bne.n	10002fda <dir_sdi.constprop.0+0x66>
10002ffc:	00a3      	lsls	r3, r4, #2
10002ffe:	f403 73fe 	and.w	r3, r3, #508	@ 0x1fc
10003002:	442b      	add	r3, r5
10003004:	6b1c      	ldr	r4, [r3, #48]	@ 0x30
10003006:	f024 4470 	bic.w	r4, r4, #4026531840	@ 0xf0000000
1000300a:	2c01      	cmp	r4, #1
1000300c:	d9eb      	bls.n	10002fe6 <dir_sdi.constprop.0+0x72>
1000300e:	697b      	ldr	r3, [r7, #20]
10003010:	42a3      	cmp	r3, r4
10003012:	d9e8      	bls.n	10002fe6 <dir_sdi.constprop.0+0x72>
10003014:	6835      	ldr	r5, [r6, #0]
10003016:	e7cd      	b.n	10002fb4 <dir_sdi.constprop.0+0x40>
10003018:	6a69      	ldr	r1, [r5, #36]	@ 0x24
1000301a:	4628      	mov	r0, r5
1000301c:	eb01 2114 	add.w	r1, r1, r4, lsr #8
10003020:	f7ff fc50 	bl	100028c4 <move_window>
10003024:	2800      	cmp	r0, #0
10003026:	d1d8      	bne.n	10002fda <dir_sdi.constprop.0+0x66>
10003028:	0063      	lsls	r3, r4, #1
1000302a:	f403 73ff 	and.w	r3, r3, #510	@ 0x1fe
1000302e:	442b      	add	r3, r5
10003030:	8e1c      	ldrh	r4, [r3, #48]	@ 0x30
10003032:	e7ea      	b.n	1000300a <dir_sdi.constprop.0+0x96>
10003034:	6a69      	ldr	r1, [r5, #36]	@ 0x24
10003036:	f108 0901 	add.w	r9, r8, #1
1000303a:	f3c8 0808 	ubfx	r8, r8, #0, #9
1000303e:	44a8      	add	r8, r5
10003040:	4628      	mov	r0, r5
10003042:	eb01 2159 	add.w	r1, r1, r9, lsr #9
10003046:	f898 8030 	ldrb.w	r8, [r8, #48]	@ 0x30
1000304a:	f7ff fc3b 	bl	100028c4 <move_window>
1000304e:	2800      	cmp	r0, #0
10003050:	d1c3      	bne.n	10002fda <dir_sdi.constprop.0+0x66>
10003052:	f3c9 0908 	ubfx	r9, r9, #0, #9
10003056:	44a9      	add	r9, r5
10003058:	f899 3030 	ldrb.w	r3, [r9, #48]	@ 0x30
1000305c:	ea48 2803 	orr.w	r8, r8, r3, lsl #8
10003060:	07e3      	lsls	r3, r4, #31
10003062:	bf4c      	ite	mi
10003064:	ea4f 1418 	movmi.w	r4, r8, lsr #4
10003068:	f3c8 040b 	ubfxpl	r4, r8, #0, #12
1000306c:	e7cd      	b.n	1000300a <dir_sdi.constprop.0+0x96>
1000306e:	697a      	ldr	r2, [r7, #20]
10003070:	1ea1      	subs	r1, r4, #2
10003072:	3a02      	subs	r2, #2
10003074:	4291      	cmp	r1, r2
10003076:	d2b3      	bcs.n	10002fe0 <dir_sdi.constprop.0+0x6c>
10003078:	6afa      	ldr	r2, [r7, #44]	@ 0x2c
1000307a:	fb01 2303 	mla	r3, r1, r3, r2
1000307e:	e787      	b.n	10002f90 <dir_sdi.constprop.0+0x1c>

10003080 <follow_path>:
10003080:	e92d 4ff0 	stmdb	sp!, {r4, r5, r6, r7, r8, r9, sl, fp, lr}
10003084:	4604      	mov	r4, r0
10003086:	f8d0 c000 	ldr.w	ip, [r0]
1000308a:	b085      	sub	sp, #20
1000308c:	468b      	mov	fp, r1
1000308e:	f811 3b01 	ldrb.w	r3, [r1], #1
10003092:	2b2f      	cmp	r3, #47	@ 0x2f
10003094:	d0fa      	beq.n	1000308c <follow_path+0xc>
10003096:	2b5c      	cmp	r3, #92	@ 0x5c
10003098:	d0f8      	beq.n	1000308c <follow_path+0xc>
1000309a:	2200      	movs	r2, #0
1000309c:	60a2      	str	r2, [r4, #8]
1000309e:	f89b 2000 	ldrb.w	r2, [fp]
100030a2:	2a1f      	cmp	r2, #31
100030a4:	f240 8135 	bls.w	10003312 <follow_path+0x292>
100030a8:	f04f 3920 	mov.w	r9, #538976288	@ 0x20202020
100030ac:	465e      	mov	r6, fp
100030ae:	f104 0820 	add.w	r8, r4, #32
100030b2:	f8cd c008 	str.w	ip, [sp, #8]
100030b6:	f8c8 9004 	str.w	r9, [r8, #4]
100030ba:	f8c8 9000 	str.w	r9, [r8]
100030be:	f8c8 9007 	str.w	r9, [r8, #7]
100030c2:	7837      	ldrb	r7, [r6, #0]
100030c4:	2f20      	cmp	r7, #32
100030c6:	d938      	bls.n	1000313a <follow_path+0xba>
100030c8:	2500      	movs	r5, #0
100030ca:	f04f 0b08 	mov.w	fp, #8
100030ce:	f04f 0a01 	mov.w	sl, #1
100030d2:	462b      	mov	r3, r5
100030d4:	2f2f      	cmp	r7, #47	@ 0x2f
100030d6:	d04a      	beq.n	1000316e <follow_path+0xee>
100030d8:	2f5c      	cmp	r7, #92	@ 0x5c
100030da:	d048      	beq.n	1000316e <follow_path+0xee>
100030dc:	2f2e      	cmp	r7, #46	@ 0x2e
100030de:	d031      	beq.n	10003144 <follow_path+0xc4>
100030e0:	455d      	cmp	r5, fp
100030e2:	d22a      	bcs.n	1000313a <follow_path+0xba>
100030e4:	2f80      	cmp	r7, #128	@ 0x80
100030e6:	d935      	bls.n	10003154 <follow_path+0xd4>
100030e8:	2f9f      	cmp	r7, #159	@ 0x9f
100030ea:	d91c      	bls.n	10003126 <follow_path+0xa6>
100030ec:	2fdf      	cmp	r7, #223	@ 0xdf
100030ee:	d901      	bls.n	100030f4 <follow_path+0x74>
100030f0:	2ffc      	cmp	r7, #252	@ 0xfc
100030f2:	d918      	bls.n	10003126 <follow_path+0xa6>
100030f4:	4639      	mov	r1, r7
100030f6:	4892      	ldr	r0, [pc, #584]	@ (10003340 <follow_path+0x2c0>)
100030f8:	f008 f856 	bl	1000b1a8 <strchr>
100030fc:	b9e8      	cbnz	r0, 1000313a <follow_path+0xba>
100030fe:	4653      	mov	r3, sl
10003100:	f808 7005 	strb.w	r7, [r8, r5]
10003104:	3501      	adds	r5, #1
10003106:	5cf7      	ldrb	r7, [r6, r3]
10003108:	f103 0a01 	add.w	sl, r3, #1
1000310c:	2f20      	cmp	r7, #32
1000310e:	d8e1      	bhi.n	100030d4 <follow_path+0x54>
10003110:	f894 3020 	ldrb.w	r3, [r4, #32]
10003114:	4456      	add	r6, sl
10003116:	2be5      	cmp	r3, #229	@ 0xe5
10003118:	d102      	bne.n	10003120 <follow_path+0xa0>
1000311a:	2305      	movs	r3, #5
1000311c:	f884 3020 	strb.w	r3, [r4, #32]
10003120:	2304      	movs	r3, #4
10003122:	9300      	str	r3, [sp, #0]
10003124:	e03b      	b.n	1000319e <follow_path+0x11e>
10003126:	f816 200a 	ldrb.w	r2, [r6, sl]
1000312a:	2a3f      	cmp	r2, #63	@ 0x3f
1000312c:	d905      	bls.n	1000313a <follow_path+0xba>
1000312e:	2a7e      	cmp	r2, #126	@ 0x7e
10003130:	d95c      	bls.n	100031ec <follow_path+0x16c>
10003132:	f082 0180 	eor.w	r1, r2, #128	@ 0x80
10003136:	297c      	cmp	r1, #124	@ 0x7c
10003138:	d958      	bls.n	100031ec <follow_path+0x16c>
1000313a:	2606      	movs	r6, #6
1000313c:	4630      	mov	r0, r6
1000313e:	b005      	add	sp, #20
10003140:	e8bd 8ff0 	ldmia.w	sp!, {r4, r5, r6, r7, r8, r9, sl, fp, pc}
10003144:	f1bb 0f0b 	cmp.w	fp, #11
10003148:	d0f7      	beq.n	1000313a <follow_path+0xba>
1000314a:	4653      	mov	r3, sl
1000314c:	2508      	movs	r5, #8
1000314e:	f04f 0b0b 	mov.w	fp, #11
10003152:	e7d8      	b.n	10003106 <follow_path+0x86>
10003154:	4639      	mov	r1, r7
10003156:	487a      	ldr	r0, [pc, #488]	@ (10003340 <follow_path+0x2c0>)
10003158:	f008 f826 	bl	1000b1a8 <strchr>
1000315c:	2800      	cmp	r0, #0
1000315e:	d1ec      	bne.n	1000313a <follow_path+0xba>
10003160:	f1a7 0361 	sub.w	r3, r7, #97	@ 0x61
10003164:	2b19      	cmp	r3, #25
10003166:	bf9c      	itt	ls
10003168:	3f20      	subls	r7, #32
1000316a:	b2ff      	uxtbls	r7, r7
1000316c:	e7c7      	b.n	100030fe <follow_path+0x7e>
1000316e:	44b2      	add	sl, r6
10003170:	f89a 3000 	ldrb.w	r3, [sl]
10003174:	4656      	mov	r6, sl
10003176:	2b2f      	cmp	r3, #47	@ 0x2f
10003178:	f10a 0a01 	add.w	sl, sl, #1
1000317c:	d0f8      	beq.n	10003170 <follow_path+0xf0>
1000317e:	2b5c      	cmp	r3, #92	@ 0x5c
10003180:	d0f6      	beq.n	10003170 <follow_path+0xf0>
10003182:	2d00      	cmp	r5, #0
10003184:	d0d9      	beq.n	1000313a <follow_path+0xba>
10003186:	f894 3020 	ldrb.w	r3, [r4, #32]
1000318a:	2be5      	cmp	r3, #229	@ 0xe5
1000318c:	f000 80ca 	beq.w	10003324 <follow_path+0x2a4>
10003190:	7833      	ldrb	r3, [r6, #0]
10003192:	2b20      	cmp	r3, #32
10003194:	bf8c      	ite	hi
10003196:	2300      	movhi	r3, #0
10003198:	2301      	movls	r3, #1
1000319a:	009b      	lsls	r3, r3, #2
1000319c:	9300      	str	r3, [sp, #0]
1000319e:	4620      	mov	r0, r4
100031a0:	f884 302b 	strb.w	r3, [r4, #43]	@ 0x2b
100031a4:	f8d4 a000 	ldr.w	sl, [r4]
100031a8:	f7ff fee4 	bl	10002f74 <dir_sdi.constprop.0>
100031ac:	2800      	cmp	r0, #0
100031ae:	f040 80c1 	bne.w	10003334 <follow_path+0x2b4>
100031b2:	69a7      	ldr	r7, [r4, #24]
100031b4:	f10a 0b30 	add.w	fp, sl, #48	@ 0x30
100031b8:	9601      	str	r6, [sp, #4]
100031ba:	f8da 201c 	ldr.w	r2, [sl, #28]
100031be:	4297      	cmp	r7, r2
100031c0:	d022      	beq.n	10003208 <follow_path+0x188>
100031c2:	f89a 3004 	ldrb.w	r3, [sl, #4]
100031c6:	f89a 0001 	ldrb.w	r0, [sl, #1]
100031ca:	2b00      	cmp	r3, #0
100031cc:	d16a      	bne.n	100032a4 <follow_path+0x224>
100031ce:	2301      	movs	r3, #1
100031d0:	463a      	mov	r2, r7
100031d2:	4659      	mov	r1, fp
100031d4:	f001 f972 	bl	100044bc <disk_read>
100031d8:	b1a0      	cbz	r0, 10003204 <follow_path+0x184>
100031da:	f04f 33ff 	mov.w	r3, #4294967295	@ 0xffffffff
100031de:	f8ca 301c 	str.w	r3, [sl, #28]
100031e2:	2601      	movs	r6, #1
100031e4:	4630      	mov	r0, r6
100031e6:	b005      	add	sp, #20
100031e8:	e8bd 8ff0 	ldmia.w	sp!, {r4, r5, r6, r7, r8, r9, sl, fp, pc}
100031ec:	f10b 31ff 	add.w	r1, fp, #4294967295	@ 0xffffffff
100031f0:	42a9      	cmp	r1, r5
100031f2:	d9a2      	bls.n	1000313a <follow_path+0xba>
100031f4:	1c69      	adds	r1, r5, #1
100031f6:	f808 7005 	strb.w	r7, [r8, r5]
100031fa:	3302      	adds	r3, #2
100031fc:	f808 2001 	strb.w	r2, [r8, r1]
10003200:	3502      	adds	r5, #2
10003202:	e780      	b.n	10003106 <follow_path+0x86>
10003204:	f8ca 701c 	str.w	r7, [sl, #28]
10003208:	69e0      	ldr	r0, [r4, #28]
1000320a:	7803      	ldrb	r3, [r0, #0]
1000320c:	b1ab      	cbz	r3, 1000323a <follow_path+0x1ba>
1000320e:	7ac7      	ldrb	r7, [r0, #11]
10003210:	f007 033f 	and.w	r3, r7, #63	@ 0x3f
10003214:	71a3      	strb	r3, [r4, #6]
10003216:	7ac5      	ldrb	r5, [r0, #11]
10003218:	f015 0508 	ands.w	r5, r5, #8
1000321c:	d105      	bne.n	1000322a <follow_path+0x1aa>
1000321e:	220b      	movs	r2, #11
10003220:	4641      	mov	r1, r8
10003222:	f008 f885 	bl	1000b330 <__memcmp_veneer>
10003226:	2800      	cmp	r0, #0
10003228:	d05c      	beq.n	100032e4 <follow_path+0x264>
1000322a:	6925      	ldr	r5, [r4, #16]
1000322c:	6823      	ldr	r3, [r4, #0]
1000322e:	3520      	adds	r5, #32
10003230:	f5b5 1f00 	cmp.w	r5, #2097152	@ 0x200000
10003234:	d306      	bcc.n	10003244 <follow_path+0x1c4>
10003236:	2300      	movs	r3, #0
10003238:	61a3      	str	r3, [r4, #24]
1000323a:	9b00      	ldr	r3, [sp, #0]
1000323c:	2b00      	cmp	r3, #0
1000323e:	d177      	bne.n	10003330 <follow_path+0x2b0>
10003240:	2605      	movs	r6, #5
10003242:	e77b      	b.n	1000313c <follow_path+0xbc>
10003244:	69a7      	ldr	r7, [r4, #24]
10003246:	2f00      	cmp	r7, #0
10003248:	d0f7      	beq.n	1000323a <follow_path+0x1ba>
1000324a:	f3c5 0608 	ubfx	r6, r5, #0, #9
1000324e:	b93e      	cbnz	r6, 10003260 <follow_path+0x1e0>
10003250:	6961      	ldr	r1, [r4, #20]
10003252:	3701      	adds	r7, #1
10003254:	61a7      	str	r7, [r4, #24]
10003256:	b941      	cbnz	r1, 1000326a <follow_path+0x1ea>
10003258:	8919      	ldrh	r1, [r3, #8]
1000325a:	ebb1 1f55 	cmp.w	r1, r5, lsr #5
1000325e:	d9ea      	bls.n	10003236 <follow_path+0x1b6>
10003260:	3330      	adds	r3, #48	@ 0x30
10003262:	4433      	add	r3, r6
10003264:	6125      	str	r5, [r4, #16]
10003266:	61e3      	str	r3, [r4, #28]
10003268:	e7a7      	b.n	100031ba <follow_path+0x13a>
1000326a:	8958      	ldrh	r0, [r3, #10]
1000326c:	3801      	subs	r0, #1
1000326e:	ea10 2055 	ands.w	r0, r0, r5, lsr #9
10003272:	d1f5      	bne.n	10003260 <follow_path+0x1e0>
10003274:	4618      	mov	r0, r3
10003276:	9303      	str	r3, [sp, #12]
10003278:	f7ff fbdc 	bl	10002a34 <get_fat.isra.0>
1000327c:	2801      	cmp	r0, #1
1000327e:	d946      	bls.n	1000330e <follow_path+0x28e>
10003280:	1c42      	adds	r2, r0, #1
10003282:	d0ae      	beq.n	100031e2 <follow_path+0x162>
10003284:	9b03      	ldr	r3, [sp, #12]
10003286:	6959      	ldr	r1, [r3, #20]
10003288:	4288      	cmp	r0, r1
1000328a:	d2d4      	bcs.n	10003236 <follow_path+0x1b6>
1000328c:	3902      	subs	r1, #2
1000328e:	6160      	str	r0, [r4, #20]
10003290:	3802      	subs	r0, #2
10003292:	4288      	cmp	r0, r1
10003294:	bf2f      	iteee	cs
10003296:	4637      	movcs	r7, r6
10003298:	8959      	ldrhcc	r1, [r3, #10]
1000329a:	6adf      	ldrcc	r7, [r3, #44]	@ 0x2c
1000329c:	fb00 7701 	mlacc	r7, r0, r1, r7
100032a0:	61a7      	str	r7, [r4, #24]
100032a2:	e7dd      	b.n	10003260 <follow_path+0x1e0>
100032a4:	2301      	movs	r3, #1
100032a6:	4659      	mov	r1, fp
100032a8:	f001 f90e 	bl	100044c8 <disk_write>
100032ac:	2800      	cmp	r0, #0
100032ae:	d198      	bne.n	100031e2 <follow_path+0x162>
100032b0:	f8da 101c 	ldr.w	r1, [sl, #28]
100032b4:	f8da 3024 	ldr.w	r3, [sl, #36]	@ 0x24
100032b8:	f8da 2018 	ldr.w	r2, [sl, #24]
100032bc:	1acb      	subs	r3, r1, r3
100032be:	4293      	cmp	r3, r2
100032c0:	f88a 0004 	strb.w	r0, [sl, #4]
100032c4:	f89a 0001 	ldrb.w	r0, [sl, #1]
100032c8:	d281      	bcs.n	100031ce <follow_path+0x14e>
100032ca:	f89a 3003 	ldrb.w	r3, [sl, #3]
100032ce:	2b02      	cmp	r3, #2
100032d0:	f47f af7d 	bne.w	100031ce <follow_path+0x14e>
100032d4:	440a      	add	r2, r1
100032d6:	2301      	movs	r3, #1
100032d8:	4659      	mov	r1, fp
100032da:	f001 f8f5 	bl	100044c8 <disk_write>
100032de:	f89a 0001 	ldrb.w	r0, [sl, #1]
100032e2:	e774      	b.n	100031ce <follow_path+0x14e>
100032e4:	e9dd 3600 	ldrd	r3, r6, [sp]
100032e8:	bb03      	cbnz	r3, 1000332c <follow_path+0x2ac>
100032ea:	06fb      	lsls	r3, r7, #27
100032ec:	d5a8      	bpl.n	10003240 <follow_path+0x1c0>
100032ee:	9902      	ldr	r1, [sp, #8]
100032f0:	6922      	ldr	r2, [r4, #16]
100032f2:	f101 0330 	add.w	r3, r1, #48	@ 0x30
100032f6:	7809      	ldrb	r1, [r1, #0]
100032f8:	f3c2 0208 	ubfx	r2, r2, #0, #9
100032fc:	4413      	add	r3, r2
100032fe:	2903      	cmp	r1, #3
10003300:	8b5a      	ldrh	r2, [r3, #26]
10003302:	bf04      	itt	eq
10003304:	8a9b      	ldrheq	r3, [r3, #20]
10003306:	ea42 4203 	orreq.w	r2, r2, r3, lsl #16
1000330a:	60a2      	str	r2, [r4, #8]
1000330c:	e6d3      	b.n	100030b6 <follow_path+0x36>
1000330e:	2602      	movs	r6, #2
10003310:	e714      	b.n	1000313c <follow_path+0xbc>
10003312:	2380      	movs	r3, #128	@ 0x80
10003314:	4620      	mov	r0, r4
10003316:	f884 302b 	strb.w	r3, [r4, #43]	@ 0x2b
1000331a:	b005      	add	sp, #20
1000331c:	e8bd 4ff0 	ldmia.w	sp!, {r4, r5, r6, r7, r8, r9, sl, fp, lr}
10003320:	f7ff be28 	b.w	10002f74 <dir_sdi.constprop.0>
10003324:	2305      	movs	r3, #5
10003326:	f884 3020 	strb.w	r3, [r4, #32]
1000332a:	e731      	b.n	10003190 <follow_path+0x110>
1000332c:	462e      	mov	r6, r5
1000332e:	e705      	b.n	1000313c <follow_path+0xbc>
10003330:	2604      	movs	r6, #4
10003332:	e703      	b.n	1000313c <follow_path+0xbc>
10003334:	2804      	cmp	r0, #4
10003336:	4606      	mov	r6, r0
10003338:	f47f af00 	bne.w	1000313c <follow_path+0xbc>
1000333c:	e77d      	b.n	1000323a <follow_path+0x1ba>
1000333e:	bf00      	nop
10003340:	1000b8c0 	.word	0x1000b8c0

10003344 <create_chain>:
10003344:	e92d 4ff8 	stmdb	sp!, {r3, r4, r5, r6, r7, r8, r9, sl, fp, lr}
10003348:	4605      	mov	r5, r0
1000334a:	4689      	mov	r9, r1
1000334c:	6806      	ldr	r6, [r0, #0]
1000334e:	bb11      	cbnz	r1, 10003396 <create_chain+0x52>
10003350:	e9d6 8303 	ldrd	r8, r3, [r6, #12]
10003354:	f1b8 0f00 	cmp.w	r8, #0
10003358:	d108      	bne.n	1000336c <create_chain+0x28>
1000335a:	b11b      	cbz	r3, 10003364 <create_chain+0x20>
1000335c:	6973      	ldr	r3, [r6, #20]
1000335e:	2b02      	cmp	r3, #2
10003360:	f200 80e5 	bhi.w	1000352e <create_chain+0x1ea>
10003364:	2400      	movs	r4, #0
10003366:	4620      	mov	r0, r4
10003368:	e8bd 8ff8 	ldmia.w	sp!, {r3, r4, r5, r6, r7, r8, r9, sl, fp, pc}
1000336c:	6972      	ldr	r2, [r6, #20]
1000336e:	4542      	cmp	r2, r8
10003370:	d9f3      	bls.n	1000335a <create_chain+0x16>
10003372:	2b00      	cmp	r3, #0
10003374:	d0f6      	beq.n	10003364 <create_chain+0x20>
10003376:	f108 0401 	add.w	r4, r8, #1
1000337a:	42a2      	cmp	r2, r4
1000337c:	d864      	bhi.n	10003448 <create_chain+0x104>
1000337e:	f1b8 0f01 	cmp.w	r8, #1
10003382:	d0ef      	beq.n	10003364 <create_chain+0x20>
10003384:	2402      	movs	r4, #2
10003386:	682f      	ldr	r7, [r5, #0]
10003388:	697b      	ldr	r3, [r7, #20]
1000338a:	42a3      	cmp	r3, r4
1000338c:	d860      	bhi.n	10003450 <create_chain+0x10c>
1000338e:	2401      	movs	r4, #1
10003390:	4620      	mov	r0, r4
10003392:	e8bd 8ff8 	ldmia.w	sp!, {r3, r4, r5, r6, r7, r8, r9, sl, fp, pc}
10003396:	4630      	mov	r0, r6
10003398:	f7ff fb4c 	bl	10002a34 <get_fat.isra.0>
1000339c:	2801      	cmp	r0, #1
1000339e:	4604      	mov	r4, r0
100033a0:	d9f5      	bls.n	1000338e <create_chain+0x4a>
100033a2:	1c41      	adds	r1, r0, #1
100033a4:	d035      	beq.n	10003412 <create_chain+0xce>
100033a6:	6973      	ldr	r3, [r6, #20]
100033a8:	4283      	cmp	r3, r0
100033aa:	d8dc      	bhi.n	10003366 <create_chain+0x22>
100033ac:	6932      	ldr	r2, [r6, #16]
100033ae:	2a00      	cmp	r2, #0
100033b0:	d0d8      	beq.n	10003364 <create_chain+0x20>
100033b2:	f109 0701 	add.w	r7, r9, #1
100033b6:	42bb      	cmp	r3, r7
100033b8:	bf8c      	ite	hi
100033ba:	463c      	movhi	r4, r7
100033bc:	2402      	movls	r4, #2
100033be:	6828      	ldr	r0, [r5, #0]
100033c0:	4621      	mov	r1, r4
100033c2:	f7ff fb37 	bl	10002a34 <get_fat.isra.0>
100033c6:	2801      	cmp	r0, #1
100033c8:	d0e1      	beq.n	1000338e <create_chain+0x4a>
100033ca:	1c42      	adds	r2, r0, #1
100033cc:	d021      	beq.n	10003412 <create_chain+0xce>
100033ce:	6973      	ldr	r3, [r6, #20]
100033d0:	2800      	cmp	r0, #0
100033d2:	f040 808e 	bne.w	100034f2 <create_chain+0x1ae>
100033d6:	2c00      	cmp	r4, #0
100033d8:	f000 8092 	beq.w	10003500 <create_chain+0x1bc>
100033dc:	42a3      	cmp	r3, r4
100033de:	d9d6      	bls.n	1000338e <create_chain+0x4a>
100033e0:	f04f 32ff 	mov.w	r2, #4294967295	@ 0xffffffff
100033e4:	4621      	mov	r1, r4
100033e6:	4630      	mov	r0, r6
100033e8:	f7ff fa9e 	bl	10002928 <put_fat.part.0>
100033ec:	b978      	cbnz	r0, 1000340e <create_chain+0xca>
100033ee:	f1b9 0f00 	cmp.w	r9, #0
100033f2:	d05d      	beq.n	100034b0 <create_chain+0x16c>
100033f4:	f1b9 0f01 	cmp.w	r9, #1
100033f8:	d0c9      	beq.n	1000338e <create_chain+0x4a>
100033fa:	6973      	ldr	r3, [r6, #20]
100033fc:	4599      	cmp	r9, r3
100033fe:	d2c6      	bcs.n	1000338e <create_chain+0x4a>
10003400:	4622      	mov	r2, r4
10003402:	4649      	mov	r1, r9
10003404:	4630      	mov	r0, r6
10003406:	f7ff fa8f 	bl	10002928 <put_fat.part.0>
1000340a:	2800      	cmp	r0, #0
1000340c:	d050      	beq.n	100034b0 <create_chain+0x16c>
1000340e:	2801      	cmp	r0, #1
10003410:	d1bd      	bne.n	1000338e <create_chain+0x4a>
10003412:	f04f 34ff 	mov.w	r4, #4294967295	@ 0xffffffff
10003416:	e7a6      	b.n	10003366 <create_chain+0x22>
10003418:	6a79      	ldr	r1, [r7, #36]	@ 0x24
1000341a:	4638      	mov	r0, r7
1000341c:	eb01 11d4 	add.w	r1, r1, r4, lsr #7
10003420:	f7ff fa50 	bl	100028c4 <move_window>
10003424:	2800      	cmp	r0, #0
10003426:	d1f4      	bne.n	10003412 <create_chain+0xce>
10003428:	00a3      	lsls	r3, r4, #2
1000342a:	f403 73fe 	and.w	r3, r3, #508	@ 0x1fc
1000342e:	443b      	add	r3, r7
10003430:	6b1b      	ldr	r3, [r3, #48]	@ 0x30
10003432:	f033 4370 	bics.w	r3, r3, #4026531840	@ 0xf0000000
10003436:	d06c      	beq.n	10003512 <create_chain+0x1ce>
10003438:	2b01      	cmp	r3, #1
1000343a:	d0a8      	beq.n	1000338e <create_chain+0x4a>
1000343c:	45a0      	cmp	r8, r4
1000343e:	d091      	beq.n	10003364 <create_chain+0x20>
10003440:	6973      	ldr	r3, [r6, #20]
10003442:	3401      	adds	r4, #1
10003444:	429c      	cmp	r4, r3
10003446:	d29a      	bcs.n	1000337e <create_chain+0x3a>
10003448:	682f      	ldr	r7, [r5, #0]
1000344a:	697b      	ldr	r3, [r7, #20]
1000344c:	42a3      	cmp	r3, r4
1000344e:	d99e      	bls.n	1000338e <create_chain+0x4a>
10003450:	783b      	ldrb	r3, [r7, #0]
10003452:	2b02      	cmp	r3, #2
10003454:	d03d      	beq.n	100034d2 <create_chain+0x18e>
10003456:	2b03      	cmp	r3, #3
10003458:	d0de      	beq.n	10003418 <create_chain+0xd4>
1000345a:	2b01      	cmp	r3, #1
1000345c:	d197      	bne.n	1000338e <create_chain+0x4a>
1000345e:	6a79      	ldr	r1, [r7, #36]	@ 0x24
10003460:	eb04 0a54 	add.w	sl, r4, r4, lsr #1
10003464:	4638      	mov	r0, r7
10003466:	eb01 215a 	add.w	r1, r1, sl, lsr #9
1000346a:	f7ff fa2b 	bl	100028c4 <move_window>
1000346e:	2800      	cmp	r0, #0
10003470:	d1cf      	bne.n	10003412 <create_chain+0xce>
10003472:	6a79      	ldr	r1, [r7, #36]	@ 0x24
10003474:	f10a 0b01 	add.w	fp, sl, #1
10003478:	f3ca 0a08 	ubfx	sl, sl, #0, #9
1000347c:	44ba      	add	sl, r7
1000347e:	4638      	mov	r0, r7
10003480:	eb01 215b 	add.w	r1, r1, fp, lsr #9
10003484:	f89a a030 	ldrb.w	sl, [sl, #48]	@ 0x30
10003488:	f7ff fa1c 	bl	100028c4 <move_window>
1000348c:	2800      	cmp	r0, #0
1000348e:	d1c0      	bne.n	10003412 <create_chain+0xce>
10003490:	f3cb 0b08 	ubfx	fp, fp, #0, #9
10003494:	44bb      	add	fp, r7
10003496:	f89b 3030 	ldrb.w	r3, [fp, #48]	@ 0x30
1000349a:	ea4a 2a03 	orr.w	sl, sl, r3, lsl #8
1000349e:	07e3      	lsls	r3, r4, #31
100034a0:	d533      	bpl.n	1000350a <create_chain+0x1c6>
100034a2:	ea5f 1a1a 	movs.w	sl, sl, lsr #4
100034a6:	d034      	beq.n	10003512 <create_chain+0x1ce>
100034a8:	f1ba 0f01 	cmp.w	sl, #1
100034ac:	d1c6      	bne.n	1000343c <create_chain+0xf8>
100034ae:	e76e      	b.n	1000338e <create_chain+0x4a>
100034b0:	6933      	ldr	r3, [r6, #16]
100034b2:	60f4      	str	r4, [r6, #12]
100034b4:	2b00      	cmp	r3, #0
100034b6:	f43f af56 	beq.w	10003366 <create_chain+0x22>
100034ba:	6972      	ldr	r2, [r6, #20]
100034bc:	3a02      	subs	r2, #2
100034be:	4293      	cmp	r3, r2
100034c0:	f63f af51 	bhi.w	10003366 <create_chain+0x22>
100034c4:	7972      	ldrb	r2, [r6, #5]
100034c6:	3b01      	subs	r3, #1
100034c8:	f042 0201 	orr.w	r2, r2, #1
100034cc:	6133      	str	r3, [r6, #16]
100034ce:	7172      	strb	r2, [r6, #5]
100034d0:	e749      	b.n	10003366 <create_chain+0x22>
100034d2:	6a79      	ldr	r1, [r7, #36]	@ 0x24
100034d4:	4638      	mov	r0, r7
100034d6:	eb01 2114 	add.w	r1, r1, r4, lsr #8
100034da:	f7ff f9f3 	bl	100028c4 <move_window>
100034de:	2800      	cmp	r0, #0
100034e0:	d197      	bne.n	10003412 <create_chain+0xce>
100034e2:	0063      	lsls	r3, r4, #1
100034e4:	f403 73ff 	and.w	r3, r3, #510	@ 0x1fe
100034e8:	443b      	add	r3, r7
100034ea:	8e1b      	ldrh	r3, [r3, #48]	@ 0x30
100034ec:	2b00      	cmp	r3, #0
100034ee:	d1a3      	bne.n	10003438 <create_chain+0xf4>
100034f0:	e00f      	b.n	10003512 <create_chain+0x1ce>
100034f2:	f8d6 800c 	ldr.w	r8, [r6, #12]
100034f6:	f1b8 0f01 	cmp.w	r8, #1
100034fa:	d901      	bls.n	10003500 <create_chain+0x1bc>
100034fc:	4598      	cmp	r8, r3
100034fe:	d310      	bcc.n	10003522 <create_chain+0x1de>
10003500:	429f      	cmp	r7, r3
10003502:	463c      	mov	r4, r7
10003504:	d307      	bcc.n	10003516 <create_chain+0x1d2>
10003506:	46c8      	mov	r8, r9
10003508:	e739      	b.n	1000337e <create_chain+0x3a>
1000350a:	f3ca 030b 	ubfx	r3, sl, #0, #12
1000350e:	2b00      	cmp	r3, #0
10003510:	d192      	bne.n	10003438 <create_chain+0xf4>
10003512:	6973      	ldr	r3, [r6, #20]
10003514:	e762      	b.n	100033dc <create_chain+0x98>
10003516:	2c01      	cmp	r4, #1
10003518:	682f      	ldr	r7, [r5, #0]
1000351a:	f67f af38 	bls.w	1000338e <create_chain+0x4a>
1000351e:	46c8      	mov	r8, r9
10003520:	e793      	b.n	1000344a <create_chain+0x106>
10003522:	f108 0401 	add.w	r4, r8, #1
10003526:	429c      	cmp	r4, r3
10003528:	f4bf af2c 	bcs.w	10003384 <create_chain+0x40>
1000352c:	e78c      	b.n	10003448 <create_chain+0x104>
1000352e:	f04f 0801 	mov.w	r8, #1
10003532:	2402      	movs	r4, #2
10003534:	e788      	b.n	10003448 <create_chain+0x104>
10003536:	bf00      	nop

10003538 <dir_register>:
10003538:	e92d 4ff0 	stmdb	sp!, {r4, r5, r6, r7, r8, r9, sl, fp, lr}
1000353c:	b087      	sub	sp, #28
1000353e:	4604      	mov	r4, r0
10003540:	6807      	ldr	r7, [r0, #0]
10003542:	f7ff fd17 	bl	10002f74 <dir_sdi.constprop.0>
10003546:	2800      	cmp	r0, #0
10003548:	f040 80a1 	bne.w	1000368e <dir_register+0x156>
1000354c:	f8d4 a018 	ldr.w	sl, [r4, #24]
10003550:	f107 0b30 	add.w	fp, r7, #48	@ 0x30
10003554:	69fa      	ldr	r2, [r7, #28]
10003556:	4592      	cmp	sl, r2
10003558:	d013      	beq.n	10003582 <dir_register+0x4a>
1000355a:	793b      	ldrb	r3, [r7, #4]
1000355c:	7878      	ldrb	r0, [r7, #1]
1000355e:	2b00      	cmp	r3, #0
10003560:	d17b      	bne.n	1000365a <dir_register+0x122>
10003562:	2301      	movs	r3, #1
10003564:	4652      	mov	r2, sl
10003566:	4659      	mov	r1, fp
10003568:	f000 ffa8 	bl	100044bc <disk_read>
1000356c:	b138      	cbz	r0, 1000357e <dir_register+0x46>
1000356e:	f04f 33ff 	mov.w	r3, #4294967295	@ 0xffffffff
10003572:	61fb      	str	r3, [r7, #28]
10003574:	2501      	movs	r5, #1
10003576:	4628      	mov	r0, r5
10003578:	b007      	add	sp, #28
1000357a:	e8bd 8ff0 	ldmia.w	sp!, {r4, r5, r6, r7, r8, r9, sl, fp, pc}
1000357e:	f8c7 a01c 	str.w	sl, [r7, #28]
10003582:	69e3      	ldr	r3, [r4, #28]
10003584:	781b      	ldrb	r3, [r3, #0]
10003586:	2be5      	cmp	r3, #229	@ 0xe5
10003588:	d000      	beq.n	1000358c <dir_register+0x54>
1000358a:	b9d3      	cbnz	r3, 100035c2 <dir_register+0x8a>
1000358c:	4638      	mov	r0, r7
1000358e:	69a1      	ldr	r1, [r4, #24]
10003590:	f7ff f998 	bl	100028c4 <move_window>
10003594:	4605      	mov	r5, r0
10003596:	2800      	cmp	r0, #0
10003598:	d1ed      	bne.n	10003576 <dir_register+0x3e>
1000359a:	4629      	mov	r1, r5
1000359c:	69e0      	ldr	r0, [r4, #28]
1000359e:	2220      	movs	r2, #32
100035a0:	f007 feb2 	bl	1000b308 <__memset_veneer>
100035a4:	69e3      	ldr	r3, [r4, #28]
100035a6:	3420      	adds	r4, #32
100035a8:	cc03      	ldmia	r4!, {r0, r1}
100035aa:	6018      	str	r0, [r3, #0]
100035ac:	6059      	str	r1, [r3, #4]
100035ae:	8820      	ldrh	r0, [r4, #0]
100035b0:	78a1      	ldrb	r1, [r4, #2]
100035b2:	2201      	movs	r2, #1
100035b4:	8118      	strh	r0, [r3, #8]
100035b6:	4628      	mov	r0, r5
100035b8:	7299      	strb	r1, [r3, #10]
100035ba:	713a      	strb	r2, [r7, #4]
100035bc:	b007      	add	sp, #28
100035be:	e8bd 8ff0 	ldmia.w	sp!, {r4, r5, r6, r7, r8, r9, sl, fp, pc}
100035c2:	6925      	ldr	r5, [r4, #16]
100035c4:	f8d4 8000 	ldr.w	r8, [r4]
100035c8:	3520      	adds	r5, #32
100035ca:	f5b5 1f00 	cmp.w	r5, #2097152	@ 0x200000
100035ce:	d303      	bcc.n	100035d8 <dir_register+0xa0>
100035d0:	2300      	movs	r3, #0
100035d2:	61a3      	str	r3, [r4, #24]
100035d4:	2507      	movs	r5, #7
100035d6:	e7ce      	b.n	10003576 <dir_register+0x3e>
100035d8:	f8d4 a018 	ldr.w	sl, [r4, #24]
100035dc:	f1ba 0f00 	cmp.w	sl, #0
100035e0:	d0f8      	beq.n	100035d4 <dir_register+0x9c>
100035e2:	f3c5 0608 	ubfx	r6, r5, #0, #9
100035e6:	b956      	cbnz	r6, 100035fe <dir_register+0xc6>
100035e8:	6961      	ldr	r1, [r4, #20]
100035ea:	f10a 0301 	add.w	r3, sl, #1
100035ee:	61a3      	str	r3, [r4, #24]
100035f0:	b959      	cbnz	r1, 1000360a <dir_register+0xd2>
100035f2:	f8b8 2008 	ldrh.w	r2, [r8, #8]
100035f6:	ebb2 1f55 	cmp.w	r2, r5, lsr #5
100035fa:	d94f      	bls.n	1000369c <dir_register+0x164>
100035fc:	469a      	mov	sl, r3
100035fe:	f108 0930 	add.w	r9, r8, #48	@ 0x30
10003602:	444e      	add	r6, r9
10003604:	6125      	str	r5, [r4, #16]
10003606:	61e6      	str	r6, [r4, #28]
10003608:	e7a4      	b.n	10003554 <dir_register+0x1c>
1000360a:	f8b8 200a 	ldrh.w	r2, [r8, #10]
1000360e:	3a01      	subs	r2, #1
10003610:	ea12 2255 	ands.w	r2, r2, r5, lsr #9
10003614:	9201      	str	r2, [sp, #4]
10003616:	d1f1      	bne.n	100035fc <dir_register+0xc4>
10003618:	4640      	mov	r0, r8
1000361a:	f7ff fa0b 	bl	10002a34 <get_fat.isra.0>
1000361e:	2801      	cmp	r0, #1
10003620:	4682      	mov	sl, r0
10003622:	f240 808e 	bls.w	10003742 <dir_register+0x20a>
10003626:	f1b0 3fff 	cmp.w	r0, #4294967295	@ 0xffffffff
1000362a:	d0a3      	beq.n	10003574 <dir_register+0x3c>
1000362c:	f8d8 2014 	ldr.w	r2, [r8, #20]
10003630:	4290      	cmp	r0, r2
10003632:	d235      	bcs.n	100036a0 <dir_register+0x168>
10003634:	3a02      	subs	r2, #2
10003636:	1e83      	subs	r3, r0, #2
10003638:	f108 0930 	add.w	r9, r8, #48	@ 0x30
1000363c:	4293      	cmp	r3, r2
1000363e:	f8c4 a014 	str.w	sl, [r4, #20]
10003642:	d206      	bcs.n	10003652 <dir_register+0x11a>
10003644:	f8b8 200a 	ldrh.w	r2, [r8, #10]
10003648:	f8d8 102c 	ldr.w	r1, [r8, #44]	@ 0x2c
1000364c:	fb03 1302 	mla	r3, r3, r2, r1
10003650:	9301      	str	r3, [sp, #4]
10003652:	9b01      	ldr	r3, [sp, #4]
10003654:	469a      	mov	sl, r3
10003656:	61a3      	str	r3, [r4, #24]
10003658:	e7d3      	b.n	10003602 <dir_register+0xca>
1000365a:	2301      	movs	r3, #1
1000365c:	4659      	mov	r1, fp
1000365e:	f000 ff33 	bl	100044c8 <disk_write>
10003662:	2800      	cmp	r0, #0
10003664:	d186      	bne.n	10003574 <dir_register+0x3c>
10003666:	69f9      	ldr	r1, [r7, #28]
10003668:	6a7b      	ldr	r3, [r7, #36]	@ 0x24
1000366a:	69ba      	ldr	r2, [r7, #24]
1000366c:	1acb      	subs	r3, r1, r3
1000366e:	4293      	cmp	r3, r2
10003670:	7138      	strb	r0, [r7, #4]
10003672:	7878      	ldrb	r0, [r7, #1]
10003674:	f4bf af75 	bcs.w	10003562 <dir_register+0x2a>
10003678:	78fb      	ldrb	r3, [r7, #3]
1000367a:	2b02      	cmp	r3, #2
1000367c:	f47f af71 	bne.w	10003562 <dir_register+0x2a>
10003680:	440a      	add	r2, r1
10003682:	2301      	movs	r3, #1
10003684:	4659      	mov	r1, fp
10003686:	f000 ff1f 	bl	100044c8 <disk_write>
1000368a:	7878      	ldrb	r0, [r7, #1]
1000368c:	e769      	b.n	10003562 <dir_register+0x2a>
1000368e:	2804      	cmp	r0, #4
10003690:	4605      	mov	r5, r0
10003692:	d09f      	beq.n	100035d4 <dir_register+0x9c>
10003694:	4628      	mov	r0, r5
10003696:	b007      	add	sp, #28
10003698:	e8bd 8ff0 	ldmia.w	sp!, {r4, r5, r6, r7, r8, r9, sl, fp, pc}
1000369c:	61a1      	str	r1, [r4, #24]
1000369e:	e799      	b.n	100035d4 <dir_register+0x9c>
100036a0:	4620      	mov	r0, r4
100036a2:	6961      	ldr	r1, [r4, #20]
100036a4:	f7ff fe4e 	bl	10003344 <create_chain>
100036a8:	4682      	mov	sl, r0
100036aa:	2800      	cmp	r0, #0
100036ac:	d092      	beq.n	100035d4 <dir_register+0x9c>
100036ae:	2801      	cmp	r0, #1
100036b0:	d047      	beq.n	10003742 <dir_register+0x20a>
100036b2:	f1b0 3fff 	cmp.w	r0, #4294967295	@ 0xffffffff
100036b6:	f43f af5d 	beq.w	10003574 <dir_register+0x3c>
100036ba:	f898 3004 	ldrb.w	r3, [r8, #4]
100036be:	f108 0930 	add.w	r9, r8, #48	@ 0x30
100036c2:	2b00      	cmp	r3, #0
100036c4:	d13f      	bne.n	10003746 <dir_register+0x20e>
100036c6:	f8d8 3014 	ldr.w	r3, [r8, #20]
100036ca:	1e9a      	subs	r2, r3, #2
100036cc:	f1aa 0302 	sub.w	r3, sl, #2
100036d0:	4293      	cmp	r3, r2
100036d2:	d25f      	bcs.n	10003794 <dir_register+0x25c>
100036d4:	f8b8 100a 	ldrh.w	r1, [r8, #10]
100036d8:	f8d8 202c 	ldr.w	r2, [r8, #44]	@ 0x2c
100036dc:	4648      	mov	r0, r9
100036de:	fb03 2201 	mla	r2, r3, r1, r2
100036e2:	2100      	movs	r1, #0
100036e4:	9202      	str	r2, [sp, #8]
100036e6:	f8c8 201c 	str.w	r2, [r8, #28]
100036ea:	f44f 7200 	mov.w	r2, #512	@ 0x200
100036ee:	9303      	str	r3, [sp, #12]
100036f0:	f007 fe0a 	bl	1000b308 <__memset_veneer>
100036f4:	f8b8 200a 	ldrh.w	r2, [r8, #10]
100036f8:	9b03      	ldr	r3, [sp, #12]
100036fa:	2a00      	cmp	r2, #0
100036fc:	d05a      	beq.n	100037b4 <dir_register+0x27c>
100036fe:	2200      	movs	r2, #0
10003700:	e9cd 7303 	strd	r7, r3, [sp, #12]
10003704:	9505      	str	r5, [sp, #20]
10003706:	9f02      	ldr	r7, [sp, #8]
10003708:	4615      	mov	r5, r2
1000370a:	e004      	b.n	10003716 <dir_register+0x1de>
1000370c:	f8b8 200a 	ldrh.w	r2, [r8, #10]
10003710:	3501      	adds	r5, #1
10003712:	4295      	cmp	r5, r2
10003714:	d239      	bcs.n	1000378a <dir_register+0x252>
10003716:	2301      	movs	r3, #1
10003718:	4649      	mov	r1, r9
1000371a:	f898 0001 	ldrb.w	r0, [r8, #1]
1000371e:	197a      	adds	r2, r7, r5
10003720:	f000 fed2 	bl	100044c8 <disk_write>
10003724:	2800      	cmp	r0, #0
10003726:	d0f1      	beq.n	1000370c <dir_register+0x1d4>
10003728:	4629      	mov	r1, r5
1000372a:	e9dd 7303 	ldrd	r7, r3, [sp, #12]
1000372e:	9d05      	ldr	r5, [sp, #20]
10003730:	f8b8 200a 	ldrh.w	r2, [r8, #10]
10003734:	4291      	cmp	r1, r2
10003736:	f47f af1d 	bne.w	10003574 <dir_register+0x3c>
1000373a:	f8d8 2014 	ldr.w	r2, [r8, #20]
1000373e:	3a02      	subs	r2, #2
10003740:	e77c      	b.n	1000363c <dir_register+0x104>
10003742:	2502      	movs	r5, #2
10003744:	e717      	b.n	10003576 <dir_register+0x3e>
10003746:	2301      	movs	r3, #1
10003748:	4649      	mov	r1, r9
1000374a:	f8d8 201c 	ldr.w	r2, [r8, #28]
1000374e:	f898 0001 	ldrb.w	r0, [r8, #1]
10003752:	f000 feb9 	bl	100044c8 <disk_write>
10003756:	2800      	cmp	r0, #0
10003758:	f47f af0c 	bne.w	10003574 <dir_register+0x3c>
1000375c:	f8d8 101c 	ldr.w	r1, [r8, #28]
10003760:	f8d8 3024 	ldr.w	r3, [r8, #36]	@ 0x24
10003764:	f8d8 2018 	ldr.w	r2, [r8, #24]
10003768:	1acb      	subs	r3, r1, r3
1000376a:	4293      	cmp	r3, r2
1000376c:	f888 0004 	strb.w	r0, [r8, #4]
10003770:	d2a9      	bcs.n	100036c6 <dir_register+0x18e>
10003772:	f898 3003 	ldrb.w	r3, [r8, #3]
10003776:	2b02      	cmp	r3, #2
10003778:	d1a5      	bne.n	100036c6 <dir_register+0x18e>
1000377a:	440a      	add	r2, r1
1000377c:	2301      	movs	r3, #1
1000377e:	4649      	mov	r1, r9
10003780:	f898 0001 	ldrb.w	r0, [r8, #1]
10003784:	f000 fea0 	bl	100044c8 <disk_write>
10003788:	e79d      	b.n	100036c6 <dir_register+0x18e>
1000378a:	4629      	mov	r1, r5
1000378c:	e9dd 7303 	ldrd	r7, r3, [sp, #12]
10003790:	9d05      	ldr	r5, [sp, #20]
10003792:	e7cf      	b.n	10003734 <dir_register+0x1fc>
10003794:	2100      	movs	r1, #0
10003796:	f44f 7200 	mov.w	r2, #512	@ 0x200
1000379a:	f8c8 101c 	str.w	r1, [r8, #28]
1000379e:	4648      	mov	r0, r9
100037a0:	9302      	str	r3, [sp, #8]
100037a2:	f007 fdb1 	bl	1000b308 <__memset_veneer>
100037a6:	f8b8 200a 	ldrh.w	r2, [r8, #10]
100037aa:	2100      	movs	r1, #0
100037ac:	9b02      	ldr	r3, [sp, #8]
100037ae:	b122      	cbz	r2, 100037ba <dir_register+0x282>
100037b0:	9102      	str	r1, [sp, #8]
100037b2:	e7a4      	b.n	100036fe <dir_register+0x1c6>
100037b4:	f8c4 a014 	str.w	sl, [r4, #20]
100037b8:	e746      	b.n	10003648 <dir_register+0x110>
100037ba:	f8c4 a014 	str.w	sl, [r4, #20]
100037be:	e748      	b.n	10003652 <dir_register+0x11a>

100037c0 <remove_chain>:
100037c0:	2901      	cmp	r1, #1
100037c2:	e92d 4ff8 	stmdb	sp!, {r3, r4, r5, r6, r7, r8, r9, sl, fp, lr}
100037c6:	460c      	mov	r4, r1
100037c8:	6805      	ldr	r5, [r0, #0]
100037ca:	d90a      	bls.n	100037e2 <remove_chain+0x22>
100037cc:	696b      	ldr	r3, [r5, #20]
100037ce:	428b      	cmp	r3, r1
100037d0:	d907      	bls.n	100037e2 <remove_chain+0x22>
100037d2:	4606      	mov	r6, r0
100037d4:	4611      	mov	r1, r2
100037d6:	b93a      	cbnz	r2, 100037e8 <remove_chain+0x28>
100037d8:	462f      	mov	r7, r5
100037da:	f04f 0801 	mov.w	r8, #1
100037de:	429c      	cmp	r4, r3
100037e0:	d310      	bcc.n	10003804 <remove_chain+0x44>
100037e2:	2002      	movs	r0, #2
100037e4:	e8bd 8ff8 	ldmia.w	sp!, {r3, r4, r5, r6, r7, r8, r9, sl, fp, pc}
100037e8:	2a01      	cmp	r2, #1
100037ea:	d0fa      	beq.n	100037e2 <remove_chain+0x22>
100037ec:	4293      	cmp	r3, r2
100037ee:	d9f8      	bls.n	100037e2 <remove_chain+0x22>
100037f0:	f04f 32ff 	mov.w	r2, #4294967295	@ 0xffffffff
100037f4:	4628      	mov	r0, r5
100037f6:	f7ff f897 	bl	10002928 <put_fat.part.0>
100037fa:	2800      	cmp	r0, #0
100037fc:	d1f2      	bne.n	100037e4 <remove_chain+0x24>
100037fe:	6837      	ldr	r7, [r6, #0]
10003800:	697b      	ldr	r3, [r7, #20]
10003802:	e7ea      	b.n	100037da <remove_chain+0x1a>
10003804:	783b      	ldrb	r3, [r7, #0]
10003806:	2b02      	cmp	r3, #2
10003808:	f000 8090 	beq.w	1000392c <remove_chain+0x16c>
1000380c:	2b03      	cmp	r3, #3
1000380e:	d00f      	beq.n	10003830 <remove_chain+0x70>
10003810:	2b01      	cmp	r3, #1
10003812:	d1e6      	bne.n	100037e2 <remove_chain+0x22>
10003814:	6a79      	ldr	r1, [r7, #36]	@ 0x24
10003816:	eb04 0954 	add.w	r9, r4, r4, lsr #1
1000381a:	4638      	mov	r0, r7
1000381c:	eb01 2159 	add.w	r1, r1, r9, lsr #9
10003820:	f7ff f850 	bl	100028c4 <move_window>
10003824:	2800      	cmp	r0, #0
10003826:	f000 80a9 	beq.w	1000397c <remove_chain+0x1bc>
1000382a:	2001      	movs	r0, #1
1000382c:	e8bd 8ff8 	ldmia.w	sp!, {r3, r4, r5, r6, r7, r8, r9, sl, fp, pc}
10003830:	6a79      	ldr	r1, [r7, #36]	@ 0x24
10003832:	4638      	mov	r0, r7
10003834:	eb01 11d4 	add.w	r1, r1, r4, lsr #7
10003838:	f7ff f844 	bl	100028c4 <move_window>
1000383c:	2800      	cmp	r0, #0
1000383e:	d1f4      	bne.n	1000382a <remove_chain+0x6a>
10003840:	00a3      	lsls	r3, r4, #2
10003842:	f403 73fe 	and.w	r3, r3, #508	@ 0x1fc
10003846:	443b      	add	r3, r7
10003848:	f8d3 9030 	ldr.w	r9, [r3, #48]	@ 0x30
1000384c:	f039 4970 	bics.w	r9, r9, #4026531840	@ 0xf0000000
10003850:	f000 80b1 	beq.w	100039b6 <remove_chain+0x1f6>
10003854:	f1b9 0f01 	cmp.w	r9, #1
10003858:	d0c3      	beq.n	100037e2 <remove_chain+0x22>
1000385a:	696b      	ldr	r3, [r5, #20]
1000385c:	429c      	cmp	r4, r3
1000385e:	d2c0      	bcs.n	100037e2 <remove_chain+0x22>
10003860:	782f      	ldrb	r7, [r5, #0]
10003862:	2f02      	cmp	r7, #2
10003864:	d053      	beq.n	1000390e <remove_chain+0x14e>
10003866:	2f03      	cmp	r7, #3
10003868:	d029      	beq.n	100038be <remove_chain+0xfe>
1000386a:	2f01      	cmp	r7, #1
1000386c:	d1b9      	bne.n	100037e2 <remove_chain+0x22>
1000386e:	6a69      	ldr	r1, [r5, #36]	@ 0x24
10003870:	eb04 0a54 	add.w	sl, r4, r4, lsr #1
10003874:	4628      	mov	r0, r5
10003876:	eb01 215a 	add.w	r1, r1, sl, lsr #9
1000387a:	f7ff f823 	bl	100028c4 <move_window>
1000387e:	2800      	cmp	r0, #0
10003880:	d1b0      	bne.n	100037e4 <remove_chain+0x24>
10003882:	f10a 0b01 	add.w	fp, sl, #1
10003886:	07e1      	lsls	r1, r4, #31
10003888:	f3ca 0308 	ubfx	r3, sl, #0, #9
1000388c:	ea4f 225b 	mov.w	r2, fp, lsr #9
10003890:	f105 0a30 	add.w	sl, r5, #48	@ 0x30
10003894:	d55d      	bpl.n	10003952 <remove_chain+0x192>
10003896:	f81a 1003 	ldrb.w	r1, [sl, r3]
1000389a:	4628      	mov	r0, r5
1000389c:	f001 010f 	and.w	r1, r1, #15
100038a0:	f80a 1003 	strb.w	r1, [sl, r3]
100038a4:	6a69      	ldr	r1, [r5, #36]	@ 0x24
100038a6:	712f      	strb	r7, [r5, #4]
100038a8:	4411      	add	r1, r2
100038aa:	f7ff f80b 	bl	100028c4 <move_window>
100038ae:	2800      	cmp	r0, #0
100038b0:	d198      	bne.n	100037e4 <remove_chain+0x24>
100038b2:	f3cb 0b08 	ubfx	fp, fp, #0, #9
100038b6:	eb0a 030b 	add.w	r3, sl, fp
100038ba:	7018      	strb	r0, [r3, #0]
100038bc:	e014      	b.n	100038e8 <remove_chain+0x128>
100038be:	6a69      	ldr	r1, [r5, #36]	@ 0x24
100038c0:	4628      	mov	r0, r5
100038c2:	eb01 11d4 	add.w	r1, r1, r4, lsr #7
100038c6:	f7fe fffd 	bl	100028c4 <move_window>
100038ca:	2800      	cmp	r0, #0
100038cc:	d18a      	bne.n	100037e4 <remove_chain+0x24>
100038ce:	00a4      	lsls	r4, r4, #2
100038d0:	f404 74fe 	and.w	r4, r4, #508	@ 0x1fc
100038d4:	f105 0230 	add.w	r2, r5, #48	@ 0x30
100038d8:	5911      	ldr	r1, [r2, r4]
100038da:	5310      	strh	r0, [r2, r4]
100038dc:	0e0b      	lsrs	r3, r1, #24
100038de:	4422      	add	r2, r4
100038e0:	f003 03f0 	and.w	r3, r3, #240	@ 0xf0
100038e4:	7090      	strb	r0, [r2, #2]
100038e6:	70d3      	strb	r3, [r2, #3]
100038e8:	696a      	ldr	r2, [r5, #20]
100038ea:	692b      	ldr	r3, [r5, #16]
100038ec:	1e91      	subs	r1, r2, #2
100038ee:	428b      	cmp	r3, r1
100038f0:	f885 8004 	strb.w	r8, [r5, #4]
100038f4:	d205      	bcs.n	10003902 <remove_chain+0x142>
100038f6:	3301      	adds	r3, #1
100038f8:	612b      	str	r3, [r5, #16]
100038fa:	796b      	ldrb	r3, [r5, #5]
100038fc:	f043 0301 	orr.w	r3, r3, #1
10003900:	716b      	strb	r3, [r5, #5]
10003902:	454a      	cmp	r2, r9
10003904:	d957      	bls.n	100039b6 <remove_chain+0x1f6>
10003906:	6837      	ldr	r7, [r6, #0]
10003908:	464c      	mov	r4, r9
1000390a:	697b      	ldr	r3, [r7, #20]
1000390c:	e767      	b.n	100037de <remove_chain+0x1e>
1000390e:	6a69      	ldr	r1, [r5, #36]	@ 0x24
10003910:	4628      	mov	r0, r5
10003912:	eb01 2114 	add.w	r1, r1, r4, lsr #8
10003916:	f7fe ffd5 	bl	100028c4 <move_window>
1000391a:	2800      	cmp	r0, #0
1000391c:	f47f af62 	bne.w	100037e4 <remove_chain+0x24>
10003920:	0064      	lsls	r4, r4, #1
10003922:	f404 74ff 	and.w	r4, r4, #510	@ 0x1fe
10003926:	442c      	add	r4, r5
10003928:	8620      	strh	r0, [r4, #48]	@ 0x30
1000392a:	e7dd      	b.n	100038e8 <remove_chain+0x128>
1000392c:	6a79      	ldr	r1, [r7, #36]	@ 0x24
1000392e:	4638      	mov	r0, r7
10003930:	eb01 2114 	add.w	r1, r1, r4, lsr #8
10003934:	f7fe ffc6 	bl	100028c4 <move_window>
10003938:	2800      	cmp	r0, #0
1000393a:	f47f af76 	bne.w	1000382a <remove_chain+0x6a>
1000393e:	0063      	lsls	r3, r4, #1
10003940:	f403 73ff 	and.w	r3, r3, #510	@ 0x1fe
10003944:	443b      	add	r3, r7
10003946:	f8b3 9030 	ldrh.w	r9, [r3, #48]	@ 0x30
1000394a:	f1b9 0f00 	cmp.w	r9, #0
1000394e:	d181      	bne.n	10003854 <remove_chain+0x94>
10003950:	e031      	b.n	100039b6 <remove_chain+0x1f6>
10003952:	f80a 0003 	strb.w	r0, [sl, r3]
10003956:	6a69      	ldr	r1, [r5, #36]	@ 0x24
10003958:	4628      	mov	r0, r5
1000395a:	712f      	strb	r7, [r5, #4]
1000395c:	4411      	add	r1, r2
1000395e:	f7fe ffb1 	bl	100028c4 <move_window>
10003962:	2800      	cmp	r0, #0
10003964:	f47f af3e 	bne.w	100037e4 <remove_chain+0x24>
10003968:	f3cb 0b08 	ubfx	fp, fp, #0, #9
1000396c:	f81a 000b 	ldrb.w	r0, [sl, fp]
10003970:	eb0a 030b 	add.w	r3, sl, fp
10003974:	f000 00f0 	and.w	r0, r0, #240	@ 0xf0
10003978:	7018      	strb	r0, [r3, #0]
1000397a:	e7b5      	b.n	100038e8 <remove_chain+0x128>
1000397c:	6a79      	ldr	r1, [r7, #36]	@ 0x24
1000397e:	f109 0a01 	add.w	sl, r9, #1
10003982:	f3c9 0908 	ubfx	r9, r9, #0, #9
10003986:	44b9      	add	r9, r7
10003988:	4638      	mov	r0, r7
1000398a:	eb01 215a 	add.w	r1, r1, sl, lsr #9
1000398e:	f899 9030 	ldrb.w	r9, [r9, #48]	@ 0x30
10003992:	f7fe ff97 	bl	100028c4 <move_window>
10003996:	2800      	cmp	r0, #0
10003998:	f47f af47 	bne.w	1000382a <remove_chain+0x6a>
1000399c:	f3ca 0a08 	ubfx	sl, sl, #0, #9
100039a0:	44ba      	add	sl, r7
100039a2:	f89a 3030 	ldrb.w	r3, [sl, #48]	@ 0x30
100039a6:	07e0      	lsls	r0, r4, #31
100039a8:	ea49 2903 	orr.w	r9, r9, r3, lsl #8
100039ac:	d505      	bpl.n	100039ba <remove_chain+0x1fa>
100039ae:	ea5f 1919 	movs.w	r9, r9, lsr #4
100039b2:	f47f af4f 	bne.w	10003854 <remove_chain+0x94>
100039b6:	2000      	movs	r0, #0
100039b8:	e714      	b.n	100037e4 <remove_chain+0x24>
100039ba:	f3c9 090b 	ubfx	r9, r9, #0, #12
100039be:	f1b9 0f00 	cmp.w	r9, #0
100039c2:	f47f af47 	bne.w	10003854 <remove_chain+0x94>
100039c6:	e7f6      	b.n	100039b6 <remove_chain+0x1f6>

100039c8 <f_mount>:
100039c8:	b500      	push	{lr}
100039ca:	b083      	sub	sp, #12
100039cc:	e9cd 1000 	strd	r1, r0, [sp]
100039d0:	b329      	cbz	r1, 10003a1e <f_mount+0x56>
100039d2:	468c      	mov	ip, r1
100039d4:	e001      	b.n	100039da <f_mount+0x12>
100039d6:	2b3a      	cmp	r3, #58	@ 0x3a
100039d8:	d01b      	beq.n	10003a12 <f_mount+0x4a>
100039da:	f81c 3b01 	ldrb.w	r3, [ip], #1
100039de:	2b20      	cmp	r3, #32
100039e0:	d8f9      	bhi.n	100039d6 <f_mount+0xe>
100039e2:	4910      	ldr	r1, [pc, #64]	@ (10003a24 <f_mount+0x5c>)
100039e4:	680b      	ldr	r3, [r1, #0]
100039e6:	b113      	cbz	r3, 100039ee <f_mount+0x26>
100039e8:	2000      	movs	r0, #0
100039ea:	6008      	str	r0, [r1, #0]
100039ec:	7018      	strb	r0, [r3, #0]
100039ee:	9b01      	ldr	r3, [sp, #4]
100039f0:	b113      	cbz	r3, 100039f8 <f_mount+0x30>
100039f2:	2000      	movs	r0, #0
100039f4:	600b      	str	r3, [r1, #0]
100039f6:	8018      	strh	r0, [r3, #0]
100039f8:	b91a      	cbnz	r2, 10003a02 <f_mount+0x3a>
100039fa:	4610      	mov	r0, r2
100039fc:	b003      	add	sp, #12
100039fe:	f85d fb04 	ldr.w	pc, [sp], #4
10003a02:	2200      	movs	r2, #0
10003a04:	4668      	mov	r0, sp
10003a06:	a901      	add	r1, sp, #4
10003a08:	f7ff f974 	bl	10002cf4 <mount_volume>
10003a0c:	b003      	add	sp, #12
10003a0e:	f85d fb04 	ldr.w	pc, [sp], #4
10003a12:	780b      	ldrb	r3, [r1, #0]
10003a14:	2b30      	cmp	r3, #48	@ 0x30
10003a16:	d102      	bne.n	10003a1e <f_mount+0x56>
10003a18:	3102      	adds	r1, #2
10003a1a:	458c      	cmp	ip, r1
10003a1c:	d0e1      	beq.n	100039e2 <f_mount+0x1a>
10003a1e:	200b      	movs	r0, #11
10003a20:	e7ec      	b.n	100039fc <f_mount+0x34>
10003a22:	bf00      	nop
10003a24:	20001100 	.word	0x20001100

10003a28 <f_open>:
10003a28:	e92d 47f0 	stmdb	sp!, {r4, r5, r6, r7, r8, r9, sl, lr}
10003a2c:	b08e      	sub	sp, #56	@ 0x38
10003a2e:	9101      	str	r1, [sp, #4]
10003a30:	2800      	cmp	r0, #0
10003a32:	d07b      	beq.n	10003b2c <f_open+0x104>
10003a34:	f002 073f 	and.w	r7, r2, #63	@ 0x3f
10003a38:	4604      	mov	r4, r0
10003a3a:	4616      	mov	r6, r2
10003a3c:	a902      	add	r1, sp, #8
10003a3e:	463a      	mov	r2, r7
10003a40:	a801      	add	r0, sp, #4
10003a42:	f7ff f957 	bl	10002cf4 <mount_volume>
10003a46:	4605      	mov	r5, r0
10003a48:	b128      	cbz	r0, 10003a56 <f_open+0x2e>
10003a4a:	2300      	movs	r3, #0
10003a4c:	6023      	str	r3, [r4, #0]
10003a4e:	4628      	mov	r0, r5
10003a50:	b00e      	add	sp, #56	@ 0x38
10003a52:	e8bd 87f0 	ldmia.w	sp!, {r4, r5, r6, r7, r8, r9, sl, pc}
10003a56:	f8dd 8008 	ldr.w	r8, [sp, #8]
10003a5a:	9901      	ldr	r1, [sp, #4]
10003a5c:	f8c4 8000 	str.w	r8, [r4]
10003a60:	a803      	add	r0, sp, #12
10003a62:	f8cd 800c 	str.w	r8, [sp, #12]
10003a66:	f7ff fb0b 	bl	10003080 <follow_path>
10003a6a:	b980      	cbnz	r0, 10003a8e <f_open+0x66>
10003a6c:	f99d 3037 	ldrsb.w	r3, [sp, #55]	@ 0x37
10003a70:	2b00      	cmp	r3, #0
10003a72:	db60      	blt.n	10003b36 <f_open+0x10e>
10003a74:	f016 0f1c 	tst.w	r6, #28
10003a78:	d010      	beq.n	10003a9c <f_open+0x74>
10003a7a:	0770      	lsls	r0, r6, #29
10003a7c:	d45d      	bmi.n	10003b3a <f_open+0x112>
10003a7e:	f89d 3012 	ldrb.w	r3, [sp, #18]
10003a82:	f013 0f11 	tst.w	r3, #17
10003a86:	f000 8089 	beq.w	10003b9c <f_open+0x174>
10003a8a:	2507      	movs	r5, #7
10003a8c:	e7dd      	b.n	10003a4a <f_open+0x22>
10003a8e:	f016 0f1c 	tst.w	r6, #28
10003a92:	d001      	beq.n	10003a98 <f_open+0x70>
10003a94:	2804      	cmp	r0, #4
10003a96:	d054      	beq.n	10003b42 <f_open+0x11a>
10003a98:	4605      	mov	r5, r0
10003a9a:	e7d6      	b.n	10003a4a <f_open+0x22>
10003a9c:	f89d 3012 	ldrb.w	r3, [sp, #18]
10003aa0:	06da      	lsls	r2, r3, #27
10003aa2:	d44c      	bmi.n	10003b3e <f_open+0x116>
10003aa4:	07b0      	lsls	r0, r6, #30
10003aa6:	d501      	bpl.n	10003aac <f_open+0x84>
10003aa8:	07d9      	lsls	r1, r3, #31
10003aaa:	d4ee      	bmi.n	10003a8a <f_open+0x62>
10003aac:	2100      	movs	r1, #0
10003aae:	f8d8 301c 	ldr.w	r3, [r8, #28]
10003ab2:	f104 0a28 	add.w	sl, r4, #40	@ 0x28
10003ab6:	6223      	str	r3, [r4, #32]
10003ab8:	9b0a      	ldr	r3, [sp, #40]	@ 0x28
10003aba:	4650      	mov	r0, sl
10003abc:	6263      	str	r3, [r4, #36]	@ 0x24
10003abe:	f898 2000 	ldrb.w	r2, [r8]
10003ac2:	8b5e      	ldrh	r6, [r3, #26]
10003ac4:	2a03      	cmp	r2, #3
10003ac6:	bf04      	itt	eq
10003ac8:	8a9a      	ldrheq	r2, [r3, #20]
10003aca:	ea46 4602 	orreq.w	r6, r6, r2, lsl #16
10003ace:	60a6      	str	r6, [r4, #8]
10003ad0:	f8d3 901c 	ldr.w	r9, [r3, #28]
10003ad4:	f8b8 3006 	ldrh.w	r3, [r8, #6]
10003ad8:	f44f 7200 	mov.w	r2, #512	@ 0x200
10003adc:	f8c4 900c 	str.w	r9, [r4, #12]
10003ae0:	80a3      	strh	r3, [r4, #4]
10003ae2:	7427      	strb	r7, [r4, #16]
10003ae4:	7461      	strb	r1, [r4, #17]
10003ae6:	61e1      	str	r1, [r4, #28]
10003ae8:	6161      	str	r1, [r4, #20]
10003aea:	f007 fc0d 	bl	1000b308 <__memset_veneer>
10003aee:	06ba      	lsls	r2, r7, #26
10003af0:	d5ad      	bpl.n	10003a4e <f_open+0x26>
10003af2:	f1b9 0f00 	cmp.w	r9, #0
10003af6:	d0aa      	beq.n	10003a4e <f_open+0x26>
10003af8:	f8b8 300a 	ldrh.w	r3, [r8, #10]
10003afc:	f8c4 9014 	str.w	r9, [r4, #20]
10003b00:	ebb9 2f43 	cmp.w	r9, r3, lsl #9
10003b04:	ea4f 2743 	mov.w	r7, r3, lsl #9
10003b08:	d804      	bhi.n	10003b14 <f_open+0xec>
10003b0a:	e04a      	b.n	10003ba2 <f_open+0x17a>
10003b0c:	1c43      	adds	r3, r0, #1
10003b0e:	d07e      	beq.n	10003c0e <f_open+0x1e6>
10003b10:	454f      	cmp	r7, r9
10003b12:	d246      	bcs.n	10003ba2 <f_open+0x17a>
10003b14:	4631      	mov	r1, r6
10003b16:	6820      	ldr	r0, [r4, #0]
10003b18:	f7fe ff8c 	bl	10002a34 <get_fat.isra.0>
10003b1c:	2801      	cmp	r0, #1
10003b1e:	4606      	mov	r6, r0
10003b20:	eba9 0907 	sub.w	r9, r9, r7
10003b24:	d8f2      	bhi.n	10003b0c <f_open+0xe4>
10003b26:	61a0      	str	r0, [r4, #24]
10003b28:	2502      	movs	r5, #2
10003b2a:	e78e      	b.n	10003a4a <f_open+0x22>
10003b2c:	2509      	movs	r5, #9
10003b2e:	4628      	mov	r0, r5
10003b30:	b00e      	add	sp, #56	@ 0x38
10003b32:	e8bd 87f0 	ldmia.w	sp!, {r4, r5, r6, r7, r8, r9, sl, pc}
10003b36:	2506      	movs	r5, #6
10003b38:	e787      	b.n	10003a4a <f_open+0x22>
10003b3a:	2508      	movs	r5, #8
10003b3c:	e785      	b.n	10003a4a <f_open+0x22>
10003b3e:	2504      	movs	r5, #4
10003b40:	e783      	b.n	10003a4a <f_open+0x22>
10003b42:	a803      	add	r0, sp, #12
10003b44:	f7ff fcf8 	bl	10003538 <dir_register>
10003b48:	2800      	cmp	r0, #0
10003b4a:	d1a5      	bne.n	10003a98 <f_open+0x70>
10003b4c:	f047 0708 	orr.w	r7, r7, #8
10003b50:	f7fe fa7e 	bl	10002050 <get_fattime>
10003b54:	9b0a      	ldr	r3, [sp, #40]	@ 0x28
10003b56:	f8c3 000e 	str.w	r0, [r3, #14]
10003b5a:	9b0a      	ldr	r3, [sp, #40]	@ 0x28
10003b5c:	f8c3 0016 	str.w	r0, [r3, #22]
10003b60:	f898 2000 	ldrb.w	r2, [r8]
10003b64:	9b0a      	ldr	r3, [sp, #40]	@ 0x28
10003b66:	2a03      	cmp	r2, #3
10003b68:	bf08      	it	eq
10003b6a:	8a9a      	ldrheq	r2, [r3, #20]
10003b6c:	8b5e      	ldrh	r6, [r3, #26]
10003b6e:	bf08      	it	eq
10003b70:	ea46 4602 	orreq.w	r6, r6, r2, lsl #16
10003b74:	2220      	movs	r2, #32
10003b76:	72da      	strb	r2, [r3, #11]
10003b78:	2200      	movs	r2, #0
10003b7a:	9b0a      	ldr	r3, [sp, #40]	@ 0x28
10003b7c:	835a      	strh	r2, [r3, #26]
10003b7e:	f898 1000 	ldrb.w	r1, [r8]
10003b82:	2903      	cmp	r1, #3
10003b84:	bf08      	it	eq
10003b86:	829a      	strheq	r2, [r3, #20]
10003b88:	2200      	movs	r2, #0
10003b8a:	2301      	movs	r3, #1
10003b8c:	990a      	ldr	r1, [sp, #40]	@ 0x28
10003b8e:	61ca      	str	r2, [r1, #28]
10003b90:	f888 3004 	strb.w	r3, [r8, #4]
10003b94:	bb3e      	cbnz	r6, 10003be6 <f_open+0x1be>
10003b96:	f047 0740 	orr.w	r7, r7, #64	@ 0x40
10003b9a:	e787      	b.n	10003aac <f_open+0x84>
10003b9c:	0731      	lsls	r1, r6, #28
10003b9e:	d585      	bpl.n	10003aac <f_open+0x84>
10003ba0:	e7d6      	b.n	10003b50 <f_open+0x128>
10003ba2:	f3c9 0308 	ubfx	r3, r9, #0, #9
10003ba6:	61a6      	str	r6, [r4, #24]
10003ba8:	2b00      	cmp	r3, #0
10003baa:	f43f af50 	beq.w	10003a4e <f_open+0x26>
10003bae:	f8d8 3014 	ldr.w	r3, [r8, #20]
10003bb2:	3e02      	subs	r6, #2
10003bb4:	3b02      	subs	r3, #2
10003bb6:	429e      	cmp	r6, r3
10003bb8:	d2b6      	bcs.n	10003b28 <f_open+0x100>
10003bba:	f8b8 200a 	ldrh.w	r2, [r8, #10]
10003bbe:	f8d8 302c 	ldr.w	r3, [r8, #44]	@ 0x2c
10003bc2:	fb06 3202 	mla	r2, r6, r2, r3
10003bc6:	2a00      	cmp	r2, #0
10003bc8:	d0ae      	beq.n	10003b28 <f_open+0x100>
10003bca:	eb02 2259 	add.w	r2, r2, r9, lsr #9
10003bce:	61e2      	str	r2, [r4, #28]
10003bd0:	4651      	mov	r1, sl
10003bd2:	2301      	movs	r3, #1
10003bd4:	f898 0001 	ldrb.w	r0, [r8, #1]
10003bd8:	f000 fc70 	bl	100044bc <disk_read>
10003bdc:	2800      	cmp	r0, #0
10003bde:	f43f af36 	beq.w	10003a4e <f_open+0x26>
10003be2:	2501      	movs	r5, #1
10003be4:	e731      	b.n	10003a4a <f_open+0x22>
10003be6:	4631      	mov	r1, r6
10003be8:	a803      	add	r0, sp, #12
10003bea:	f8d8 901c 	ldr.w	r9, [r8, #28]
10003bee:	f7ff fde7 	bl	100037c0 <remove_chain>
10003bf2:	2800      	cmp	r0, #0
10003bf4:	f47f af50 	bne.w	10003a98 <f_open+0x70>
10003bf8:	4649      	mov	r1, r9
10003bfa:	4640      	mov	r0, r8
10003bfc:	f7fe fe62 	bl	100028c4 <move_window>
10003c00:	3e01      	subs	r6, #1
10003c02:	f8c8 600c 	str.w	r6, [r8, #12]
10003c06:	2800      	cmp	r0, #0
10003c08:	d0c5      	beq.n	10003b96 <f_open+0x16e>
10003c0a:	4605      	mov	r5, r0
10003c0c:	e71d      	b.n	10003a4a <f_open+0x22>
10003c0e:	61a0      	str	r0, [r4, #24]
10003c10:	e7e7      	b.n	10003be2 <f_open+0x1ba>
10003c12:	bf00      	nop

10003c14 <f_read>:
10003c14:	e92d 4ff0 	stmdb	sp!, {r4, r5, r6, r7, r8, r9, sl, fp, lr}
10003c18:	2500      	movs	r5, #0
10003c1a:	b083      	sub	sp, #12
10003c1c:	601d      	str	r5, [r3, #0]
10003c1e:	b158      	cbz	r0, 10003c38 <f_read+0x24>
10003c20:	461e      	mov	r6, r3
10003c22:	6803      	ldr	r3, [r0, #0]
10003c24:	4604      	mov	r4, r0
10003c26:	b13b      	cbz	r3, 10003c38 <f_read+0x24>
10003c28:	4691      	mov	r9, r2
10003c2a:	781a      	ldrb	r2, [r3, #0]
10003c2c:	b122      	cbz	r2, 10003c38 <f_read+0x24>
10003c2e:	4688      	mov	r8, r1
10003c30:	88da      	ldrh	r2, [r3, #6]
10003c32:	8881      	ldrh	r1, [r0, #4]
10003c34:	4291      	cmp	r1, r2
10003c36:	d003      	beq.n	10003c40 <f_read+0x2c>
10003c38:	2009      	movs	r0, #9
10003c3a:	b003      	add	sp, #12
10003c3c:	e8bd 8ff0 	ldmia.w	sp!, {r4, r5, r6, r7, r8, r9, sl, fp, pc}
10003c40:	7858      	ldrb	r0, [r3, #1]
10003c42:	f000 fc2d 	bl	100044a0 <disk_status>
10003c46:	07c2      	lsls	r2, r0, #31
10003c48:	d4f6      	bmi.n	10003c38 <f_read+0x24>
10003c4a:	7c60      	ldrb	r0, [r4, #17]
10003c4c:	2800      	cmp	r0, #0
10003c4e:	d1f4      	bne.n	10003c3a <f_read+0x26>
10003c50:	7c23      	ldrb	r3, [r4, #16]
10003c52:	f013 0501 	ands.w	r5, r3, #1
10003c56:	f000 8092 	beq.w	10003d7e <f_read+0x16a>
10003c5a:	6963      	ldr	r3, [r4, #20]
10003c5c:	68e7      	ldr	r7, [r4, #12]
10003c5e:	f8d4 a000 	ldr.w	sl, [r4]
10003c62:	1aff      	subs	r7, r7, r3
10003c64:	454f      	cmp	r7, r9
10003c66:	bf28      	it	cs
10003c68:	464f      	movcs	r7, r9
10003c6a:	2f00      	cmp	r7, #0
10003c6c:	d0e5      	beq.n	10003c3a <f_read+0x26>
10003c6e:	9000      	str	r0, [sp, #0]
10003c70:	f3c3 0208 	ubfx	r2, r3, #0, #9
10003c74:	2a00      	cmp	r2, #0
10003c76:	d150      	bne.n	10003d1a <f_read+0x106>
10003c78:	f8ba 200a 	ldrh.w	r2, [sl, #10]
10003c7c:	3a01      	subs	r2, #1
10003c7e:	ea12 2253 	ands.w	r2, r2, r3, lsr #9
10003c82:	d036      	beq.n	10003cf2 <f_read+0xde>
10003c84:	69a0      	ldr	r0, [r4, #24]
10003c86:	f8da 3014 	ldr.w	r3, [sl, #20]
10003c8a:	3802      	subs	r0, #2
10003c8c:	3b02      	subs	r3, #2
10003c8e:	4298      	cmp	r0, r3
10003c90:	d23d      	bcs.n	10003d0e <f_read+0xfa>
10003c92:	f8ba 100a 	ldrh.w	r1, [sl, #10]
10003c96:	f8da 302c 	ldr.w	r3, [sl, #44]	@ 0x2c
10003c9a:	fb01 3300 	mla	r3, r1, r0, r3
10003c9e:	2b00      	cmp	r3, #0
10003ca0:	d035      	beq.n	10003d0e <f_read+0xfa>
10003ca2:	f5b7 7f00 	cmp.w	r7, #512	@ 0x200
10003ca6:	eb02 0903 	add.w	r9, r2, r3
10003caa:	d343      	bcc.n	10003d34 <f_read+0x120>
10003cac:	eb02 2057 	add.w	r0, r2, r7, lsr #9
10003cb0:	4288      	cmp	r0, r1
10003cb2:	ea4f 2b57 	mov.w	fp, r7, lsr #9
10003cb6:	bf88      	it	hi
10003cb8:	eba1 0b02 	subhi.w	fp, r1, r2
10003cbc:	465b      	mov	r3, fp
10003cbe:	464a      	mov	r2, r9
10003cc0:	4641      	mov	r1, r8
10003cc2:	f89a 0001 	ldrb.w	r0, [sl, #1]
10003cc6:	f000 fbf9 	bl	100044bc <disk_read>
10003cca:	2800      	cmp	r0, #0
10003ccc:	d14a      	bne.n	10003d64 <f_read+0x150>
10003cce:	f994 2010 	ldrsb.w	r2, [r4, #16]
10003cd2:	2a00      	cmp	r2, #0
10003cd4:	db66      	blt.n	10003da4 <f_read+0x190>
10003cd6:	ea4f 294b 	mov.w	r9, fp, lsl #9
10003cda:	6833      	ldr	r3, [r6, #0]
10003cdc:	ebb7 0709 	subs.w	r7, r7, r9
10003ce0:	444b      	add	r3, r9
10003ce2:	6033      	str	r3, [r6, #0]
10003ce4:	6963      	ldr	r3, [r4, #20]
10003ce6:	44c8      	add	r8, r9
10003ce8:	444b      	add	r3, r9
10003cea:	6163      	str	r3, [r4, #20]
10003cec:	d1c0      	bne.n	10003c70 <f_read+0x5c>
10003cee:	9800      	ldr	r0, [sp, #0]
10003cf0:	e7a3      	b.n	10003c3a <f_read+0x26>
10003cf2:	2b00      	cmp	r3, #0
10003cf4:	d13c      	bne.n	10003d70 <f_read+0x15c>
10003cf6:	68a0      	ldr	r0, [r4, #8]
10003cf8:	2801      	cmp	r0, #1
10003cfa:	d908      	bls.n	10003d0e <f_read+0xfa>
10003cfc:	1c43      	adds	r3, r0, #1
10003cfe:	d031      	beq.n	10003d64 <f_read+0x150>
10003d00:	f8da 3014 	ldr.w	r3, [sl, #20]
10003d04:	61a0      	str	r0, [r4, #24]
10003d06:	3b02      	subs	r3, #2
10003d08:	3802      	subs	r0, #2
10003d0a:	4298      	cmp	r0, r3
10003d0c:	d3c1      	bcc.n	10003c92 <f_read+0x7e>
10003d0e:	2302      	movs	r3, #2
10003d10:	4618      	mov	r0, r3
10003d12:	7463      	strb	r3, [r4, #17]
10003d14:	b003      	add	sp, #12
10003d16:	e8bd 8ff0 	ldmia.w	sp!, {r4, r5, r6, r7, r8, r9, sl, fp, pc}
10003d1a:	f104 0128 	add.w	r1, r4, #40	@ 0x28
10003d1e:	f5c2 7900 	rsb	r9, r2, #512	@ 0x200
10003d22:	45b9      	cmp	r9, r7
10003d24:	bf28      	it	cs
10003d26:	46b9      	movcs	r9, r7
10003d28:	4411      	add	r1, r2
10003d2a:	4640      	mov	r0, r8
10003d2c:	464a      	mov	r2, r9
10003d2e:	f007 faef 	bl	1000b310 <__memcpy_veneer>
10003d32:	e7d2      	b.n	10003cda <f_read+0xc6>
10003d34:	69e2      	ldr	r2, [r4, #28]
10003d36:	454a      	cmp	r2, r9
10003d38:	d023      	beq.n	10003d82 <f_read+0x16e>
10003d3a:	f994 3010 	ldrsb.w	r3, [r4, #16]
10003d3e:	f89a 0001 	ldrb.w	r0, [sl, #1]
10003d42:	2b00      	cmp	r3, #0
10003d44:	f104 0128 	add.w	r1, r4, #40	@ 0x28
10003d48:	db1e      	blt.n	10003d88 <f_read+0x174>
10003d4a:	2301      	movs	r3, #1
10003d4c:	464a      	mov	r2, r9
10003d4e:	9101      	str	r1, [sp, #4]
10003d50:	f000 fbb4 	bl	100044bc <disk_read>
10003d54:	9901      	ldr	r1, [sp, #4]
10003d56:	b928      	cbnz	r0, 10003d64 <f_read+0x150>
10003d58:	6962      	ldr	r2, [r4, #20]
10003d5a:	f8c4 901c 	str.w	r9, [r4, #28]
10003d5e:	f3c2 0208 	ubfx	r2, r2, #0, #9
10003d62:	e7dc      	b.n	10003d1e <f_read+0x10a>
10003d64:	2301      	movs	r3, #1
10003d66:	4628      	mov	r0, r5
10003d68:	7463      	strb	r3, [r4, #17]
10003d6a:	b003      	add	sp, #12
10003d6c:	e8bd 8ff0 	ldmia.w	sp!, {r4, r5, r6, r7, r8, r9, sl, fp, pc}
10003d70:	69a1      	ldr	r1, [r4, #24]
10003d72:	6820      	ldr	r0, [r4, #0]
10003d74:	9201      	str	r2, [sp, #4]
10003d76:	f7fe fe5d 	bl	10002a34 <get_fat.isra.0>
10003d7a:	9a01      	ldr	r2, [sp, #4]
10003d7c:	e7bc      	b.n	10003cf8 <f_read+0xe4>
10003d7e:	2007      	movs	r0, #7
10003d80:	e75b      	b.n	10003c3a <f_read+0x26>
10003d82:	f104 0128 	add.w	r1, r4, #40	@ 0x28
10003d86:	e7e7      	b.n	10003d58 <f_read+0x144>
10003d88:	2301      	movs	r3, #1
10003d8a:	9101      	str	r1, [sp, #4]
10003d8c:	f000 fb9c 	bl	100044c8 <disk_write>
10003d90:	2800      	cmp	r0, #0
10003d92:	d1e7      	bne.n	10003d64 <f_read+0x150>
10003d94:	7c23      	ldrb	r3, [r4, #16]
10003d96:	9901      	ldr	r1, [sp, #4]
10003d98:	f003 037f 	and.w	r3, r3, #127	@ 0x7f
10003d9c:	7423      	strb	r3, [r4, #16]
10003d9e:	f89a 0001 	ldrb.w	r0, [sl, #1]
10003da2:	e7d2      	b.n	10003d4a <f_read+0x136>
10003da4:	69e0      	ldr	r0, [r4, #28]
10003da6:	eba0 0009 	sub.w	r0, r0, r9
10003daa:	4558      	cmp	r0, fp
10003dac:	d293      	bcs.n	10003cd6 <f_read+0xc2>
10003dae:	f44f 7200 	mov.w	r2, #512	@ 0x200
10003db2:	eb08 2040 	add.w	r0, r8, r0, lsl #9
10003db6:	f104 0128 	add.w	r1, r4, #40	@ 0x28
10003dba:	f007 faa9 	bl	1000b310 <__memcpy_veneer>
10003dbe:	e78a      	b.n	10003cd6 <f_read+0xc2>

10003dc0 <f_write>:
10003dc0:	e92d 4ff0 	stmdb	sp!, {r4, r5, r6, r7, r8, r9, sl, fp, lr}
10003dc4:	2500      	movs	r5, #0
10003dc6:	b083      	sub	sp, #12
10003dc8:	601d      	str	r5, [r3, #0]
10003dca:	b158      	cbz	r0, 10003de4 <f_write+0x24>
10003dcc:	461f      	mov	r7, r3
10003dce:	6803      	ldr	r3, [r0, #0]
10003dd0:	4604      	mov	r4, r0
10003dd2:	b13b      	cbz	r3, 10003de4 <f_write+0x24>
10003dd4:	4616      	mov	r6, r2
10003dd6:	781a      	ldrb	r2, [r3, #0]
10003dd8:	b122      	cbz	r2, 10003de4 <f_write+0x24>
10003dda:	4688      	mov	r8, r1
10003ddc:	88da      	ldrh	r2, [r3, #6]
10003dde:	8881      	ldrh	r1, [r0, #4]
10003de0:	4291      	cmp	r1, r2
10003de2:	d005      	beq.n	10003df0 <f_write+0x30>
10003de4:	f04f 0909 	mov.w	r9, #9
10003de8:	4648      	mov	r0, r9
10003dea:	b003      	add	sp, #12
10003dec:	e8bd 8ff0 	ldmia.w	sp!, {r4, r5, r6, r7, r8, r9, sl, fp, pc}
10003df0:	7858      	ldrb	r0, [r3, #1]
10003df2:	f000 fb55 	bl	100044a0 <disk_status>
10003df6:	07c1      	lsls	r1, r0, #31
10003df8:	d4f4      	bmi.n	10003de4 <f_write+0x24>
10003dfa:	f894 9011 	ldrb.w	r9, [r4, #17]
10003dfe:	f1b9 0f00 	cmp.w	r9, #0
10003e02:	d1f1      	bne.n	10003de8 <f_write+0x28>
10003e04:	7c23      	ldrb	r3, [r4, #16]
10003e06:	079a      	lsls	r2, r3, #30
10003e08:	f140 80a6 	bpl.w	10003f58 <f_write+0x198>
10003e0c:	6962      	ldr	r2, [r4, #20]
10003e0e:	f8d4 a000 	ldr.w	sl, [r4]
10003e12:	42f2      	cmn	r2, r6
10003e14:	bf28      	it	cs
10003e16:	43d6      	mvncs	r6, r2
10003e18:	2e00      	cmp	r6, #0
10003e1a:	d056      	beq.n	10003eca <f_write+0x10a>
10003e1c:	f3c2 0508 	ubfx	r5, r2, #0, #9
10003e20:	2d00      	cmp	r5, #0
10003e22:	d156      	bne.n	10003ed2 <f_write+0x112>
10003e24:	f8ba b00a 	ldrh.w	fp, [sl, #10]
10003e28:	f10b 3bff 	add.w	fp, fp, #4294967295	@ 0xffffffff
10003e2c:	ea1b 2b52 	ands.w	fp, fp, r2, lsr #9
10003e30:	d10e      	bne.n	10003e50 <f_write+0x90>
10003e32:	2a00      	cmp	r2, #0
10003e34:	f040 8088 	bne.w	10003f48 <f_write+0x188>
10003e38:	68a0      	ldr	r0, [r4, #8]
10003e3a:	2800      	cmp	r0, #0
10003e3c:	f000 808f 	beq.w	10003f5e <f_write+0x19e>
10003e40:	2801      	cmp	r0, #1
10003e42:	d058      	beq.n	10003ef6 <f_write+0x136>
10003e44:	1c43      	adds	r3, r0, #1
10003e46:	d078      	beq.n	10003f3a <f_write+0x17a>
10003e48:	68a3      	ldr	r3, [r4, #8]
10003e4a:	61a0      	str	r0, [r4, #24]
10003e4c:	b903      	cbnz	r3, 10003e50 <f_write+0x90>
10003e4e:	60a0      	str	r0, [r4, #8]
10003e50:	f994 3010 	ldrsb.w	r3, [r4, #16]
10003e54:	2b00      	cmp	r3, #0
10003e56:	db62      	blt.n	10003f1e <f_write+0x15e>
10003e58:	69a3      	ldr	r3, [r4, #24]
10003e5a:	f8da 2014 	ldr.w	r2, [sl, #20]
10003e5e:	3b02      	subs	r3, #2
10003e60:	3a02      	subs	r2, #2
10003e62:	4293      	cmp	r3, r2
10003e64:	d247      	bcs.n	10003ef6 <f_write+0x136>
10003e66:	f8ba 200a 	ldrh.w	r2, [sl, #10]
10003e6a:	f8da 502c 	ldr.w	r5, [sl, #44]	@ 0x2c
10003e6e:	fb02 5503 	mla	r5, r2, r3, r5
10003e72:	2d00      	cmp	r5, #0
10003e74:	d03f      	beq.n	10003ef6 <f_write+0x136>
10003e76:	f5b6 7f00 	cmp.w	r6, #512	@ 0x200
10003e7a:	445d      	add	r5, fp
10003e7c:	d342      	bcc.n	10003f04 <f_write+0x144>
10003e7e:	eb0b 2156 	add.w	r1, fp, r6, lsr #9
10003e82:	4291      	cmp	r1, r2
10003e84:	ea4f 2356 	mov.w	r3, r6, lsr #9
10003e88:	4641      	mov	r1, r8
10003e8a:	bf88      	it	hi
10003e8c:	eba2 030b 	subhi.w	r3, r2, fp
10003e90:	f89a 0001 	ldrb.w	r0, [sl, #1]
10003e94:	462a      	mov	r2, r5
10003e96:	9301      	str	r3, [sp, #4]
10003e98:	f000 fb16 	bl	100044c8 <disk_write>
10003e9c:	2800      	cmp	r0, #0
10003e9e:	d14c      	bne.n	10003f3a <f_write+0x17a>
10003ea0:	69e1      	ldr	r1, [r4, #28]
10003ea2:	9b01      	ldr	r3, [sp, #4]
10003ea4:	1b49      	subs	r1, r1, r5
10003ea6:	4299      	cmp	r1, r3
10003ea8:	d36f      	bcc.n	10003f8a <f_write+0x1ca>
10003eaa:	025d      	lsls	r5, r3, #9
10003eac:	6962      	ldr	r2, [r4, #20]
10003eae:	68e3      	ldr	r3, [r4, #12]
10003eb0:	442a      	add	r2, r5
10003eb2:	4293      	cmp	r3, r2
10003eb4:	bf38      	it	cc
10003eb6:	4613      	movcc	r3, r2
10003eb8:	6839      	ldr	r1, [r7, #0]
10003eba:	1b76      	subs	r6, r6, r5
10003ebc:	4429      	add	r1, r5
10003ebe:	6039      	str	r1, [r7, #0]
10003ec0:	44a8      	add	r8, r5
10003ec2:	6162      	str	r2, [r4, #20]
10003ec4:	60e3      	str	r3, [r4, #12]
10003ec6:	d1a9      	bne.n	10003e1c <f_write+0x5c>
10003ec8:	7c23      	ldrb	r3, [r4, #16]
10003eca:	f043 0340 	orr.w	r3, r3, #64	@ 0x40
10003ece:	7423      	strb	r3, [r4, #16]
10003ed0:	e78a      	b.n	10003de8 <f_write+0x28>
10003ed2:	f104 0b28 	add.w	fp, r4, #40	@ 0x28
10003ed6:	eb0b 0005 	add.w	r0, fp, r5
10003eda:	f5c5 7500 	rsb	r5, r5, #512	@ 0x200
10003ede:	42b5      	cmp	r5, r6
10003ee0:	bf28      	it	cs
10003ee2:	4635      	movcs	r5, r6
10003ee4:	4641      	mov	r1, r8
10003ee6:	462a      	mov	r2, r5
10003ee8:	f007 fa12 	bl	1000b310 <__memcpy_veneer>
10003eec:	7c23      	ldrb	r3, [r4, #16]
10003eee:	f063 037f 	orn	r3, r3, #127	@ 0x7f
10003ef2:	7423      	strb	r3, [r4, #16]
10003ef4:	e7da      	b.n	10003eac <f_write+0xec>
10003ef6:	2302      	movs	r3, #2
10003ef8:	4699      	mov	r9, r3
10003efa:	4648      	mov	r0, r9
10003efc:	7463      	strb	r3, [r4, #17]
10003efe:	b003      	add	sp, #12
10003f00:	e8bd 8ff0 	ldmia.w	sp!, {r4, r5, r6, r7, r8, r9, sl, fp, pc}
10003f04:	69e2      	ldr	r2, [r4, #28]
10003f06:	6963      	ldr	r3, [r4, #20]
10003f08:	42aa      	cmp	r2, r5
10003f0a:	d030      	beq.n	10003f6e <f_write+0x1ae>
10003f0c:	68e2      	ldr	r2, [r4, #12]
10003f0e:	f104 0b28 	add.w	fp, r4, #40	@ 0x28
10003f12:	429a      	cmp	r2, r3
10003f14:	d82e      	bhi.n	10003f74 <f_write+0x1b4>
10003f16:	61e5      	str	r5, [r4, #28]
10003f18:	f3c3 0508 	ubfx	r5, r3, #0, #9
10003f1c:	e7db      	b.n	10003ed6 <f_write+0x116>
10003f1e:	2301      	movs	r3, #1
10003f20:	69e2      	ldr	r2, [r4, #28]
10003f22:	f89a 0001 	ldrb.w	r0, [sl, #1]
10003f26:	f104 0128 	add.w	r1, r4, #40	@ 0x28
10003f2a:	f000 facd 	bl	100044c8 <disk_write>
10003f2e:	b920      	cbnz	r0, 10003f3a <f_write+0x17a>
10003f30:	7c23      	ldrb	r3, [r4, #16]
10003f32:	f003 037f 	and.w	r3, r3, #127	@ 0x7f
10003f36:	7423      	strb	r3, [r4, #16]
10003f38:	e78e      	b.n	10003e58 <f_write+0x98>
10003f3a:	2301      	movs	r3, #1
10003f3c:	4699      	mov	r9, r3
10003f3e:	4648      	mov	r0, r9
10003f40:	7463      	strb	r3, [r4, #17]
10003f42:	b003      	add	sp, #12
10003f44:	e8bd 8ff0 	ldmia.w	sp!, {r4, r5, r6, r7, r8, r9, sl, fp, pc}
10003f48:	4620      	mov	r0, r4
10003f4a:	69a1      	ldr	r1, [r4, #24]
10003f4c:	f7ff f9fa 	bl	10003344 <create_chain>
10003f50:	2800      	cmp	r0, #0
10003f52:	f47f af75 	bne.w	10003e40 <f_write+0x80>
10003f56:	e7b7      	b.n	10003ec8 <f_write+0x108>
10003f58:	f04f 0907 	mov.w	r9, #7
10003f5c:	e744      	b.n	10003de8 <f_write+0x28>
10003f5e:	4659      	mov	r1, fp
10003f60:	4620      	mov	r0, r4
10003f62:	f7ff f9ef 	bl	10003344 <create_chain>
10003f66:	2800      	cmp	r0, #0
10003f68:	f47f af6a 	bne.w	10003e40 <f_write+0x80>
10003f6c:	e7ac      	b.n	10003ec8 <f_write+0x108>
10003f6e:	f104 0b28 	add.w	fp, r4, #40	@ 0x28
10003f72:	e7d0      	b.n	10003f16 <f_write+0x156>
10003f74:	2301      	movs	r3, #1
10003f76:	462a      	mov	r2, r5
10003f78:	4659      	mov	r1, fp
10003f7a:	f89a 0001 	ldrb.w	r0, [sl, #1]
10003f7e:	f000 fa9d 	bl	100044bc <disk_read>
10003f82:	2800      	cmp	r0, #0
10003f84:	d1d9      	bne.n	10003f3a <f_write+0x17a>
10003f86:	6963      	ldr	r3, [r4, #20]
10003f88:	e7c5      	b.n	10003f16 <f_write+0x156>
10003f8a:	f44f 7200 	mov.w	r2, #512	@ 0x200
10003f8e:	eb08 2141 	add.w	r1, r8, r1, lsl #9
10003f92:	f104 0028 	add.w	r0, r4, #40	@ 0x28
10003f96:	f007 f9bb 	bl	1000b310 <__memcpy_veneer>
10003f9a:	7c22      	ldrb	r2, [r4, #16]
10003f9c:	9b01      	ldr	r3, [sp, #4]
10003f9e:	f002 027f 	and.w	r2, r2, #127	@ 0x7f
10003fa2:	7422      	strb	r2, [r4, #16]
10003fa4:	e781      	b.n	10003eaa <f_write+0xea>
10003fa6:	bf00      	nop

10003fa8 <f_close>:
10003fa8:	b158      	cbz	r0, 10003fc2 <f_close+0x1a>
10003faa:	6803      	ldr	r3, [r0, #0]
10003fac:	b570      	push	{r4, r5, r6, lr}
10003fae:	4604      	mov	r4, r0
10003fb0:	b12b      	cbz	r3, 10003fbe <f_close+0x16>
10003fb2:	781a      	ldrb	r2, [r3, #0]
10003fb4:	b11a      	cbz	r2, 10003fbe <f_close+0x16>
10003fb6:	8881      	ldrh	r1, [r0, #4]
10003fb8:	88da      	ldrh	r2, [r3, #6]
10003fba:	4291      	cmp	r1, r2
10003fbc:	d003      	beq.n	10003fc6 <f_close+0x1e>
10003fbe:	2009      	movs	r0, #9
10003fc0:	bd70      	pop	{r4, r5, r6, pc}
10003fc2:	2009      	movs	r0, #9
10003fc4:	4770      	bx	lr
10003fc6:	7858      	ldrb	r0, [r3, #1]
10003fc8:	f000 fa6a 	bl	100044a0 <disk_status>
10003fcc:	07c1      	lsls	r1, r0, #31
10003fce:	d4f6      	bmi.n	10003fbe <f_close+0x16>
10003fd0:	7c23      	ldrb	r3, [r4, #16]
10003fd2:	6825      	ldr	r5, [r4, #0]
10003fd4:	065a      	lsls	r2, r3, #25
10003fd6:	d52d      	bpl.n	10004034 <f_close+0x8c>
10003fd8:	061b      	lsls	r3, r3, #24
10003fda:	d43c      	bmi.n	10004056 <f_close+0xae>
10003fdc:	4628      	mov	r0, r5
10003fde:	6a21      	ldr	r1, [r4, #32]
10003fe0:	f7fe fc70 	bl	100028c4 <move_window>
10003fe4:	2800      	cmp	r0, #0
10003fe6:	d1eb      	bne.n	10003fc0 <f_close+0x18>
10003fe8:	6a66      	ldr	r6, [r4, #36]	@ 0x24
10003fea:	7af3      	ldrb	r3, [r6, #11]
10003fec:	f043 0320 	orr.w	r3, r3, #32
10003ff0:	72f3      	strb	r3, [r6, #11]
10003ff2:	68a3      	ldr	r3, [r4, #8]
10003ff4:	6822      	ldr	r2, [r4, #0]
10003ff6:	f3c3 2107 	ubfx	r1, r3, #8, #8
10003ffa:	76b3      	strb	r3, [r6, #26]
10003ffc:	76f1      	strb	r1, [r6, #27]
10003ffe:	7812      	ldrb	r2, [r2, #0]
10004000:	2a03      	cmp	r2, #3
10004002:	d103      	bne.n	1000400c <f_close+0x64>
10004004:	0c1b      	lsrs	r3, r3, #16
10004006:	0a1a      	lsrs	r2, r3, #8
10004008:	7533      	strb	r3, [r6, #20]
1000400a:	7572      	strb	r2, [r6, #21]
1000400c:	68e3      	ldr	r3, [r4, #12]
1000400e:	61f3      	str	r3, [r6, #28]
10004010:	f7fe f81e 	bl	10002050 <get_fattime>
10004014:	2301      	movs	r3, #1
10004016:	2200      	movs	r2, #0
10004018:	f8c6 0016 	str.w	r0, [r6, #22]
1000401c:	8272      	strh	r2, [r6, #18]
1000401e:	4628      	mov	r0, r5
10004020:	712b      	strb	r3, [r5, #4]
10004022:	f7fe fbf9 	bl	10002818 <sync_fs>
10004026:	7c23      	ldrb	r3, [r4, #16]
10004028:	f023 0340 	bic.w	r3, r3, #64	@ 0x40
1000402c:	7423      	strb	r3, [r4, #16]
1000402e:	2800      	cmp	r0, #0
10004030:	d1c6      	bne.n	10003fc0 <f_close+0x18>
10004032:	6825      	ldr	r5, [r4, #0]
10004034:	2d00      	cmp	r5, #0
10004036:	d0c2      	beq.n	10003fbe <f_close+0x16>
10004038:	782b      	ldrb	r3, [r5, #0]
1000403a:	2b00      	cmp	r3, #0
1000403c:	d0bf      	beq.n	10003fbe <f_close+0x16>
1000403e:	88a2      	ldrh	r2, [r4, #4]
10004040:	88eb      	ldrh	r3, [r5, #6]
10004042:	429a      	cmp	r2, r3
10004044:	d1bb      	bne.n	10003fbe <f_close+0x16>
10004046:	7868      	ldrb	r0, [r5, #1]
10004048:	f000 fa2a 	bl	100044a0 <disk_status>
1000404c:	f010 0001 	ands.w	r0, r0, #1
10004050:	d1b5      	bne.n	10003fbe <f_close+0x16>
10004052:	6020      	str	r0, [r4, #0]
10004054:	bd70      	pop	{r4, r5, r6, pc}
10004056:	2301      	movs	r3, #1
10004058:	69e2      	ldr	r2, [r4, #28]
1000405a:	7868      	ldrb	r0, [r5, #1]
1000405c:	f104 0128 	add.w	r1, r4, #40	@ 0x28
10004060:	f000 fa32 	bl	100044c8 <disk_write>
10004064:	b920      	cbnz	r0, 10004070 <f_close+0xc8>
10004066:	7c23      	ldrb	r3, [r4, #16]
10004068:	f003 037f 	and.w	r3, r3, #127	@ 0x7f
1000406c:	7423      	strb	r3, [r4, #16]
1000406e:	e7b5      	b.n	10003fdc <f_close+0x34>
10004070:	2001      	movs	r0, #1
10004072:	bd70      	pop	{r4, r5, r6, pc}

10004074 <f_opendir>:
10004074:	b530      	push	{r4, r5, lr}
10004076:	b085      	sub	sp, #20
10004078:	9101      	str	r1, [sp, #4]
1000407a:	2800      	cmp	r0, #0
1000407c:	d02f      	beq.n	100040de <f_opendir+0x6a>
1000407e:	4604      	mov	r4, r0
10004080:	2200      	movs	r2, #0
10004082:	a903      	add	r1, sp, #12
10004084:	a801      	add	r0, sp, #4
10004086:	f7fe fe35 	bl	10002cf4 <mount_volume>
1000408a:	b118      	cbz	r0, 10004094 <f_opendir+0x20>
1000408c:	2300      	movs	r3, #0
1000408e:	6023      	str	r3, [r4, #0]
10004090:	b005      	add	sp, #20
10004092:	bd30      	pop	{r4, r5, pc}
10004094:	9d03      	ldr	r5, [sp, #12]
10004096:	4620      	mov	r0, r4
10004098:	9901      	ldr	r1, [sp, #4]
1000409a:	6025      	str	r5, [r4, #0]
1000409c:	f7fe fff0 	bl	10003080 <follow_path>
100040a0:	b9c8      	cbnz	r0, 100040d6 <f_opendir+0x62>
100040a2:	f994 302b 	ldrsb.w	r3, [r4, #43]	@ 0x2b
100040a6:	2b00      	cmp	r3, #0
100040a8:	db0b      	blt.n	100040c2 <f_opendir+0x4e>
100040aa:	79a3      	ldrb	r3, [r4, #6]
100040ac:	06db      	lsls	r3, r3, #27
100040ae:	d514      	bpl.n	100040da <f_opendir+0x66>
100040b0:	7829      	ldrb	r1, [r5, #0]
100040b2:	69e2      	ldr	r2, [r4, #28]
100040b4:	2903      	cmp	r1, #3
100040b6:	8b53      	ldrh	r3, [r2, #26]
100040b8:	bf04      	itt	eq
100040ba:	8a92      	ldrheq	r2, [r2, #20]
100040bc:	ea43 4302 	orreq.w	r3, r3, r2, lsl #16
100040c0:	60a3      	str	r3, [r4, #8]
100040c2:	88eb      	ldrh	r3, [r5, #6]
100040c4:	4620      	mov	r0, r4
100040c6:	80a3      	strh	r3, [r4, #4]
100040c8:	f7fe ff54 	bl	10002f74 <dir_sdi.constprop.0>
100040cc:	2804      	cmp	r0, #4
100040ce:	d004      	beq.n	100040da <f_opendir+0x66>
100040d0:	2800      	cmp	r0, #0
100040d2:	d0dd      	beq.n	10004090 <f_opendir+0x1c>
100040d4:	e7da      	b.n	1000408c <f_opendir+0x18>
100040d6:	2804      	cmp	r0, #4
100040d8:	d1d8      	bne.n	1000408c <f_opendir+0x18>
100040da:	2005      	movs	r0, #5
100040dc:	e7d6      	b.n	1000408c <f_opendir+0x18>
100040de:	2009      	movs	r0, #9
100040e0:	b005      	add	sp, #20
100040e2:	bd30      	pop	{r4, r5, pc}

100040e4 <f_closedir>:
100040e4:	b198      	cbz	r0, 1000410e <f_closedir+0x2a>
100040e6:	6803      	ldr	r3, [r0, #0]
100040e8:	b510      	push	{r4, lr}
100040ea:	4604      	mov	r4, r0
100040ec:	b12b      	cbz	r3, 100040fa <f_closedir+0x16>
100040ee:	781a      	ldrb	r2, [r3, #0]
100040f0:	b11a      	cbz	r2, 100040fa <f_closedir+0x16>
100040f2:	8881      	ldrh	r1, [r0, #4]
100040f4:	88da      	ldrh	r2, [r3, #6]
100040f6:	4291      	cmp	r1, r2
100040f8:	d001      	beq.n	100040fe <f_closedir+0x1a>
100040fa:	2009      	movs	r0, #9
100040fc:	bd10      	pop	{r4, pc}
100040fe:	7858      	ldrb	r0, [r3, #1]
10004100:	f000 f9ce 	bl	100044a0 <disk_status>
10004104:	f010 0001 	ands.w	r0, r0, #1
10004108:	d1f7      	bne.n	100040fa <f_closedir+0x16>
1000410a:	6020      	str	r0, [r4, #0]
1000410c:	bd10      	pop	{r4, pc}
1000410e:	2009      	movs	r0, #9
10004110:	4770      	bx	lr
10004112:	bf00      	nop

10004114 <f_readdir>:
10004114:	e92d 41f0 	stmdb	sp!, {r4, r5, r6, r7, r8, lr}
10004118:	460d      	mov	r5, r1
1000411a:	b082      	sub	sp, #8
1000411c:	b140      	cbz	r0, 10004130 <f_readdir+0x1c>
1000411e:	6803      	ldr	r3, [r0, #0]
10004120:	4604      	mov	r4, r0
10004122:	b12b      	cbz	r3, 10004130 <f_readdir+0x1c>
10004124:	781a      	ldrb	r2, [r3, #0]
10004126:	b11a      	cbz	r2, 10004130 <f_readdir+0x1c>
10004128:	8881      	ldrh	r1, [r0, #4]
1000412a:	88da      	ldrh	r2, [r3, #6]
1000412c:	4291      	cmp	r1, r2
1000412e:	d006      	beq.n	1000413e <f_readdir+0x2a>
10004130:	2009      	movs	r0, #9
10004132:	b10d      	cbz	r5, 10004138 <f_readdir+0x24>
10004134:	2300      	movs	r3, #0
10004136:	726b      	strb	r3, [r5, #9]
10004138:	b002      	add	sp, #8
1000413a:	e8bd 81f0 	ldmia.w	sp!, {r4, r5, r6, r7, r8, pc}
1000413e:	7858      	ldrb	r0, [r3, #1]
10004140:	f000 f9ae 	bl	100044a0 <disk_status>
10004144:	f010 0301 	ands.w	r3, r0, #1
10004148:	d1f2      	bne.n	10004130 <f_readdir+0x1c>
1000414a:	4620      	mov	r0, r4
1000414c:	2d00      	cmp	r5, #0
1000414e:	d041      	beq.n	100041d4 <f_readdir+0xc0>
10004150:	726b      	strb	r3, [r5, #9]
10004152:	f7fe fcc5 	bl	10002ae0 <dir_read.constprop.0>
10004156:	f010 03fb 	ands.w	r3, r0, #251	@ 0xfb
1000415a:	d1eb      	bne.n	10004134 <f_readdir+0x20>
1000415c:	726b      	strb	r3, [r5, #9]
1000415e:	f8d4 8018 	ldr.w	r8, [r4, #24]
10004162:	f1b8 0f00 	cmp.w	r8, #0
10004166:	d03a      	beq.n	100041de <f_readdir+0xca>
10004168:	4629      	mov	r1, r5
1000416a:	69e0      	ldr	r0, [r4, #28]
1000416c:	f7fe faa4 	bl	100026b8 <get_fileinfo.part.0.constprop.0.isra.0>
10004170:	6926      	ldr	r6, [r4, #16]
10004172:	6827      	ldr	r7, [r4, #0]
10004174:	3620      	adds	r6, #32
10004176:	f5b6 1f00 	cmp.w	r6, #2097152	@ 0x200000
1000417a:	d235      	bcs.n	100041e8 <f_readdir+0xd4>
1000417c:	f3c6 0208 	ubfx	r2, r6, #0, #9
10004180:	bb02      	cbnz	r2, 100041c4 <f_readdir+0xb0>
10004182:	6961      	ldr	r1, [r4, #20]
10004184:	f108 0301 	add.w	r3, r8, #1
10004188:	61a3      	str	r3, [r4, #24]
1000418a:	b381      	cbz	r1, 100041ee <f_readdir+0xda>
1000418c:	897b      	ldrh	r3, [r7, #10]
1000418e:	3b01      	subs	r3, #1
10004190:	ea13 2856 	ands.w	r8, r3, r6, lsr #9
10004194:	d116      	bne.n	100041c4 <f_readdir+0xb0>
10004196:	4638      	mov	r0, r7
10004198:	9201      	str	r2, [sp, #4]
1000419a:	f7fe fc4b 	bl	10002a34 <get_fat.isra.0>
1000419e:	2801      	cmp	r0, #1
100041a0:	d92c      	bls.n	100041fc <f_readdir+0xe8>
100041a2:	1c43      	adds	r3, r0, #1
100041a4:	d028      	beq.n	100041f8 <f_readdir+0xe4>
100041a6:	697b      	ldr	r3, [r7, #20]
100041a8:	4298      	cmp	r0, r3
100041aa:	d21d      	bcs.n	100041e8 <f_readdir+0xd4>
100041ac:	3b02      	subs	r3, #2
100041ae:	6160      	str	r0, [r4, #20]
100041b0:	3802      	subs	r0, #2
100041b2:	4298      	cmp	r0, r3
100041b4:	9a01      	ldr	r2, [sp, #4]
100041b6:	d203      	bcs.n	100041c0 <f_readdir+0xac>
100041b8:	8979      	ldrh	r1, [r7, #10]
100041ba:	6afb      	ldr	r3, [r7, #44]	@ 0x2c
100041bc:	fb00 3801 	mla	r8, r0, r1, r3
100041c0:	f8c4 8018 	str.w	r8, [r4, #24]
100041c4:	3730      	adds	r7, #48	@ 0x30
100041c6:	4417      	add	r7, r2
100041c8:	6126      	str	r6, [r4, #16]
100041ca:	61e7      	str	r7, [r4, #28]
100041cc:	2000      	movs	r0, #0
100041ce:	b002      	add	sp, #8
100041d0:	e8bd 81f0 	ldmia.w	sp!, {r4, r5, r6, r7, r8, pc}
100041d4:	b002      	add	sp, #8
100041d6:	e8bd 41f0 	ldmia.w	sp!, {r4, r5, r6, r7, r8, lr}
100041da:	f7fe becb 	b.w	10002f74 <dir_sdi.constprop.0>
100041de:	6923      	ldr	r3, [r4, #16]
100041e0:	3320      	adds	r3, #32
100041e2:	f5b3 1f00 	cmp.w	r3, #2097152	@ 0x200000
100041e6:	d3f1      	bcc.n	100041cc <f_readdir+0xb8>
100041e8:	2300      	movs	r3, #0
100041ea:	61a3      	str	r3, [r4, #24]
100041ec:	e7ee      	b.n	100041cc <f_readdir+0xb8>
100041ee:	893b      	ldrh	r3, [r7, #8]
100041f0:	ebb3 1f56 	cmp.w	r3, r6, lsr #5
100041f4:	d8e6      	bhi.n	100041c4 <f_readdir+0xb0>
100041f6:	e7f7      	b.n	100041e8 <f_readdir+0xd4>
100041f8:	2001      	movs	r0, #1
100041fa:	e79b      	b.n	10004134 <f_readdir+0x20>
100041fc:	2002      	movs	r0, #2
100041fe:	e799      	b.n	10004134 <f_readdir+0x20>

10004200 <f_stat>:
10004200:	b530      	push	{r4, r5, lr}
10004202:	b08f      	sub	sp, #60	@ 0x3c
10004204:	460d      	mov	r5, r1
10004206:	9001      	str	r0, [sp, #4]
10004208:	2200      	movs	r2, #0
1000420a:	a903      	add	r1, sp, #12
1000420c:	a801      	add	r0, sp, #4
1000420e:	f7fe fd71 	bl	10002cf4 <mount_volume>
10004212:	b130      	cbz	r0, 10004222 <f_stat+0x22>
10004214:	4604      	mov	r4, r0
10004216:	b10d      	cbz	r5, 1000421c <f_stat+0x1c>
10004218:	2300      	movs	r3, #0
1000421a:	726b      	strb	r3, [r5, #9]
1000421c:	4620      	mov	r0, r4
1000421e:	b00f      	add	sp, #60	@ 0x3c
10004220:	bd30      	pop	{r4, r5, pc}
10004222:	9901      	ldr	r1, [sp, #4]
10004224:	a803      	add	r0, sp, #12
10004226:	f7fe ff2b 	bl	10003080 <follow_path>
1000422a:	4604      	mov	r4, r0
1000422c:	2800      	cmp	r0, #0
1000422e:	d1f2      	bne.n	10004216 <f_stat+0x16>
10004230:	f99d 3037 	ldrsb.w	r3, [sp, #55]	@ 0x37
10004234:	2b00      	cmp	r3, #0
10004236:	db0a      	blt.n	1000424e <f_stat+0x4e>
10004238:	2d00      	cmp	r5, #0
1000423a:	d0ef      	beq.n	1000421c <f_stat+0x1c>
1000423c:	9b09      	ldr	r3, [sp, #36]	@ 0x24
1000423e:	7268      	strb	r0, [r5, #9]
10004240:	2b00      	cmp	r3, #0
10004242:	d0eb      	beq.n	1000421c <f_stat+0x1c>
10004244:	4629      	mov	r1, r5
10004246:	980a      	ldr	r0, [sp, #40]	@ 0x28
10004248:	f7fe fa36 	bl	100026b8 <get_fileinfo.part.0.constprop.0.isra.0>
1000424c:	e7e6      	b.n	1000421c <f_stat+0x1c>
1000424e:	2406      	movs	r4, #6
10004250:	2d00      	cmp	r5, #0
10004252:	d1e1      	bne.n	10004218 <f_stat+0x18>
10004254:	e7e2      	b.n	1000421c <f_stat+0x1c>
10004256:	bf00      	nop

10004258 <f_mkdir>:
10004258:	e92d 4ff0 	stmdb	sp!, {r4, r5, r6, r7, r8, r9, sl, fp, lr}
1000425c:	b093      	sub	sp, #76	@ 0x4c
1000425e:	9001      	str	r0, [sp, #4]
10004260:	2202      	movs	r2, #2
10004262:	a902      	add	r1, sp, #8
10004264:	a801      	add	r0, sp, #4
10004266:	f7fe fd45 	bl	10002cf4 <mount_volume>
1000426a:	4604      	mov	r4, r0
1000426c:	b118      	cbz	r0, 10004276 <f_mkdir+0x1e>
1000426e:	4620      	mov	r0, r4
10004270:	b013      	add	sp, #76	@ 0x4c
10004272:	e8bd 8ff0 	ldmia.w	sp!, {r4, r5, r6, r7, r8, r9, sl, fp, pc}
10004276:	9b02      	ldr	r3, [sp, #8]
10004278:	4605      	mov	r5, r0
1000427a:	9901      	ldr	r1, [sp, #4]
1000427c:	a807      	add	r0, sp, #28
1000427e:	9307      	str	r3, [sp, #28]
10004280:	f7fe fefe 	bl	10003080 <follow_path>
10004284:	4604      	mov	r4, r0
10004286:	b950      	cbnz	r0, 1000429e <f_mkdir+0x46>
10004288:	f89d 3047 	ldrb.w	r3, [sp, #71]	@ 0x47
1000428c:	f013 0fa0 	tst.w	r3, #160	@ 0xa0
10004290:	bf0c      	ite	eq
10004292:	2408      	moveq	r4, #8
10004294:	2406      	movne	r4, #6
10004296:	4620      	mov	r0, r4
10004298:	b013      	add	sp, #76	@ 0x4c
1000429a:	e8bd 8ff0 	ldmia.w	sp!, {r4, r5, r6, r7, r8, r9, sl, fp, pc}
1000429e:	2804      	cmp	r0, #4
100042a0:	d1e5      	bne.n	1000426e <f_mkdir+0x16>
100042a2:	9b02      	ldr	r3, [sp, #8]
100042a4:	4629      	mov	r1, r5
100042a6:	a803      	add	r0, sp, #12
100042a8:	9303      	str	r3, [sp, #12]
100042aa:	f7ff f84b 	bl	10003344 <create_chain>
100042ae:	4606      	mov	r6, r0
100042b0:	b940      	cbnz	r0, 100042c4 <f_mkdir+0x6c>
100042b2:	f7fd fecd 	bl	10002050 <get_fattime>
100042b6:	2407      	movs	r4, #7
100042b8:	2200      	movs	r2, #0
100042ba:	4631      	mov	r1, r6
100042bc:	a803      	add	r0, sp, #12
100042be:	f7ff fa7f 	bl	100037c0 <remove_chain>
100042c2:	e7d4      	b.n	1000426e <f_mkdir+0x16>
100042c4:	2801      	cmp	r0, #1
100042c6:	f000 809b 	beq.w	10004400 <f_mkdir+0x1a8>
100042ca:	1c43      	adds	r3, r0, #1
100042cc:	d103      	bne.n	100042d6 <f_mkdir+0x7e>
100042ce:	f7fd febf 	bl	10002050 <get_fattime>
100042d2:	2401      	movs	r4, #1
100042d4:	e7f0      	b.n	100042b8 <f_mkdir+0x60>
100042d6:	f7fd febb 	bl	10002050 <get_fattime>
100042da:	9d02      	ldr	r5, [sp, #8]
100042dc:	4607      	mov	r7, r0
100042de:	792b      	ldrb	r3, [r5, #4]
100042e0:	f105 0930 	add.w	r9, r5, #48	@ 0x30
100042e4:	2b00      	cmp	r3, #0
100042e6:	f040 808f 	bne.w	10004408 <f_mkdir+0x1b0>
100042ea:	696b      	ldr	r3, [r5, #20]
100042ec:	1eb2      	subs	r2, r6, #2
100042ee:	3b02      	subs	r3, #2
100042f0:	429a      	cmp	r2, r3
100042f2:	bf2e      	itee	cs
100042f4:	f04f 0800 	movcs.w	r8, #0
100042f8:	8969      	ldrhcc	r1, [r5, #10]
100042fa:	6aeb      	ldrcc	r3, [r5, #44]	@ 0x2c
100042fc:	4648      	mov	r0, r9
100042fe:	bf38      	it	cc
10004300:	fb02 3801 	mlacc	r8, r2, r1, r3
10004304:	f44f 7200 	mov.w	r2, #512	@ 0x200
10004308:	2100      	movs	r1, #0
1000430a:	f8c5 801c 	str.w	r8, [r5, #28]
1000430e:	f006 fffb 	bl	1000b308 <__memset_veneer>
10004312:	896b      	ldrh	r3, [r5, #10]
10004314:	2400      	movs	r4, #0
10004316:	b91b      	cbnz	r3, 10004320 <f_mkdir+0xc8>
10004318:	e00e      	b.n	10004338 <f_mkdir+0xe0>
1000431a:	3401      	adds	r4, #1
1000431c:	429c      	cmp	r4, r3
1000431e:	d209      	bcs.n	10004334 <f_mkdir+0xdc>
10004320:	2301      	movs	r3, #1
10004322:	4649      	mov	r1, r9
10004324:	7868      	ldrb	r0, [r5, #1]
10004326:	eb08 0204 	add.w	r2, r8, r4
1000432a:	f000 f8cd 	bl	100044c8 <disk_write>
1000432e:	896b      	ldrh	r3, [r5, #10]
10004330:	2800      	cmp	r0, #0
10004332:	d0f2      	beq.n	1000431a <f_mkdir+0xc2>
10004334:	429c      	cmp	r4, r3
10004336:	d1cc      	bne.n	100042d2 <f_mkdir+0x7a>
10004338:	f04f 3220 	mov.w	r2, #538976288	@ 0x20202020
1000433c:	9b02      	ldr	r3, [sp, #8]
1000433e:	2110      	movs	r1, #16
10004340:	202e      	movs	r0, #46	@ 0x2e
10004342:	f8c3 2031 	str.w	r2, [r3, #49]	@ 0x31
10004346:	f8c3 2035 	str.w	r2, [r3, #53]	@ 0x35
1000434a:	f8a3 2039 	strh.w	r2, [r3, #57]	@ 0x39
1000434e:	461a      	mov	r2, r3
10004350:	b2f5      	uxtb	r5, r6
10004352:	f3c6 2807 	ubfx	r8, r6, #8, #8
10004356:	f883 103b 	strb.w	r1, [r3, #59]	@ 0x3b
1000435a:	f8c3 7046 	str.w	r7, [r3, #70]	@ 0x46
1000435e:	f883 0030 	strb.w	r0, [r3, #48]	@ 0x30
10004362:	f883 504a 	strb.w	r5, [r3, #74]	@ 0x4a
10004366:	f883 804b 	strb.w	r8, [r3, #75]	@ 0x4b
1000436a:	f812 4b50 	ldrb.w	r4, [r2], #80
1000436e:	9909      	ldr	r1, [sp, #36]	@ 0x24
10004370:	2c03      	cmp	r4, #3
10004372:	f3c1 2e07 	ubfx	lr, r1, #8, #8
10004376:	fa5f f981 	uxtb.w	r9, r1
1000437a:	d061      	beq.n	10004440 <f_mkdir+0x1e8>
1000437c:	f8d3 a030 	ldr.w	sl, [r3, #48]	@ 0x30
10004380:	f8d3 c034 	ldr.w	ip, [r3, #52]	@ 0x34
10004384:	6b9c      	ldr	r4, [r3, #56]	@ 0x38
10004386:	6bd9      	ldr	r1, [r3, #60]	@ 0x3c
10004388:	f8c3 a050 	str.w	sl, [r3, #80]	@ 0x50
1000438c:	f8c2 c004 	str.w	ip, [r2, #4]
10004390:	6094      	str	r4, [r2, #8]
10004392:	60d1      	str	r1, [r2, #12]
10004394:	f8d3 a040 	ldr.w	sl, [r3, #64]	@ 0x40
10004398:	f8d3 c044 	ldr.w	ip, [r3, #68]	@ 0x44
1000439c:	6c9c      	ldr	r4, [r3, #72]	@ 0x48
1000439e:	6cd9      	ldr	r1, [r3, #76]	@ 0x4c
100043a0:	f8c2 a010 	str.w	sl, [r2, #16]
100043a4:	f8c2 c014 	str.w	ip, [r2, #20]
100043a8:	6194      	str	r4, [r2, #24]
100043aa:	61d1      	str	r1, [r2, #28]
100043ac:	f883 0051 	strb.w	r0, [r3, #81]	@ 0x51
100043b0:	f883 906a 	strb.w	r9, [r3, #106]	@ 0x6a
100043b4:	f883 e06b 	strb.w	lr, [r3, #107]	@ 0x6b
100043b8:	2201      	movs	r2, #1
100043ba:	a807      	add	r0, sp, #28
100043bc:	711a      	strb	r2, [r3, #4]
100043be:	f7ff f8bb 	bl	10003538 <dir_register>
100043c2:	4604      	mov	r4, r0
100043c4:	2800      	cmp	r0, #0
100043c6:	f47f af77 	bne.w	100042b8 <f_mkdir+0x60>
100043ca:	9b0e      	ldr	r3, [sp, #56]	@ 0x38
100043cc:	9802      	ldr	r0, [sp, #8]
100043ce:	f8c3 700e 	str.w	r7, [r3, #14]
100043d2:	9b0e      	ldr	r3, [sp, #56]	@ 0x38
100043d4:	f8c3 7016 	str.w	r7, [r3, #22]
100043d8:	9b0e      	ldr	r3, [sp, #56]	@ 0x38
100043da:	769d      	strb	r5, [r3, #26]
100043dc:	f883 801b 	strb.w	r8, [r3, #27]
100043e0:	7802      	ldrb	r2, [r0, #0]
100043e2:	2a03      	cmp	r2, #3
100043e4:	d103      	bne.n	100043ee <f_mkdir+0x196>
100043e6:	0c36      	lsrs	r6, r6, #16
100043e8:	0a32      	lsrs	r2, r6, #8
100043ea:	751e      	strb	r6, [r3, #20]
100043ec:	755a      	strb	r2, [r3, #21]
100043ee:	2110      	movs	r1, #16
100043f0:	2301      	movs	r3, #1
100043f2:	9a0e      	ldr	r2, [sp, #56]	@ 0x38
100043f4:	72d1      	strb	r1, [r2, #11]
100043f6:	7103      	strb	r3, [r0, #4]
100043f8:	f7fe fa0e 	bl	10002818 <sync_fs>
100043fc:	4604      	mov	r4, r0
100043fe:	e736      	b.n	1000426e <f_mkdir+0x16>
10004400:	f7fd fe26 	bl	10002050 <get_fattime>
10004404:	2402      	movs	r4, #2
10004406:	e757      	b.n	100042b8 <f_mkdir+0x60>
10004408:	2301      	movs	r3, #1
1000440a:	4649      	mov	r1, r9
1000440c:	69ea      	ldr	r2, [r5, #28]
1000440e:	7868      	ldrb	r0, [r5, #1]
10004410:	f000 f85a 	bl	100044c8 <disk_write>
10004414:	2800      	cmp	r0, #0
10004416:	f47f af5c 	bne.w	100042d2 <f_mkdir+0x7a>
1000441a:	69e9      	ldr	r1, [r5, #28]
1000441c:	6a6b      	ldr	r3, [r5, #36]	@ 0x24
1000441e:	69aa      	ldr	r2, [r5, #24]
10004420:	1acb      	subs	r3, r1, r3
10004422:	4293      	cmp	r3, r2
10004424:	7128      	strb	r0, [r5, #4]
10004426:	f4bf af60 	bcs.w	100042ea <f_mkdir+0x92>
1000442a:	78eb      	ldrb	r3, [r5, #3]
1000442c:	2b02      	cmp	r3, #2
1000442e:	f47f af5c 	bne.w	100042ea <f_mkdir+0x92>
10004432:	440a      	add	r2, r1
10004434:	2301      	movs	r3, #1
10004436:	4649      	mov	r1, r9
10004438:	7868      	ldrb	r0, [r5, #1]
1000443a:	f000 f845 	bl	100044c8 <disk_write>
1000443e:	e754      	b.n	100042ea <f_mkdir+0x92>
10004440:	6b1c      	ldr	r4, [r3, #48]	@ 0x30
10004442:	f8d3 b034 	ldr.w	fp, [r3, #52]	@ 0x34
10004446:	651c      	str	r4, [r3, #80]	@ 0x50
10004448:	f8d3 a038 	ldr.w	sl, [r3, #56]	@ 0x38
1000444c:	f8d3 c03c 	ldr.w	ip, [r3, #60]	@ 0x3c
10004450:	0c34      	lsrs	r4, r6, #16
10004452:	f883 4044 	strb.w	r4, [r3, #68]	@ 0x44
10004456:	0a24      	lsrs	r4, r4, #8
10004458:	f883 4045 	strb.w	r4, [r3, #69]	@ 0x45
1000445c:	f8c2 b004 	str.w	fp, [r2, #4]
10004460:	f8c2 a008 	str.w	sl, [r2, #8]
10004464:	f8c2 c00c 	str.w	ip, [r2, #12]
10004468:	6c1c      	ldr	r4, [r3, #64]	@ 0x40
1000446a:	f8d3 b044 	ldr.w	fp, [r3, #68]	@ 0x44
1000446e:	f8d3 a048 	ldr.w	sl, [r3, #72]	@ 0x48
10004472:	f8d3 c04c 	ldr.w	ip, [r3, #76]	@ 0x4c
10004476:	0c09      	lsrs	r1, r1, #16
10004478:	6114      	str	r4, [r2, #16]
1000447a:	f8c2 b014 	str.w	fp, [r2, #20]
1000447e:	f8c2 a018 	str.w	sl, [r2, #24]
10004482:	f8c2 c01c 	str.w	ip, [r2, #28]
10004486:	f883 1064 	strb.w	r1, [r3, #100]	@ 0x64
1000448a:	0a09      	lsrs	r1, r1, #8
1000448c:	f883 0051 	strb.w	r0, [r3, #81]	@ 0x51
10004490:	f883 906a 	strb.w	r9, [r3, #106]	@ 0x6a
10004494:	f883 e06b 	strb.w	lr, [r3, #107]	@ 0x6b
10004498:	f883 1065 	strb.w	r1, [r3, #101]	@ 0x65
1000449c:	e78c      	b.n	100043b8 <f_mkdir+0x160>
1000449e:	bf00      	nop

100044a0 <disk_status>:
100044a0:	3800      	subs	r0, #0
100044a2:	bf18      	it	ne
100044a4:	2001      	movne	r0, #1
100044a6:	4770      	bx	lr

100044a8 <disk_initialize>:
100044a8:	b108      	cbz	r0, 100044ae <disk_initialize+0x6>
100044aa:	2001      	movs	r0, #1
100044ac:	4770      	bx	lr
100044ae:	b510      	push	{r4, lr}
100044b0:	4604      	mov	r4, r0
100044b2:	f7fc f893 	bl	100005dc <sd_spi_init>
100044b6:	4620      	mov	r0, r4
100044b8:	bd10      	pop	{r4, pc}
100044ba:	bf00      	nop

100044bc <disk_read>:
100044bc:	3800      	subs	r0, #0
100044be:	bf18      	it	ne
100044c0:	2001      	movne	r0, #1
100044c2:	0080      	lsls	r0, r0, #2
100044c4:	4770      	bx	lr
100044c6:	bf00      	nop

100044c8 <disk_write>:
100044c8:	3800      	subs	r0, #0
100044ca:	bf18      	it	ne
100044cc:	2001      	movne	r0, #1
100044ce:	0080      	lsls	r0, r0, #2
100044d0:	4770      	bx	lr
100044d2:	bf00      	nop

100044d4 <disk_ioctl>:
100044d4:	b950      	cbnz	r0, 100044ec <disk_ioctl+0x18>
100044d6:	2902      	cmp	r1, #2
100044d8:	d00a      	beq.n	100044f0 <disk_ioctl+0x1c>
100044da:	d801      	bhi.n	100044e0 <disk_ioctl+0xc>
100044dc:	2000      	movs	r0, #0
100044de:	4770      	bx	lr
100044e0:	2903      	cmp	r1, #3
100044e2:	d103      	bne.n	100044ec <disk_ioctl+0x18>
100044e4:	2301      	movs	r3, #1
100044e6:	2000      	movs	r0, #0
100044e8:	6013      	str	r3, [r2, #0]
100044ea:	4770      	bx	lr
100044ec:	2004      	movs	r0, #4
100044ee:	4770      	bx	lr
100044f0:	f44f 7300 	mov.w	r3, #512	@ 0x200
100044f4:	8013      	strh	r3, [r2, #0]
100044f6:	e7f1      	b.n	100044dc <disk_ioctl+0x8>

100044f8 <gpio_set_function>:
100044f8:	b410      	push	{r4}
100044fa:	f44f 7480 	mov.w	r4, #256	@ 0x100
100044fe:	4b0c      	ldr	r3, [pc, #48]	@ (10004530 <gpio_set_function+0x38>)
10004500:	f853 2020 	ldr.w	r2, [r3, r0, lsl #2]
10004504:	eb03 0380 	add.w	r3, r3, r0, lsl #2
10004508:	00c0      	lsls	r0, r0, #3
1000450a:	f082 0240 	eor.w	r2, r2, #64	@ 0x40
1000450e:	f100 4080 	add.w	r0, r0, #1073741824	@ 0x40000000
10004512:	f503 5c80 	add.w	ip, r3, #4096	@ 0x1000
10004516:	f002 02c0 	and.w	r2, r2, #192	@ 0xc0
1000451a:	f500 3020 	add.w	r0, r0, #163840	@ 0x28000
1000451e:	f503 5340 	add.w	r3, r3, #12288	@ 0x3000
10004522:	f8cc 2000 	str.w	r2, [ip]
10004526:	6041      	str	r1, [r0, #4]
10004528:	601c      	str	r4, [r3, #0]
1000452a:	f85d 4b04 	ldr.w	r4, [sp], #4
1000452e:	4770      	bx	lr
10004530:	40038004 	.word	0x40038004

10004534 <gpio_set_pulls>:
10004534:	b410      	push	{r4}
10004536:	4c08      	ldr	r4, [pc, #32]	@ (10004558 <gpio_set_pulls+0x24>)
10004538:	00c9      	lsls	r1, r1, #3
1000453a:	ea41 0182 	orr.w	r1, r1, r2, lsl #2
1000453e:	f854 2020 	ldr.w	r2, [r4, r0, lsl #2]
10004542:	eb04 0380 	add.w	r3, r4, r0, lsl #2
10004546:	4051      	eors	r1, r2
10004548:	f503 5380 	add.w	r3, r3, #4096	@ 0x1000
1000454c:	f001 010c 	and.w	r1, r1, #12
10004550:	f85d 4b04 	ldr.w	r4, [sp], #4
10004554:	6019      	str	r1, [r3, #0]
10004556:	4770      	bx	lr
10004558:	40038004 	.word	0x40038004

1000455c <gpio_set_drive_strength>:
1000455c:	4b06      	ldr	r3, [pc, #24]	@ (10004578 <gpio_set_drive_strength+0x1c>)
1000455e:	f853 2020 	ldr.w	r2, [r3, r0, lsl #2]
10004562:	eb03 0380 	add.w	r3, r3, r0, lsl #2
10004566:	ea82 1201 	eor.w	r2, r2, r1, lsl #4
1000456a:	f002 0230 	and.w	r2, r2, #48	@ 0x30
1000456e:	f503 5380 	add.w	r3, r3, #4096	@ 0x1000
10004572:	601a      	str	r2, [r3, #0]
10004574:	4770      	bx	lr
10004576:	bf00      	nop
10004578:	40038004 	.word	0x40038004

1000457c <gpio_init>:
1000457c:	b430      	push	{r4, r5}
1000457e:	f04f 0300 	mov.w	r3, #0
10004582:	ec43 0044 	gpioc_bit_oe_put r0, r3
10004586:	ec43 0040 	gpioc_bit_out_put r0, r3
1000458a:	2505      	movs	r5, #5
1000458c:	f44f 7480 	mov.w	r4, #256	@ 0x100
10004590:	4b0b      	ldr	r3, [pc, #44]	@ (100045c0 <gpio_init+0x44>)
10004592:	00c2      	lsls	r2, r0, #3
10004594:	f853 1020 	ldr.w	r1, [r3, r0, lsl #2]
10004598:	eb03 0080 	add.w	r0, r3, r0, lsl #2
1000459c:	f081 0140 	eor.w	r1, r1, #64	@ 0x40
100045a0:	f102 4380 	add.w	r3, r2, #1073741824	@ 0x40000000
100045a4:	f503 3320 	add.w	r3, r3, #163840	@ 0x28000
100045a8:	f001 02c0 	and.w	r2, r1, #192	@ 0xc0
100045ac:	f500 5180 	add.w	r1, r0, #4096	@ 0x1000
100045b0:	f500 5040 	add.w	r0, r0, #12288	@ 0x3000
100045b4:	600a      	str	r2, [r1, #0]
100045b6:	605d      	str	r5, [r3, #4]
100045b8:	6004      	str	r4, [r0, #0]
100045ba:	bc30      	pop	{r4, r5}
100045bc:	4770      	bx	lr
100045be:	bf00      	nop
100045c0:	40038004 	.word	0x40038004

100045c4 <panic>:
100045c4:	b40f      	push	{r0, r1, r2, r3}
100045c6:	b500      	push	{lr}
100045c8:	b083      	sub	sp, #12
100045ca:	9c04      	ldr	r4, [sp, #16]
100045cc:	4807      	ldr	r0, [pc, #28]	@ (100045ec <panic+0x28>)
100045ce:	f003 fd39 	bl	10008044 <__wrap_puts>
100045d2:	b13c      	cbz	r4, 100045e4 <panic+0x20>
100045d4:	a905      	add	r1, sp, #20
100045d6:	4620      	mov	r0, r4
100045d8:	9101      	str	r1, [sp, #4]
100045da:	f003 fba5 	bl	10007d28 <weak_raw_vprintf>
100045de:	4804      	ldr	r0, [pc, #16]	@ (100045f0 <panic+0x2c>)
100045e0:	f003 fd30 	bl	10008044 <__wrap_puts>
100045e4:	2001      	movs	r0, #1
100045e6:	f003 fbb7 	bl	10007d58 <_exit>
100045ea:	bf00      	nop
100045ec:	1000b8d0 	.word	0x1000b8d0
100045f0:	1000b740 	.word	0x1000b740

100045f4 <hw_claim_or_assert>:
100045f4:	b570      	push	{r4, r5, r6, lr}
100045f6:	4686      	mov	lr, r0
100045f8:	f3ef 8510 	mrs	r5, PRIMASK
100045fc:	b672      	cpsid	i
100045fe:	4c12      	ldr	r4, [pc, #72]	@ (10004648 <hw_claim_or_assert+0x54>)
10004600:	e8d4 6fcf 	ldaexb	r6, [r4]
10004604:	2001      	movs	r0, #1
10004606:	2e00      	cmp	r6, #0
10004608:	d1fa      	bne.n	10004600 <hw_claim_or_assert+0xc>
1000460a:	e8c4 0f46 	strexb	r6, r0, [r4]
1000460e:	2e00      	cmp	r6, #0
10004610:	d1f6      	bne.n	10004600 <hw_claim_or_assert+0xc>
10004612:	f3bf 8f5f 	dmb	sy
10004616:	f04f 0c01 	mov.w	ip, #1
1000461a:	08c8      	lsrs	r0, r1, #3
1000461c:	f001 0307 	and.w	r3, r1, #7
10004620:	fa0c f303 	lsl.w	r3, ip, r3
10004624:	f81e c000 	ldrb.w	ip, [lr, r0]
10004628:	ea1c 0603 	ands.w	r6, ip, r3
1000462c:	d108      	bne.n	10004640 <hw_claim_or_assert+0x4c>
1000462e:	ea4c 0c03 	orr.w	ip, ip, r3
10004632:	f80e c000 	strb.w	ip, [lr, r0]
10004636:	e8c4 6f8f 	stlb	r6, [r4]
1000463a:	f385 8810 	msr	PRIMASK, r5
1000463e:	bd70      	pop	{r4, r5, r6, pc}
10004640:	4610      	mov	r0, r2
10004642:	f7ff ffbf 	bl	100045c4 <panic>
10004646:	bf00      	nop
10004648:	200012af 	.word	0x200012af

1000464c <hw_claim_unused_from_range>:
1000464c:	b5f8      	push	{r3, r4, r5, r6, r7, lr}
1000464e:	f3ef 8510 	mrs	r5, PRIMASK
10004652:	b672      	cpsid	i
10004654:	4c23      	ldr	r4, [pc, #140]	@ (100046e4 <hw_claim_unused_from_range+0x98>)
10004656:	e8d4 7fcf 	ldaexb	r7, [r4]
1000465a:	2601      	movs	r6, #1
1000465c:	2f00      	cmp	r7, #0
1000465e:	d1fa      	bne.n	10004656 <hw_claim_unused_from_range+0xa>
10004660:	e8c4 6f47 	strexb	r7, r6, [r4]
10004664:	2f00      	cmp	r7, #0
10004666:	d1f6      	bne.n	10004656 <hw_claim_unused_from_range+0xa>
10004668:	f3bf 8f5f 	dmb	sy
1000466c:	429a      	cmp	r2, r3
1000466e:	d827      	bhi.n	100046c0 <hw_claim_unused_from_range+0x74>
10004670:	2601      	movs	r6, #1
10004672:	08d7      	lsrs	r7, r2, #3
10004674:	f810 e007 	ldrb.w	lr, [r0, r7]
10004678:	f002 0c07 	and.w	ip, r2, #7
1000467c:	fa06 fc0c 	lsl.w	ip, r6, ip
10004680:	ea1e 0f0c 	tst.w	lr, ip
10004684:	eb00 07d2 	add.w	r7, r0, r2, lsr #3
10004688:	d10d      	bne.n	100046a6 <hw_claim_unused_from_range+0x5a>
1000468a:	e025      	b.n	100046d8 <hw_claim_unused_from_range+0x8c>
1000468c:	ea4f 0ed2 	mov.w	lr, r2, lsr #3
10004690:	f810 e00e 	ldrb.w	lr, [r0, lr]
10004694:	f002 0c07 	and.w	ip, r2, #7
10004698:	fa06 fc0c 	lsl.w	ip, r6, ip
1000469c:	ea1e 0f0c 	tst.w	lr, ip
100046a0:	eb00 07d2 	add.w	r7, r0, r2, lsr #3
100046a4:	d018      	beq.n	100046d8 <hw_claim_unused_from_range+0x8c>
100046a6:	3201      	adds	r2, #1
100046a8:	4293      	cmp	r3, r2
100046aa:	d2ef      	bcs.n	1000468c <hw_claim_unused_from_range+0x40>
100046ac:	f04f 30ff 	mov.w	r0, #4294967295	@ 0xffffffff
100046b0:	2300      	movs	r3, #0
100046b2:	e8c4 3f8f 	stlb	r3, [r4]
100046b6:	f385 8810 	msr	PRIMASK, r5
100046ba:	4298      	cmp	r0, r3
100046bc:	db07      	blt.n	100046ce <hw_claim_unused_from_range+0x82>
100046be:	bdf8      	pop	{r3, r4, r5, r6, r7, pc}
100046c0:	2300      	movs	r3, #0
100046c2:	e8c4 3f8f 	stlb	r3, [r4]
100046c6:	f385 8810 	msr	PRIMASK, r5
100046ca:	f04f 30ff 	mov.w	r0, #4294967295	@ 0xffffffff
100046ce:	2900      	cmp	r1, #0
100046d0:	d0f5      	beq.n	100046be <hw_claim_unused_from_range+0x72>
100046d2:	9806      	ldr	r0, [sp, #24]
100046d4:	f7ff ff76 	bl	100045c4 <panic>
100046d8:	ea4e 0e0c 	orr.w	lr, lr, ip
100046dc:	4610      	mov	r0, r2
100046de:	f887 e000 	strb.w	lr, [r7]
100046e2:	e7e5      	b.n	100046b0 <hw_claim_unused_from_range+0x64>
100046e4:	200012af 	.word	0x200012af

100046e8 <next_striped_spin_lock_num>:
100046e8:	4a04      	ldr	r2, [pc, #16]	@ (100046fc <next_striped_spin_lock_num+0x14>)
100046ea:	7810      	ldrb	r0, [r2, #0]
100046ec:	1c43      	adds	r3, r0, #1
100046ee:	b2db      	uxtb	r3, r3
100046f0:	2b18      	cmp	r3, #24
100046f2:	bf28      	it	cs
100046f4:	2310      	movcs	r3, #16
100046f6:	7013      	strb	r3, [r2, #0]
100046f8:	4770      	bx	lr
100046fa:	bf00      	nop
100046fc:	20000e7f 	.word	0x20000e7f

10004700 <spin_lock_claim_unused>:
10004700:	b510      	push	{r4, lr}
10004702:	4c05      	ldr	r4, [pc, #20]	@ (10004718 <spin_lock_claim_unused+0x18>)
10004704:	b082      	sub	sp, #8
10004706:	4601      	mov	r1, r0
10004708:	231f      	movs	r3, #31
1000470a:	2218      	movs	r2, #24
1000470c:	9400      	str	r4, [sp, #0]
1000470e:	4803      	ldr	r0, [pc, #12]	@ (1000471c <spin_lock_claim_unused+0x1c>)
10004710:	f7ff ff9c 	bl	1000464c <hw_claim_unused_from_range>
10004714:	b002      	add	sp, #8
10004716:	bd10      	pop	{r4, pc}
10004718:	1000b8e0 	.word	0x1000b8e0
1000471c:	20001420 	.word	0x20001420

10004720 <spinlock_set_extexclall>:
10004720:	f04f 22e0 	mov.w	r2, #3758153728	@ 0xe000e000
10004724:	6893      	ldr	r3, [r2, #8]
10004726:	f043 5300 	orr.w	r3, r3, #536870912	@ 0x20000000
1000472a:	6093      	str	r3, [r2, #8]
1000472c:	4770      	bx	lr
1000472e:	bf00      	nop

10004730 <spin_locks_reset>:
10004730:	2100      	movs	r1, #0
10004732:	4b04      	ldr	r3, [pc, #16]	@ (10004744 <spin_locks_reset+0x14>)
10004734:	f103 0220 	add.w	r2, r3, #32
10004738:	e8c3 1f8f 	stlb	r1, [r3]
1000473c:	3301      	adds	r3, #1
1000473e:	4293      	cmp	r3, r2
10004740:	d1fa      	bne.n	10004738 <spin_locks_reset+0x8>
10004742:	4770      	bx	lr
10004744:	200012a4 	.word	0x200012a4

10004748 <runtime_init_per_core_irq_priorities>:
10004748:	f04f 23e0 	mov.w	r3, #3758153728	@ 0xe000e000
1000474c:	f04f 3280 	mov.w	r2, #2155905152	@ 0x80808080
10004750:	f8c3 2400 	str.w	r2, [r3, #1024]	@ 0x400
10004754:	f8c3 2404 	str.w	r2, [r3, #1028]	@ 0x404
10004758:	f8c3 2408 	str.w	r2, [r3, #1032]	@ 0x408
1000475c:	f8c3 240c 	str.w	r2, [r3, #1036]	@ 0x40c
10004760:	f8c3 2410 	str.w	r2, [r3, #1040]	@ 0x410
10004764:	f8c3 2414 	str.w	r2, [r3, #1044]	@ 0x414
10004768:	f8c3 2418 	str.w	r2, [r3, #1048]	@ 0x418
1000476c:	f8c3 241c 	str.w	r2, [r3, #1052]	@ 0x41c
10004770:	f8c3 2420 	str.w	r2, [r3, #1056]	@ 0x420
10004774:	f8c3 2424 	str.w	r2, [r3, #1060]	@ 0x424
10004778:	f8c3 2428 	str.w	r2, [r3, #1064]	@ 0x428
1000477c:	f8c3 242c 	str.w	r2, [r3, #1068]	@ 0x42c
10004780:	f8c3 2430 	str.w	r2, [r3, #1072]	@ 0x430
10004784:	b662      	cpsie	i
10004786:	4770      	bx	lr

10004788 <irq_set_enabled>:
10004788:	2301      	movs	r3, #1
1000478a:	f000 021f 	and.w	r2, r0, #31
1000478e:	4093      	lsls	r3, r2
10004790:	0940      	lsrs	r0, r0, #5
10004792:	b141      	cbz	r1, 100047a6 <irq_set_enabled+0x1e>
10004794:	0080      	lsls	r0, r0, #2
10004796:	f100 4060 	add.w	r0, r0, #3758096384	@ 0xe0000000
1000479a:	f500 4061 	add.w	r0, r0, #57600	@ 0xe100
1000479e:	f8c0 3180 	str.w	r3, [r0, #384]	@ 0x180
100047a2:	6003      	str	r3, [r0, #0]
100047a4:	4770      	bx	lr
100047a6:	4a02      	ldr	r2, [pc, #8]	@ (100047b0 <irq_set_enabled+0x28>)
100047a8:	3020      	adds	r0, #32
100047aa:	f842 3020 	str.w	r3, [r2, r0, lsl #2]
100047ae:	4770      	bx	lr
100047b0:	e000e100 	.word	0xe000e100

100047b4 <irq_is_enabled>:
100047b4:	2301      	movs	r3, #1
100047b6:	4a06      	ldr	r2, [pc, #24]	@ (100047d0 <irq_is_enabled+0x1c>)
100047b8:	0941      	lsrs	r1, r0, #5
100047ba:	f852 2021 	ldr.w	r2, [r2, r1, lsl #2]
100047be:	f000 001f 	and.w	r0, r0, #31
100047c2:	4083      	lsls	r3, r0
100047c4:	4213      	tst	r3, r2
100047c6:	bf14      	ite	ne
100047c8:	2001      	movne	r0, #1
100047ca:	2000      	moveq	r0, #0
100047cc:	4770      	bx	lr
100047ce:	bf00      	nop
100047d0:	e000e100 	.word	0xe000e100

100047d4 <irq_set_pending>:
100047d4:	2201      	movs	r2, #1
100047d6:	0943      	lsrs	r3, r0, #5
100047d8:	4903      	ldr	r1, [pc, #12]	@ (100047e8 <irq_set_pending+0x14>)
100047da:	f000 001f 	and.w	r0, r0, #31
100047de:	4082      	lsls	r2, r0
100047e0:	3340      	adds	r3, #64	@ 0x40
100047e2:	f841 2023 	str.w	r2, [r1, r3, lsl #2]
100047e6:	4770      	bx	lr
100047e8:	e000e100 	.word	0xe000e100

100047ec <irq_has_shared_handler>:
100047ec:	4a05      	ldr	r2, [pc, #20]	@ (10004804 <irq_has_shared_handler+0x18>)
100047ee:	3010      	adds	r0, #16
100047f0:	6892      	ldr	r2, [r2, #8]
100047f2:	4b05      	ldr	r3, [pc, #20]	@ (10004808 <irq_has_shared_handler+0x1c>)
100047f4:	f852 0020 	ldr.w	r0, [r2, r0, lsl #2]
100047f8:	1ac0      	subs	r0, r0, r3
100047fa:	2847      	cmp	r0, #71	@ 0x47
100047fc:	bf8c      	ite	hi
100047fe:	2000      	movhi	r0, #0
10004800:	2001      	movls	r0, #1
10004802:	4770      	bx	lr
10004804:	e000ed00 	.word	0xe000ed00
10004808:	20000e80 	.word	0x20000e80

1000480c <irq_set_exclusive_handler>:
1000480c:	b510      	push	{r4, lr}
1000480e:	f3ef 8c10 	mrs	ip, PRIMASK
10004812:	b672      	cpsid	i
10004814:	4b11      	ldr	r3, [pc, #68]	@ (1000485c <irq_set_exclusive_handler+0x50>)
10004816:	e8d3 4fcf 	ldaexb	r4, [r3]
1000481a:	2201      	movs	r2, #1
1000481c:	2c00      	cmp	r4, #0
1000481e:	d1fa      	bne.n	10004816 <irq_set_exclusive_handler+0xa>
10004820:	e8c3 2f44 	strexb	r4, r2, [r3]
10004824:	2c00      	cmp	r4, #0
10004826:	d1f6      	bne.n	10004816 <irq_set_exclusive_handler+0xa>
10004828:	f3bf 8f5f 	dmb	sy
1000482c:	4a0c      	ldr	r2, [pc, #48]	@ (10004860 <irq_set_exclusive_handler+0x54>)
1000482e:	3010      	adds	r0, #16
10004830:	6892      	ldr	r2, [r2, #8]
10004832:	4c0c      	ldr	r4, [pc, #48]	@ (10004864 <irq_set_exclusive_handler+0x58>)
10004834:	f852 2020 	ldr.w	r2, [r2, r0, lsl #2]
10004838:	42a2      	cmp	r2, r4
1000483a:	d001      	beq.n	10004840 <irq_set_exclusive_handler+0x34>
1000483c:	4291      	cmp	r1, r2
1000483e:	d10b      	bne.n	10004858 <irq_set_exclusive_handler+0x4c>
10004840:	4a07      	ldr	r2, [pc, #28]	@ (10004860 <irq_set_exclusive_handler+0x54>)
10004842:	6892      	ldr	r2, [r2, #8]
10004844:	f842 1020 	str.w	r1, [r2, r0, lsl #2]
10004848:	f3bf 8f5f 	dmb	sy
1000484c:	2200      	movs	r2, #0
1000484e:	e8c3 2f8f 	stlb	r2, [r3]
10004852:	f38c 8810 	msr	PRIMASK, ip
10004856:	bd10      	pop	{r4, pc}
10004858:	f001 f936 	bl	10005ac8 <hard_assertion_failure>
1000485c:	200012ad 	.word	0x200012ad
10004860:	e000ed00 	.word	0xe000ed00
10004864:	10000111 	.word	0x10000111

10004868 <irq_add_shared_handler>:
10004868:	e92d 4ff0 	stmdb	sp!, {r4, r5, r6, r7, r8, r9, sl, fp, lr}
1000486c:	460b      	mov	r3, r1
1000486e:	b083      	sub	sp, #12
10004870:	f3ef 8a10 	mrs	sl, PRIMASK
10004874:	b672      	cpsid	i
10004876:	f8df 91ac 	ldr.w	r9, [pc, #428]	@ 10004a24 <irq_add_shared_handler+0x1bc>
1000487a:	e8d9 4fcf 	ldaexb	r4, [r9]
1000487e:	2101      	movs	r1, #1
10004880:	2c00      	cmp	r4, #0
10004882:	d1fa      	bne.n	1000487a <irq_add_shared_handler+0x12>
10004884:	e8c9 1f44 	strexb	r4, r1, [r9]
10004888:	2c00      	cmp	r4, #0
1000488a:	d1f6      	bne.n	1000487a <irq_add_shared_handler+0x12>
1000488c:	f3bf 8f5f 	dmb	sy
10004890:	495d      	ldr	r1, [pc, #372]	@ (10004a08 <irq_add_shared_handler+0x1a0>)
10004892:	f991 8000 	ldrsb.w	r8, [r1]
10004896:	f1b8 0f00 	cmp.w	r8, #0
1000489a:	f2c0 80b2 	blt.w	10004a02 <irq_add_shared_handler+0x19a>
1000489e:	4c5b      	ldr	r4, [pc, #364]	@ (10004a0c <irq_add_shared_handler+0x1a4>)
100048a0:	eb08 0748 	add.w	r7, r8, r8, lsl #1
100048a4:	eb04 0587 	add.w	r5, r4, r7, lsl #2
100048a8:	79ae      	ldrb	r6, [r5, #6]
100048aa:	3010      	adds	r0, #16
100048ac:	700e      	strb	r6, [r1, #0]
100048ae:	4958      	ldr	r1, [pc, #352]	@ (10004a10 <irq_add_shared_handler+0x1a8>)
100048b0:	ea4f 0648 	mov.w	r6, r8, lsl #1
100048b4:	6889      	ldr	r1, [r1, #8]
100048b6:	9600      	str	r6, [sp, #0]
100048b8:	f851 1020 	ldr.w	r1, [r1, r0, lsl #2]
100048bc:	00bf      	lsls	r7, r7, #2
100048be:	1b0e      	subs	r6, r1, r4
100048c0:	2e47      	cmp	r6, #71	@ 0x47
100048c2:	d834      	bhi.n	1000492e <irq_add_shared_handler+0xc6>
100048c4:	f021 0e01 	bic.w	lr, r1, #1
100048c8:	f89e 6007 	ldrb.w	r6, [lr, #7]
100048cc:	4296      	cmp	r6, r2
100048ce:	d809      	bhi.n	100048e4 <irq_add_shared_handler+0x7c>
100048d0:	e071      	b.n	100049b6 <irq_add_shared_handler+0x14e>
100048d2:	eb0c 064c 	add.w	r6, ip, ip, lsl #1
100048d6:	eb04 0686 	add.w	r6, r4, r6, lsl #2
100048da:	f896 b007 	ldrb.w	fp, [r6, #7]
100048de:	4593      	cmp	fp, r2
100048e0:	d94e      	bls.n	10004980 <irq_add_shared_handler+0x118>
100048e2:	46b6      	mov	lr, r6
100048e4:	f99e c006 	ldrsb.w	ip, [lr, #6]
100048e8:	f1bc 0f00 	cmp.w	ip, #0
100048ec:	daf1      	bge.n	100048d2 <irq_add_shared_handler+0x6a>
100048ee:	f64b 5601 	movw	r6, #48385	@ 0xbd01
100048f2:	f10e 0b04 	add.w	fp, lr, #4
100048f6:	3d04      	subs	r5, #4
100048f8:	eba5 050b 	sub.w	r5, r5, fp
100048fc:	f3c5 054a 	ubfx	r5, r5, #1, #11
10004900:	ea6f 45c5 	mvn.w	r5, r5, lsl #19
10004904:	9f00      	ldr	r7, [sp, #0]
10004906:	ea6f 45d5 	mvn.w	r5, r5, lsr #19
1000490a:	4447      	add	r7, r8
1000490c:	46bb      	mov	fp, r7
1000490e:	f88e 8006 	strb.w	r8, [lr, #6]
10004912:	f8df 810c 	ldr.w	r8, [pc, #268]	@ 10004a20 <irq_add_shared_handler+0x1b8>
10004916:	eb04 0787 	add.w	r7, r4, r7, lsl #2
1000491a:	f8ae 5004 	strh.w	r5, [lr, #4]
1000491e:	f844 802b 	str.w	r8, [r4, fp, lsl #2]
10004922:	80be      	strh	r6, [r7, #4]
10004924:	f887 c006 	strb.w	ip, [r7, #6]
10004928:	71fa      	strb	r2, [r7, #7]
1000492a:	60bb      	str	r3, [r7, #8]
1000492c:	e01a      	b.n	10004964 <irq_add_shared_handler+0xfc>
1000492e:	4e39      	ldr	r6, [pc, #228]	@ (10004a14 <irq_add_shared_handler+0x1ac>)
10004930:	42b1      	cmp	r1, r6
10004932:	d166      	bne.n	10004a02 <irq_add_shared_handler+0x19a>
10004934:	60ab      	str	r3, [r5, #8]
10004936:	4b38      	ldr	r3, [pc, #224]	@ (10004a18 <irq_add_shared_handler+0x1b0>)
10004938:	71ea      	strb	r2, [r5, #7]
1000493a:	1cba      	adds	r2, r7, #2
1000493c:	4422      	add	r2, r4
1000493e:	3b04      	subs	r3, #4
10004940:	1a9b      	subs	r3, r3, r2
10004942:	f3c3 034a 	ubfx	r3, r3, #1, #11
10004946:	ea6f 43c3 	mvn.w	r3, r3, lsl #19
1000494a:	f44f 4221 	mov.w	r2, #41216	@ 0xa100
1000494e:	ea6f 43d3 	mvn.w	r3, r3, lsr #19
10004952:	53e2      	strh	r2, [r4, r7]
10004954:	806b      	strh	r3, [r5, #2]
10004956:	22ff      	movs	r2, #255	@ 0xff
10004958:	f64b 5301 	movw	r3, #48385	@ 0xbd01
1000495c:	71aa      	strb	r2, [r5, #6]
1000495e:	80ab      	strh	r3, [r5, #4]
10004960:	f045 0101 	orr.w	r1, r5, #1
10004964:	4b2a      	ldr	r3, [pc, #168]	@ (10004a10 <irq_add_shared_handler+0x1a8>)
10004966:	689b      	ldr	r3, [r3, #8]
10004968:	f843 1020 	str.w	r1, [r3, r0, lsl #2]
1000496c:	f3bf 8f5f 	dmb	sy
10004970:	2300      	movs	r3, #0
10004972:	e8c9 3f8f 	stlb	r3, [r9]
10004976:	f38a 8810 	msr	PRIMASK, sl
1000497a:	b003      	add	sp, #12
1000497c:	e8bd 8ff0 	ldmia.w	sp!, {r4, r5, r6, r7, r8, r9, sl, fp, pc}
10004980:	46f3      	mov	fp, lr
10004982:	f83b 6f04 	ldrh.w	r6, [fp, #4]!
10004986:	0576      	lsls	r6, r6, #21
10004988:	d40f      	bmi.n	100049aa <irq_add_shared_handler+0x142>
1000498a:	1576      	asrs	r6, r6, #21
1000498c:	3602      	adds	r6, #2
1000498e:	eb0b 0646 	add.w	r6, fp, r6, lsl #1
10004992:	9601      	str	r6, [sp, #4]
10004994:	f06f 0607 	mvn.w	r6, #7
10004998:	1bf6      	subs	r6, r6, r7
1000499a:	9f01      	ldr	r7, [sp, #4]
1000499c:	1b36      	subs	r6, r6, r4
1000499e:	443e      	add	r6, r7
100049a0:	f3c6 064a 	ubfx	r6, r6, #1, #11
100049a4:	f446 4660 	orr.w	r6, r6, #57344	@ 0xe000
100049a8:	e7a5      	b.n	100048f6 <irq_add_shared_handler+0x8e>
100049aa:	f506 16ff 	add.w	r6, r6, #2088960	@ 0x1fe000
100049ae:	f506 56ff 	add.w	r6, r6, #8160	@ 0x1fe0
100049b2:	361f      	adds	r6, #31
100049b4:	e7e9      	b.n	1000498a <irq_add_shared_handler+0x122>
100049b6:	60ab      	str	r3, [r5, #8]
100049b8:	f06f 0307 	mvn.w	r3, #7
100049bc:	71ea      	strb	r2, [r5, #7]
100049be:	f44f 4221 	mov.w	r2, #41216	@ 0xa100
100049c2:	1bdb      	subs	r3, r3, r7
100049c4:	1b1b      	subs	r3, r3, r4
100049c6:	4473      	add	r3, lr
100049c8:	53e2      	strh	r2, [r4, r7]
100049ca:	f3c3 024a 	ubfx	r2, r3, #1, #11
100049ce:	4b12      	ldr	r3, [pc, #72]	@ (10004a18 <irq_add_shared_handler+0x1b0>)
100049d0:	4e12      	ldr	r6, [pc, #72]	@ (10004a1c <irq_add_shared_handler+0x1b4>)
100049d2:	3702      	adds	r7, #2
100049d4:	4427      	add	r7, r4
100049d6:	3b04      	subs	r3, #4
100049d8:	4332      	orrs	r2, r6
100049da:	1bdb      	subs	r3, r3, r7
100049dc:	80aa      	strh	r2, [r5, #4]
100049de:	f3c3 034a 	ubfx	r3, r3, #1, #11
100049e2:	4a0f      	ldr	r2, [pc, #60]	@ (10004a20 <irq_add_shared_handler+0x1b8>)
100049e4:	4333      	orrs	r3, r6
100049e6:	806b      	strh	r3, [r5, #2]
100049e8:	f64a 21aa 	movw	r1, #43690	@ 0xaaaa
100049ec:	4673      	mov	r3, lr
100049ee:	1b1b      	subs	r3, r3, r4
100049f0:	415b      	adcs	r3, r3
100049f2:	4359      	muls	r1, r3
100049f4:	0d09      	lsrs	r1, r1, #20
100049f6:	71a9      	strb	r1, [r5, #6]
100049f8:	f8ce 2000 	str.w	r2, [lr]
100049fc:	f045 0101 	orr.w	r1, r5, #1
10004a00:	e7b0      	b.n	10004964 <irq_add_shared_handler+0xfc>
10004a02:	f001 f861 	bl	10005ac8 <hard_assertion_failure>
10004a06:	bf00      	nop
10004a08:	2000241e 	.word	0x2000241e
10004a0c:	20000e80 	.word	0x20000e80
10004a10:	e000ed00 	.word	0xe000ed00
10004a14:	10000111 	.word	0x10000111
10004a18:	20000ec8 	.word	0x20000ec8
10004a1c:	ffffe000 	.word	0xffffe000
10004a20:	47804801 	.word	0x47804801
10004a24:	200012ad 	.word	0x200012ad

10004a28 <irq_remove_handler>:
10004a28:	e92d 4ff8 	stmdb	sp!, {r3, r4, r5, r6, r7, r8, r9, sl, fp, lr}
10004a2c:	f3ef 8710 	mrs	r7, PRIMASK
10004a30:	b672      	cpsid	i
10004a32:	4c73      	ldr	r4, [pc, #460]	@ (10004c00 <irq_remove_handler+0x1d8>)
10004a34:	e8d4 2fcf 	ldaexb	r2, [r4]
10004a38:	2301      	movs	r3, #1
10004a3a:	2a00      	cmp	r2, #0
10004a3c:	d1fa      	bne.n	10004a34 <irq_remove_handler+0xc>
10004a3e:	e8c4 3f42 	strexb	r2, r3, [r4]
10004a42:	2a00      	cmp	r2, #0
10004a44:	d1f6      	bne.n	10004a34 <irq_remove_handler+0xc>
10004a46:	f3bf 8f5f 	dmb	sy
10004a4a:	4b6e      	ldr	r3, [pc, #440]	@ (10004c04 <irq_remove_handler+0x1dc>)
10004a4c:	f100 0e10 	add.w	lr, r0, #16
10004a50:	689b      	ldr	r3, [r3, #8]
10004a52:	f8df b1c0 	ldr.w	fp, [pc, #448]	@ 10004c14 <irq_remove_handler+0x1ec>
10004a56:	f853 202e 	ldr.w	r2, [r3, lr, lsl #2]
10004a5a:	455a      	cmp	r2, fp
10004a5c:	d03c      	beq.n	10004ad8 <irq_remove_handler+0xb0>
10004a5e:	428a      	cmp	r2, r1
10004a60:	d047      	beq.n	10004af2 <irq_remove_handler+0xca>
10004a62:	4d69      	ldr	r5, [pc, #420]	@ (10004c08 <irq_remove_handler+0x1e0>)
10004a64:	1b53      	subs	r3, r2, r5
10004a66:	2b47      	cmp	r3, #71	@ 0x47
10004a68:	d836      	bhi.n	10004ad8 <irq_remove_handler+0xb0>
10004a6a:	f04f 0c01 	mov.w	ip, #1
10004a6e:	0946      	lsrs	r6, r0, #5
10004a70:	00b6      	lsls	r6, r6, #2
10004a72:	f106 4660 	add.w	r6, r6, #3758096384	@ 0xe0000000
10004a76:	f506 4661 	add.w	r6, r6, #57600	@ 0xe100
10004a7a:	f000 031f 	and.w	r3, r0, #31
10004a7e:	fa0c f003 	lsl.w	r0, ip, r3
10004a82:	6833      	ldr	r3, [r6, #0]
10004a84:	f8c6 0080 	str.w	r0, [r6, #128]	@ 0x80
10004a88:	ea00 0803 	and.w	r8, r0, r3
10004a8c:	f3bf 8f5f 	dmb	sy
10004a90:	f3ef 8305 	mrs	r3, IPSR
10004a94:	b2db      	uxtb	r3, r3
10004a96:	4699      	mov	r9, r3
10004a98:	b36b      	cbz	r3, 10004af6 <irq_remove_handler+0xce>
10004a9a:	459e      	cmp	lr, r3
10004a9c:	f040 80ad 	bne.w	10004bfa <irq_remove_handler+0x1d2>
10004aa0:	f022 0c01 	bic.w	ip, r2, #1
10004aa4:	f8dc a008 	ldr.w	sl, [ip, #8]
10004aa8:	4551      	cmp	r1, sl
10004aaa:	d109      	bne.n	10004ac0 <irq_remove_handler+0x98>
10004aac:	e08f      	b.n	10004bce <irq_remove_handler+0x1a6>
10004aae:	eb03 0343 	add.w	r3, r3, r3, lsl #1
10004ab2:	eb05 0383 	add.w	r3, r5, r3, lsl #2
10004ab6:	f8d3 a008 	ldr.w	sl, [r3, #8]
10004aba:	4551      	cmp	r1, sl
10004abc:	d02c      	beq.n	10004b18 <irq_remove_handler+0xf0>
10004abe:	469c      	mov	ip, r3
10004ac0:	f99c 3006 	ldrsb.w	r3, [ip, #6]
10004ac4:	2b00      	cmp	r3, #0
10004ac6:	daf2      	bge.n	10004aae <irq_remove_handler+0x86>
10004ac8:	4551      	cmp	r1, sl
10004aca:	d063      	beq.n	10004b94 <irq_remove_handler+0x16c>
10004acc:	f1b8 0f00 	cmp.w	r8, #0
10004ad0:	d01f      	beq.n	10004b12 <irq_remove_handler+0xea>
10004ad2:	f8c6 0180 	str.w	r0, [r6, #384]	@ 0x180
10004ad6:	6030      	str	r0, [r6, #0]
10004ad8:	4b4a      	ldr	r3, [pc, #296]	@ (10004c04 <irq_remove_handler+0x1dc>)
10004ada:	689b      	ldr	r3, [r3, #8]
10004adc:	f843 202e 	str.w	r2, [r3, lr, lsl #2]
10004ae0:	f3bf 8f5f 	dmb	sy
10004ae4:	2300      	movs	r3, #0
10004ae6:	e8c4 3f8f 	stlb	r3, [r4]
10004aea:	f387 8810 	msr	PRIMASK, r7
10004aee:	e8bd 8ff8 	ldmia.w	sp!, {r3, r4, r5, r6, r7, r8, r9, sl, fp, pc}
10004af2:	465a      	mov	r2, fp
10004af4:	e7f0      	b.n	10004ad8 <irq_remove_handler+0xb0>
10004af6:	f022 0c01 	bic.w	ip, r2, #1
10004afa:	f8dc a008 	ldr.w	sl, [ip, #8]
10004afe:	4551      	cmp	r1, sl
10004b00:	d1de      	bne.n	10004ac0 <irq_remove_handler+0x98>
10004b02:	f99c a006 	ldrsb.w	sl, [ip, #6]
10004b06:	4663      	mov	r3, ip
10004b08:	f1ba 0f00 	cmp.w	sl, #0
10004b0c:	da09      	bge.n	10004b22 <irq_remove_handler+0xfa>
10004b0e:	465a      	mov	r2, fp
10004b10:	e04b      	b.n	10004baa <irq_remove_handler+0x182>
10004b12:	f8c6 0080 	str.w	r0, [r6, #128]	@ 0x80
10004b16:	e7df      	b.n	10004ad8 <irq_remove_handler+0xb0>
10004b18:	f993 a006 	ldrsb.w	sl, [r3, #6]
10004b1c:	f1ba 0f00 	cmp.w	sl, #0
10004b20:	db39      	blt.n	10004b96 <irq_remove_handler+0x16e>
10004b22:	eb0a 094a 	add.w	r9, sl, sl, lsl #1
10004b26:	eb05 0989 	add.w	r9, r5, r9, lsl #2
10004b2a:	f8d9 1008 	ldr.w	r1, [r9, #8]
10004b2e:	ea4f 0c4a 	mov.w	ip, sl, lsl #1
10004b32:	6099      	str	r1, [r3, #8]
10004b34:	f899 1007 	ldrb.w	r1, [r9, #7]
10004b38:	71d9      	strb	r1, [r3, #7]
10004b3a:	f999 1006 	ldrsb.w	r1, [r9, #6]
10004b3e:	2900      	cmp	r1, #0
10004b40:	7199      	strb	r1, [r3, #6]
10004b42:	db41      	blt.n	10004bc8 <irq_remove_handler+0x1a0>
10004b44:	f8b9 1004 	ldrh.w	r1, [r9, #4]
10004b48:	0549      	lsls	r1, r1, #21
10004b4a:	d504      	bpl.n	10004b56 <irq_remove_handler+0x12e>
10004b4c:	f501 11ff 	add.w	r1, r1, #2088960	@ 0x1fe000
10004b50:	f501 51ff 	add.w	r1, r1, #8160	@ 0x1fe0
10004b54:	311f      	adds	r1, #31
10004b56:	1549      	asrs	r1, r1, #21
10004b58:	f101 0902 	add.w	r9, r1, #2
10004b5c:	f04f 0b04 	mov.w	fp, #4
10004b60:	210c      	movs	r1, #12
10004b62:	fb11 b10a 	smlabb	r1, r1, sl, fp
10004b66:	eb01 0149 	add.w	r1, r1, r9, lsl #1
10004b6a:	f06f 0907 	mvn.w	r9, #7
10004b6e:	4429      	add	r1, r5
10004b70:	eba9 0903 	sub.w	r9, r9, r3
10004b74:	4449      	add	r1, r9
10004b76:	f3c1 014a 	ubfx	r1, r1, #1, #11
10004b7a:	f441 4160 	orr.w	r1, r1, #57344	@ 0xe000
10004b7e:	8099      	strh	r1, [r3, #4]
10004b80:	4b22      	ldr	r3, [pc, #136]	@ (10004c0c <irq_remove_handler+0x1e4>)
10004b82:	44d4      	add	ip, sl
10004b84:	7819      	ldrb	r1, [r3, #0]
10004b86:	eb05 0c8c 	add.w	ip, r5, ip, lsl #2
10004b8a:	f883 a000 	strb.w	sl, [r3]
10004b8e:	f88c 1006 	strb.w	r1, [ip, #6]
10004b92:	e79b      	b.n	10004acc <irq_remove_handler+0xa4>
10004b94:	4663      	mov	r3, ip
10004b96:	f1b9 0f00 	cmp.w	r9, #0
10004b9a:	d11e      	bne.n	10004bda <irq_remove_handler+0x1b2>
10004b9c:	21ff      	movs	r1, #255	@ 0xff
10004b9e:	f88c 1006 	strb.w	r1, [ip, #6]
10004ba2:	f64b 5101 	movw	r1, #48385	@ 0xbd01
10004ba6:	f8ac 1004 	strh.w	r1, [ip, #4]
10004baa:	f8df 9060 	ldr.w	r9, [pc, #96]	@ 10004c0c <irq_remove_handler+0x1e4>
10004bae:	f64a 21aa 	movw	r1, #43690	@ 0xaaaa
10004bb2:	f899 a000 	ldrb.w	sl, [r9]
10004bb6:	f883 a006 	strb.w	sl, [r3, #6]
10004bba:	1b5b      	subs	r3, r3, r5
10004bbc:	415b      	adcs	r3, r3
10004bbe:	4359      	muls	r1, r3
10004bc0:	0d09      	lsrs	r1, r1, #20
10004bc2:	f889 1000 	strb.w	r1, [r9]
10004bc6:	e781      	b.n	10004acc <irq_remove_handler+0xa4>
10004bc8:	f64b 5101 	movw	r1, #48385	@ 0xbd01
10004bcc:	e7d7      	b.n	10004b7e <irq_remove_handler+0x156>
10004bce:	f99c a006 	ldrsb.w	sl, [ip, #6]
10004bd2:	4663      	mov	r3, ip
10004bd4:	f1ba 0f00 	cmp.w	sl, #0
10004bd8:	daa3      	bge.n	10004b22 <irq_remove_handler+0xfa>
10004bda:	490d      	ldr	r1, [pc, #52]	@ (10004c10 <irq_remove_handler+0x1e8>)
10004bdc:	f8df c038 	ldr.w	ip, [pc, #56]	@ 10004c18 <irq_remove_handler+0x1f0>
10004be0:	1ac9      	subs	r1, r1, r3
10004be2:	3908      	subs	r1, #8
10004be4:	f3c1 350a 	ubfx	r5, r1, #12, #11
10004be8:	ea6f 5505 	mvn.w	r5, r5, lsl #20
10004bec:	ea6f 5515 	mvn.w	r5, r5, lsr #20
10004bf0:	ea4c 0151 	orr.w	r1, ip, r1, lsr #1
10004bf4:	80d9      	strh	r1, [r3, #6]
10004bf6:	809d      	strh	r5, [r3, #4]
10004bf8:	e768      	b.n	10004acc <irq_remove_handler+0xa4>
10004bfa:	f000 ff65 	bl	10005ac8 <hard_assertion_failure>
10004bfe:	bf00      	nop
10004c00:	200012ad 	.word	0x200012ad
10004c04:	e000ed00 	.word	0xe000ed00
10004c08:	20000e80 	.word	0x20000e80
10004c0c:	2000241e 	.word	0x2000241e
10004c10:	20000ed2 	.word	0x20000ed2
10004c14:	10000111 	.word	0x10000111
10004c18:	fffff800 	.word	0xfffff800

10004c1c <irq_add_tail_to_free_list>:
10004c1c:	b5f0      	push	{r4, r5, r6, r7, lr}
10004c1e:	f3ef 8505 	mrs	r5, IPSR
10004c22:	b2ed      	uxtb	r5, r5
10004c24:	f3ef 8c10 	mrs	ip, PRIMASK
10004c28:	b672      	cpsid	i
10004c2a:	492c      	ldr	r1, [pc, #176]	@ (10004cdc <irq_add_tail_to_free_list+0xc0>)
10004c2c:	e8d1 2fcf 	ldaexb	r2, [r1]
10004c30:	2301      	movs	r3, #1
10004c32:	2a00      	cmp	r2, #0
10004c34:	d1fa      	bne.n	10004c2c <irq_add_tail_to_free_list+0x10>
10004c36:	e8c1 3f42 	strexb	r2, r3, [r1]
10004c3a:	2a00      	cmp	r2, #0
10004c3c:	d1f6      	bne.n	10004c2c <irq_add_tail_to_free_list+0x10>
10004c3e:	f3bf 8f5f 	dmb	sy
10004c42:	4e27      	ldr	r6, [pc, #156]	@ (10004ce0 <irq_add_tail_to_free_list+0xc4>)
10004c44:	f040 0e01 	orr.w	lr, r0, #1
10004c48:	68b4      	ldr	r4, [r6, #8]
10004c4a:	f64a 23aa 	movw	r3, #43690	@ 0xaaaa
10004c4e:	f854 7025 	ldr.w	r7, [r4, r5, lsl #2]
10004c52:	4a24      	ldr	r2, [pc, #144]	@ (10004ce4 <irq_add_tail_to_free_list+0xc8>)
10004c54:	4604      	mov	r4, r0
10004c56:	1aa4      	subs	r4, r4, r2
10004c58:	4164      	adcs	r4, r4
10004c5a:	4363      	muls	r3, r4
10004c5c:	0d1b      	lsrs	r3, r3, #20
10004c5e:	4577      	cmp	r7, lr
10004c60:	b25b      	sxtb	r3, r3
10004c62:	d023      	beq.n	10004cac <irq_add_tail_to_free_list+0x90>
10004c64:	f992 4006 	ldrsb.w	r4, [r2, #6]
10004c68:	429c      	cmp	r4, r3
10004c6a:	d024      	beq.n	10004cb6 <irq_add_tail_to_free_list+0x9a>
10004c6c:	f992 4012 	ldrsb.w	r4, [r2, #18]
10004c70:	429c      	cmp	r4, r3
10004c72:	d02b      	beq.n	10004ccc <irq_add_tail_to_free_list+0xb0>
10004c74:	f992 401e 	ldrsb.w	r4, [r2, #30]
10004c78:	429c      	cmp	r4, r3
10004c7a:	d029      	beq.n	10004cd0 <irq_add_tail_to_free_list+0xb4>
10004c7c:	f992 402a 	ldrsb.w	r4, [r2, #42]	@ 0x2a
10004c80:	429c      	cmp	r4, r3
10004c82:	d027      	beq.n	10004cd4 <irq_add_tail_to_free_list+0xb8>
10004c84:	f992 4036 	ldrsb.w	r4, [r2, #54]	@ 0x36
10004c88:	429c      	cmp	r4, r3
10004c8a:	d025      	beq.n	10004cd8 <irq_add_tail_to_free_list+0xbc>
10004c8c:	f992 4042 	ldrsb.w	r4, [r2, #66]	@ 0x42
10004c90:	429c      	cmp	r4, r3
10004c92:	bf08      	it	eq
10004c94:	2405      	moveq	r4, #5
10004c96:	d00f      	beq.n	10004cb8 <irq_add_tail_to_free_list+0x9c>
10004c98:	4a13      	ldr	r2, [pc, #76]	@ (10004ce8 <irq_add_tail_to_free_list+0xcc>)
10004c9a:	2400      	movs	r4, #0
10004c9c:	7815      	ldrb	r5, [r2, #0]
10004c9e:	7013      	strb	r3, [r2, #0]
10004ca0:	7185      	strb	r5, [r0, #6]
10004ca2:	e8c1 4f8f 	stlb	r4, [r1]
10004ca6:	f38c 8810 	msr	PRIMASK, ip
10004caa:	bdf0      	pop	{r4, r5, r6, r7, pc}
10004cac:	68b2      	ldr	r2, [r6, #8]
10004cae:	4c0f      	ldr	r4, [pc, #60]	@ (10004cec <irq_add_tail_to_free_list+0xd0>)
10004cb0:	f842 4025 	str.w	r4, [r2, r5, lsl #2]
10004cb4:	e7f0      	b.n	10004c98 <irq_add_tail_to_free_list+0x7c>
10004cb6:	2400      	movs	r4, #0
10004cb8:	eb04 0444 	add.w	r4, r4, r4, lsl #1
10004cbc:	eb02 0284 	add.w	r2, r2, r4, lsl #2
10004cc0:	24ff      	movs	r4, #255	@ 0xff
10004cc2:	7194      	strb	r4, [r2, #6]
10004cc4:	f64b 5401 	movw	r4, #48385	@ 0xbd01
10004cc8:	8094      	strh	r4, [r2, #4]
10004cca:	e7e5      	b.n	10004c98 <irq_add_tail_to_free_list+0x7c>
10004ccc:	2401      	movs	r4, #1
10004cce:	e7f3      	b.n	10004cb8 <irq_add_tail_to_free_list+0x9c>
10004cd0:	2402      	movs	r4, #2
10004cd2:	e7f1      	b.n	10004cb8 <irq_add_tail_to_free_list+0x9c>
10004cd4:	2403      	movs	r4, #3
10004cd6:	e7ef      	b.n	10004cb8 <irq_add_tail_to_free_list+0x9c>
10004cd8:	2404      	movs	r4, #4
10004cda:	e7ed      	b.n	10004cb8 <irq_add_tail_to_free_list+0x9c>
10004cdc:	200012ad 	.word	0x200012ad
10004ce0:	e000ed00 	.word	0xe000ed00
10004ce4:	20000e80 	.word	0x20000e80
10004ce8:	2000241e 	.word	0x2000241e
10004cec:	10000111 	.word	0x10000111

10004cf0 <user_irq_claim_unused>:
10004cf0:	b510      	push	{r4, lr}
10004cf2:	4c07      	ldr	r4, [pc, #28]	@ (10004d10 <user_irq_claim_unused+0x20>)
10004cf4:	b082      	sub	sp, #8
10004cf6:	4601      	mov	r1, r0
10004cf8:	2305      	movs	r3, #5
10004cfa:	2200      	movs	r2, #0
10004cfc:	9400      	str	r4, [sp, #0]
10004cfe:	4805      	ldr	r0, [pc, #20]	@ (10004d14 <user_irq_claim_unused+0x24>)
10004d00:	f7ff fca4 	bl	1000464c <hw_claim_unused_from_range>
10004d04:	2800      	cmp	r0, #0
10004d06:	bfa8      	it	ge
10004d08:	f1c0 0033 	rsbge	r0, r0, #51	@ 0x33
10004d0c:	b002      	add	sp, #8
10004d0e:	bd10      	pop	{r4, pc}
10004d10:	1000b8fc 	.word	0x1000b8fc
10004d14:	20002423 	.word	0x20002423

10004d18 <lock_init>:
10004d18:	4b01      	ldr	r3, [pc, #4]	@ (10004d20 <lock_init+0x8>)
10004d1a:	440b      	add	r3, r1
10004d1c:	6003      	str	r3, [r0, #0]
10004d1e:	4770      	bx	lr
10004d20:	200012a4 	.word	0x200012a4

10004d24 <runtime_init_mutex>:
10004d24:	b570      	push	{r4, r5, r6, lr}
10004d26:	4c10      	ldr	r4, [pc, #64]	@ (10004d68 <runtime_init_mutex+0x44>)
10004d28:	4d10      	ldr	r5, [pc, #64]	@ (10004d6c <runtime_init_mutex+0x48>)
10004d2a:	42ac      	cmp	r4, r5
10004d2c:	d20e      	bcs.n	10004d4c <runtime_init_mutex+0x28>
10004d2e:	26ff      	movs	r6, #255	@ 0xff
10004d30:	6823      	ldr	r3, [r4, #0]
10004d32:	b163      	cbz	r3, 10004d4e <runtime_init_mutex+0x2a>
10004d34:	f7ff fcd8 	bl	100046e8 <next_striped_spin_lock_num>
10004d38:	4601      	mov	r1, r0
10004d3a:	4620      	mov	r0, r4
10004d3c:	f7ff ffec 	bl	10004d18 <lock_init>
10004d40:	80a6      	strh	r6, [r4, #4]
10004d42:	f3bf 8f5f 	dmb	sy
10004d46:	3408      	adds	r4, #8
10004d48:	42ac      	cmp	r4, r5
10004d4a:	d3f1      	bcc.n	10004d30 <runtime_init_mutex+0xc>
10004d4c:	bd70      	pop	{r4, r5, r6, pc}
10004d4e:	f7ff fccb 	bl	100046e8 <next_striped_spin_lock_num>
10004d52:	4601      	mov	r1, r0
10004d54:	4620      	mov	r0, r4
10004d56:	f7ff ffdf 	bl	10004d18 <lock_init>
10004d5a:	7126      	strb	r6, [r4, #4]
10004d5c:	f3bf 8f5f 	dmb	sy
10004d60:	3408      	adds	r4, #8
10004d62:	42ac      	cmp	r4, r5
10004d64:	d3e4      	bcc.n	10004d30 <runtime_init_mutex+0xc>
10004d66:	bd70      	pop	{r4, r5, r6, pc}
10004d68:	20000f5c 	.word	0x20000f5c
10004d6c:	20000f64 	.word	0x20000f64

10004d70 <mutex_init>:
10004d70:	b510      	push	{r4, lr}
10004d72:	4604      	mov	r4, r0
10004d74:	f7ff fcb8 	bl	100046e8 <next_striped_spin_lock_num>
10004d78:	4601      	mov	r1, r0
10004d7a:	4620      	mov	r0, r4
10004d7c:	f7ff ffcc 	bl	10004d18 <lock_init>
10004d80:	23ff      	movs	r3, #255	@ 0xff
10004d82:	7123      	strb	r3, [r4, #4]
10004d84:	f3bf 8f5f 	dmb	sy
10004d88:	bd10      	pop	{r4, pc}
10004d8a:	bf00      	nop

10004d8c <critical_section_init>:
10004d8c:	b510      	push	{r4, lr}
10004d8e:	4604      	mov	r4, r0
10004d90:	2001      	movs	r0, #1
10004d92:	f7ff fcb5 	bl	10004700 <spin_lock_claim_unused>
10004d96:	4b03      	ldr	r3, [pc, #12]	@ (10004da4 <critical_section_init+0x18>)
10004d98:	4403      	add	r3, r0
10004d9a:	6023      	str	r3, [r4, #0]
10004d9c:	f3bf 8f5f 	dmb	sy
10004da0:	bd10      	pop	{r4, pc}
10004da2:	bf00      	nop
10004da4:	200012a4 	.word	0x200012a4

10004da8 <critical_section_init_with_lock_num>:
10004da8:	4b02      	ldr	r3, [pc, #8]	@ (10004db4 <critical_section_init_with_lock_num+0xc>)
10004daa:	440b      	add	r3, r1
10004dac:	6003      	str	r3, [r0, #0]
10004dae:	f3bf 8f5f 	dmb	sy
10004db2:	4770      	bx	lr
10004db4:	200012a4 	.word	0x200012a4

10004db8 <sleep_until_callback>:
10004db8:	4910      	ldr	r1, [pc, #64]	@ (10004dfc <sleep_until_callback+0x44>)
10004dba:	680b      	ldr	r3, [r1, #0]
10004dbc:	f3ef 8010 	mrs	r0, PRIMASK
10004dc0:	b672      	cpsid	i
10004dc2:	e8d3 cfcf 	ldaexb	ip, [r3]
10004dc6:	2201      	movs	r2, #1
10004dc8:	f1bc 0f00 	cmp.w	ip, #0
10004dcc:	d1f9      	bne.n	10004dc2 <sleep_until_callback+0xa>
10004dce:	e8c3 2f4c 	strexb	ip, r2, [r3]
10004dd2:	f1bc 0f00 	cmp.w	ip, #0
10004dd6:	d1f4      	bne.n	10004dc2 <sleep_until_callback+0xa>
10004dd8:	f3bf 8f5f 	dmb	sy
10004ddc:	4a08      	ldr	r2, [pc, #32]	@ (10004e00 <sleep_until_callback+0x48>)
10004dde:	f04f 0c00 	mov.w	ip, #0
10004de2:	7813      	ldrb	r3, [r2, #0]
10004de4:	6809      	ldr	r1, [r1, #0]
10004de6:	3301      	adds	r3, #1
10004de8:	b2db      	uxtb	r3, r3
10004dea:	7013      	strb	r3, [r2, #0]
10004dec:	e8c1 cf8f 	stlb	ip, [r1]
10004df0:	f380 8810 	msr	PRIMASK, r0
10004df4:	bf40      	sev
10004df6:	2000      	movs	r0, #0
10004df8:	2100      	movs	r1, #0
10004dfa:	4770      	bx	lr
10004dfc:	200023f0 	.word	0x200023f0
10004e00:	20002420 	.word	0x20002420
10004e04:	00000000 	.word	0x00000000

10004e08 <alarm_pool_irq_handler>:
10004e08:	e92d 4ff0 	stmdb	sp!, {r4, r5, r6, r7, r8, r9, sl, fp, lr}
10004e0c:	ed2d 8b02 	vpush	{d8}
10004e10:	b085      	sub	sp, #20
10004e12:	f3ef 8305 	mrs	r3, IPSR
10004e16:	b2db      	uxtb	r3, r3
10004e18:	3b10      	subs	r3, #16
10004e1a:	089a      	lsrs	r2, r3, #2
10004e1c:	bf18      	it	ne
10004e1e:	2201      	movne	r2, #1
10004e20:	f04f 0101 	mov.w	r1, #1
10004e24:	f003 0003 	and.w	r0, r3, #3
10004e28:	bf18      	it	ne
10004e2a:	4daf      	ldrne	r5, [pc, #700]	@ (100050e8 <alarm_pool_irq_handler+0x2e0>)
10004e2c:	4baf      	ldr	r3, [pc, #700]	@ (100050ec <alarm_pool_irq_handler+0x2e4>)
10004e2e:	bf08      	it	eq
10004e30:	4daf      	ldreq	r5, [pc, #700]	@ (100050f0 <alarm_pool_irq_handler+0x2e8>)
10004e32:	eb00 0282 	add.w	r2, r0, r2, lsl #2
10004e36:	f853 6022 	ldr.w	r6, [r3, r2, lsl #2]
10004e3a:	fa01 fb00 	lsl.w	fp, r1, r0
10004e3e:	f505 5341 	add.w	r3, r5, #12352	@ 0x3040
10004e42:	ed9f 8ba7 	vldr	d8, [pc, #668]	@ 100050e0 <alarm_pool_irq_handler+0x2d8>
10004e46:	9001      	str	r0, [sp, #4]
10004e48:	f8c3 b004 	str.w	fp, [r3, #4]
10004e4c:	e02e      	b.n	10004eac <alarm_pool_irq_handler+0xa4>
10004e4e:	88b3      	ldrh	r3, [r6, #4]
10004e50:	0418      	lsls	r0, r3, #16
10004e52:	f140 8092 	bpl.w	10004f7a <alarm_pool_irq_handler+0x172>
10004e56:	79b3      	ldrb	r3, [r6, #6]
10004e58:	2b00      	cmp	r3, #0
10004e5a:	f040 80dc 	bne.w	10005016 <alarm_pool_irq_handler+0x20e>
10004e5e:	f9b6 1008 	ldrsh.w	r1, [r6, #8]
10004e62:	2900      	cmp	r1, #0
10004e64:	f2c0 811d 	blt.w	100050a2 <alarm_pool_irq_handler+0x29a>
10004e68:	6973      	ldr	r3, [r6, #20]
10004e6a:	eb01 0141 	add.w	r1, r1, r1, lsl #1
10004e6e:	eb03 03c1 	add.w	r3, r3, r1, lsl #3
10004e72:	e9d3 4702 	ldrd	r4, r7, [r3, #8]
10004e76:	f1b7 3fff 	cmp.w	r7, #4294967295	@ 0xffffffff
10004e7a:	bf08      	it	eq
10004e7c:	f1b4 3fff 	cmpeq.w	r4, #4294967295	@ 0xffffffff
10004e80:	d00d      	beq.n	10004e9e <alarm_pool_irq_handler+0x96>
10004e82:	9b01      	ldr	r3, [sp, #4]
10004e84:	eb05 0183 	add.w	r1, r5, r3, lsl #2
10004e88:	6aab      	ldr	r3, [r5, #40]	@ 0x28
10004e8a:	690a      	ldr	r2, [r1, #16]
10004e8c:	1ad2      	subs	r2, r2, r3
10004e8e:	1ae3      	subs	r3, r4, r3
10004e90:	4293      	cmp	r3, r2
10004e92:	d303      	bcc.n	10004e9c <alarm_pool_irq_handler+0x94>
10004e94:	6a2b      	ldr	r3, [r5, #32]
10004e96:	ea13 0f0b 	tst.w	r3, fp
10004e9a:	d100      	bne.n	10004e9e <alarm_pool_irq_handler+0x96>
10004e9c:	610c      	str	r4, [r1, #16]
10004e9e:	4628      	mov	r0, r5
10004ea0:	f000 fbbe 	bl	10005620 <timer_time_us_64>
10004ea4:	42a0      	cmp	r0, r4
10004ea6:	41b9      	sbcs	r1, r7
10004ea8:	f2c0 80fb 	blt.w	100050a2 <alarm_pool_irq_handler+0x29a>
10004eac:	f9b6 3008 	ldrsh.w	r3, [r6, #8]
10004eb0:	f8c5 b03c 	str.w	fp, [r5, #60]	@ 0x3c
10004eb4:	2b00      	cmp	r3, #0
10004eb6:	9300      	str	r3, [sp, #0]
10004eb8:	dbc9      	blt.n	10004e4e <alarm_pool_irq_handler+0x46>
10004eba:	f8d6 9014 	ldr.w	r9, [r6, #20]
10004ebe:	eb03 0a43 	add.w	sl, r3, r3, lsl #1
10004ec2:	4628      	mov	r0, r5
10004ec4:	eb09 07ca 	add.w	r7, r9, sl, lsl #3
10004ec8:	e9d7 4802 	ldrd	r4, r8, [r7, #8]
10004ecc:	f000 fba8 	bl	10005620 <timer_time_us_64>
10004ed0:	42a0      	cmp	r0, r4
10004ed2:	eb71 0108 	sbcs.w	r1, r1, r8
10004ed6:	dbba      	blt.n	10004e4e <alarm_pool_irq_handler+0x46>
10004ed8:	f1b8 0f00 	cmp.w	r8, #0
10004edc:	f2c0 80c3 	blt.w	10005066 <alarm_pool_irq_handler+0x25e>
10004ee0:	e9d7 3104 	ldrd	r3, r1, [r7, #16]
10004ee4:	4a83      	ldr	r2, [pc, #524]	@ (100050f4 <alarm_pool_irq_handler+0x2ec>)
10004ee6:	4293      	cmp	r3, r2
10004ee8:	f000 80ed 	beq.w	100050c6 <alarm_pool_irq_handler+0x2be>
10004eec:	887a      	ldrh	r2, [r7, #2]
10004eee:	f9b6 0008 	ldrsh.w	r0, [r6, #8]
10004ef2:	b292      	uxth	r2, r2
10004ef4:	ea42 4000 	orr.w	r0, r2, r0, lsl #16
10004ef8:	4798      	blx	r3
10004efa:	4602      	mov	r2, r0
10004efc:	460b      	mov	r3, r1
10004efe:	ea52 0103 	orrs.w	r1, r2, r3
10004f02:	f000 80b0 	beq.w	10005066 <alarm_pool_irq_handler+0x25e>
10004f06:	2b00      	cmp	r3, #0
10004f08:	f280 80d1 	bge.w	100050ae <alarm_pool_irq_handler+0x2a6>
10004f0c:	ebb4 0e02 	subs.w	lr, r4, r2
10004f10:	eb68 0803 	sbc.w	r8, r8, r3
10004f14:	f939 303a 	ldrsh.w	r3, [r9, sl, lsl #3]
10004f18:	e9c7 e802 	strd	lr, r8, [r7, #8]
10004f1c:	2b00      	cmp	r3, #0
10004f1e:	db96      	blt.n	10004e4e <alarm_pool_irq_handler+0x46>
10004f20:	6971      	ldr	r1, [r6, #20]
10004f22:	eb03 0243 	add.w	r2, r3, r3, lsl #1
10004f26:	eb01 02c2 	add.w	r2, r1, r2, lsl #3
10004f2a:	e9d2 7002 	ldrd	r7, r0, [r2, #8]
10004f2e:	45be      	cmp	lr, r7
10004f30:	eb78 0c00 	sbcs.w	ip, r8, r0
10004f34:	ea4f 0243 	mov.w	r2, r3, lsl #1
10004f38:	db89      	blt.n	10004e4e <alarm_pool_irq_handler+0x46>
10004f3a:	46b4      	mov	ip, r6
10004f3c:	f82c 3f08 	strh.w	r3, [ip, #8]!
10004f40:	e00b      	b.n	10004f5a <alarm_pool_irq_handler+0x152>
10004f42:	f931 3032 	ldrsh.w	r3, [r1, r2, lsl #3]
10004f46:	46a4      	mov	ip, r4
10004f48:	2b00      	cmp	r3, #0
10004f4a:	db0d      	blt.n	10004f68 <alarm_pool_irq_handler+0x160>
10004f4c:	eb03 0043 	add.w	r0, r3, r3, lsl #1
10004f50:	eb01 00c0 	add.w	r0, r1, r0, lsl #3
10004f54:	005a      	lsls	r2, r3, #1
10004f56:	e9d0 7002 	ldrd	r7, r0, [r0, #8]
10004f5a:	45be      	cmp	lr, r7
10004f5c:	441a      	add	r2, r3
10004f5e:	eb78 0000 	sbcs.w	r0, r8, r0
10004f62:	eb01 04c2 	add.w	r4, r1, r2, lsl #3
10004f66:	daec      	bge.n	10004f42 <alarm_pool_irq_handler+0x13a>
10004f68:	f829 303a 	strh.w	r3, [r9, sl, lsl #3]
10004f6c:	9b00      	ldr	r3, [sp, #0]
10004f6e:	f8ac 3000 	strh.w	r3, [ip]
10004f72:	88b3      	ldrh	r3, [r6, #4]
10004f74:	0418      	lsls	r0, r3, #16
10004f76:	f53f af6e 	bmi.w	10004e56 <alarm_pool_irq_handler+0x4e>
10004f7a:	6933      	ldr	r3, [r6, #16]
10004f7c:	f3ef 8210 	mrs	r2, PRIMASK
10004f80:	b672      	cpsid	i
10004f82:	e8d3 0fcf 	ldaexb	r0, [r3]
10004f86:	2101      	movs	r1, #1
10004f88:	2800      	cmp	r0, #0
10004f8a:	d1fa      	bne.n	10004f82 <alarm_pool_irq_handler+0x17a>
10004f8c:	e8c3 1f40 	strexb	r0, r1, [r3]
10004f90:	2800      	cmp	r0, #0
10004f92:	d1f6      	bne.n	10004f82 <alarm_pool_irq_handler+0x17a>
10004f94:	f3bf 8f5f 	dmb	sy
10004f98:	f64f 74ff 	movw	r4, #65535	@ 0xffff
10004f9c:	88b0      	ldrh	r0, [r6, #4]
10004f9e:	2300      	movs	r3, #0
10004fa0:	6931      	ldr	r1, [r6, #16]
10004fa2:	b200      	sxth	r0, r0
10004fa4:	80b4      	strh	r4, [r6, #4]
10004fa6:	e8c1 3f8f 	stlb	r3, [r1]
10004faa:	f382 8810 	msr	PRIMASK, r2
10004fae:	4298      	cmp	r0, r3
10004fb0:	f6ff af51 	blt.w	10004e56 <alarm_pool_irq_handler+0x4e>
10004fb4:	4607      	mov	r7, r0
10004fb6:	46a9      	mov	r9, r5
10004fb8:	6974      	ldr	r4, [r6, #20]
10004fba:	f106 0808 	add.w	r8, r6, #8
10004fbe:	eb07 0e47 	add.w	lr, r7, r7, lsl #1
10004fc2:	eb04 03ce 	add.w	r3, r4, lr, lsl #3
10004fc6:	e9d3 5002 	ldrd	r5, r0, [r3, #8]
10004fca:	f9b6 3008 	ldrsh.w	r3, [r6, #8]
10004fce:	46c4      	mov	ip, r8
10004fd0:	2b00      	cmp	r3, #0
10004fd2:	db13      	blt.n	10004ffc <alarm_pool_irq_handler+0x1f4>
10004fd4:	46b2      	mov	sl, r6
10004fd6:	9700      	str	r7, [sp, #0]
10004fd8:	e004      	b.n	10004fe4 <alarm_pool_irq_handler+0x1dc>
10004fda:	f934 3036 	ldrsh.w	r3, [r4, r6, lsl #3]
10004fde:	4694      	mov	ip, r2
10004fe0:	2b00      	cmp	r3, #0
10004fe2:	db09      	blt.n	10004ff8 <alarm_pool_irq_handler+0x1f0>
10004fe4:	eb03 0643 	add.w	r6, r3, r3, lsl #1
10004fe8:	eb04 02c6 	add.w	r2, r4, r6, lsl #3
10004fec:	e9d2 7102 	ldrd	r7, r1, [r2, #8]
10004ff0:	42bd      	cmp	r5, r7
10004ff2:	eb70 0101 	sbcs.w	r1, r0, r1
10004ff6:	daf0      	bge.n	10004fda <alarm_pool_irq_handler+0x1d2>
10004ff8:	4656      	mov	r6, sl
10004ffa:	9f00      	ldr	r7, [sp, #0]
10004ffc:	f8ac 7000 	strh.w	r7, [ip]
10005000:	f934 703e 	ldrsh.w	r7, [r4, lr, lsl #3]
10005004:	f824 303e 	strh.w	r3, [r4, lr, lsl #3]
10005008:	2f00      	cmp	r7, #0
1000500a:	dad8      	bge.n	10004fbe <alarm_pool_irq_handler+0x1b6>
1000500c:	79b3      	ldrb	r3, [r6, #6]
1000500e:	464d      	mov	r5, r9
10005010:	2b00      	cmp	r3, #0
10005012:	f43f af24 	beq.w	10004e5e <alarm_pool_irq_handler+0x56>
10005016:	2300      	movs	r3, #0
10005018:	71b3      	strb	r3, [r6, #6]
1000501a:	f9b6 3008 	ldrsh.w	r3, [r6, #8]
1000501e:	f106 0808 	add.w	r8, r6, #8
10005022:	1c59      	adds	r1, r3, #1
10005024:	d03d      	beq.n	100050a2 <alarm_pool_irq_handler+0x29a>
10005026:	4619      	mov	r1, r3
10005028:	6977      	ldr	r7, [r6, #20]
1000502a:	e003      	b.n	10005034 <alarm_pool_irq_handler+0x22c>
1000502c:	4680      	mov	r8, r0
1000502e:	1c5a      	adds	r2, r3, #1
10005030:	f43f af17 	beq.w	10004e62 <alarm_pool_irq_handler+0x5a>
10005034:	eb03 0243 	add.w	r2, r3, r3, lsl #1
10005038:	eb07 00c2 	add.w	r0, r7, r2, lsl #3
1000503c:	f8b0 c002 	ldrh.w	ip, [r0, #2]
10005040:	461c      	mov	r4, r3
10005042:	f41c 4f00 	tst.w	ip, #32768	@ 0x8000
10005046:	469e      	mov	lr, r3
10005048:	f937 3032 	ldrsh.w	r3, [r7, r2, lsl #3]
1000504c:	d0ee      	beq.n	1000502c <alarm_pool_irq_handler+0x224>
1000504e:	428c      	cmp	r4, r1
10005050:	ed80 8b02 	vstr	d8, [r0, #8]
10005054:	d005      	beq.n	10005062 <alarm_pool_irq_handler+0x25a>
10005056:	f8a8 3000 	strh.w	r3, [r8]
1000505a:	8931      	ldrh	r1, [r6, #8]
1000505c:	f827 1032 	strh.w	r1, [r7, r2, lsl #3]
10005060:	8134      	strh	r4, [r6, #8]
10005062:	4671      	mov	r1, lr
10005064:	e7e3      	b.n	1000502e <alarm_pool_irq_handler+0x226>
10005066:	f839 303a 	ldrh.w	r3, [r9, sl, lsl #3]
1000506a:	8133      	strh	r3, [r6, #8]
1000506c:	6933      	ldr	r3, [r6, #16]
1000506e:	f3ef 8210 	mrs	r2, PRIMASK
10005072:	b672      	cpsid	i
10005074:	e8d3 0fcf 	ldaexb	r0, [r3]
10005078:	2101      	movs	r1, #1
1000507a:	2800      	cmp	r0, #0
1000507c:	d1fa      	bne.n	10005074 <alarm_pool_irq_handler+0x26c>
1000507e:	e8c3 1f40 	strexb	r0, r1, [r3]
10005082:	2800      	cmp	r0, #0
10005084:	d1f6      	bne.n	10005074 <alarm_pool_irq_handler+0x26c>
10005086:	f3bf 8f5f 	dmb	sy
1000508a:	8873      	ldrh	r3, [r6, #2]
1000508c:	6931      	ldr	r1, [r6, #16]
1000508e:	f829 303a 	strh.w	r3, [r9, sl, lsl #3]
10005092:	9b00      	ldr	r3, [sp, #0]
10005094:	8073      	strh	r3, [r6, #2]
10005096:	2300      	movs	r3, #0
10005098:	e8c1 3f8f 	stlb	r3, [r1]
1000509c:	f382 8810 	msr	PRIMASK, r2
100050a0:	e6d5      	b.n	10004e4e <alarm_pool_irq_handler+0x46>
100050a2:	bf40      	sev
100050a4:	b005      	add	sp, #20
100050a6:	ecbd 8b02 	vpop	{d8}
100050aa:	e8bd 8ff0 	ldmia.w	sp!, {r4, r5, r6, r7, r8, r9, sl, fp, pc}
100050ae:	4628      	mov	r0, r5
100050b0:	e9cd 2302 	strd	r2, r3, [sp, #8]
100050b4:	f000 fab4 	bl	10005620 <timer_time_us_64>
100050b8:	9a02      	ldr	r2, [sp, #8]
100050ba:	9b03      	ldr	r3, [sp, #12]
100050bc:	eb10 0e02 	adds.w	lr, r0, r2
100050c0:	eb43 0801 	adc.w	r8, r3, r1
100050c4:	e726      	b.n	10004f14 <alarm_pool_irq_handler+0x10c>
100050c6:	4608      	mov	r0, r1
100050c8:	690b      	ldr	r3, [r1, #16]
100050ca:	9102      	str	r1, [sp, #8]
100050cc:	4798      	blx	r3
100050ce:	2800      	cmp	r0, #0
100050d0:	d0c9      	beq.n	10005066 <alarm_pool_irq_handler+0x25e>
100050d2:	9902      	ldr	r1, [sp, #8]
100050d4:	e9d1 2300 	ldrd	r2, r3, [r1]
100050d8:	e711      	b.n	10004efe <alarm_pool_irq_handler+0xf6>
100050da:	bf00      	nop
100050dc:	f3af 8000 	nop.w
100050e0:	ffffffff 	.word	0xffffffff
100050e4:	ffffffff 	.word	0xffffffff
100050e8:	400b8000 	.word	0x400b8000
100050ec:	20001b78 	.word	0x20001b78
100050f0:	400b0000 	.word	0x400b0000
100050f4:	10004e09 	.word	0x10004e09

100050f8 <runtime_init_default_alarm_pool>:
100050f8:	e92d 4ff8 	stmdb	sp!, {r3, r4, r5, r6, r7, r8, r9, sl, fp, lr}
100050fc:	4c36      	ldr	r4, [pc, #216]	@ (100051d8 <runtime_init_default_alarm_pool+0xe0>)
100050fe:	6925      	ldr	r5, [r4, #16]
10005100:	b12d      	cbz	r5, 1000510e <runtime_init_default_alarm_pool+0x16>
10005102:	e8bd 4ff8 	ldmia.w	sp!, {r3, r4, r5, r6, r7, r8, r9, sl, fp, lr}
10005106:	210a      	movs	r1, #10
10005108:	4834      	ldr	r0, [pc, #208]	@ (100051dc <runtime_init_default_alarm_pool+0xe4>)
1000510a:	f7ff be05 	b.w	10004d18 <lock_init>
1000510e:	f8df 80e4 	ldr.w	r8, [pc, #228]	@ 100051f4 <runtime_init_default_alarm_pool+0xfc>
10005112:	2103      	movs	r1, #3
10005114:	4640      	mov	r0, r8
10005116:	f000 fa71 	bl	100055fc <timer_hardware_alarm_claim>
1000511a:	2603      	movs	r6, #3
1000511c:	f8c4 800c 	str.w	r8, [r4, #12]
10005120:	f7ff fae2 	bl	100046e8 <next_striped_spin_lock_num>
10005124:	f04f 4c50 	mov.w	ip, #3489660928	@ 0xd0000000
10005128:	4b2d      	ldr	r3, [pc, #180]	@ (100051e0 <runtime_init_default_alarm_pool+0xe8>)
1000512a:	7026      	strb	r6, [r4, #0]
1000512c:	4403      	add	r3, r0
1000512e:	6123      	str	r3, [r4, #16]
10005130:	f8dc 3000 	ldr.w	r3, [ip]
10005134:	210f      	movs	r1, #15
10005136:	7063      	strb	r3, [r4, #1]
10005138:	6963      	ldr	r3, [r4, #20]
1000513a:	8061      	strh	r1, [r4, #2]
1000513c:	831d      	strh	r5, [r3, #24]
1000513e:	f04f 0504 	mov.w	r5, #4
10005142:	f8a3 5078 	strh.w	r5, [r3, #120]	@ 0x78
10005146:	f04f 0505 	mov.w	r5, #5
1000514a:	f8a3 5090 	strh.w	r5, [r3, #144]	@ 0x90
1000514e:	f04f 0506 	mov.w	r5, #6
10005152:	f8a3 50a8 	strh.w	r5, [r3, #168]	@ 0xa8
10005156:	f04f 0507 	mov.w	r5, #7
1000515a:	210e      	movs	r1, #14
1000515c:	f64f 72ff 	movw	r2, #65535	@ 0xffff
10005160:	2708      	movs	r7, #8
10005162:	f04f 0e0a 	mov.w	lr, #10
10005166:	f8a3 50c0 	strh.w	r5, [r3, #192]	@ 0xc0
1000516a:	f04f 0901 	mov.w	r9, #1
1000516e:	f04f 0c0c 	mov.w	ip, #12
10005172:	f04f 0b02 	mov.w	fp, #2
10005176:	f04f 0a09 	mov.w	sl, #9
1000517a:	200d      	movs	r0, #13
1000517c:	f04f 050b 	mov.w	r5, #11
10005180:	f8a3 1168 	strh.w	r1, [r3, #360]	@ 0x168
10005184:	4917      	ldr	r1, [pc, #92]	@ (100051e4 <runtime_init_default_alarm_pool+0xec>)
10005186:	80a2      	strh	r2, [r4, #4]
10005188:	f8a3 e108 	strh.w	lr, [r3, #264]	@ 0x108
1000518c:	60a1      	str	r1, [r4, #8]
1000518e:	f8a3 b048 	strh.w	fp, [r3, #72]	@ 0x48
10005192:	f8a3 a0f0 	strh.w	sl, [r3, #240]	@ 0xf0
10005196:	f8a3 5120 	strh.w	r5, [r3, #288]	@ 0x120
1000519a:	f8a3 c138 	strh.w	ip, [r3, #312]	@ 0x138
1000519e:	f8a3 0150 	strh.w	r0, [r3, #336]	@ 0x150
100051a2:	f8a3 9030 	strh.w	r9, [r3, #48]	@ 0x30
100051a6:	f8a3 6060 	strh.w	r6, [r3, #96]	@ 0x60
100051aa:	f8a3 70d8 	strh.w	r7, [r3, #216]	@ 0xd8
100051ae:	801a      	strh	r2, [r3, #0]
100051b0:	4b0d      	ldr	r3, [pc, #52]	@ (100051e8 <runtime_init_default_alarm_pool+0xf0>)
100051b2:	4630      	mov	r0, r6
100051b4:	f8c8 7020 	str.w	r7, [r8, #32]
100051b8:	490c      	ldr	r1, [pc, #48]	@ (100051ec <runtime_init_default_alarm_pool+0xf4>)
100051ba:	60dc      	str	r4, [r3, #12]
100051bc:	f7ff fb26 	bl	1000480c <irq_set_exclusive_handler>
100051c0:	4649      	mov	r1, r9
100051c2:	4630      	mov	r0, r6
100051c4:	f7ff fae0 	bl	10004788 <irq_set_enabled>
100051c8:	4b09      	ldr	r3, [pc, #36]	@ (100051f0 <runtime_init_default_alarm_pool+0xf8>)
100051ca:	210a      	movs	r1, #10
100051cc:	641f      	str	r7, [r3, #64]	@ 0x40
100051ce:	4803      	ldr	r0, [pc, #12]	@ (100051dc <runtime_init_default_alarm_pool+0xe4>)
100051d0:	e8bd 4ff8 	ldmia.w	sp!, {r3, r4, r5, r6, r7, r8, r9, sl, fp, lr}
100051d4:	f7ff bda0 	b.w	10004d18 <lock_init>
100051d8:	20000ee8 	.word	0x20000ee8
100051dc:	200023f0 	.word	0x200023f0
100051e0:	200012a4 	.word	0x200012a4
100051e4:	0010ffff 	.word	0x0010ffff
100051e8:	20001b78 	.word	0x20001b78
100051ec:	10004e09 	.word	0x10004e09
100051f0:	400b2000 	.word	0x400b2000
100051f4:	400b0000 	.word	0x400b0000

100051f8 <alarm_pool_get_default>:
100051f8:	4800      	ldr	r0, [pc, #0]	@ (100051fc <alarm_pool_get_default+0x4>)
100051fa:	4770      	bx	lr
100051fc:	20000ee8 	.word	0x20000ee8

10005200 <alarm_pool_add_alarm_at>:
10005200:	b5f8      	push	{r3, r4, r5, r6, r7, lr}
10005202:	f89d 7020 	ldrb.w	r7, [sp, #32]
10005206:	4604      	mov	r4, r0
10005208:	4616      	mov	r6, r2
1000520a:	461d      	mov	r5, r3
1000520c:	b937      	cbnz	r7, 1000521c <alarm_pool_add_alarm_at+0x1c>
1000520e:	f000 fa0f 	bl	10005630 <time_us_64>
10005212:	4286      	cmp	r6, r0
10005214:	eb65 0101 	sbc.w	r1, r5, r1
10005218:	2900      	cmp	r1, #0
1000521a:	db5c      	blt.n	100052d6 <alarm_pool_add_alarm_at+0xd6>
1000521c:	6923      	ldr	r3, [r4, #16]
1000521e:	f3ef 8710 	mrs	r7, PRIMASK
10005222:	b672      	cpsid	i
10005224:	e8d3 1fcf 	ldaexb	r1, [r3]
10005228:	2201      	movs	r2, #1
1000522a:	2900      	cmp	r1, #0
1000522c:	d1fa      	bne.n	10005224 <alarm_pool_add_alarm_at+0x24>
1000522e:	e8c3 2f41 	strexb	r1, r2, [r3]
10005232:	2900      	cmp	r1, #0
10005234:	d1f6      	bne.n	10005224 <alarm_pool_add_alarm_at+0x24>
10005236:	f3bf 8f5f 	dmb	sy
1000523a:	f9b4 c002 	ldrsh.w	ip, [r4, #2]
1000523e:	6963      	ldr	r3, [r4, #20]
10005240:	eb0c 014c 	add.w	r1, ip, ip, lsl #1
10005244:	f1bc 0f00 	cmp.w	ip, #0
10005248:	ea4f 02c1 	mov.w	r2, r1, lsl #3
1000524c:	eb03 01c1 	add.w	r1, r3, r1, lsl #3
10005250:	db38      	blt.n	100052c4 <alarm_pool_add_alarm_at+0xc4>
10005252:	5a98      	ldrh	r0, [r3, r2]
10005254:	f04f 0e00 	mov.w	lr, #0
10005258:	8060      	strh	r0, [r4, #2]
1000525a:	6920      	ldr	r0, [r4, #16]
1000525c:	e8c0 ef8f 	stlb	lr, [r0]
10005260:	f387 8810 	msr	PRIMASK, r7
10005264:	9806      	ldr	r0, [sp, #24]
10005266:	e9c1 6502 	strd	r6, r5, [r1, #8]
1000526a:	6108      	str	r0, [r1, #16]
1000526c:	9807      	ldr	r0, [sp, #28]
1000526e:	6148      	str	r0, [r1, #20]
10005270:	8848      	ldrh	r0, [r1, #2]
10005272:	3001      	adds	r0, #1
10005274:	f3c0 000e 	ubfx	r0, r0, #0, #15
10005278:	2801      	cmp	r0, #1
1000527a:	bf38      	it	cc
1000527c:	2001      	movcc	r0, #1
1000527e:	8048      	strh	r0, [r1, #2]
10005280:	ea40 400c 	orr.w	r0, r0, ip, lsl #16
10005284:	6921      	ldr	r1, [r4, #16]
10005286:	f3ef 8510 	mrs	r5, PRIMASK
1000528a:	b672      	cpsid	i
1000528c:	e8d1 7fcf 	ldaexb	r7, [r1]
10005290:	2601      	movs	r6, #1
10005292:	2f00      	cmp	r7, #0
10005294:	d1fa      	bne.n	1000528c <alarm_pool_add_alarm_at+0x8c>
10005296:	e8c1 6f47 	strexb	r7, r6, [r1]
1000529a:	2f00      	cmp	r7, #0
1000529c:	d1f6      	bne.n	1000528c <alarm_pool_add_alarm_at+0x8c>
1000529e:	f3bf 8f5f 	dmb	sy
100052a2:	88a1      	ldrh	r1, [r4, #4]
100052a4:	5299      	strh	r1, [r3, r2]
100052a6:	f8a4 c004 	strh.w	ip, [r4, #4]
100052aa:	6923      	ldr	r3, [r4, #16]
100052ac:	e8c3 ef8f 	stlb	lr, [r3]
100052b0:	f385 8810 	msr	PRIMASK, r5
100052b4:	2201      	movs	r2, #1
100052b6:	68e3      	ldr	r3, [r4, #12]
100052b8:	7821      	ldrb	r1, [r4, #0]
100052ba:	f503 5301 	add.w	r3, r3, #8256	@ 0x2040
100052be:	408a      	lsls	r2, r1
100052c0:	605a      	str	r2, [r3, #4]
100052c2:	bdf8      	pop	{r3, r4, r5, r6, r7, pc}
100052c4:	2300      	movs	r3, #0
100052c6:	6922      	ldr	r2, [r4, #16]
100052c8:	e8c2 3f8f 	stlb	r3, [r2]
100052cc:	f387 8810 	msr	PRIMASK, r7
100052d0:	f04f 30ff 	mov.w	r0, #4294967295	@ 0xffffffff
100052d4:	bdf8      	pop	{r3, r4, r5, r6, r7, pc}
100052d6:	4638      	mov	r0, r7
100052d8:	bdf8      	pop	{r3, r4, r5, r6, r7, pc}
100052da:	bf00      	nop

100052dc <alarm_pool_add_alarm_at_force_in_context>:
100052dc:	4601      	mov	r1, r0
100052de:	b5f0      	push	{r4, r5, r6, r7, lr}
100052e0:	6900      	ldr	r0, [r0, #16]
100052e2:	f3ef 8710 	mrs	r7, PRIMASK
100052e6:	b672      	cpsid	i
100052e8:	e8d0 5fcf 	ldaexb	r5, [r0]
100052ec:	2401      	movs	r4, #1
100052ee:	2d00      	cmp	r5, #0
100052f0:	d1fa      	bne.n	100052e8 <alarm_pool_add_alarm_at_force_in_context+0xc>
100052f2:	e8c0 4f45 	strexb	r5, r4, [r0]
100052f6:	2d00      	cmp	r5, #0
100052f8:	d1f6      	bne.n	100052e8 <alarm_pool_add_alarm_at_force_in_context+0xc>
100052fa:	f3bf 8f5f 	dmb	sy
100052fe:	f9b1 e002 	ldrsh.w	lr, [r1, #2]
10005302:	694c      	ldr	r4, [r1, #20]
10005304:	eb0e 0c4e 	add.w	ip, lr, lr, lsl #1
10005308:	f1be 0f00 	cmp.w	lr, #0
1000530c:	ea4f 05cc 	mov.w	r5, ip, lsl #3
10005310:	eb04 0ccc 	add.w	ip, r4, ip, lsl #3
10005314:	db3d      	blt.n	10005392 <alarm_pool_add_alarm_at_force_in_context+0xb6>
10005316:	5b60      	ldrh	r0, [r4, r5]
10005318:	2600      	movs	r6, #0
1000531a:	8048      	strh	r0, [r1, #2]
1000531c:	6908      	ldr	r0, [r1, #16]
1000531e:	e8c0 6f8f 	stlb	r6, [r0]
10005322:	f387 8810 	msr	PRIMASK, r7
10005326:	f8bc 0002 	ldrh.w	r0, [ip, #2]
1000532a:	e9cc 2302 	strd	r2, r3, [ip, #8]
1000532e:	3001      	adds	r0, #1
10005330:	f3c0 000e 	ubfx	r0, r0, #0, #15
10005334:	2801      	cmp	r0, #1
10005336:	bf38      	it	cc
10005338:	2001      	movcc	r0, #1
1000533a:	9b05      	ldr	r3, [sp, #20]
1000533c:	f8ac 0002 	strh.w	r0, [ip, #2]
10005340:	f8cc 3010 	str.w	r3, [ip, #16]
10005344:	9b06      	ldr	r3, [sp, #24]
10005346:	ea40 400e 	orr.w	r0, r0, lr, lsl #16
1000534a:	f8cc 3014 	str.w	r3, [ip, #20]
1000534e:	690b      	ldr	r3, [r1, #16]
10005350:	f3ef 8210 	mrs	r2, PRIMASK
10005354:	b672      	cpsid	i
10005356:	e8d3 cfcf 	ldaexb	ip, [r3]
1000535a:	2701      	movs	r7, #1
1000535c:	f1bc 0f00 	cmp.w	ip, #0
10005360:	d1f9      	bne.n	10005356 <alarm_pool_add_alarm_at_force_in_context+0x7a>
10005362:	e8c3 7f4c 	strexb	ip, r7, [r3]
10005366:	f1bc 0f00 	cmp.w	ip, #0
1000536a:	d1f4      	bne.n	10005356 <alarm_pool_add_alarm_at_force_in_context+0x7a>
1000536c:	f3bf 8f5f 	dmb	sy
10005370:	888b      	ldrh	r3, [r1, #4]
10005372:	5363      	strh	r3, [r4, r5]
10005374:	f8a1 e004 	strh.w	lr, [r1, #4]
10005378:	690b      	ldr	r3, [r1, #16]
1000537a:	e8c3 6f8f 	stlb	r6, [r3]
1000537e:	f382 8810 	msr	PRIMASK, r2
10005382:	2201      	movs	r2, #1
10005384:	68cb      	ldr	r3, [r1, #12]
10005386:	7809      	ldrb	r1, [r1, #0]
10005388:	f503 5301 	add.w	r3, r3, #8256	@ 0x2040
1000538c:	408a      	lsls	r2, r1
1000538e:	605a      	str	r2, [r3, #4]
10005390:	bdf0      	pop	{r4, r5, r6, r7, pc}
10005392:	2300      	movs	r3, #0
10005394:	690a      	ldr	r2, [r1, #16]
10005396:	e8c2 3f8f 	stlb	r3, [r2]
1000539a:	f387 8810 	msr	PRIMASK, r7
1000539e:	f04f 30ff 	mov.w	r0, #4294967295	@ 0xffffffff
100053a2:	bdf0      	pop	{r4, r5, r6, r7, pc}

100053a4 <alarm_pool_cancel_alarm>:
100053a4:	4603      	mov	r3, r0
100053a6:	8940      	ldrh	r0, [r0, #10]
100053a8:	ebb0 4f21 	cmp.w	r0, r1, asr #16
100053ac:	dd37      	ble.n	1000541e <alarm_pool_cancel_alarm+0x7a>
100053ae:	6958      	ldr	r0, [r3, #20]
100053b0:	140a      	asrs	r2, r1, #16
100053b2:	eb02 0242 	add.w	r2, r2, r2, lsl #1
100053b6:	b510      	push	{r4, lr}
100053b8:	eb00 00c2 	add.w	r0, r0, r2, lsl #3
100053bc:	691c      	ldr	r4, [r3, #16]
100053be:	f3ef 8c10 	mrs	ip, PRIMASK
100053c2:	b672      	cpsid	i
100053c4:	e8d4 efcf 	ldaexb	lr, [r4]
100053c8:	2201      	movs	r2, #1
100053ca:	f1be 0f00 	cmp.w	lr, #0
100053ce:	d1f9      	bne.n	100053c4 <alarm_pool_cancel_alarm+0x20>
100053d0:	e8c4 2f4e 	strexb	lr, r2, [r4]
100053d4:	f1be 0f00 	cmp.w	lr, #0
100053d8:	d1f4      	bne.n	100053c4 <alarm_pool_cancel_alarm+0x20>
100053da:	f3bf 8f5f 	dmb	sy
100053de:	8842      	ldrh	r2, [r0, #2]
100053e0:	b289      	uxth	r1, r1
100053e2:	b292      	uxth	r2, r2
100053e4:	428a      	cmp	r2, r1
100053e6:	d007      	beq.n	100053f8 <alarm_pool_cancel_alarm+0x54>
100053e8:	2200      	movs	r2, #0
100053ea:	691b      	ldr	r3, [r3, #16]
100053ec:	e8c3 2f8f 	stlb	r2, [r3]
100053f0:	f38c 8810 	msr	PRIMASK, ip
100053f4:	2000      	movs	r0, #0
100053f6:	bd10      	pop	{r4, pc}
100053f8:	f442 4200 	orr.w	r2, r2, #32768	@ 0x8000
100053fc:	8042      	strh	r2, [r0, #2]
100053fe:	2101      	movs	r1, #1
10005400:	2200      	movs	r2, #0
10005402:	6918      	ldr	r0, [r3, #16]
10005404:	7199      	strb	r1, [r3, #6]
10005406:	e8c0 2f8f 	stlb	r2, [r0]
1000540a:	f38c 8810 	msr	PRIMASK, ip
1000540e:	781c      	ldrb	r4, [r3, #0]
10005410:	68da      	ldr	r2, [r3, #12]
10005412:	4608      	mov	r0, r1
10005414:	f502 5301 	add.w	r3, r2, #8256	@ 0x2040
10005418:	40a1      	lsls	r1, r4
1000541a:	6059      	str	r1, [r3, #4]
1000541c:	bd10      	pop	{r4, pc}
1000541e:	2000      	movs	r0, #0
10005420:	4770      	bx	lr
10005422:	bf00      	nop

10005424 <alarm_pool_core_num>:
10005424:	7840      	ldrb	r0, [r0, #1]
10005426:	4770      	bx	lr

10005428 <sleep_until>:
10005428:	e92d 43f0 	stmdb	sp!, {r4, r5, r6, r7, r8, r9, lr}
1000542c:	1f87      	subs	r7, r0, #6
1000542e:	f141 35ff 	adc.w	r5, r1, #4294967295	@ 0xffffffff
10005432:	42b8      	cmp	r0, r7
10005434:	eb71 0305 	sbcs.w	r3, r1, r5
10005438:	bf38      	it	cc
1000543a:	2700      	movcc	r7, #0
1000543c:	b083      	sub	sp, #12
1000543e:	bf38      	it	cc
10005440:	463d      	movcc	r5, r7
10005442:	4604      	mov	r4, r0
10005444:	460e      	mov	r6, r1
10005446:	f000 f8f3 	bl	10005630 <time_us_64>
1000544a:	1a38      	subs	r0, r7, r0
1000544c:	eb65 0301 	sbc.w	r3, r5, r1
10005450:	2801      	cmp	r0, #1
10005452:	f173 0300 	sbcs.w	r3, r3, #0
10005456:	da06      	bge.n	10005466 <sleep_until+0x3e>
10005458:	4620      	mov	r0, r4
1000545a:	4631      	mov	r1, r6
1000545c:	b003      	add	sp, #12
1000545e:	e8bd 43f0 	ldmia.w	sp!, {r4, r5, r6, r7, r8, r9, lr}
10005462:	f000 b921 	b.w	100056a8 <busy_wait_until>
10005466:	f000 f8e3 	bl	10005630 <time_us_64>
1000546a:	4287      	cmp	r7, r0
1000546c:	eb65 0101 	sbc.w	r1, r5, r1
10005470:	2900      	cmp	r1, #0
10005472:	db0a      	blt.n	1000548a <sleep_until+0x62>
10005474:	2100      	movs	r1, #0
10005476:	4b1c      	ldr	r3, [pc, #112]	@ (100054e8 <sleep_until+0xc0>)
10005478:	463a      	mov	r2, r7
1000547a:	9300      	str	r3, [sp, #0]
1000547c:	481b      	ldr	r0, [pc, #108]	@ (100054ec <sleep_until+0xc4>)
1000547e:	462b      	mov	r3, r5
10005480:	9101      	str	r1, [sp, #4]
10005482:	f7ff ff2b 	bl	100052dc <alarm_pool_add_alarm_at_force_in_context>
10005486:	2800      	cmp	r0, #0
10005488:	dbe6      	blt.n	10005458 <sleep_until+0x30>
1000548a:	f04f 0e00 	mov.w	lr, #0
1000548e:	f8df c068 	ldr.w	ip, [pc, #104]	@ 100054f8 <sleep_until+0xd0>
10005492:	4917      	ldr	r1, [pc, #92]	@ (100054f0 <sleep_until+0xc8>)
10005494:	4a17      	ldr	r2, [pc, #92]	@ (100054f4 <sleep_until+0xcc>)
10005496:	f8dc 3024 	ldr.w	r3, [ip, #36]	@ 0x24
1000549a:	429d      	cmp	r5, r3
1000549c:	d805      	bhi.n	100054aa <sleep_until+0x82>
1000549e:	f8dc 0028 	ldr.w	r0, [ip, #40]	@ 0x28
100054a2:	42b8      	cmp	r0, r7
100054a4:	d2d8      	bcs.n	10005458 <sleep_until+0x30>
100054a6:	429d      	cmp	r5, r3
100054a8:	d1d6      	bne.n	10005458 <sleep_until+0x30>
100054aa:	680b      	ldr	r3, [r1, #0]
100054ac:	f3ef 8810 	mrs	r8, PRIMASK
100054b0:	b672      	cpsid	i
100054b2:	e8d3 9fcf 	ldaexb	r9, [r3]
100054b6:	2001      	movs	r0, #1
100054b8:	f1b9 0f00 	cmp.w	r9, #0
100054bc:	d1f9      	bne.n	100054b2 <sleep_until+0x8a>
100054be:	e8c3 0f49 	strexb	r9, r0, [r3]
100054c2:	f1b9 0f00 	cmp.w	r9, #0
100054c6:	d1f4      	bne.n	100054b2 <sleep_until+0x8a>
100054c8:	f3bf 8f5f 	dmb	sy
100054cc:	7810      	ldrb	r0, [r2, #0]
100054ce:	680b      	ldr	r3, [r1, #0]
100054d0:	b2c0      	uxtb	r0, r0
100054d2:	e8c3 ef8f 	stlb	lr, [r3]
100054d6:	f388 8810 	msr	PRIMASK, r8
100054da:	7813      	ldrb	r3, [r2, #0]
100054dc:	4283      	cmp	r3, r0
100054de:	d100      	bne.n	100054e2 <sleep_until+0xba>
100054e0:	bf20      	wfe
100054e2:	bf20      	wfe
100054e4:	e7d7      	b.n	10005496 <sleep_until+0x6e>
100054e6:	bf00      	nop
100054e8:	10004db9 	.word	0x10004db9
100054ec:	20000ee8 	.word	0x20000ee8
100054f0:	200023f0 	.word	0x200023f0
100054f4:	20002420 	.word	0x20002420
100054f8:	400b0000 	.word	0x400b0000

100054fc <sleep_ms>:
100054fc:	b510      	push	{r4, lr}
100054fe:	4604      	mov	r4, r0
10005500:	f000 f896 	bl	10005630 <time_us_64>
10005504:	f44f 737a 	mov.w	r3, #1000	@ 0x3e8
10005508:	f04f 3cff 	mov.w	ip, #4294967295	@ 0xffffffff
1000550c:	f06f 4200 	mvn.w	r2, #2147483648	@ 0x80000000
10005510:	fbe4 0103 	umlal	r0, r1, r4, r3
10005514:	e8bd 4010 	ldmia.w	sp!, {r4, lr}
10005518:	4584      	cmp	ip, r0
1000551a:	eb72 0301 	sbcs.w	r3, r2, r1
1000551e:	bf3c      	itt	cc
10005520:	4660      	movcc	r0, ip
10005522:	4611      	movcc	r1, r2
10005524:	f7ff bf80 	b.w	10005428 <sleep_until>

10005528 <best_effort_wfe_or_timeout>:
10005528:	e92d 47f0 	stmdb	sp!, {r4, r5, r6, r7, r8, r9, sl, lr}
1000552c:	4605      	mov	r5, r0
1000552e:	460c      	mov	r4, r1
10005530:	b082      	sub	sp, #8
10005532:	f3ef 8705 	mrs	r7, IPSR
10005536:	b2ff      	uxtb	r7, r7
10005538:	2f00      	cmp	r7, #0
1000553a:	d138      	bne.n	100055ae <best_effort_wfe_or_timeout+0x86>
1000553c:	4e2b      	ldr	r6, [pc, #172]	@ (100055ec <best_effort_wfe_or_timeout+0xc4>)
1000553e:	e9d6 2300 	ldrd	r2, r3, [r6]
10005542:	428b      	cmp	r3, r1
10005544:	bf08      	it	eq
10005546:	4282      	cmpeq	r2, r0
10005548:	d039      	beq.n	100055be <best_effort_wfe_or_timeout+0x96>
1000554a:	f8df 80ac 	ldr.w	r8, [pc, #172]	@ 100055f8 <best_effort_wfe_or_timeout+0xd0>
1000554e:	f8d8 a00c 	ldr.w	sl, [r8, #12]
10005552:	f898 9000 	ldrb.w	r9, [r8]
10005556:	4650      	mov	r0, sl
10005558:	f000 f862 	bl	10005620 <timer_time_us_64>
1000555c:	f109 0904 	add.w	r9, r9, #4
10005560:	f85a 3029 	ldr.w	r3, [sl, r9, lsl #2]
10005564:	1a1b      	subs	r3, r3, r0
10005566:	1a28      	subs	r0, r5, r0
10005568:	eb64 0101 	sbc.w	r1, r4, r1
1000556c:	4298      	cmp	r0, r3
1000556e:	f171 0100 	sbcs.w	r1, r1, #0
10005572:	da24      	bge.n	100055be <best_effort_wfe_or_timeout+0x96>
10005574:	f000 f85c 	bl	10005630 <time_us_64>
10005578:	4285      	cmp	r5, r0
1000557a:	eb64 0101 	sbc.w	r1, r4, r1
1000557e:	2900      	cmp	r1, #0
10005580:	db15      	blt.n	100055ae <best_effort_wfe_or_timeout+0x86>
10005582:	4b1b      	ldr	r3, [pc, #108]	@ (100055f0 <best_effort_wfe_or_timeout+0xc8>)
10005584:	4640      	mov	r0, r8
10005586:	9300      	str	r3, [sp, #0]
10005588:	462a      	mov	r2, r5
1000558a:	4623      	mov	r3, r4
1000558c:	9701      	str	r7, [sp, #4]
1000558e:	f7ff fea5 	bl	100052dc <alarm_pool_add_alarm_at_force_in_context>
10005592:	1e01      	subs	r1, r0, #0
10005594:	dd0b      	ble.n	100055ae <best_effort_wfe_or_timeout+0x86>
10005596:	4b17      	ldr	r3, [pc, #92]	@ (100055f4 <best_effort_wfe_or_timeout+0xcc>)
10005598:	e9c6 5400 	strd	r5, r4, [r6]
1000559c:	6a5a      	ldr	r2, [r3, #36]	@ 0x24
1000559e:	42a2      	cmp	r2, r4
100055a0:	d321      	bcc.n	100055e6 <best_effort_wfe_or_timeout+0xbe>
100055a2:	6a9b      	ldr	r3, [r3, #40]	@ 0x28
100055a4:	42ab      	cmp	r3, r5
100055a6:	d31c      	bcc.n	100055e2 <best_effort_wfe_or_timeout+0xba>
100055a8:	4813      	ldr	r0, [pc, #76]	@ (100055f8 <best_effort_wfe_or_timeout+0xd0>)
100055aa:	f7ff fefb 	bl	100053a4 <alarm_pool_cancel_alarm>
100055ae:	4b11      	ldr	r3, [pc, #68]	@ (100055f4 <best_effort_wfe_or_timeout+0xcc>)
100055b0:	6a58      	ldr	r0, [r3, #36]	@ 0x24
100055b2:	42a0      	cmp	r0, r4
100055b4:	d208      	bcs.n	100055c8 <best_effort_wfe_or_timeout+0xa0>
100055b6:	2000      	movs	r0, #0
100055b8:	b002      	add	sp, #8
100055ba:	e8bd 87f0 	ldmia.w	sp!, {r4, r5, r6, r7, r8, r9, sl, pc}
100055be:	bf20      	wfe
100055c0:	4b0c      	ldr	r3, [pc, #48]	@ (100055f4 <best_effort_wfe_or_timeout+0xcc>)
100055c2:	6a58      	ldr	r0, [r3, #36]	@ 0x24
100055c4:	42a0      	cmp	r0, r4
100055c6:	d3f6      	bcc.n	100055b6 <best_effort_wfe_or_timeout+0x8e>
100055c8:	6a9b      	ldr	r3, [r3, #40]	@ 0x28
100055ca:	42ab      	cmp	r3, r5
100055cc:	d303      	bcc.n	100055d6 <best_effort_wfe_or_timeout+0xae>
100055ce:	2001      	movs	r0, #1
100055d0:	b002      	add	sp, #8
100055d2:	e8bd 87f0 	ldmia.w	sp!, {r4, r5, r6, r7, r8, r9, sl, pc}
100055d6:	1b00      	subs	r0, r0, r4
100055d8:	bf18      	it	ne
100055da:	2001      	movne	r0, #1
100055dc:	b002      	add	sp, #8
100055de:	e8bd 87f0 	ldmia.w	sp!, {r4, r5, r6, r7, r8, r9, sl, pc}
100055e2:	42a2      	cmp	r2, r4
100055e4:	d1e0      	bne.n	100055a8 <best_effort_wfe_or_timeout+0x80>
100055e6:	bf20      	wfe
100055e8:	e7de      	b.n	100055a8 <best_effort_wfe_or_timeout+0x80>
100055ea:	bf00      	nop
100055ec:	20000ee0 	.word	0x20000ee0
100055f0:	10004db9 	.word	0x10004db9
100055f4:	400b0000 	.word	0x400b0000
100055f8:	20000ee8 	.word	0x20000ee8

100055fc <timer_hardware_alarm_claim>:
100055fc:	b410      	push	{r4}
100055fe:	4b05      	ldr	r3, [pc, #20]	@ (10005614 <timer_hardware_alarm_claim+0x18>)
10005600:	4c05      	ldr	r4, [pc, #20]	@ (10005618 <timer_hardware_alarm_claim+0x1c>)
10005602:	4a06      	ldr	r2, [pc, #24]	@ (1000561c <timer_hardware_alarm_claim+0x20>)
10005604:	42a0      	cmp	r0, r4
10005606:	bf14      	ite	ne
10005608:	4618      	movne	r0, r3
1000560a:	1c58      	addeq	r0, r3, #1
1000560c:	f85d 4b04 	ldr.w	r4, [sp], #4
10005610:	f7fe bff0 	b.w	100045f4 <hw_claim_or_assert>
10005614:	20001424 	.word	0x20001424
10005618:	400b8000 	.word	0x400b8000
1000561c:	1000b918 	.word	0x1000b918

10005620 <timer_time_us_64>:
10005620:	4603      	mov	r3, r0
10005622:	6a41      	ldr	r1, [r0, #36]	@ 0x24
10005624:	460a      	mov	r2, r1
10005626:	6a98      	ldr	r0, [r3, #40]	@ 0x28
10005628:	6a59      	ldr	r1, [r3, #36]	@ 0x24
1000562a:	428a      	cmp	r2, r1
1000562c:	d1fa      	bne.n	10005624 <timer_time_us_64+0x4>
1000562e:	4770      	bx	lr

10005630 <time_us_64>:
10005630:	4b03      	ldr	r3, [pc, #12]	@ (10005640 <time_us_64+0x10>)
10005632:	6a59      	ldr	r1, [r3, #36]	@ 0x24
10005634:	460a      	mov	r2, r1
10005636:	6a98      	ldr	r0, [r3, #40]	@ 0x28
10005638:	6a59      	ldr	r1, [r3, #36]	@ 0x24
1000563a:	4291      	cmp	r1, r2
1000563c:	d1fa      	bne.n	10005634 <time_us_64+0x4>
1000563e:	4770      	bx	lr
10005640:	400b0000 	.word	0x400b0000

10005644 <busy_wait_us>:
10005644:	b410      	push	{r4}
10005646:	4a17      	ldr	r2, [pc, #92]	@ (100056a4 <busy_wait_us+0x60>)
10005648:	6a53      	ldr	r3, [r2, #36]	@ 0x24
1000564a:	469c      	mov	ip, r3
1000564c:	6a94      	ldr	r4, [r2, #40]	@ 0x28
1000564e:	6a53      	ldr	r3, [r2, #36]	@ 0x24
10005650:	4563      	cmp	r3, ip
10005652:	d1fa      	bne.n	1000564a <busy_wait_us+0x6>
10005654:	1900      	adds	r0, r0, r4
10005656:	4159      	adcs	r1, r3
10005658:	f04f 0200 	mov.w	r2, #0
1000565c:	bf28      	it	cs
1000565e:	2201      	movcs	r2, #1
10005660:	4603      	mov	r3, r0
10005662:	b1ca      	cbz	r2, 10005698 <busy_wait_us+0x54>
10005664:	4b0f      	ldr	r3, [pc, #60]	@ (100056a4 <busy_wait_us+0x60>)
10005666:	6a59      	ldr	r1, [r3, #36]	@ 0x24
10005668:	1c4b      	adds	r3, r1, #1
1000566a:	bf08      	it	eq
1000566c:	460b      	moveq	r3, r1
1000566e:	d008      	beq.n	10005682 <busy_wait_us+0x3e>
10005670:	f04f 31ff 	mov.w	r1, #4294967295	@ 0xffffffff
10005674:	460b      	mov	r3, r1
10005676:	480b      	ldr	r0, [pc, #44]	@ (100056a4 <busy_wait_us+0x60>)
10005678:	6a42      	ldr	r2, [r0, #36]	@ 0x24
1000567a:	428a      	cmp	r2, r1
1000567c:	d3fc      	bcc.n	10005678 <busy_wait_us+0x34>
1000567e:	428a      	cmp	r2, r1
10005680:	d107      	bne.n	10005692 <busy_wait_us+0x4e>
10005682:	4a08      	ldr	r2, [pc, #32]	@ (100056a4 <busy_wait_us+0x60>)
10005684:	e002      	b.n	1000568c <busy_wait_us+0x48>
10005686:	6a50      	ldr	r0, [r2, #36]	@ 0x24
10005688:	4288      	cmp	r0, r1
1000568a:	d102      	bne.n	10005692 <busy_wait_us+0x4e>
1000568c:	6a90      	ldr	r0, [r2, #40]	@ 0x28
1000568e:	4298      	cmp	r0, r3
10005690:	d3f9      	bcc.n	10005686 <busy_wait_us+0x42>
10005692:	f85d 4b04 	ldr.w	r4, [sp], #4
10005696:	4770      	bx	lr
10005698:	4a02      	ldr	r2, [pc, #8]	@ (100056a4 <busy_wait_us+0x60>)
1000569a:	6a52      	ldr	r2, [r2, #36]	@ 0x24
1000569c:	4291      	cmp	r1, r2
1000569e:	d8ea      	bhi.n	10005676 <busy_wait_us+0x32>
100056a0:	e7ed      	b.n	1000567e <busy_wait_us+0x3a>
100056a2:	bf00      	nop
100056a4:	400b0000 	.word	0x400b0000

100056a8 <busy_wait_until>:
100056a8:	4a07      	ldr	r2, [pc, #28]	@ (100056c8 <busy_wait_until+0x20>)
100056aa:	6a53      	ldr	r3, [r2, #36]	@ 0x24
100056ac:	4299      	cmp	r1, r3
100056ae:	d8fc      	bhi.n	100056aa <busy_wait_until+0x2>
100056b0:	4299      	cmp	r1, r3
100056b2:	d107      	bne.n	100056c4 <busy_wait_until+0x1c>
100056b4:	4b04      	ldr	r3, [pc, #16]	@ (100056c8 <busy_wait_until+0x20>)
100056b6:	e002      	b.n	100056be <busy_wait_until+0x16>
100056b8:	6a5a      	ldr	r2, [r3, #36]	@ 0x24
100056ba:	4291      	cmp	r1, r2
100056bc:	d102      	bne.n	100056c4 <busy_wait_until+0x1c>
100056be:	6a9a      	ldr	r2, [r3, #40]	@ 0x28
100056c0:	4282      	cmp	r2, r0
100056c2:	d3f9      	bcc.n	100056b8 <busy_wait_until+0x10>
100056c4:	4770      	bx	lr
100056c6:	bf00      	nop
100056c8:	400b0000 	.word	0x400b0000

100056cc <uart_init>:
100056cc:	b5f8      	push	{r3, r4, r5, r6, r7, lr}
100056ce:	4605      	mov	r5, r0
100056d0:	2006      	movs	r0, #6
100056d2:	460e      	mov	r6, r1
100056d4:	f000 f8e4 	bl	100058a0 <clock_get_hz>
100056d8:	2800      	cmp	r0, #0
100056da:	d042      	beq.n	10005762 <uart_init+0x96>
100056dc:	4a35      	ldr	r2, [pc, #212]	@ (100057b4 <uart_init+0xe8>)
100056de:	4836      	ldr	r0, [pc, #216]	@ (100057b8 <uart_init+0xec>)
100056e0:	4295      	cmp	r5, r2
100056e2:	bf14      	ite	ne
100056e4:	f04f 6280 	movne.w	r2, #67108864	@ 0x4000000
100056e8:	f04f 6200 	moveq.w	r2, #134217728	@ 0x8000000
100056ec:	4b33      	ldr	r3, [pc, #204]	@ (100057bc <uart_init+0xf0>)
100056ee:	4934      	ldr	r1, [pc, #208]	@ (100057c0 <uart_init+0xf4>)
100056f0:	6002      	str	r2, [r0, #0]
100056f2:	601a      	str	r2, [r3, #0]
100056f4:	688c      	ldr	r4, [r1, #8]
100056f6:	ea32 0404 	bics.w	r4, r2, r4
100056fa:	d1fb      	bne.n	100056f4 <uart_init+0x28>
100056fc:	4b2d      	ldr	r3, [pc, #180]	@ (100057b4 <uart_init+0xe8>)
100056fe:	f44f 7180 	mov.w	r1, #256	@ 0x100
10005702:	1aeb      	subs	r3, r5, r3
10005704:	fab3 f383 	clz	r3, r3
10005708:	4a2e      	ldr	r2, [pc, #184]	@ (100057c4 <uart_init+0xf8>)
1000570a:	095b      	lsrs	r3, r3, #5
1000570c:	2006      	movs	r0, #6
1000570e:	f822 1013 	strh.w	r1, [r2, r3, lsl #1]
10005712:	f000 f8c5 	bl	100058a0 <clock_get_hz>
10005716:	00c3      	lsls	r3, r0, #3
10005718:	fbb3 f3f6 	udiv	r3, r3, r6
1000571c:	3301      	adds	r3, #1
1000571e:	09da      	lsrs	r2, r3, #7
10005720:	d120      	bne.n	10005764 <uart_init+0x98>
10005722:	2640      	movs	r6, #64	@ 0x40
10005724:	2101      	movs	r1, #1
10005726:	6269      	str	r1, [r5, #36]	@ 0x24
10005728:	62aa      	str	r2, [r5, #40]	@ 0x28
1000572a:	6b2f      	ldr	r7, [r5, #48]	@ 0x30
1000572c:	07fb      	lsls	r3, r7, #31
1000572e:	d422      	bmi.n	10005776 <uart_init+0xaa>
10005730:	462b      	mov	r3, r5
10005732:	2200      	movs	r2, #0
10005734:	f853 1f2c 	ldr.w	r1, [r3, #44]!
10005738:	2006      	movs	r0, #6
1000573a:	f503 5480 	add.w	r4, r3, #4096	@ 0x1000
1000573e:	6022      	str	r2, [r4, #0]
10005740:	632f      	str	r7, [r5, #48]	@ 0x30
10005742:	f000 f8ad 	bl	100058a0 <clock_get_hz>
10005746:	f240 3101 	movw	r1, #769	@ 0x301
1000574a:	2203      	movs	r2, #3
1000574c:	0080      	lsls	r0, r0, #2
1000574e:	fbb0 f0f6 	udiv	r0, r0, r6
10005752:	6aeb      	ldr	r3, [r5, #44]	@ 0x2c
10005754:	f083 0370 	eor.w	r3, r3, #112	@ 0x70
10005758:	f003 037e 	and.w	r3, r3, #126	@ 0x7e
1000575c:	6023      	str	r3, [r4, #0]
1000575e:	6329      	str	r1, [r5, #48]	@ 0x30
10005760:	64aa      	str	r2, [r5, #72]	@ 0x48
10005762:	bdf8      	pop	{r3, r4, r5, r6, r7, pc}
10005764:	f64f 71fe 	movw	r1, #65534	@ 0xfffe
10005768:	428a      	cmp	r2, r1
1000576a:	d91b      	bls.n	100057a4 <uart_init+0xd8>
1000576c:	4622      	mov	r2, r4
1000576e:	f64f 71ff 	movw	r1, #65535	@ 0xffff
10005772:	4e15      	ldr	r6, [pc, #84]	@ (100057c8 <uart_init+0xfc>)
10005774:	e7d7      	b.n	10005726 <uart_init+0x5a>
10005776:	f240 3201 	movw	r2, #769	@ 0x301
1000577a:	f505 5340 	add.w	r3, r5, #12288	@ 0x3000
1000577e:	631a      	str	r2, [r3, #48]	@ 0x30
10005780:	6a6b      	ldr	r3, [r5, #36]	@ 0x24
10005782:	6aac      	ldr	r4, [r5, #40]	@ 0x28
10005784:	2006      	movs	r0, #6
10005786:	eb04 1483 	add.w	r4, r4, r3, lsl #6
1000578a:	f000 f889 	bl	100058a0 <clock_get_hz>
1000578e:	4b0f      	ldr	r3, [pc, #60]	@ (100057cc <uart_init+0x100>)
10005790:	02a4      	lsls	r4, r4, #10
10005792:	fba3 2300 	umull	r2, r3, r3, r0
10005796:	0adb      	lsrs	r3, r3, #11
10005798:	2100      	movs	r1, #0
1000579a:	fbb4 f0f3 	udiv	r0, r4, r3
1000579e:	f7ff ff51 	bl	10005644 <busy_wait_us>
100057a2:	e7c5      	b.n	10005730 <uart_init+0x64>
100057a4:	f3c3 0345 	ubfx	r3, r3, #1, #6
100057a8:	4611      	mov	r1, r2
100057aa:	eb03 1682 	add.w	r6, r3, r2, lsl #6
100057ae:	461a      	mov	r2, r3
100057b0:	e7b9      	b.n	10005726 <uart_init+0x5a>
100057b2:	bf00      	nop
100057b4:	40078000 	.word	0x40078000
100057b8:	40022000 	.word	0x40022000
100057bc:	40023000 	.word	0x40023000
100057c0:	40020000 	.word	0x40020000
100057c4:	200023fc 	.word	0x200023fc
100057c8:	003fffc0 	.word	0x003fffc0
100057cc:	8f2b7b75 	.word	0x8f2b7b75

100057d0 <clock_configure_undivided>:
100057d0:	eb00 0c40 	add.w	ip, r0, r0, lsl #1
100057d4:	ea4f 0c8c 	mov.w	ip, ip, lsl #2
100057d8:	f10c 4c80 	add.w	ip, ip, #1073741824	@ 0x40000000
100057dc:	f50c 3c80 	add.w	ip, ip, #65536	@ 0x10000
100057e0:	b5f0      	push	{r4, r5, r6, r7, lr}
100057e2:	4616      	mov	r6, r2
100057e4:	f8dc 2004 	ldr.w	r2, [ip, #4]
100057e8:	1f05      	subs	r5, r0, #4
100057ea:	f5b2 3f80 	cmp.w	r2, #65536	@ 0x10000
100057ee:	bf38      	it	cc
100057f0:	f44f 3280 	movcc.w	r2, #65536	@ 0x10000
100057f4:	b2ed      	uxtb	r5, r5
100057f6:	bf38      	it	cc
100057f8:	f8cc 2004 	strcc.w	r2, [ip, #4]
100057fc:	2d01      	cmp	r5, #1
100057fe:	d92a      	bls.n	10005856 <clock_configure_undivided+0x86>
10005800:	f44f 6700 	mov.w	r7, #2048	@ 0x800
10005804:	4c25      	ldr	r4, [pc, #148]	@ (1000589c <clock_configure_undivided+0xcc>)
10005806:	f50c 5240 	add.w	r2, ip, #12288	@ 0x3000
1000580a:	6017      	str	r7, [r2, #0]
1000580c:	f854 2020 	ldr.w	r2, [r4, r0, lsl #2]
10005810:	b9b2      	cbnz	r2, 10005840 <clock_configure_undivided+0x70>
10005812:	f8dc 2000 	ldr.w	r2, [ip]
10005816:	2d01      	cmp	r5, #1
10005818:	ea82 1246 	eor.w	r2, r2, r6, lsl #5
1000581c:	f002 02e0 	and.w	r2, r2, #224	@ 0xe0
10005820:	f50c 5680 	add.w	r6, ip, #4096	@ 0x1000
10005824:	6032      	str	r2, [r6, #0]
10005826:	d92a      	bls.n	1000587e <clock_configure_undivided+0xae>
10005828:	f44f 6100 	mov.w	r1, #2048	@ 0x800
1000582c:	f844 3020 	str.w	r3, [r4, r0, lsl #2]
10005830:	f44f 3380 	mov.w	r3, #65536	@ 0x10000
10005834:	f50c 5200 	add.w	r2, ip, #8192	@ 0x2000
10005838:	6011      	str	r1, [r2, #0]
1000583a:	f8cc 3004 	str.w	r3, [ip, #4]
1000583e:	bdf0      	pop	{r4, r5, r6, r7, pc}
10005840:	6967      	ldr	r7, [r4, #20]
10005842:	fbb7 fef2 	udiv	lr, r7, r2
10005846:	f10e 0e01 	add.w	lr, lr, #1
1000584a:	eb0e 0e4e 	add.w	lr, lr, lr, lsl #1
1000584e:	f1be 0e03 	subs.w	lr, lr, #3
10005852:	d2fc      	bcs.n	1000584e <clock_configure_undivided+0x7e>
10005854:	e7dd      	b.n	10005812 <clock_configure_undivided+0x42>
10005856:	2901      	cmp	r1, #1
10005858:	d1d2      	bne.n	10005800 <clock_configure_undivided+0x30>
1000585a:	2403      	movs	r4, #3
1000585c:	f50c 5240 	add.w	r2, ip, #12288	@ 0x3000
10005860:	6014      	str	r4, [r2, #0]
10005862:	f8dc 2008 	ldr.w	r2, [ip, #8]
10005866:	07d2      	lsls	r2, r2, #31
10005868:	d5fb      	bpl.n	10005862 <clock_configure_undivided+0x92>
1000586a:	f8dc 2000 	ldr.w	r2, [ip]
1000586e:	4c0b      	ldr	r4, [pc, #44]	@ (1000589c <clock_configure_undivided+0xcc>)
10005870:	ea82 1246 	eor.w	r2, r2, r6, lsl #5
10005874:	f002 02e0 	and.w	r2, r2, #224	@ 0xe0
10005878:	f50c 5680 	add.w	r6, ip, #4096	@ 0x1000
1000587c:	6032      	str	r2, [r6, #0]
1000587e:	2201      	movs	r2, #1
10005880:	f8dc 5000 	ldr.w	r5, [ip]
10005884:	404d      	eors	r5, r1
10005886:	f005 0503 	and.w	r5, r5, #3
1000588a:	6035      	str	r5, [r6, #0]
1000588c:	fa02 f101 	lsl.w	r1, r2, r1
10005890:	f8dc 2008 	ldr.w	r2, [ip, #8]
10005894:	420a      	tst	r2, r1
10005896:	d0fb      	beq.n	10005890 <clock_configure_undivided+0xc0>
10005898:	e7c6      	b.n	10005828 <clock_configure_undivided+0x58>
1000589a:	bf00      	nop
1000589c:	20001428 	.word	0x20001428

100058a0 <clock_get_hz>:
100058a0:	4b01      	ldr	r3, [pc, #4]	@ (100058a8 <clock_get_hz+0x8>)
100058a2:	f853 0020 	ldr.w	r0, [r3, r0, lsl #2]
100058a6:	4770      	bx	lr
100058a8:	20001428 	.word	0x20001428

100058ac <pll_init>:
100058ac:	b470      	push	{r4, r5, r6}
100058ae:	9d03      	ldr	r5, [sp, #12]
100058b0:	6804      	ldr	r4, [r0, #0]
100058b2:	032d      	lsls	r5, r5, #12
100058b4:	ea45 4503 	orr.w	r5, r5, r3, lsl #16
100058b8:	4b1b      	ldr	r3, [pc, #108]	@ (10005928 <pll_init+0x7c>)
100058ba:	2c00      	cmp	r4, #0
100058bc:	fbb3 f3f1 	udiv	r3, r3, r1
100058c0:	fbb2 f6f3 	udiv	r6, r2, r3
100058c4:	db1f      	blt.n	10005906 <pll_init+0x5a>
100058c6:	4a19      	ldr	r2, [pc, #100]	@ (1000592c <pll_init+0x80>)
100058c8:	4b19      	ldr	r3, [pc, #100]	@ (10005930 <pll_init+0x84>)
100058ca:	4290      	cmp	r0, r2
100058cc:	bf14      	ite	ne
100058ce:	f44f 4280 	movne.w	r2, #16384	@ 0x4000
100058d2:	f44f 4200 	moveq.w	r2, #32768	@ 0x8000
100058d6:	4c17      	ldr	r4, [pc, #92]	@ (10005934 <pll_init+0x88>)
100058d8:	601a      	str	r2, [r3, #0]
100058da:	f503 5380 	add.w	r3, r3, #4096	@ 0x1000
100058de:	601a      	str	r2, [r3, #0]
100058e0:	68a3      	ldr	r3, [r4, #8]
100058e2:	ea32 0303 	bics.w	r3, r2, r3
100058e6:	d1fb      	bne.n	100058e0 <pll_init+0x34>
100058e8:	2221      	movs	r2, #33	@ 0x21
100058ea:	f500 5340 	add.w	r3, r0, #12288	@ 0x3000
100058ee:	3304      	adds	r3, #4
100058f0:	6001      	str	r1, [r0, #0]
100058f2:	6086      	str	r6, [r0, #8]
100058f4:	601a      	str	r2, [r3, #0]
100058f6:	6802      	ldr	r2, [r0, #0]
100058f8:	2a00      	cmp	r2, #0
100058fa:	dafc      	bge.n	100058f6 <pll_init+0x4a>
100058fc:	2208      	movs	r2, #8
100058fe:	60c5      	str	r5, [r0, #12]
10005900:	601a      	str	r2, [r3, #0]
10005902:	bc70      	pop	{r4, r5, r6}
10005904:	4770      	bx	lr
10005906:	6803      	ldr	r3, [r0, #0]
10005908:	f003 033f 	and.w	r3, r3, #63	@ 0x3f
1000590c:	428b      	cmp	r3, r1
1000590e:	d1da      	bne.n	100058c6 <pll_init+0x1a>
10005910:	6883      	ldr	r3, [r0, #8]
10005912:	f3c3 030b 	ubfx	r3, r3, #0, #12
10005916:	42b3      	cmp	r3, r6
10005918:	d1d5      	bne.n	100058c6 <pll_init+0x1a>
1000591a:	68c3      	ldr	r3, [r0, #12]
1000591c:	f403 23ee 	and.w	r3, r3, #487424	@ 0x77000
10005920:	42ab      	cmp	r3, r5
10005922:	d1d0      	bne.n	100058c6 <pll_init+0x1a>
10005924:	e7ed      	b.n	10005902 <pll_init+0x56>
10005926:	bf00      	nop
10005928:	00b71b00 	.word	0x00b71b00
1000592c:	40058000 	.word	0x40058000
10005930:	40022000 	.word	0x40022000
10005934:	40020000 	.word	0x40020000

10005938 <watchdog_reboot>:
10005938:	b430      	push	{r4, r5}
1000593a:	f04f 4480 	mov.w	r4, #1073741824	@ 0x40000000
1000593e:	4b1c      	ldr	r3, [pc, #112]	@ (100059b0 <watchdog_reboot+0x78>)
10005940:	601c      	str	r4, [r3, #0]
10005942:	b1e0      	cbz	r0, 1000597e <watchdog_reboot+0x46>
10005944:	4c1b      	ldr	r4, [pc, #108]	@ (100059b4 <watchdog_reboot+0x7c>)
10005946:	f5a3 5340 	sub.w	r3, r3, #12288	@ 0x3000
1000594a:	61dc      	str	r4, [r3, #28]
1000594c:	4c1a      	ldr	r4, [pc, #104]	@ (100059b8 <watchdog_reboot+0x80>)
1000594e:	f040 0001 	orr.w	r0, r0, #1
10005952:	4044      	eors	r4, r0
10005954:	621c      	str	r4, [r3, #32]
10005956:	6259      	str	r1, [r3, #36]	@ 0x24
10005958:	6298      	str	r0, [r3, #40]	@ 0x28
1000595a:	f04f 4580 	mov.w	r5, #1073741824	@ 0x40000000
1000595e:	f04f 61e0 	mov.w	r1, #117440512	@ 0x7000000
10005962:	4b13      	ldr	r3, [pc, #76]	@ (100059b0 <watchdog_reboot+0x78>)
10005964:	4815      	ldr	r0, [pc, #84]	@ (100059bc <watchdog_reboot+0x84>)
10005966:	4c16      	ldr	r4, [pc, #88]	@ (100059c0 <watchdog_reboot+0x88>)
10005968:	601d      	str	r5, [r3, #0]
1000596a:	6084      	str	r4, [r0, #8]
1000596c:	6019      	str	r1, [r3, #0]
1000596e:	b94a      	cbnz	r2, 10005984 <watchdog_reboot+0x4c>
10005970:	bc30      	pop	{r4, r5}
10005972:	f04f 4200 	mov.w	r2, #2147483648	@ 0x80000000
10005976:	f5a3 5380 	sub.w	r3, r3, #4096	@ 0x1000
1000597a:	601a      	str	r2, [r3, #0]
1000597c:	4770      	bx	lr
1000597e:	4b11      	ldr	r3, [pc, #68]	@ (100059c4 <watchdog_reboot+0x8c>)
10005980:	61d8      	str	r0, [r3, #28]
10005982:	e7ea      	b.n	1000595a <watchdog_reboot+0x22>
10005984:	f44f 737a 	mov.w	r3, #1000	@ 0x3e8
10005988:	fb03 f202 	mul.w	r2, r3, r2
1000598c:	f1b2 7f80 	cmp.w	r2, #16777216	@ 0x1000000
10005990:	bf2a      	itet	cs
10005992:	f06f 437f 	mvncs.w	r3, #4278190080	@ 0xff000000
10005996:	4613      	movcc	r3, r2
10005998:	461a      	movcs	r2, r3
1000599a:	f04f 4180 	mov.w	r1, #1073741824	@ 0x40000000
1000599e:	4c0a      	ldr	r4, [pc, #40]	@ (100059c8 <watchdog_reboot+0x90>)
100059a0:	4808      	ldr	r0, [pc, #32]	@ (100059c4 <watchdog_reboot+0x8c>)
100059a2:	6023      	str	r3, [r4, #0]
100059a4:	4b09      	ldr	r3, [pc, #36]	@ (100059cc <watchdog_reboot+0x94>)
100059a6:	6042      	str	r2, [r0, #4]
100059a8:	bc30      	pop	{r4, r5}
100059aa:	6019      	str	r1, [r3, #0]
100059ac:	4770      	bx	lr
100059ae:	bf00      	nop
100059b0:	400db000 	.word	0x400db000
100059b4:	b007c0d3 	.word	0xb007c0d3
100059b8:	4ff83f2d 	.word	0x4ff83f2d
100059bc:	4001a000 	.word	0x4001a000
100059c0:	01fffff3 	.word	0x01fffff3
100059c4:	400d8000 	.word	0x400d8000
100059c8:	20001b6c 	.word	0x20001b6c
100059cc:	400da000 	.word	0x400da000

100059d0 <tick_start>:
100059d0:	2301      	movs	r3, #1
100059d2:	eb00 0040 	add.w	r0, r0, r0, lsl #1
100059d6:	0080      	lsls	r0, r0, #2
100059d8:	f100 4080 	add.w	r0, r0, #1073741824	@ 0x40000000
100059dc:	f500 1084 	add.w	r0, r0, #1081344	@ 0x108000
100059e0:	6041      	str	r1, [r0, #4]
100059e2:	6003      	str	r3, [r0, #0]
100059e4:	4770      	bx	lr
100059e6:	bf00      	nop

100059e8 <rom_reboot.constprop.0.isra.0>:
100059e8:	2300      	movs	r3, #0
100059ea:	b570      	push	{r4, r5, r6, lr}
100059ec:	8adb      	ldrh	r3, [r3, #22]
100059ee:	4604      	mov	r4, r0
100059f0:	460d      	mov	r5, r1
100059f2:	4616      	mov	r6, r2
100059f4:	2200      	movs	r2, #0
100059f6:	e842 f200 	tt	r2, r2
100059fa:	0252      	lsls	r2, r2, #9
100059fc:	bf54      	ite	pl
100059fe:	2110      	movpl	r1, #16
10005a00:	2104      	movmi	r1, #4
10005a02:	f244 2052 	movw	r0, #16978	@ 0x4252
10005a06:	4798      	blx	r3
10005a08:	4686      	mov	lr, r0
10005a0a:	4633      	mov	r3, r6
10005a0c:	462a      	mov	r2, r5
10005a0e:	4620      	mov	r0, r4
10005a10:	46f4      	mov	ip, lr
10005a12:	e8bd 4070 	ldmia.w	sp!, {r4, r5, r6, lr}
10005a16:	210a      	movs	r1, #10
10005a18:	4760      	bx	ip
10005a1a:	bf00      	nop

10005a1c <rom_func_lookup>:
10005a1c:	2300      	movs	r3, #0
10005a1e:	8adb      	ldrh	r3, [r3, #22]
10005a20:	2200      	movs	r2, #0
10005a22:	e842 f200 	tt	r2, r2
10005a26:	0252      	lsls	r2, r2, #9
10005a28:	d401      	bmi.n	10005a2e <rom_func_lookup+0x12>
10005a2a:	2110      	movs	r1, #16
10005a2c:	4718      	bx	r3
10005a2e:	2104      	movs	r1, #4
10005a30:	4718      	bx	r3
10005a32:	bf00      	nop

10005a34 <rom_reset_usb_boot_extra>:
10005a34:	b508      	push	{r3, lr}
10005a36:	4613      	mov	r3, r2
10005a38:	1e02      	subs	r2, r0, #0
10005a3a:	db02      	blt.n	10005a42 <rom_reset_usb_boot_extra+0xe>
10005a3c:	b15b      	cbz	r3, 10005a56 <rom_reset_usb_boot_extra+0x22>
10005a3e:	f041 0130 	orr.w	r1, r1, #48	@ 0x30
10005a42:	068b      	lsls	r3, r1, #26
10005a44:	d503      	bpl.n	10005a4e <rom_reset_usb_boot_extra+0x1a>
10005a46:	2300      	movs	r3, #0
10005a48:	7cdb      	ldrb	r3, [r3, #19]
10005a4a:	2b02      	cmp	r3, #2
10005a4c:	d006      	beq.n	10005a5c <rom_reset_usb_boot_extra+0x28>
10005a4e:	f44f 7081 	mov.w	r0, #258	@ 0x102
10005a52:	f7ff ffc9 	bl	100059e8 <rom_reboot.constprop.0.isra.0>
10005a56:	f041 0120 	orr.w	r1, r1, #32
10005a5a:	e7f2      	b.n	10005a42 <rom_reset_usb_boot_extra+0xe>
10005a5c:	f44f 7091 	mov.w	r0, #290	@ 0x122
10005a60:	f7ff ffc2 	bl	100059e8 <rom_reboot.constprop.0.isra.0>

10005a64 <runtime_init_bootrom_locking_enable>:
10005a64:	4a03      	ldr	r2, [pc, #12]	@ (10005a74 <runtime_init_bootrom_locking_enable+0x10>)
10005a66:	f8d2 3828 	ldr.w	r3, [r2, #2088]	@ 0x828
10005a6a:	2b00      	cmp	r3, #0
10005a6c:	d0fb      	beq.n	10005a66 <runtime_init_bootrom_locking_enable+0x2>
10005a6e:	f3bf 8f5f 	dmb	sy
10005a72:	4770      	bx	lr
10005a74:	400e0000 	.word	0x400e0000

10005a78 <runtime_init_boot_locks_reset>:
10005a78:	2100      	movs	r1, #0
10005a7a:	4b04      	ldr	r3, [pc, #16]	@ (10005a8c <runtime_init_boot_locks_reset+0x14>)
10005a7c:	4a04      	ldr	r2, [pc, #16]	@ (10005a90 <runtime_init_boot_locks_reset+0x18>)
10005a7e:	f3bf 8f5f 	dmb	sy
10005a82:	f843 1b04 	str.w	r1, [r3], #4
10005a86:	4293      	cmp	r3, r2
10005a88:	d1f9      	bne.n	10005a7e <runtime_init_boot_locks_reset+0x6>
10005a8a:	4770      	bx	lr
10005a8c:	400e080c 	.word	0x400e080c
10005a90:	400e082c 	.word	0x400e082c

10005a94 <xosc_init>:
10005a94:	b410      	push	{r4}
10005a96:	f44f 708d 	mov.w	r0, #282	@ 0x11a
10005a9a:	f44f 642a 	mov.w	r4, #2720	@ 0xaa0
10005a9e:	4a06      	ldr	r2, [pc, #24]	@ (10005ab8 <xosc_init+0x24>)
10005aa0:	4b06      	ldr	r3, [pc, #24]	@ (10005abc <xosc_init+0x28>)
10005aa2:	4907      	ldr	r1, [pc, #28]	@ (10005ac0 <xosc_init+0x2c>)
10005aa4:	6014      	str	r4, [r2, #0]
10005aa6:	60d0      	str	r0, [r2, #12]
10005aa8:	6019      	str	r1, [r3, #0]
10005aaa:	6853      	ldr	r3, [r2, #4]
10005aac:	2b00      	cmp	r3, #0
10005aae:	dafc      	bge.n	10005aaa <xosc_init+0x16>
10005ab0:	f85d 4b04 	ldr.w	r4, [sp], #4
10005ab4:	4770      	bx	lr
10005ab6:	bf00      	nop
10005ab8:	40048000 	.word	0x40048000
10005abc:	4004a000 	.word	0x4004a000
10005ac0:	00fab000 	.word	0x00fab000

10005ac4 <first_per_core_initializer>:
10005ac4:	4770      	bx	lr
10005ac6:	bf00      	nop

10005ac8 <hard_assertion_failure>:
10005ac8:	b508      	push	{r3, lr}
10005aca:	4801      	ldr	r0, [pc, #4]	@ (10005ad0 <hard_assertion_failure+0x8>)
10005acc:	f7fe fd7a 	bl	100045c4 <panic>
10005ad0:	1000b93c 	.word	0x1000b93c

10005ad4 <runtime_run_initializers>:
10005ad4:	b538      	push	{r3, r4, r5, lr}
10005ad6:	4c05      	ldr	r4, [pc, #20]	@ (10005aec <runtime_run_initializers+0x18>)
10005ad8:	4d05      	ldr	r5, [pc, #20]	@ (10005af0 <runtime_run_initializers+0x1c>)
10005ada:	42ac      	cmp	r4, r5
10005adc:	d204      	bcs.n	10005ae8 <runtime_run_initializers+0x14>
10005ade:	f854 3b04 	ldr.w	r3, [r4], #4
10005ae2:	4798      	blx	r3
10005ae4:	42ac      	cmp	r4, r5
10005ae6:	d3fa      	bcc.n	10005ade <runtime_run_initializers+0xa>
10005ae8:	bd38      	pop	{r3, r4, r5, pc}
10005aea:	bf00      	nop
10005aec:	1000b358 	.word	0x1000b358
10005af0:	1000b398 	.word	0x1000b398

10005af4 <runtime_init_early_resets>:
10005af4:	b410      	push	{r4}
10005af6:	4807      	ldr	r0, [pc, #28]	@ (10005b14 <runtime_init_early_resets+0x20>)
10005af8:	4c07      	ldr	r4, [pc, #28]	@ (10005b18 <runtime_init_early_resets+0x24>)
10005afa:	4b08      	ldr	r3, [pc, #32]	@ (10005b1c <runtime_init_early_resets+0x28>)
10005afc:	4a08      	ldr	r2, [pc, #32]	@ (10005b20 <runtime_init_early_resets+0x2c>)
10005afe:	4909      	ldr	r1, [pc, #36]	@ (10005b24 <runtime_init_early_resets+0x30>)
10005b00:	6004      	str	r4, [r0, #0]
10005b02:	601a      	str	r2, [r3, #0]
10005b04:	688b      	ldr	r3, [r1, #8]
10005b06:	ea32 0303 	bics.w	r3, r2, r3
10005b0a:	d1fb      	bne.n	10005b04 <runtime_init_early_resets+0x10>
10005b0c:	f85d 4b04 	ldr.w	r4, [sp], #4
10005b10:	4770      	bx	lr
10005b12:	bf00      	nop
10005b14:	40022000 	.word	0x40022000
10005b18:	efef3b7f 	.word	0xefef3b7f
10005b1c:	40023000 	.word	0x40023000
10005b20:	03f3fff6 	.word	0x03f3fff6
10005b24:	40020000 	.word	0x40020000

10005b28 <runtime_init_usb_power_down>:
10005b28:	4b04      	ldr	r3, [pc, #16]	@ (10005b3c <runtime_init_usb_power_down+0x14>)
10005b2a:	6cdb      	ldr	r3, [r3, #76]	@ 0x4c
10005b2c:	f5b3 4f00 	cmp.w	r3, #32768	@ 0x8000
10005b30:	d103      	bne.n	10005b3a <runtime_init_usb_power_down+0x12>
10005b32:	f44f 2280 	mov.w	r2, #262144	@ 0x40000
10005b36:	4b02      	ldr	r3, [pc, #8]	@ (10005b40 <runtime_init_usb_power_down+0x18>)
10005b38:	64da      	str	r2, [r3, #76]	@ 0x4c
10005b3a:	4770      	bx	lr
10005b3c:	50110000 	.word	0x50110000
10005b40:	50112000 	.word	0x50112000

10005b44 <runtime_init_per_core_enable_coprocessors>:
10005b44:	f04f 22e0 	mov.w	r2, #3758153728	@ 0xe000e000
10005b48:	4b04      	ldr	r3, [pc, #16]	@ (10005b5c <runtime_init_per_core_enable_coprocessors+0x18>)
10005b4a:	f8d2 1d88 	ldr.w	r1, [r2, #3464]	@ 0xd88
10005b4e:	430b      	orrs	r3, r1
10005b50:	f8c2 3d88 	str.w	r3, [r2, #3464]	@ 0xd88
10005b54:	ee10 0430 	dcp_rcmp r0
10005b58:	4770      	bx	lr
10005b5a:	bf00      	nop
10005b5c:	00300303 	.word	0x00300303

10005b60 <runtime_init_post_clock_resets>:
10005b60:	f06f 4160 	mvn.w	r1, #3758096384	@ 0xe0000000
10005b64:	4b04      	ldr	r3, [pc, #16]	@ (10005b78 <runtime_init_post_clock_resets+0x18>)
10005b66:	4a05      	ldr	r2, [pc, #20]	@ (10005b7c <runtime_init_post_clock_resets+0x1c>)
10005b68:	6019      	str	r1, [r3, #0]
10005b6a:	6893      	ldr	r3, [r2, #8]
10005b6c:	43db      	mvns	r3, r3
10005b6e:	f033 4360 	bics.w	r3, r3, #3758096384	@ 0xe0000000
10005b72:	d1fa      	bne.n	10005b6a <runtime_init_post_clock_resets+0xa>
10005b74:	4770      	bx	lr
10005b76:	bf00      	nop
10005b78:	40023000 	.word	0x40023000
10005b7c:	40020000 	.word	0x40020000

10005b80 <runtime_init_bootrom_reset>:
10005b80:	b510      	push	{r4, lr}
10005b82:	f245 2053 	movw	r0, #21075	@ 0x5253
10005b86:	f7ff ff49 	bl	10005a1c <rom_func_lookup>
10005b8a:	e8bd 4010 	ldmia.w	sp!, {r4, lr}
10005b8e:	4603      	mov	r3, r0
10005b90:	2004      	movs	r0, #4
10005b92:	4718      	bx	r3

10005b94 <runtime_init_per_core_bootrom_reset>:
10005b94:	b510      	push	{r4, lr}
10005b96:	f245 2053 	movw	r0, #21075	@ 0x5253
10005b9a:	f7ff ff3f 	bl	10005a1c <rom_func_lookup>
10005b9e:	e8bd 4010 	ldmia.w	sp!, {r4, lr}
10005ba2:	4603      	mov	r3, r0
10005ba4:	2001      	movs	r0, #1
10005ba6:	4718      	bx	r3

10005ba8 <runtime_init_spin_locks_reset>:
10005ba8:	f7fe bdc2 	b.w	10004730 <spin_locks_reset>

10005bac <runtime_init_install_ram_vector_table>:
10005bac:	b538      	push	{r3, r4, r5, lr}
10005bae:	4913      	ldr	r1, [pc, #76]	@ (10005bfc <runtime_init_install_ram_vector_table+0x50>)
10005bb0:	4c13      	ldr	r4, [pc, #76]	@ (10005c00 <runtime_init_install_ram_vector_table+0x54>)
10005bb2:	4d14      	ldr	r5, [pc, #80]	@ (10005c04 <runtime_init_install_ram_vector_table+0x58>)
10005bb4:	1a64      	subs	r4, r4, r1
10005bb6:	08a4      	lsrs	r4, r4, #2
10005bb8:	2c44      	cmp	r4, #68	@ 0x44
10005bba:	4622      	mov	r2, r4
10005bbc:	bf28      	it	cs
10005bbe:	2244      	movcs	r2, #68	@ 0x44
10005bc0:	4628      	mov	r0, r5
10005bc2:	0092      	lsls	r2, r2, #2
10005bc4:	f005 fba4 	bl	1000b310 <__memcpy_veneer>
10005bc8:	2c43      	cmp	r4, #67	@ 0x43
10005bca:	d814      	bhi.n	10005bf6 <runtime_init_install_ram_vector_table+0x4a>
10005bcc:	4a0e      	ldr	r2, [pc, #56]	@ (10005c08 <runtime_init_install_ram_vector_table+0x5c>)
10005bce:	f1c4 0044 	rsb	r0, r4, #68	@ 0x44
10005bd2:	d00e      	beq.n	10005bf2 <runtime_init_install_ram_vector_table+0x46>
10005bd4:	eb05 0384 	add.w	r3, r5, r4, lsl #2
10005bd8:	0841      	lsrs	r1, r0, #1
10005bda:	eb03 01c1 	add.w	r1, r3, r1, lsl #3
10005bde:	e9c3 2200 	strd	r2, r2, [r3]
10005be2:	3308      	adds	r3, #8
10005be4:	4299      	cmp	r1, r3
10005be6:	d1fa      	bne.n	10005bde <runtime_init_install_ram_vector_table+0x32>
10005be8:	07c3      	lsls	r3, r0, #31
10005bea:	d504      	bpl.n	10005bf6 <runtime_init_install_ram_vector_table+0x4a>
10005bec:	f020 0001 	bic.w	r0, r0, #1
10005bf0:	4404      	add	r4, r0
10005bf2:	f845 2024 	str.w	r2, [r5, r4, lsl #2]
10005bf6:	4b05      	ldr	r3, [pc, #20]	@ (10005c0c <runtime_init_install_ram_vector_table+0x60>)
10005bf8:	609d      	str	r5, [r3, #8]
10005bfa:	bd38      	pop	{r3, r4, r5, pc}
10005bfc:	10000000 	.word	0x10000000
10005c00:	10000110 	.word	0x10000110
10005c04:	20000000 	.word	0x20000000
10005c08:	10000111 	.word	0x10000111
10005c0c:	e000ed00 	.word	0xe000ed00

10005c10 <runtime_init_clocks>:
10005c10:	2300      	movs	r3, #0
10005c12:	b570      	push	{r4, r5, r6, lr}
10005c14:	4c2b      	ldr	r4, [pc, #172]	@ (10005cc4 <runtime_init_clocks+0xb4>)
10005c16:	b082      	sub	sp, #8
10005c18:	f8c4 3084 	str.w	r3, [r4, #132]	@ 0x84
10005c1c:	f7ff ff3a 	bl	10005a94 <xosc_init>
10005c20:	2201      	movs	r2, #1
10005c22:	4b29      	ldr	r3, [pc, #164]	@ (10005cc8 <runtime_init_clocks+0xb8>)
10005c24:	63da      	str	r2, [r3, #60]	@ 0x3c
10005c26:	6c63      	ldr	r3, [r4, #68]	@ 0x44
10005c28:	2b01      	cmp	r3, #1
10005c2a:	d1fc      	bne.n	10005c26 <runtime_init_clocks+0x16>
10005c2c:	2103      	movs	r1, #3
10005c2e:	4a26      	ldr	r2, [pc, #152]	@ (10005cc8 <runtime_init_clocks+0xb8>)
10005c30:	4b24      	ldr	r3, [pc, #144]	@ (10005cc4 <runtime_init_clocks+0xb4>)
10005c32:	6311      	str	r1, [r2, #48]	@ 0x30
10005c34:	6b9c      	ldr	r4, [r3, #56]	@ 0x38
10005c36:	2c01      	cmp	r4, #1
10005c38:	d1fc      	bne.n	10005c34 <runtime_init_clocks+0x24>
10005c3a:	2602      	movs	r6, #2
10005c3c:	2505      	movs	r5, #5
10005c3e:	4621      	mov	r1, r4
10005c40:	2305      	movs	r3, #5
10005c42:	4a22      	ldr	r2, [pc, #136]	@ (10005ccc <runtime_init_clocks+0xbc>)
10005c44:	4822      	ldr	r0, [pc, #136]	@ (10005cd0 <runtime_init_clocks+0xc0>)
10005c46:	9600      	str	r6, [sp, #0]
10005c48:	f7ff fe30 	bl	100058ac <pll_init>
10005c4c:	4621      	mov	r1, r4
10005c4e:	462b      	mov	r3, r5
10005c50:	4a20      	ldr	r2, [pc, #128]	@ (10005cd4 <runtime_init_clocks+0xc4>)
10005c52:	4821      	ldr	r0, [pc, #132]	@ (10005cd8 <runtime_init_clocks+0xc8>)
10005c54:	9500      	str	r5, [sp, #0]
10005c56:	f7ff fe29 	bl	100058ac <pll_init>
10005c5a:	2200      	movs	r2, #0
10005c5c:	2004      	movs	r0, #4
10005c5e:	4631      	mov	r1, r6
10005c60:	4b1e      	ldr	r3, [pc, #120]	@ (10005cdc <runtime_init_clocks+0xcc>)
10005c62:	f7ff fdb5 	bl	100057d0 <clock_configure_undivided>
10005c66:	4621      	mov	r1, r4
10005c68:	4628      	mov	r0, r5
10005c6a:	2200      	movs	r2, #0
10005c6c:	4b1c      	ldr	r3, [pc, #112]	@ (10005ce0 <runtime_init_clocks+0xd0>)
10005c6e:	f7ff fdaf 	bl	100057d0 <clock_configure_undivided>
10005c72:	2200      	movs	r2, #0
10005c74:	2008      	movs	r0, #8
10005c76:	4611      	mov	r1, r2
10005c78:	4b1a      	ldr	r3, [pc, #104]	@ (10005ce4 <runtime_init_clocks+0xd4>)
10005c7a:	f7ff fda9 	bl	100057d0 <clock_configure_undivided>
10005c7e:	2200      	movs	r2, #0
10005c80:	2009      	movs	r0, #9
10005c82:	4611      	mov	r1, r2
10005c84:	4b17      	ldr	r3, [pc, #92]	@ (10005ce4 <runtime_init_clocks+0xd4>)
10005c86:	f7ff fda3 	bl	100057d0 <clock_configure_undivided>
10005c8a:	2200      	movs	r2, #0
10005c8c:	2006      	movs	r0, #6
10005c8e:	4611      	mov	r1, r2
10005c90:	4b13      	ldr	r3, [pc, #76]	@ (10005ce0 <runtime_init_clocks+0xd0>)
10005c92:	f7ff fd9d 	bl	100057d0 <clock_configure_undivided>
10005c96:	2200      	movs	r2, #0
10005c98:	4b11      	ldr	r3, [pc, #68]	@ (10005ce0 <runtime_init_clocks+0xd0>)
10005c9a:	2007      	movs	r0, #7
10005c9c:	4611      	mov	r1, r2
10005c9e:	f7ff fd97 	bl	100057d0 <clock_configure_undivided>
10005ca2:	2004      	movs	r0, #4
10005ca4:	f7ff fdfc 	bl	100058a0 <clock_get_hz>
10005ca8:	2400      	movs	r4, #0
10005caa:	4b0f      	ldr	r3, [pc, #60]	@ (10005ce8 <runtime_init_clocks+0xd8>)
10005cac:	fba3 3500 	umull	r3, r5, r3, r0
10005cb0:	0cad      	lsrs	r5, r5, #18
10005cb2:	b2e0      	uxtb	r0, r4
10005cb4:	4629      	mov	r1, r5
10005cb6:	3401      	adds	r4, #1
10005cb8:	f7ff fe8a 	bl	100059d0 <tick_start>
10005cbc:	2c06      	cmp	r4, #6
10005cbe:	d1f8      	bne.n	10005cb2 <runtime_init_clocks+0xa2>
10005cc0:	b002      	add	sp, #8
10005cc2:	bd70      	pop	{r4, r5, r6, pc}
10005cc4:	40010000 	.word	0x40010000
10005cc8:	40013000 	.word	0x40013000
10005ccc:	59682f00 	.word	0x59682f00
10005cd0:	40050000 	.word	0x40050000
10005cd4:	47868c00 	.word	0x47868c00
10005cd8:	40058000 	.word	0x40058000
10005cdc:	00b71b00 	.word	0x00b71b00
10005ce0:	08f0d180 	.word	0x08f0d180
10005ce4:	02dc6c00 	.word	0x02dc6c00
10005ce8:	431bde83 	.word	0x431bde83

10005cec <generic_save_state>:
10005cec:	b086      	sub	sp, #24
10005cee:	b403      	push	{r0, r1}
10005cf0:	fc51 0408 	dcp_pxmd r0, r1
10005cf4:	e9cd 0102 	strd	r0, r1, [sp, #8]
10005cf8:	fc51 0409 	dcp_pymd r0, r1
10005cfc:	e9cd 0104 	strd	r0, r1, [sp, #16]
10005d00:	ec51 040a 	dcp_refd r0, r1
10005d04:	e9cd 0106 	strd	r0, r1, [sp, #24]
10005d08:	bc03      	pop	{r0, r1}
10005d0a:	47f0      	blx	lr

10005d0c <generic_restore_state>:
10005d0c:	e8bd 5000 	ldmia.w	sp!, {ip, lr}
10005d10:	ec4e c400 	dcp_wxmd ip, lr
10005d14:	e8bd 5000 	ldmia.w	sp!, {ip, lr}
10005d18:	ec4e c401 	dcp_wymd ip, lr
10005d1c:	e8bd 5000 	ldmia.w	sp!, {ip, lr}
10005d20:	ec4e c402 	dcp_wefd ip, lr
10005d24:	bd00      	pop	{pc}
10005d26:	0000      	movs	r0, r0
10005d28:	b500      	push	{lr}
10005d2a:	f7ff ffdf 	bl	10005cec <generic_save_state>
10005d2e:	e002      	b.n	10005d36 <__wrap___aeabi_dadd+0x6>

10005d30 <__wrap___aeabi_dadd>:
10005d30:	fe10 f430 	dcp_pcmp APSR_nzcv
10005d34:	d4f8      	bmi.n	10005d28 <generic_restore_state+0x1c>
10005d36:	ec41 0410 	dcp_wxup r0, r1
10005d3a:	ec43 2411 	dcp_wyup r2, r3
10005d3e:	ee00 0401 	dcp_add0
10005d42:	ee10 0401 	dcp_add1
10005d46:	ee80 0420 	dcp_nrdd
10005d4a:	ec51 0410 	dcp_rdda r0, r1
10005d4e:	4770      	bx	lr
10005d50:	b500      	push	{lr}
10005d52:	f7ff ffcb 	bl	10005cec <generic_save_state>
10005d56:	e002      	b.n	10005d5e <__wrap___aeabi_dsub+0x6>

10005d58 <__wrap___aeabi_dsub>:
10005d58:	fe10 f430 	dcp_pcmp APSR_nzcv
10005d5c:	d4f8      	bmi.n	10005d50 <__wrap___aeabi_dadd+0x20>
10005d5e:	ec41 0410 	dcp_wxup r0, r1
10005d62:	ec43 2411 	dcp_wyup r2, r3
10005d66:	ee00 0401 	dcp_add0
10005d6a:	ee10 0421 	dcp_sub1
10005d6e:	ee80 0420 	dcp_nrdd
10005d72:	ec51 0430 	dcp_rdds r0, r1
10005d76:	4770      	bx	lr
10005d78:	b500      	push	{lr}
10005d7a:	f7ff ffb7 	bl	10005cec <generic_save_state>
10005d7e:	e002      	b.n	10005d86 <__wrap___aeabi_dmul+0x6>

10005d80 <__wrap___aeabi_dmul>:
10005d80:	fe10 f430 	dcp_pcmp APSR_nzcv
10005d84:	d4f8      	bmi.n	10005d78 <__wrap___aeabi_dsub+0x20>
10005d86:	b510      	push	{r4, lr}
10005d88:	ec41 0410 	dcp_wxup r0, r1
10005d8c:	ec43 2411 	dcp_wyup r2, r3
10005d90:	ec51 0404 	dcp_rxms r0, r1, #0x0
10005d94:	ec53 2405 	dcp_ryms r2, r3, #0x0
10005d98:	fba0 4c02 	umull	r4, ip, r0, r2
10005d9c:	f05f 0e00 	movs.w	lr, #0
10005da0:	fbe0 ce03 	umlal	ip, lr, r0, r3
10005da4:	fbe1 ce02 	umlal	ip, lr, r1, r2
10005da8:	ec4c 4420 	dcp_wxms r4, ip
10005dac:	2400      	movs	r4, #0
10005dae:	fbe1 e403 	umlal	lr, r4, r1, r3
10005db2:	ec44 e430 	dcp_wxmo lr, r4
10005db6:	ee80 0420 	dcp_nrdd
10005dba:	ec51 0450 	dcp_rddm r0, r1
10005dbe:	bd10      	pop	{r4, pc}
10005dc0:	b500      	push	{lr}
10005dc2:	f7ff ff93 	bl	10005cec <generic_save_state>
10005dc6:	e002      	b.n	10005dce <__wrap___aeabi_ddiv+0x6>

10005dc8 <__wrap___aeabi_ddiv>:
10005dc8:	fe10 f430 	dcp_pcmp APSR_nzcv
10005dcc:	d4f8      	bmi.n	10005dc0 <__wrap___aeabi_dmul+0x40>
10005dce:	ec41 0410 	dcp_wxup r0, r1
10005dd2:	ec43 2411 	dcp_wyup r2, r3
10005dd6:	ec51 0421 	dcp_rymr r0, r1
10005dda:	fba0 1201 	umull	r1, r2, r0, r1
10005dde:	ea6f 0282 	mvn.w	r2, r2, lsl #2
10005de2:	fb52 0010 	smmlar	r0, r2, r0, r0
10005de6:	fb52 f212 	smmulr	r2, r2, r2
10005dea:	fb52 0010 	smmlar	r0, r2, r0, r0
10005dee:	eba0 7cd0 	sub.w	ip, r0, r0, lsr #31
10005df2:	ec53 2404 	dcp_rxms r2, r3, #0x0
10005df6:	fb5c f113 	smmulr	r1, ip, r3
10005dfa:	ec53 2415 	dcp_ryms r2, r3, #0x1
10005dfe:	fba1 2002 	umull	r2, r0, r1, r2
10005e02:	fb01 0003 	mla	r0, r1, r3, r0
10005e06:	ec53 2444 	dcp_rxms r2, r3, #0x4
10005e0a:	eba2 0000 	sub.w	r0, r2, r0
10005e0e:	fb50 f21c 	smmulr	r2, r0, ip
10005e12:	ea4f 1311 	mov.w	r3, r1, lsr #4
10005e16:	eb12 7001 	adds.w	r0, r2, r1, lsl #28
10005e1a:	eb43 71e2 	adc.w	r1, r3, r2, asr #31
10005e1e:	ea40 5051 	orr.w	r0, r0, r1, lsr #21
10005e22:	ea20 5091 	bic.w	r0, r0, r1, lsr #22
10005e26:	f020 0007 	bic.w	r0, r0, #7
10005e2a:	ec53 2475 	dcp_ryms r2, r3, #0x7
10005e2e:	fba0 3c02 	umull	r3, ip, r0, r2
10005e32:	ec53 2475 	dcp_ryms r2, r3, #0x7
10005e36:	fb00 cc03 	mla	ip, r0, r3, ip
10005e3a:	fb01 cc02 	mla	ip, r1, r2, ip
10005e3e:	ec53 2404 	dcp_rxms r2, r3, #0x0
10005e42:	ebac 4c82 	sub.w	ip, ip, r2, lsl #18
10005e46:	ea40 705c 	orr.w	r0, r0, ip, lsr #29
10005e4a:	f1a0 0001 	sub.w	r0, r0, #1
10005e4e:	ec41 0440 	dcp_wxdd r0, r1
10005e52:	ee80 0420 	dcp_nrdd
10005e56:	ec51 0470 	dcp_rddd r0, r1
10005e5a:	4770      	bx	lr
10005e5c:	b500      	push	{lr}
10005e5e:	f7ff ff45 	bl	10005cec <generic_save_state>
10005e62:	e002      	b.n	10005e6a <__wrap___aeabi_d2f+0x6>

10005e64 <__wrap___aeabi_d2f>:
10005e64:	fe10 f430 	dcp_pcmp APSR_nzcv
10005e68:	d4f8      	bmi.n	10005e5c <__wrap___aeabi_ddiv+0x94>
10005e6a:	ec41 0410 	dcp_wxup r0, r1
10005e6e:	ee80 0422 	dcp_nrdf
10005e72:	ee10 04b2 	dcp_rdfg r0
10005e76:	4770      	bx	lr
10005e78:	b500      	push	{lr}
10005e7a:	f7ff ff37 	bl	10005cec <generic_save_state>
10005e7e:	e002      	b.n	10005e86 <__wrap___aeabi_i2d+0x6>

10005e80 <__wrap___aeabi_i2d>:
10005e80:	fe10 f430 	dcp_pcmp APSR_nzcv
10005e84:	d4f8      	bmi.n	10005e78 <__wrap___aeabi_d2f+0x14>
10005e86:	ec40 0470 	dcp_wxic r0, r0
10005e8a:	ee00 0401 	dcp_add0
10005e8e:	ee10 0421 	dcp_sub1
10005e92:	ee80 0420 	dcp_nrdd
10005e96:	ec51 0430 	dcp_rdds r0, r1
10005e9a:	4770      	bx	lr
10005e9c:	b500      	push	{lr}
10005e9e:	f7ff ff25 	bl	10005cec <generic_save_state>
10005ea2:	e002      	b.n	10005eaa <__wrap___aeabi_ui2d+0x6>

10005ea4 <__wrap___aeabi_ui2d>:
10005ea4:	fe10 f430 	dcp_pcmp APSR_nzcv
10005ea8:	d4f8      	bmi.n	10005e9c <__wrap___aeabi_i2d+0x1c>
10005eaa:	ec40 0460 	dcp_wxuc r0, r0
10005eae:	ee00 0401 	dcp_add0
10005eb2:	ee10 0421 	dcp_sub1
10005eb6:	ee80 0420 	dcp_nrdd
10005eba:	ec51 0430 	dcp_rdds r0, r1
10005ebe:	4770      	bx	lr
10005ec0:	b500      	push	{lr}
10005ec2:	f7ff ff13 	bl	10005cec <generic_save_state>
10005ec6:	e002      	b.n	10005ece <double2int_z_entry>

10005ec8 <__wrap___aeabi_d2iz>:
10005ec8:	fe10 f430 	dcp_pcmp APSR_nzcv
10005ecc:	d4f8      	bmi.n	10005ec0 <__wrap___aeabi_ui2d+0x1c>

10005ece <double2int_z_entry>:
10005ece:	ec41 0480 	dcp_wxdc r0, r1
10005ed2:	ee00 0401 	dcp_add0
10005ed6:	ee10 0401 	dcp_add1
10005eda:	ee80 0440 	dcp_ntdc
10005ede:	ee10 0413 	dcp_rdic r0
10005ee2:	4770      	bx	lr
10005ee4:	b500      	push	{lr}
10005ee6:	f7ff ff01 	bl	10005cec <generic_save_state>
10005eea:	e002      	b.n	10005ef2 <double2uint_z_entry>

10005eec <__wrap___aeabi_d2uiz>:
10005eec:	fe10 f430 	dcp_pcmp APSR_nzcv
10005ef0:	d4f8      	bmi.n	10005ee4 <double2int_z_entry+0x16>

10005ef2 <double2uint_z_entry>:
10005ef2:	ec41 0480 	dcp_wxdc r0, r1
10005ef6:	ee00 0401 	dcp_add0
10005efa:	ee10 0401 	dcp_add1
10005efe:	ee80 0440 	dcp_ntdc
10005f02:	ee10 0433 	dcp_rduc r0
10005f06:	4770      	bx	lr
10005f08:	b500      	push	{lr}
10005f0a:	f7ff feef 	bl	10005cec <generic_save_state>
10005f0e:	e002      	b.n	10005f16 <__wrap___aeabi_dcmpun+0x6>

10005f10 <__wrap___aeabi_dcmpun>:
10005f10:	fe10 f430 	dcp_pcmp APSR_nzcv
10005f14:	d4f8      	bmi.n	10005f08 <double2uint_z_entry+0x16>
10005f16:	ec41 0410 	dcp_wxup r0, r1
10005f1a:	ec43 2411 	dcp_wyup r2, r3
10005f1e:	ee00 0401 	dcp_add0
10005f22:	ee10 0430 	dcp_rcmp r0
10005f26:	f3c0 7000 	ubfx	r0, r0, #28, #1
10005f2a:	4770      	bx	lr
10005f2c:	b500      	push	{lr}
10005f2e:	f7ff fedd 	bl	10005cec <generic_save_state>
10005f32:	e002      	b.n	10005f3a <__wrap___aeabi_dcmplt+0x6>

10005f34 <__wrap___aeabi_dcmplt>:
10005f34:	fe10 f430 	dcp_pcmp APSR_nzcv
10005f38:	d4f8      	bmi.n	10005f2c <__wrap___aeabi_dcmpun+0x1c>
10005f3a:	ec43 2410 	dcp_wxup r2, r3
10005f3e:	ec41 0411 	dcp_wyup r0, r1
10005f42:	ee00 0401 	dcp_add0
10005f46:	ee10 f430 	dcp_rcmp APSR_nzcv
10005f4a:	bf8c      	ite	hi
10005f4c:	2001      	movhi	r0, #1
10005f4e:	2000      	movls	r0, #0
10005f50:	4770      	bx	lr
10005f52:	bf00      	nop
10005f54:	b500      	push	{lr}
10005f56:	f7ff fec9 	bl	10005cec <generic_save_state>
10005f5a:	e002      	b.n	10005f62 <__wrap___aeabi_dcmpge+0x6>

10005f5c <__wrap___aeabi_dcmpge>:
10005f5c:	fe10 f430 	dcp_pcmp APSR_nzcv
10005f60:	d4f8      	bmi.n	10005f54 <__wrap___aeabi_dcmplt+0x20>
10005f62:	ec41 0410 	dcp_wxup r0, r1
10005f66:	ec43 2411 	dcp_wyup r2, r3
10005f6a:	ee00 0401 	dcp_add0
10005f6e:	ee10 f430 	dcp_rcmp APSR_nzcv
10005f72:	bf2c      	ite	cs
10005f74:	2001      	movcs	r0, #1
10005f76:	2000      	movcc	r0, #0
10005f78:	4770      	bx	lr
10005f7a:	bf00      	nop
10005f7c:	b500      	push	{lr}
10005f7e:	f7ff feb5 	bl	10005cec <generic_save_state>
10005f82:	e002      	b.n	10005f8a <__wrap___aeabi_dcmpgt+0x6>

10005f84 <__wrap___aeabi_dcmpgt>:
10005f84:	fe10 f430 	dcp_pcmp APSR_nzcv
10005f88:	d4f8      	bmi.n	10005f7c <__wrap___aeabi_dcmpge+0x20>
10005f8a:	ec41 0410 	dcp_wxup r0, r1
10005f8e:	ec43 2411 	dcp_wyup r2, r3
10005f92:	ee00 0401 	dcp_add0
10005f96:	ee10 f430 	dcp_rcmp APSR_nzcv
10005f9a:	bf8c      	ite	hi
10005f9c:	2001      	movhi	r0, #1
10005f9e:	2000      	movls	r0, #0
10005fa0:	4770      	bx	lr
10005fa2:	bf00      	nop
10005fa4:	00000000 	.word	0x00000000

10005fa8 <rtwopi>:
	...
10005fb0:	28be60db 	.word	0x28be60db
10005fb4:	9391054a 	.word	0x9391054a
10005fb8:	7f09d5f4 	.word	0x7f09d5f4
10005fbc:	7d4d3770 	.word	0x7d4d3770
10005fc0:	36d8a566 	.word	0x36d8a566
10005fc4:	4f10e410 	.word	0x4f10e410
10005fc8:	7f9458ea 	.word	0x7f9458ea
10005fcc:	f7aef158 	.word	0xf7aef158
10005fd0:	6dc91b8e 	.word	0x6dc91b8e
10005fd4:	909374b8 	.word	0x909374b8
10005fd8:	01924bba 	.word	0x01924bba
10005fdc:	82746487 	.word	0x82746487
10005fe0:	3f877ac7 	.word	0x3f877ac7
10005fe4:	2c4a69cf 	.word	0x2c4a69cf
10005fe8:	ba208d7d 	.word	0xba208d7d
10005fec:	4baed121 	.word	0x4baed121
10005ff0:	3a671c09 	.word	0x3a671c09
10005ff4:	ad17df90 	.word	0xad17df90
10005ff8:	4e64758e 	.word	0x4e64758e
10005ffc:	60d4ce7d 	.word	0x60d4ce7d
10006000:	272117e2 	.word	0x272117e2
10006004:	ef7e4a0e 	.word	0xef7e4a0e
10006008:	c7fe25ff 	.word	0xc7fe25ff
1000600c:	f7816603 	.word	0xf7816603
10006010:	fbcbc462 	.word	0xfbcbc462
10006014:	d6829b47 	.word	0xd6829b47
10006018:	db4d9fb3 	.word	0xdb4d9fb3
1000601c:	c9f2c26d 	.word	0xc9f2c26d
10006020:	d3d18fd9 	.word	0xd3d18fd9
10006024:	a797fa8b 	.word	0xa797fa8b
10006028:	5d49eeb1 	.word	0x5d49eeb1
1000602c:	faf97c5e 	.word	0xfaf97c5e
10006030:	cf41ce7d 	.word	0xcf41ce7d
10006034:	e294a4ba 	.word	0xe294a4ba
10006038:	9afed7ec 	.word	0x9afed7ec
1000603c:	47e35742 	.word	0x47e35742
10006040:	1580cc11 	.word	0x1580cc11

10006044 <drr_core>:
10006044:	4b17      	ldr	r3, [pc, #92]	@ (100060a4 <drr_core+0x60>)
10006046:	f002 051f 	and.w	r5, r2, #31
1000604a:	f04f 0701 	mov.w	r7, #1
1000604e:	40af      	lsls	r7, r5
10006050:	ea5f 1862 	movs.w	r8, r2, asr #5
10006054:	fba7 4500 	umull	r4, r5, r7, r0
10006058:	2600      	movs	r6, #0
1000605a:	fbe7 5601 	umlal	r5, r6, r7, r1
1000605e:	eb03 0388 	add.w	r3, r3, r8, lsl #2
10006062:	f8d3 9010 	ldr.w	r9, [r3, #16]
10006066:	fba9 a706 	umull	sl, r7, r9, r6
1000606a:	f8d3 900c 	ldr.w	r9, [r3, #12]
1000606e:	fba9 a805 	umull	sl, r8, r9, r5
10006072:	fbe9 7866 	umaal	r7, r8, r9, r6
10006076:	f8d3 9008 	ldr.w	r9, [r3, #8]
1000607a:	fb09 8806 	mla	r8, r9, r6, r8
1000607e:	fbe9 7805 	umlal	r7, r8, r9, r5
10006082:	fba9 a604 	umull	sl, r6, r9, r4
10006086:	f8d3 9004 	ldr.w	r9, [r3, #4]
1000608a:	fb09 8805 	mla	r8, r9, r5, r8
1000608e:	fbe9 7804 	umlal	r7, r8, r9, r4
10006092:	f8d3 9000 	ldr.w	r9, [r3]
10006096:	fb09 8804 	mla	r8, r9, r4, r8
1000609a:	19bf      	adds	r7, r7, r6
1000609c:	f148 0800 	adc.w	r8, r8, #0
100060a0:	4770      	bx	lr
100060a2:	0000      	.short	0x0000
100060a4:	10005fa8 	.word	0x10005fa8
100060a8:	ea50 3201 	orrs.w	r2, r0, r1, lsl #12
100060ac:	bf08      	it	eq
100060ae:	f041 4100 	orreq.w	r1, r1, #2147483648	@ 0x80000000
100060b2:	f441 2100 	orr.w	r1, r1, #524288	@ 0x80000
100060b6:	000b      	movs	r3, r1
100060b8:	0002      	movs	r2, r0
100060ba:	4770      	bx	lr
100060bc:	b90b      	cbnz	r3, 100060c2 <drr_core+0x7e>
100060be:	2000      	movs	r0, #0
100060c0:	2100      	movs	r1, #0
100060c2:	2200      	movs	r2, #0
100060c4:	f240 0300 	movw	r3, #0
100060c8:	f6c3 73f0 	movt	r3, #16368	@ 0x3ff0
100060cc:	f01c 0f02 	tst.w	ip, #2
100060d0:	bf1c      	itt	ne
100060d2:	4610      	movne	r0, r2
100060d4:	4619      	movne	r1, r3
100060d6:	4770      	bx	lr
100060d8:	2200      	movs	r2, #0
100060da:	2300      	movs	r3, #0
100060dc:	2400      	movs	r4, #0
100060de:	f05f 4500 	movs.w	r5, #2147483648	@ 0x80000000
100060e2:	e104      	b.n	100062ee <__wrap_cos+0x8c>
100060e4:	f84d cd04 	str.w	ip, [sp, #-4]!
100060e8:	f05f 0c00 	movs.w	ip, #0
100060ec:	f10c 0c04 	add.w	ip, ip, #4
100060f0:	f102 0204 	add.w	r2, r2, #4
100060f4:	f7ff ffa6 	bl	10006044 <drr_core>
100060f8:	ea98 79e8 	eors.w	r9, r8, r8, asr #31
100060fc:	f1b9 7f80 	cmp.w	r9, #16777216	@ 0x1000000
10006100:	d202      	bcs.n	10006108 <drr_core+0xc4>
10006102:	f1bc 0f40 	cmp.w	ip, #64	@ 0x40
10006106:	d1f1      	bne.n	100060ec <drr_core+0xa8>
10006108:	ea97 77e8 	eors.w	r7, r7, r8, asr #31
1000610c:	f241 16a6 	movw	r6, #4518	@ 0x11a6
10006110:	f6c0 3646 	movt	r6, #2886	@ 0xb46
10006114:	fba9 a006 	umull	sl, r0, r9, r6
10006118:	f24d 5611 	movw	r6, #54545	@ 0xd511
1000611c:	f6c4 067e 	movt	r6, #18558	@ 0x487e
10006120:	fba7 a106 	umull	sl, r1, r7, r6
10006124:	fbe9 0166 	umaal	r0, r1, r9, r6
10006128:	2606      	movs	r6, #6
1000612a:	fbe7 0106 	umlal	r0, r1, r7, r6
1000612e:	fb09 1106 	mla	r1, r9, r6, r1
10006132:	f1dc 0a20 	rsbs	sl, ip, #32
10006136:	d457      	bmi.n	100061e8 <drr_core+0x1a4>
10006138:	fa21 f30c 	lsr.w	r3, r1, ip
1000613c:	fa20 f20c 	lsr.w	r2, r0, ip
10006140:	fa01 f90a 	lsl.w	r9, r1, sl
10006144:	ea42 0209 	orr.w	r2, r2, r9
10006148:	fba2 9403 	umull	r9, r4, r2, r3
1000614c:	fba2 9503 	umull	r9, r5, r2, r3
10006150:	fbe3 4563 	umaal	r4, r5, r3, r3
10006154:	fba4 9605 	umull	r9, r6, r4, r5
10006158:	fba4 9705 	umull	r9, r7, r4, r5
1000615c:	fbe5 6765 	umaal	r6, r7, r5, r5
10006160:	08f6      	lsrs	r6, r6, #3
10006162:	ea56 7647 	orrs.w	r6, r6, r7, lsl #29
10006166:	f04f 39aa 	mov.w	r9, #2863311530	@ 0xaaaaaaaa
1000616a:	fba6 6709 	umull	r6, r7, r6, r9
1000616e:	ebd4 0607 	rsbs	r6, r4, r7
10006172:	eb75 0745 	sbcs.w	r7, r5, r5, lsl #1
10006176:	ea5f 3927 	movs.w	r9, r7, asr #12
1000617a:	0b36      	lsrs	r6, r6, #12
1000617c:	eb56 5607 	adcs.w	r6, r6, r7, lsl #20
10006180:	f159 677f 	adcs.w	r7, r9, #267386880	@ 0xff00000
10006184:	f117 5740 	adds.w	r7, r7, #805306368	@ 0x30000000
10006188:	b4c0      	push	{r6, r7}
1000618a:	fba0 9205 	umull	r9, r2, r0, r5
1000618e:	fba1 9304 	umull	r9, r3, r1, r4
10006192:	fbe1 2365 	umaal	r2, r3, r1, r5
10006196:	fba2 9605 	umull	r9, r6, r2, r5
1000619a:	fba3 9704 	umull	r9, r7, r3, r4
1000619e:	fbe3 6765 	umaal	r6, r7, r3, r5
100061a2:	f04f 39aa 	mov.w	r9, #2863311530	@ 0xaaaaaaaa
100061a6:	fba2 a409 	umull	sl, r4, r2, r9
100061aa:	2500      	movs	r5, #0
100061ac:	fbe3 4509 	umlal	r4, r5, r3, r9
100061b0:	1964      	adds	r4, r4, r5
100061b2:	f155 0500 	adcs.w	r5, r5, #0
100061b6:	f04f 3988 	mov.w	r9, #2290649224	@ 0x88888888
100061ba:	fba6 2309 	umull	r2, r3, r6, r9
100061be:	ebb4 1413 	subs.w	r4, r4, r3, lsr #4
100061c2:	f165 0500 	sbc.w	r5, r5, #0
100061c6:	ebb0 0094 	subs.w	r0, r0, r4, lsr #2
100061ca:	eb61 01a5 	sbc.w	r1, r1, r5, asr #2
100061ce:	ebb0 7085 	subs.w	r0, r0, r5, lsl #30
100061d2:	f161 0100 	sbc.w	r1, r1, #0
100061d6:	f5cc 6480 	rsb	r4, ip, #1024	@ 0x400
100061da:	f1a4 040e 	sub.w	r4, r4, #14
100061de:	f000 f982 	bl	100064e6 <dpack_q>
100061e2:	e8bd 10c0 	ldmia.w	sp!, {r6, r7, ip}
100061e6:	e00c      	b.n	10006202 <drr_core+0x1be>
100061e8:	f5cc 6480 	rsb	r4, ip, #1024	@ 0x400
100061ec:	f1a4 040e 	sub.w	r4, r4, #14
100061f0:	f000 f979 	bl	100064e6 <dpack_q>
100061f4:	f85d cb04 	ldr.w	ip, [sp], #4
100061f8:	2600      	movs	r6, #0
100061fa:	f240 0700 	movw	r7, #0
100061fe:	f6c3 77f0 	movt	r7, #16368	@ 0x3ff0
10006202:	ea5f 78d8 	movs.w	r8, r8, lsr #31
10006206:	f368 0c00 	bfi	ip, r8, #0, #1
1000620a:	ea5f 096c 	movs.w	r9, ip, asr #1
1000620e:	d40f      	bmi.n	10006230 <drr_core+0x1ec>
10006210:	ea5f 0969 	movs.w	r9, r9, asr #1
10006214:	d306      	bcc.n	10006224 <drr_core+0x1e0>
10006216:	f01c 0c04 	ands.w	ip, ip, #4
1000621a:	ea57 714c 	orrs.w	r1, r7, ip, lsl #29
1000621e:	0030      	movs	r0, r6
10006220:	e8bd 87f0 	ldmia.w	sp!, {r4, r5, r6, r7, r8, r9, sl, pc}
10006224:	ea9c 0c9c 	eors.w	ip, ip, ip, lsr #2
10006228:	ea51 71cc 	orrs.w	r1, r1, ip, lsl #31
1000622c:	e8bd 87f0 	ldmia.w	sp!, {r4, r5, r6, r7, r8, r9, sl, pc}
10006230:	f01c 0404 	ands.w	r4, ip, #4
10006234:	ea97 7744 	eors.w	r7, r7, r4, lsl #29
10006238:	b4c0      	push	{r6, r7}
1000623a:	e0a6      	b.n	1000638a <__wrap_cos+0x128>

1000623c <__wrap_sincos>:
1000623c:	b53c      	push	{r2, r3, r4, r5, lr}
1000623e:	f000 f804 	bl	1000624a <sincos_raw>
10006242:	bc30      	pop	{r4, r5}
10006244:	c403      	stmia	r4!, {r0, r1}
10006246:	c50c      	stmia	r5!, {r2, r3}
10006248:	bd30      	pop	{r4, r5, pc}

1000624a <sincos_raw>:
1000624a:	f011 4c00 	ands.w	ip, r1, #2147483648	@ 0x80000000
1000624e:	ea5f 0c5c 	movs.w	ip, ip, lsr #1
10006252:	f05c 4c00 	orrs.w	ip, ip, #2147483648	@ 0x80000000
10006256:	e006      	b.n	10006266 <__wrap_cos+0x4>

10006258 <__wrap_sin>:
10006258:	ea5f 7c51 	movs.w	ip, r1, lsr #29
1000625c:	f01c 0c04 	ands.w	ip, ip, #4
10006260:	e001      	b.n	10006266 <__wrap_cos+0x4>

10006262 <__wrap_cos>:
10006262:	f05f 0c02 	movs.w	ip, #2
10006266:	f3c1 530a 	ubfx	r3, r1, #20, #11
1000626a:	f2a3 32ff 	subw	r2, r3, #1023	@ 0x3ff
1000626e:	f5b2 6f80 	cmp.w	r2, #1024	@ 0x400
10006272:	f43f af19 	beq.w	100060a8 <drr_core+0x64>
10006276:	f112 0f20 	cmn.w	r2, #32
1000627a:	f6ff af1f 	blt.w	100060bc <drr_core+0x78>
1000627e:	2301      	movs	r3, #1
10006280:	f363 511f 	bfi	r1, r3, #20, #12
10006284:	e92d 47f0 	stmdb	sp!, {r4, r5, r6, r7, r8, r9, sl, lr}
10006288:	f102 020c 	add.w	r2, r2, #12
1000628c:	f7ff feda 	bl	10006044 <drr_core>
10006290:	ea5f 7498 	movs.w	r4, r8, lsr #30
10006294:	f144 0400 	adc.w	r4, r4, #0
10006298:	eba8 7884 	sub.w	r8, r8, r4, lsl #30
1000629c:	eb0c 0c44 	add.w	ip, ip, r4, lsl #1
100062a0:	ea4c 7cd8 	orr.w	ip, ip, r8, lsr #31
100062a4:	ea97 77e8 	eors.w	r7, r7, r8, asr #31
100062a8:	ea98 78e8 	eors.w	r8, r8, r8, asr #31
100062ac:	f5b8 0f80 	cmp.w	r8, #4194304	@ 0x400000
100062b0:	f4ff af18 	bcc.w	100060e4 <drr_core+0xa0>
100062b4:	f241 19a6 	movw	r9, #4518	@ 0x11a6
100062b8:	f6c0 3946 	movt	r9, #2886	@ 0xb46
100062bc:	fba8 a009 	umull	sl, r0, r8, r9
100062c0:	f24d 5911 	movw	r9, #54545	@ 0xd511
100062c4:	f6c4 097e 	movt	r9, #18558	@ 0x487e
100062c8:	fba7 a109 	umull	sl, r1, r7, r9
100062cc:	fbe8 0169 	umaal	r0, r1, r8, r9
100062d0:	f05f 0906 	movs.w	r9, #6
100062d4:	fbe7 0109 	umlal	r0, r1, r7, r9
100062d8:	fb08 1109 	mla	r1, r8, r9, r1
100062dc:	f1b1 7f00 	cmp.w	r1, #33554432	@ 0x2000000
100062e0:	f4ff aefa 	bcc.w	100060d8 <drr_core+0x94>
100062e4:	0eca      	lsrs	r2, r1, #27
100062e6:	4b7c      	ldr	r3, [pc, #496]	@ (100064d8 <dsc_h1c+0x1c>)
100062e8:	eb03 1302 	add.w	r3, r3, r2, lsl #4
100062ec:	cb3c      	ldmia	r3, {r2, r3, r4, r5}
100062ee:	1a80      	subs	r0, r0, r2
100062f0:	4199      	sbcs	r1, r3
100062f2:	d410      	bmi.n	10006316 <__wrap_cos+0xb4>
100062f4:	ea5f 066c 	movs.w	r6, ip, asr #1
100062f8:	d436      	bmi.n	10006368 <__wrap_cos+0x106>
100062fa:	1076      	asrs	r6, r6, #1
100062fc:	d21c      	bcs.n	10006338 <__wrap_cos+0xd6>
100062fe:	f000 f86c 	bl	100063da <dsc_h0>
10006302:	f000 f8af 	bl	10006464 <dsc_h0s>
10006306:	f000 f8ec 	bl	100064e2 <dpack_q63>
1000630a:	ea9c 0c9c 	eors.w	ip, ip, ip, lsr #2
1000630e:	ea51 71cc 	orrs.w	r1, r1, ip, lsl #31
10006312:	e8bd 87f0 	ldmia.w	sp!, {r4, r5, r6, r7, r8, r9, sl, pc}
10006316:	ea5f 066c 	movs.w	r6, ip, asr #1
1000631a:	d449      	bmi.n	100063b0 <__wrap_cos+0x14e>
1000631c:	1076      	asrs	r6, r6, #1
1000631e:	d217      	bcs.n	10006350 <__wrap_cos+0xee>
10006320:	f000 f858 	bl	100063d4 <dsc_h1>
10006324:	f000 f8ac 	bl	10006480 <dsc_h1s>
10006328:	f000 f8d8 	bl	100064dc <dnegpack_q63>
1000632c:	ea9c 0c9c 	eors.w	ip, ip, ip, lsr #2
10006330:	ea51 71cc 	orrs.w	r1, r1, ip, lsl #31
10006334:	e8bd 87f0 	ldmia.w	sp!, {r4, r5, r6, r7, r8, r9, sl, pc}
10006338:	f000 f84f 	bl	100063da <dsc_h0>
1000633c:	f000 f8af 	bl	1000649e <dsc_h0c>
10006340:	f000 f8cc 	bl	100064dc <dnegpack_q63>
10006344:	f01c 0c04 	ands.w	ip, ip, #4
10006348:	ea51 714c 	orrs.w	r1, r1, ip, lsl #29
1000634c:	e8bd 87f0 	ldmia.w	sp!, {r4, r5, r6, r7, r8, r9, sl, pc}
10006350:	f000 f840 	bl	100063d4 <dsc_h1>
10006354:	f000 f8b2 	bl	100064bc <dsc_h1c>
10006358:	f000 f8c3 	bl	100064e2 <dpack_q63>
1000635c:	f01c 0c04 	ands.w	ip, ip, #4
10006360:	ea51 714c 	orrs.w	r1, r1, ip, lsl #29
10006364:	e8bd 87f0 	ldmia.w	sp!, {r4, r5, r6, r7, r8, r9, sl, pc}
10006368:	f000 f837 	bl	100063da <dsc_h0>
1000636c:	b4fc      	push	{r2, r3, r4, r5, r6, r7}
1000636e:	f000 f896 	bl	1000649e <dsc_h0c>
10006372:	f000 f8b3 	bl	100064dc <dnegpack_q63>
10006376:	f01c 0404 	ands.w	r4, ip, #4
1000637a:	ea91 7144 	eors.w	r1, r1, r4, lsl #29
1000637e:	bcfc      	pop	{r2, r3, r4, r5, r6, r7}
10006380:	b403      	push	{r0, r1}
10006382:	f000 f86f 	bl	10006464 <dsc_h0s>
10006386:	f000 f8ac 	bl	100064e2 <dpack_q63>
1000638a:	ea9c 045c 	eors.w	r4, ip, ip, lsr #1
1000638e:	ea94 049c 	eors.w	r4, r4, ip, lsr #2
10006392:	ea91 71c4 	eors.w	r1, r1, r4, lsl #31
10006396:	f01c 0f02 	tst.w	ip, #2
1000639a:	bf1d      	ittte	ne
1000639c:	4602      	movne	r2, r0
1000639e:	460b      	movne	r3, r1
100063a0:	bc03      	popne	{r0, r1}
100063a2:	bc0c      	popeq	{r2, r3}
100063a4:	f01c 4480 	ands.w	r4, ip, #1073741824	@ 0x40000000
100063a8:	ea91 0144 	eors.w	r1, r1, r4, lsl #1
100063ac:	e8bd 87f0 	ldmia.w	sp!, {r4, r5, r6, r7, r8, r9, sl, pc}
100063b0:	f000 f810 	bl	100063d4 <dsc_h1>
100063b4:	b4fc      	push	{r2, r3, r4, r5, r6, r7}
100063b6:	f000 f881 	bl	100064bc <dsc_h1c>
100063ba:	f000 f892 	bl	100064e2 <dpack_q63>
100063be:	f01c 0404 	ands.w	r4, ip, #4
100063c2:	ea91 7144 	eors.w	r1, r1, r4, lsl #29
100063c6:	bcfc      	pop	{r2, r3, r4, r5, r6, r7}
100063c8:	b403      	push	{r0, r1}
100063ca:	f000 f859 	bl	10006480 <dsc_h1s>
100063ce:	f000 f885 	bl	100064dc <dnegpack_q63>
100063d2:	e7da      	b.n	1000638a <__wrap_cos+0x128>

100063d4 <dsc_h1>:
100063d4:	4240      	negs	r0, r0
100063d6:	eb61 0141 	sbc.w	r1, r1, r1, lsl #1

100063da <dsc_h0>:
100063da:	fba1 6701 	umull	r6, r7, r1, r1
100063de:	fba0 2301 	umull	r2, r3, r0, r1
100063e2:	087f      	lsrs	r7, r7, #1
100063e4:	ea4f 0636 	mov.w	r6, r6, rrx
100063e8:	18f2      	adds	r2, r6, r3
100063ea:	f147 0300 	adc.w	r3, r7, #0
100063ee:	fba3 7600 	umull	r7, r6, r3, r0
100063f2:	fbe2 7601 	umlal	r7, r6, r2, r1
100063f6:	2700      	movs	r7, #0
100063f8:	fbe3 6701 	umlal	r6, r7, r3, r1
100063fc:	f04f 3855 	mov.w	r8, #1431655765	@ 0x55555555
10006400:	fba6 9608 	umull	r9, r6, r6, r8
10006404:	f04f 0900 	mov.w	r9, #0
10006408:	fbe7 6908 	umlal	r6, r9, r7, r8
1000640c:	eb16 0609 	adds.w	r6, r6, r9
10006410:	f159 0700 	adcs.w	r7, r9, #0
10006414:	1b86      	subs	r6, r0, r6
10006416:	eb71 0707 	sbcs.w	r7, r1, r7
1000641a:	ea4f 3003 	mov.w	r0, r3, lsl #12
1000641e:	ea40 5012 	orr.w	r0, r0, r2, lsr #20
10006422:	fba0 0900 	umull	r0, r9, r0, r0
10006426:	fbe9 0908 	umlal	r0, r9, r9, r8
1000642a:	fba9 0801 	umull	r0, r8, r9, r1
1000642e:	f04f 3033 	mov.w	r0, #858993459	@ 0x33333333
10006432:	fba8 0800 	umull	r0, r8, r8, r0
10006436:	fb58 fa11 	smmulr	sl, r8, r1
1000643a:	f64a 20aa 	movw	r0, #43690	@ 0xaaaa
1000643e:	f6c2 20aa 	movt	r0, #10922	@ 0x2aaa
10006442:	fb60 991a 	smmlsr	r9, r0, sl, r9
10006446:	ebb2 1249 	subs.w	r2, r2, r9, lsl #5
1000644a:	eb73 63d9 	sbcs.w	r3, r3, r9, lsr #27
1000644e:	fb5a fa11 	smmulr	sl, sl, r1
10006452:	f04f 60c3 	mov.w	r0, #102236160	@ 0x6180000
10006456:	fb6a 8810 	smmlsr	r8, sl, r0, r8
1000645a:	eb16 1648 	adds.w	r6, r6, r8, lsl #5
1000645e:	eb57 67d8 	adcs.w	r7, r7, r8, lsr #27
10006462:	4770      	bx	lr

10006464 <dsc_h0s>:
10006464:	fba2 8004 	umull	r8, r0, r2, r4
10006468:	f04f 0100 	mov.w	r1, #0
1000646c:	fbe3 0104 	umlal	r0, r1, r3, r4
10006470:	fba6 8305 	umull	r8, r3, r6, r5
10006474:	fbe7 3405 	umlal	r3, r4, r7, r5
10006478:	1a18      	subs	r0, r3, r0
1000647a:	eb64 0101 	sbc.w	r1, r4, r1
1000647e:	4770      	bx	lr

10006480 <dsc_h1s>:
10006480:	fba2 8004 	umull	r8, r0, r2, r4
10006484:	f04f 0100 	mov.w	r1, #0
10006488:	fbe3 0104 	umlal	r0, r1, r3, r4
1000648c:	fba6 8305 	umull	r8, r3, r6, r5
10006490:	4264      	negs	r4, r4
10006492:	fbe7 3405 	umlal	r3, r4, r7, r5
10006496:	1818      	adds	r0, r3, r0
10006498:	eb44 0101 	adc.w	r1, r4, r1
1000649c:	4770      	bx	lr

1000649e <dsc_h0c>:
1000649e:	fba2 8005 	umull	r8, r0, r2, r5
100064a2:	f04f 0100 	mov.w	r1, #0
100064a6:	fbe3 0105 	umlal	r0, r1, r3, r5
100064aa:	fba6 8304 	umull	r8, r3, r6, r4
100064ae:	426d      	negs	r5, r5
100064b0:	fbe7 3504 	umlal	r3, r5, r7, r4
100064b4:	1818      	adds	r0, r3, r0
100064b6:	eb45 0101 	adc.w	r1, r5, r1
100064ba:	4770      	bx	lr

100064bc <dsc_h1c>:
100064bc:	fba2 8005 	umull	r8, r0, r2, r5
100064c0:	f04f 0100 	mov.w	r1, #0
100064c4:	fbe3 0105 	umlal	r0, r1, r3, r5
100064c8:	fba6 8304 	umull	r8, r3, r6, r4
100064cc:	fbe7 3504 	umlal	r3, r5, r7, r4
100064d0:	1a18      	subs	r0, r3, r0
100064d2:	eb65 0101 	sbc.w	r1, r5, r1
100064d6:	4770      	bx	lr
100064d8:	10006534 	.word	0x10006534

100064dc <dnegpack_q63>:
100064dc:	4240      	negs	r0, r0
100064de:	eb61 0141 	sbc.w	r1, r1, r1, lsl #1

100064e2 <dpack_q63>:
100064e2:	f240 34f3 	movw	r4, #1011	@ 0x3f3

100064e6 <dpack_q>:
100064e6:	fab1 f281 	clz	r2, r1
100064ea:	2a0c      	cmp	r2, #12
100064ec:	d20c      	bcs.n	10006508 <dpack_q+0x22>
100064ee:	3215      	adds	r2, #21
100064f0:	fa11 f302 	lsls.w	r3, r1, r2
100064f4:	f1c2 0220 	rsb	r2, r2, #32
100064f8:	40d0      	lsrs	r0, r2
100064fa:	fa21 f102 	lsr.w	r1, r1, r2
100064fe:	4422      	add	r2, r4
10006500:	4158      	adcs	r0, r3
10006502:	eb41 5102 	adc.w	r1, r1, r2, lsl #20
10006506:	4770      	bx	lr
10006508:	b169      	cbz	r1, 10006526 <dpack_q+0x40>
1000650a:	f1c2 022b 	rsb	r2, r2, #43	@ 0x2b
1000650e:	fa30 f302 	lsrs.w	r3, r0, r2
10006512:	f1c2 0220 	rsb	r2, r2, #32
10006516:	4091      	lsls	r1, r2
10006518:	4090      	lsls	r0, r2
1000651a:	4319      	orrs	r1, r3
1000651c:	eba4 0202 	sub.w	r2, r4, r2
10006520:	eb01 5102 	add.w	r1, r1, r2, lsl #20
10006524:	4770      	bx	lr
10006526:	0001      	movs	r1, r0
10006528:	f04f 0000 	mov.w	r0, #0
1000652c:	f1a4 0420 	sub.w	r4, r4, #32
10006530:	d1d9      	bne.n	100064e6 <dpack_q>
10006532:	4770      	bx	lr

10006534 <trigtab>:
10006534:	25735c0b 	.word	0x25735c0b
10006538:	03f574a9 	.word	0x03f574a9
1000653c:	01fab529 	.word	0x01fab529
10006540:	7ffc1500 	.word	0x7ffc1500
10006544:	00aa2feb 	.word	0x00aa2feb
10006548:	0c44d954 	.word	0x0c44d954
1000654c:	0621d2c8 	.word	0x0621d2c8
10006550:	7fda601f 	.word	0x7fda601f
10006554:	42e86336 	.word	0x42e86336
10006558:	13d9d3cf 	.word	0x13d9d3cf
1000655c:	09ea5e3c 	.word	0x09ea5e3c
10006560:	7f9d88f0 	.word	0x7f9d88f0
10006564:	046dc42f 	.word	0x046dc42f
10006568:	1c0a86d9 	.word	0x1c0a86d9
1000656c:	0dfe171f 	.word	0x0dfe171f
10006570:	7f3b9ed0 	.word	0x7f3b9ed0
10006574:	ec509ba7 	.word	0xec509ba7
10006578:	23ebf53e 	.word	0x23ebf53e
1000657c:	11e6e7bc 	.word	0x11e6e7bc
10006580:	7ebdefc7 	.word	0x7ebdefc7
10006584:	039c1cd2 	.word	0x039c1cd2
10006588:	2bf112b2 	.word	0x2bf112b2
1000658c:	15dcf546 	.word	0x15dcf546
10006590:	7e1e7749 	.word	0x7e1e7749
10006594:	3d7a05ca 	.word	0x3d7a05ca
10006598:	33f293f4 	.word	0x33f293f4
1000659c:	19cbc014 	.word	0x19cbc014
100065a0:	7d5fac9c 	.word	0x7d5fac9c
100065a4:	7aefa0a0 	.word	0x7aefa0a0
100065a8:	3c19321d 	.word	0x3c19321d
100065ac:	1dc6221d 	.word	0x1dc6221d
100065b0:	7c7d2f2f 	.word	0x7c7d2f2f
100065b4:	12fb0fb5 	.word	0x12fb0fb5
100065b8:	4450ef70 	.word	0x4450ef70
100065bc:	21c10c53 	.word	0x21c10c53
100065c0:	7b782235 	.word	0x7b782235
100065c4:	476b8d5c 	.word	0x476b8d5c
100065c8:	4bf1a045 	.word	0x4bf1a045
100065cc:	256adc18 	.word	0x256adc18
100065d0:	7a68ad16 	.word	0x7a68ad16
100065d4:	576940c1 	.word	0x576940c1
100065d8:	53ead96d 	.word	0x53ead96d
100065dc:	29361639 	.word	0x29361639
100065e0:	792f2d3c 	.word	0x792f2d3c
100065e4:	d34eeadf 	.word	0xd34eeadf
100065e8:	5bb34289 	.word	0x5bb34289
100065ec:	2ce039d6 	.word	0x2ce039d6
100065f0:	77e02625 	.word	0x77e02625
100065f4:	31ea5069 	.word	0x31ea5069
100065f8:	641107d9 	.word	0x641107d9
100065fc:	30c4d3c0 	.word	0x30c4d3c0
10006600:	76586270 	.word	0x76586270
10006604:	f36756cb 	.word	0xf36756cb
10006608:	6bfda2b3 	.word	0x6bfda2b3
1000660c:	34687e1c 	.word	0x34687e1c
10006610:	74c77a22 	.word	0x74c77a22
10006614:	2f7aed0e 	.word	0x2f7aed0e
10006618:	73e07531 	.word	0x73e07531
1000661c:	37fae7cc 	.word	0x37fae7cc
10006620:	731c1127 	.word	0x731c1127
10006624:	fcc48ec0 	.word	0xfcc48ec0
10006628:	7c14790e 	.word	0x7c14790e
1000662c:	3ba3a70e 	.word	0x3ba3a70e
10006630:	7141cd8e 	.word	0x7141cd8e
10006634:	3b04b713 	.word	0x3b04b713
10006638:	83547b8f 	.word	0x83547b8f
1000663c:	3ed289d4 	.word	0x3ed289d4
10006640:	6f85d8eb 	.word	0x6f85d8eb
10006644:	135b369a 	.word	0x135b369a
10006648:	8c0b6fd9 	.word	0x8c0b6fd9
1000664c:	4294ead4 	.word	0x4294ead4
10006650:	6d51efa3 	.word	0x6d51efa3
10006654:	4aca525f 	.word	0x4aca525f
10006658:	9439d326 	.word	0x9439d326
1000665c:	460a6e70 	.word	0x460a6e70
10006660:	6b230540 	.word	0x6b230540
10006664:	41c44083 	.word	0x41c44083
10006668:	9c0e0b34 	.word	0x9c0e0b34
1000666c:	4948b03d 	.word	0x4948b03d
10006670:	68f1ef07 	.word	0x68f1ef07
10006674:	a36d08bf 	.word	0xa36d08bf
10006678:	a47961fd 	.word	0xa47961fd
1000667c:	4cb1f285 	.word	0x4cb1f285
10006680:	667a849d 	.word	0x667a849d
10006684:	c8f81636 	.word	0xc8f81636
10006688:	abe547d2 	.word	0xabe547d2
1000668c:	4fa2221e 	.word	0x4fa2221e
10006690:	6436622f 	.word	0x6436622f
10006694:	d0c8c9ad 	.word	0xd0c8c9ad
10006698:	b3feade1 	.word	0xb3feade1
1000669c:	52c37024 	.word	0x52c37024
100066a0:	61a4af86 	.word	0x61a4af86
100066a4:	64730e73 	.word	0x64730e73
100066a8:	bbfe356a 	.word	0xbbfe356a
100066ac:	55c5f028 	.word	0x55c5f028
100066b0:	5f02a3a3 	.word	0x5f02a3a3
100066b4:	b08ca5c6 	.word	0xb08ca5c6
100066b8:	c412b955 	.word	0xc412b955
100066bc:	58ba9208 	.word	0x58ba9208
100066c0:	5c4194a3 	.word	0x5c4194a3
100066c4:	54530090 	.word	0x54530090
100066c8:	cbb02d37 	.word	0xcbb02d37
100066cc:	5b6ef419 	.word	0x5b6ef419
100066d0:	59938ed8 	.word	0x59938ed8
100066d4:	a18d7c36 	.word	0xa18d7c36
100066d8:	d3aa3c6e 	.word	0xd3aa3c6e
100066dc:	5e2e0225 	.word	0x5e2e0225
100066e0:	56af32fc 	.word	0x56af32fc
100066e4:	48a2c7d0 	.word	0x48a2c7d0
100066e8:	dbff19f6 	.word	0xdbff19f6
100066ec:	60f35332 	.word	0x60f35332
100066f0:	5392ed7e 	.word	0x5392ed7e
100066f4:	7aad9a94 	.word	0x7aad9a94
100066f8:	e422ade1 	.word	0xe422ade1
100066fc:	638edfca 	.word	0x638edfca
10006700:	50732bc7 	.word	0x50732bc7
10006704:	19ef15ff 	.word	0x19ef15ff
10006708:	ebfb85bd 	.word	0xebfb85bd
1000670c:	65fa18bb 	.word	0x65fa18bb
10006710:	4d5c61c7 	.word	0x4d5c61c7
10006714:	7e0f96bd 	.word	0x7e0f96bd
10006718:	f44c4b49 	.word	0xf44c4b49
1000671c:	686f81f7 	.word	0x686f81f7
10006720:	4a0217e6 	.word	0x4a0217e6
10006724:	1def09eb 	.word	0x1def09eb
10006728:	fc4dbdfd 	.word	0xfc4dbdfd
1000672c:	6ab2d2c4 	.word	0x6ab2d2c4
10006730:	46b4e413 	.word	0x46b4e413

10006734 <_out_buffer>:
10006734:	429a      	cmp	r2, r3
10006736:	bf38      	it	cc
10006738:	5488      	strbcc	r0, [r1, r2]
1000673a:	4770      	bx	lr

1000673c <_out_null>:
1000673c:	4770      	bx	lr
1000673e:	bf00      	nop

10006740 <_out_rev>:
10006740:	e92d 4ff0 	stmdb	sp!, {r4, r5, r6, r7, r8, r9, sl, fp, lr}
10006744:	b083      	sub	sp, #12
10006746:	4699      	mov	r9, r3
10006748:	e9dd ab0d 	ldrd	sl, fp, [sp, #52]	@ 0x34
1000674c:	9b0f      	ldr	r3, [sp, #60]	@ 0x3c
1000674e:	4688      	mov	r8, r1
10006750:	4611      	mov	r1, r2
10006752:	079a      	lsls	r2, r3, #30
10006754:	4607      	mov	r7, r0
10006756:	d116      	bne.n	10006786 <_out_rev+0x46>
10006758:	45da      	cmp	sl, fp
1000675a:	d23a      	bcs.n	100067d2 <_out_rev+0x92>
1000675c:	460c      	mov	r4, r1
1000675e:	460d      	mov	r5, r1
10006760:	ebab 060a 	sub.w	r6, fp, sl
10006764:	440e      	add	r6, r1
10006766:	4622      	mov	r2, r4
10006768:	464b      	mov	r3, r9
1000676a:	4641      	mov	r1, r8
1000676c:	2020      	movs	r0, #32
1000676e:	3401      	adds	r4, #1
10006770:	47b8      	blx	r7
10006772:	42b4      	cmp	r4, r6
10006774:	d1f7      	bne.n	10006766 <_out_rev+0x26>
10006776:	4629      	mov	r1, r5
10006778:	f1ba 0f00 	cmp.w	sl, #0
1000677c:	d108      	bne.n	10006790 <_out_rev+0x50>
1000677e:	4620      	mov	r0, r4
10006780:	b003      	add	sp, #12
10006782:	e8bd 8ff0 	ldmia.w	sp!, {r4, r5, r6, r7, r8, r9, sl, fp, pc}
10006786:	460c      	mov	r4, r1
10006788:	f1ba 0f00 	cmp.w	sl, #0
1000678c:	d010      	beq.n	100067b0 <_out_rev+0x70>
1000678e:	460e      	mov	r6, r1
10006790:	4655      	mov	r5, sl
10006792:	9b0c      	ldr	r3, [sp, #48]	@ 0x30
10006794:	442e      	add	r6, r5
10006796:	449a      	add	sl, r3
10006798:	9101      	str	r1, [sp, #4]
1000679a:	1b72      	subs	r2, r6, r5
1000679c:	464b      	mov	r3, r9
1000679e:	3d01      	subs	r5, #1
100067a0:	4641      	mov	r1, r8
100067a2:	f81a 0d01 	ldrb.w	r0, [sl, #-1]!
100067a6:	4634      	mov	r4, r6
100067a8:	47b8      	blx	r7
100067aa:	2d00      	cmp	r5, #0
100067ac:	d1f5      	bne.n	1000679a <_out_rev+0x5a>
100067ae:	9901      	ldr	r1, [sp, #4]
100067b0:	9b0f      	ldr	r3, [sp, #60]	@ 0x3c
100067b2:	079b      	lsls	r3, r3, #30
100067b4:	d5e3      	bpl.n	1000677e <_out_rev+0x3e>
100067b6:	1a65      	subs	r5, r4, r1
100067b8:	45ab      	cmp	fp, r5
100067ba:	d9e0      	bls.n	1000677e <_out_rev+0x3e>
100067bc:	4622      	mov	r2, r4
100067be:	464b      	mov	r3, r9
100067c0:	4641      	mov	r1, r8
100067c2:	2020      	movs	r0, #32
100067c4:	3501      	adds	r5, #1
100067c6:	47b8      	blx	r7
100067c8:	455d      	cmp	r5, fp
100067ca:	f104 0401 	add.w	r4, r4, #1
100067ce:	d3f5      	bcc.n	100067bc <_out_rev+0x7c>
100067d0:	e7d5      	b.n	1000677e <_out_rev+0x3e>
100067d2:	f1ba 0f00 	cmp.w	sl, #0
100067d6:	d1da      	bne.n	1000678e <_out_rev+0x4e>
100067d8:	460c      	mov	r4, r1
100067da:	e7d0      	b.n	1000677e <_out_rev+0x3e>

100067dc <_ntoa_format>:
100067dc:	e92d 4ff0 	stmdb	sp!, {r4, r5, r6, r7, r8, r9, sl, fp, lr}
100067e0:	9f0f      	ldr	r7, [sp, #60]	@ 0x3c
100067e2:	f8dd e024 	ldr.w	lr, [sp, #36]	@ 0x24
100067e6:	f017 0f02 	tst.w	r7, #2
100067ea:	9c0a      	ldr	r4, [sp, #40]	@ 0x28
100067ec:	f89d 902c 	ldrb.w	r9, [sp, #44]	@ 0x2c
100067f0:	9d0e      	ldr	r5, [sp, #56]	@ 0x38
100067f2:	e9dd 860c 	ldrd	r8, r6, [sp, #48]	@ 0x30
100067f6:	d129      	bne.n	1000684c <_ntoa_format+0x70>
100067f8:	2d00      	cmp	r5, #0
100067fa:	d16f      	bne.n	100068dc <_ntoa_format+0x100>
100067fc:	42b4      	cmp	r4, r6
100067fe:	d225      	bcs.n	1000684c <_ntoa_format+0x70>
10006800:	2c20      	cmp	r4, #32
10006802:	f007 0b01 	and.w	fp, r7, #1
10006806:	f000 8112 	beq.w	10006a2e <_ntoa_format+0x252>
1000680a:	f104 3cff 	add.w	ip, r4, #4294967295	@ 0xffffffff
1000680e:	f04f 0a30 	mov.w	sl, #48	@ 0x30
10006812:	44f4      	add	ip, lr
10006814:	e001      	b.n	1000681a <_ntoa_format+0x3e>
10006816:	2c20      	cmp	r4, #32
10006818:	d07a      	beq.n	10006910 <_ntoa_format+0x134>
1000681a:	3401      	adds	r4, #1
1000681c:	42a6      	cmp	r6, r4
1000681e:	f80c af01 	strb.w	sl, [ip, #1]!
10006822:	d8f8      	bhi.n	10006816 <_ntoa_format+0x3a>
10006824:	f1bb 0f00 	cmp.w	fp, #0
10006828:	d010      	beq.n	1000684c <_ntoa_format+0x70>
1000682a:	42ac      	cmp	r4, r5
1000682c:	d20e      	bcs.n	1000684c <_ntoa_format+0x70>
1000682e:	2c20      	cmp	r4, #32
10006830:	d074      	beq.n	1000691c <_ntoa_format+0x140>
10006832:	f104 3cff 	add.w	ip, r4, #4294967295	@ 0xffffffff
10006836:	f04f 0a30 	mov.w	sl, #48	@ 0x30
1000683a:	44f4      	add	ip, lr
1000683c:	e001      	b.n	10006842 <_ntoa_format+0x66>
1000683e:	2c20      	cmp	r4, #32
10006840:	d029      	beq.n	10006896 <_ntoa_format+0xba>
10006842:	3401      	adds	r4, #1
10006844:	42ac      	cmp	r4, r5
10006846:	f80c af01 	strb.w	sl, [ip, #1]!
1000684a:	d1f8      	bne.n	1000683e <_ntoa_format+0x62>
1000684c:	f017 0f10 	tst.w	r7, #16
10006850:	d03a      	beq.n	100068c8 <_ntoa_format+0xec>
10006852:	f417 6f80 	tst.w	r7, #1024	@ 0x400
10006856:	d128      	bne.n	100068aa <_ntoa_format+0xce>
10006858:	bb1c      	cbnz	r4, 100068a2 <_ntoa_format+0xc6>
1000685a:	f1b8 0f10 	cmp.w	r8, #16
1000685e:	f000 80ca 	beq.w	100069f6 <_ntoa_format+0x21a>
10006862:	f1b8 0f02 	cmp.w	r8, #2
10006866:	f000 80d4 	beq.w	10006a12 <_ntoa_format+0x236>
1000686a:	2430      	movs	r4, #48	@ 0x30
1000686c:	f88e 4000 	strb.w	r4, [lr]
10006870:	2401      	movs	r4, #1
10006872:	f1b9 0f00 	cmp.w	r9, #0
10006876:	d167      	bne.n	10006948 <_ntoa_format+0x16c>
10006878:	077e      	lsls	r6, r7, #29
1000687a:	f140 80aa 	bpl.w	100069d2 <_ntoa_format+0x1f6>
1000687e:	262b      	movs	r6, #43	@ 0x2b
10006880:	f80e 6004 	strb.w	r6, [lr, r4]
10006884:	3401      	adds	r4, #1
10006886:	e9cd 570b 	strd	r5, r7, [sp, #44]	@ 0x2c
1000688a:	e9cd e409 	strd	lr, r4, [sp, #36]	@ 0x24
1000688e:	e8bd 4ff0 	ldmia.w	sp!, {r4, r5, r6, r7, r8, r9, sl, fp, lr}
10006892:	f7ff bf55 	b.w	10006740 <_out_rev>
10006896:	06fc      	lsls	r4, r7, #27
10006898:	f140 8089 	bpl.w	100069ae <_ntoa_format+0x1d2>
1000689c:	057c      	lsls	r4, r7, #21
1000689e:	d435      	bmi.n	1000690c <_ntoa_format+0x130>
100068a0:	2420      	movs	r4, #32
100068a2:	42a6      	cmp	r6, r4
100068a4:	d06a      	beq.n	1000697c <_ntoa_format+0x1a0>
100068a6:	42ac      	cmp	r4, r5
100068a8:	d068      	beq.n	1000697c <_ntoa_format+0x1a0>
100068aa:	f1b8 0f10 	cmp.w	r8, #16
100068ae:	f000 8087 	beq.w	100069c0 <_ntoa_format+0x1e4>
100068b2:	f1b8 0f02 	cmp.w	r8, #2
100068b6:	d05a      	beq.n	1000696e <_ntoa_format+0x192>
100068b8:	2c20      	cmp	r4, #32
100068ba:	d0e4      	beq.n	10006886 <_ntoa_format+0xaa>
100068bc:	4626      	mov	r6, r4
100068be:	3401      	adds	r4, #1
100068c0:	f04f 0c30 	mov.w	ip, #48	@ 0x30
100068c4:	f80e c006 	strb.w	ip, [lr, r6]
100068c8:	2c20      	cmp	r4, #32
100068ca:	d1d2      	bne.n	10006872 <_ntoa_format+0x96>
100068cc:	e9cd 570b 	strd	r5, r7, [sp, #44]	@ 0x2c
100068d0:	e9cd e409 	strd	lr, r4, [sp, #36]	@ 0x24
100068d4:	e8bd 4ff0 	ldmia.w	sp!, {r4, r5, r6, r7, r8, r9, sl, fp, lr}
100068d8:	f7ff bf32 	b.w	10006740 <_out_rev>
100068dc:	f017 0b01 	ands.w	fp, r7, #1
100068e0:	d03e      	beq.n	10006960 <_ntoa_format+0x184>
100068e2:	f1b9 0f00 	cmp.w	r9, #0
100068e6:	d147      	bne.n	10006978 <_ntoa_format+0x19c>
100068e8:	f017 0f0c 	tst.w	r7, #12
100068ec:	d144      	bne.n	10006978 <_ntoa_format+0x19c>
100068ee:	42b4      	cmp	r4, r6
100068f0:	d29b      	bcs.n	1000682a <_ntoa_format+0x4e>
100068f2:	2c20      	cmp	r4, #32
100068f4:	d189      	bne.n	1000680a <_ntoa_format+0x2e>
100068f6:	2d20      	cmp	r5, #32
100068f8:	d810      	bhi.n	1000691c <_ntoa_format+0x140>
100068fa:	06fc      	lsls	r4, r7, #27
100068fc:	d557      	bpl.n	100069ae <_ntoa_format+0x1d2>
100068fe:	057c      	lsls	r4, r7, #21
10006900:	d455      	bmi.n	100069ae <_ntoa_format+0x1d2>
10006902:	2e20      	cmp	r6, #32
10006904:	f000 80b9 	beq.w	10006a7a <_ntoa_format+0x29e>
10006908:	2d20      	cmp	r5, #32
1000690a:	d010      	beq.n	1000692e <_ntoa_format+0x152>
1000690c:	2420      	movs	r4, #32
1000690e:	e7cc      	b.n	100068aa <_ntoa_format+0xce>
10006910:	f1bb 0f00 	cmp.w	fp, #0
10006914:	f000 80a5 	beq.w	10006a62 <_ntoa_format+0x286>
10006918:	2d20      	cmp	r5, #32
1000691a:	d9bc      	bls.n	10006896 <_ntoa_format+0xba>
1000691c:	06fc      	lsls	r4, r7, #27
1000691e:	d546      	bpl.n	100069ae <_ntoa_format+0x1d2>
10006920:	057c      	lsls	r4, r7, #21
10006922:	d444      	bmi.n	100069ae <_ntoa_format+0x1d2>
10006924:	2e20      	cmp	r6, #32
10006926:	f000 80a8 	beq.w	10006a7a <_ntoa_format+0x29e>
1000692a:	2d20      	cmp	r5, #32
1000692c:	d13f      	bne.n	100069ae <_ntoa_format+0x1d2>
1000692e:	462c      	mov	r4, r5
10006930:	261f      	movs	r6, #31
10006932:	f1b8 0f10 	cmp.w	r8, #16
10006936:	d07f      	beq.n	10006a38 <_ntoa_format+0x25c>
10006938:	f1b8 0f02 	cmp.w	r8, #2
1000693c:	d1c0      	bne.n	100068c0 <_ntoa_format+0xe4>
1000693e:	f04f 0c62 	mov.w	ip, #98	@ 0x62
10006942:	f80e c006 	strb.w	ip, [lr, r6]
10006946:	e7b7      	b.n	100068b8 <_ntoa_format+0xdc>
10006948:	262d      	movs	r6, #45	@ 0x2d
1000694a:	f80e 6004 	strb.w	r6, [lr, r4]
1000694e:	3401      	adds	r4, #1
10006950:	e9cd 570b 	strd	r5, r7, [sp, #44]	@ 0x2c
10006954:	e9cd e409 	strd	lr, r4, [sp, #36]	@ 0x24
10006958:	e8bd 4ff0 	ldmia.w	sp!, {r4, r5, r6, r7, r8, r9, sl, fp, lr}
1000695c:	f7ff bef0 	b.w	10006740 <_out_rev>
10006960:	42b4      	cmp	r4, r6
10006962:	f4bf af73 	bcs.w	1000684c <_ntoa_format+0x70>
10006966:	2c20      	cmp	r4, #32
10006968:	f47f af4f 	bne.w	1000680a <_ntoa_format+0x2e>
1000696c:	e7d6      	b.n	1000691c <_ntoa_format+0x140>
1000696e:	2c20      	cmp	r4, #32
10006970:	d089      	beq.n	10006886 <_ntoa_format+0xaa>
10006972:	4626      	mov	r6, r4
10006974:	3401      	adds	r4, #1
10006976:	e7e2      	b.n	1000693e <_ntoa_format+0x162>
10006978:	3d01      	subs	r5, #1
1000697a:	e7b8      	b.n	100068ee <_ntoa_format+0x112>
1000697c:	1e66      	subs	r6, r4, #1
1000697e:	d1d8      	bne.n	10006932 <_ntoa_format+0x156>
10006980:	f1b8 0f10 	cmp.w	r8, #16
10006984:	d064      	beq.n	10006a50 <_ntoa_format+0x274>
10006986:	f1b8 0f02 	cmp.w	r8, #2
1000698a:	f47f af6e 	bne.w	1000686a <_ntoa_format+0x8e>
1000698e:	2662      	movs	r6, #98	@ 0x62
10006990:	f88e 6000 	strb.w	r6, [lr]
10006994:	2630      	movs	r6, #48	@ 0x30
10006996:	4644      	mov	r4, r8
10006998:	f88e 6001 	strb.w	r6, [lr, #1]
1000699c:	f1b9 0f00 	cmp.w	r9, #0
100069a0:	f43f af6a 	beq.w	10006878 <_ntoa_format+0x9c>
100069a4:	e7d0      	b.n	10006948 <_ntoa_format+0x16c>
100069a6:	f1b8 0f10 	cmp.w	r8, #16
100069aa:	f47f af6c 	bne.w	10006886 <_ntoa_format+0xaa>
100069ae:	2420      	movs	r4, #32
100069b0:	e9cd 570b 	strd	r5, r7, [sp, #44]	@ 0x2c
100069b4:	e9cd e409 	strd	lr, r4, [sp, #36]	@ 0x24
100069b8:	e8bd 4ff0 	ldmia.w	sp!, {r4, r5, r6, r7, r8, r9, sl, fp, lr}
100069bc:	f7ff bec0 	b.w	10006740 <_out_rev>
100069c0:	06be      	lsls	r6, r7, #26
100069c2:	d40e      	bmi.n	100069e2 <_ntoa_format+0x206>
100069c4:	2c20      	cmp	r4, #32
100069c6:	d0f2      	beq.n	100069ae <_ntoa_format+0x1d2>
100069c8:	2678      	movs	r6, #120	@ 0x78
100069ca:	f80e 6004 	strb.w	r6, [lr, r4]
100069ce:	3401      	adds	r4, #1
100069d0:	e772      	b.n	100068b8 <_ntoa_format+0xdc>
100069d2:	073e      	lsls	r6, r7, #28
100069d4:	f57f af57 	bpl.w	10006886 <_ntoa_format+0xaa>
100069d8:	2620      	movs	r6, #32
100069da:	f80e 6004 	strb.w	r6, [lr, r4]
100069de:	3401      	adds	r4, #1
100069e0:	e751      	b.n	10006886 <_ntoa_format+0xaa>
100069e2:	2c20      	cmp	r4, #32
100069e4:	d0e3      	beq.n	100069ae <_ntoa_format+0x1d2>
100069e6:	f04f 0c58 	mov.w	ip, #88	@ 0x58
100069ea:	eb0e 0604 	add.w	r6, lr, r4
100069ee:	f886 c000 	strb.w	ip, [r6]
100069f2:	3401      	adds	r4, #1
100069f4:	e760      	b.n	100068b8 <_ntoa_format+0xdc>
100069f6:	06be      	lsls	r6, r7, #26
100069f8:	d517      	bpl.n	10006a2a <_ntoa_format+0x24e>
100069fa:	2458      	movs	r4, #88	@ 0x58
100069fc:	f88e 4000 	strb.w	r4, [lr]
10006a00:	2430      	movs	r4, #48	@ 0x30
10006a02:	f88e 4001 	strb.w	r4, [lr, #1]
10006a06:	2402      	movs	r4, #2
10006a08:	f1b9 0f00 	cmp.w	r9, #0
10006a0c:	f43f af34 	beq.w	10006878 <_ntoa_format+0x9c>
10006a10:	e79a      	b.n	10006948 <_ntoa_format+0x16c>
10006a12:	2462      	movs	r4, #98	@ 0x62
10006a14:	f88e 4000 	strb.w	r4, [lr]
10006a18:	2430      	movs	r4, #48	@ 0x30
10006a1a:	f88e 4001 	strb.w	r4, [lr, #1]
10006a1e:	2402      	movs	r4, #2
10006a20:	f1b9 0f00 	cmp.w	r9, #0
10006a24:	f43f af28 	beq.w	10006878 <_ntoa_format+0x9c>
10006a28:	e78e      	b.n	10006948 <_ntoa_format+0x16c>
10006a2a:	2478      	movs	r4, #120	@ 0x78
10006a2c:	e7f2      	b.n	10006a14 <_ntoa_format+0x238>
10006a2e:	f1bb 0f00 	cmp.w	fp, #0
10006a32:	f47f af62 	bne.w	100068fa <_ntoa_format+0x11e>
10006a36:	e771      	b.n	1000691c <_ntoa_format+0x140>
10006a38:	f017 0f20 	tst.w	r7, #32
10006a3c:	bf0c      	ite	eq
10006a3e:	f04f 0c78 	moveq.w	ip, #120	@ 0x78
10006a42:	f04f 0c58 	movne.w	ip, #88	@ 0x58
10006a46:	1ea6      	subs	r6, r4, #2
10006a48:	f80e c006 	strb.w	ip, [lr, r6]
10006a4c:	3c01      	subs	r4, #1
10006a4e:	e735      	b.n	100068bc <_ntoa_format+0xe0>
10006a50:	06bc      	lsls	r4, r7, #26
10006a52:	d5ea      	bpl.n	10006a2a <_ntoa_format+0x24e>
10006a54:	2458      	movs	r4, #88	@ 0x58
10006a56:	f88e 4000 	strb.w	r4, [lr]
10006a5a:	2430      	movs	r4, #48	@ 0x30
10006a5c:	f88e 4001 	strb.w	r4, [lr, #1]
10006a60:	e7dd      	b.n	10006a1e <_ntoa_format+0x242>
10006a62:	f017 0f10 	tst.w	r7, #16
10006a66:	f43f af0e 	beq.w	10006886 <_ntoa_format+0xaa>
10006a6a:	f417 6f80 	tst.w	r7, #1024	@ 0x400
10006a6e:	d19a      	bne.n	100069a6 <_ntoa_format+0x1ca>
10006a70:	2e20      	cmp	r6, #32
10006a72:	f47f af18 	bne.w	100068a6 <_ntoa_format+0xca>
10006a76:	261f      	movs	r6, #31
10006a78:	e75b      	b.n	10006932 <_ntoa_format+0x156>
10006a7a:	4634      	mov	r4, r6
10006a7c:	261f      	movs	r6, #31
10006a7e:	e758      	b.n	10006932 <_ntoa_format+0x156>

10006a80 <_out_char>:
10006a80:	b900      	cbnz	r0, 10006a84 <_out_char+0x4>
10006a82:	4770      	bx	lr
10006a84:	f001 ba9c 	b.w	10007fc0 <__wrap_putchar>

10006a88 <_out_fct>:
10006a88:	b110      	cbz	r0, 10006a90 <_out_fct+0x8>
10006a8a:	e9d1 3100 	ldrd	r3, r1, [r1]
10006a8e:	4718      	bx	r3
10006a90:	4770      	bx	lr
10006a92:	bf00      	nop
10006a94:	0000      	movs	r0, r0
	...

10006a98 <_etoa>:
10006a98:	e92d 4ff0 	stmdb	sp!, {r4, r5, r6, r7, r8, r9, sl, fp, lr}
10006a9c:	b09f      	sub	sp, #124	@ 0x7c
10006a9e:	ed9d 7b28 	vldr	d7, [sp, #160]	@ 0xa0
10006aa2:	e9dd a52a 	ldrd	sl, r5, [sp, #168]	@ 0xa8
10006aa6:	ec58 7b17 	vmov	r7, r8, d7
10006aaa:	4683      	mov	fp, r0
10006aac:	461e      	mov	r6, r3
10006aae:	910d      	str	r1, [sp, #52]	@ 0x34
10006ab0:	9210      	str	r2, [sp, #64]	@ 0x40
10006ab2:	4643      	mov	r3, r8
10006ab4:	463a      	mov	r2, r7
10006ab6:	4638      	mov	r0, r7
10006ab8:	4641      	mov	r1, r8
10006aba:	ed8d 7b08 	vstr	d7, [sp, #32]
10006abe:	9c2c      	ldr	r4, [sp, #176]	@ 0xb0
10006ac0:	f7ff fa26 	bl	10005f10 <__wrap___aeabi_dcmpun>
10006ac4:	2800      	cmp	r0, #0
10006ac6:	f040 80d8 	bne.w	10006c7a <_etoa+0x1e2>
10006aca:	4638      	mov	r0, r7
10006acc:	4641      	mov	r1, r8
10006ace:	f04f 32ff 	mov.w	r2, #4294967295	@ 0xffffffff
10006ad2:	4b75      	ldr	r3, [pc, #468]	@ (10006ca8 <_etoa+0x210>)
10006ad4:	f7ff fa56 	bl	10005f84 <__wrap___aeabi_dcmpgt>
10006ad8:	2800      	cmp	r0, #0
10006ada:	f040 80ce 	bne.w	10006c7a <_etoa+0x1e2>
10006ade:	4638      	mov	r0, r7
10006ae0:	4641      	mov	r1, r8
10006ae2:	f04f 32ff 	mov.w	r2, #4294967295	@ 0xffffffff
10006ae6:	f46f 1380 	mvn.w	r3, #1048576	@ 0x100000
10006aea:	f7ff fa23 	bl	10005f34 <__wrap___aeabi_dcmplt>
10006aee:	2800      	cmp	r0, #0
10006af0:	f040 80c3 	bne.w	10006c7a <_etoa+0x1e2>
10006af4:	e9dd 7808 	ldrd	r7, r8, [sp, #32]
10006af8:	2200      	movs	r2, #0
10006afa:	4638      	mov	r0, r7
10006afc:	4641      	mov	r1, r8
10006afe:	2300      	movs	r3, #0
10006b00:	f7ff fa18 	bl	10005f34 <__wrap___aeabi_dcmplt>
10006b04:	2800      	cmp	r0, #0
10006b06:	f040 81c0 	bne.w	10006e8a <_etoa+0x3f2>
10006b0a:	e9cd 780a 	strd	r7, r8, [sp, #40]	@ 0x28
10006b0e:	e9dd 230a 	ldrd	r2, r3, [sp, #40]	@ 0x28
10006b12:	4690      	mov	r8, r2
10006b14:	461f      	mov	r7, r3
10006b16:	f414 6380 	ands.w	r3, r4, #1024	@ 0x400
10006b1a:	bf08      	it	eq
10006b1c:	f04f 0a06 	moveq.w	sl, #6
10006b20:	9313      	str	r3, [sp, #76]	@ 0x4c
10006b22:	f404 6200 	and.w	r2, r4, #2048	@ 0x800
10006b26:	ea58 0307 	orrs.w	r3, r8, r7
10006b2a:	9211      	str	r2, [sp, #68]	@ 0x44
10006b2c:	f040 80c0 	bne.w	10006cb0 <_etoa+0x218>
10006b30:	2a00      	cmp	r2, #0
10006b32:	f000 81a2 	beq.w	10006e7a <_etoa+0x3e2>
10006b36:	ed9f 7b5a 	vldr	d7, [pc, #360]	@ 10006ca0 <_etoa+0x208>
10006b3a:	2700      	movs	r7, #0
10006b3c:	ed8d 7b0e 	vstr	d7, [sp, #56]	@ 0x38
10006b40:	f04f 0900 	mov.w	r9, #0
10006b44:	45ba      	cmp	sl, r7
10006b46:	bfcc      	ite	gt
10006b48:	ebaa 0a07 	subgt.w	sl, sl, r7
10006b4c:	f04f 0a00 	movle.w	sl, #0
10006b50:	464f      	mov	r7, r9
10006b52:	bfc8      	it	gt
10006b54:	f10a 3aff 	addgt.w	sl, sl, #4294967295	@ 0xffffffff
10006b58:	f444 6480 	orr.w	r4, r4, #1024	@ 0x400
10006b5c:	454d      	cmp	r5, r9
10006b5e:	bf94      	ite	ls
10006b60:	f04f 0800 	movls.w	r8, #0
10006b64:	eba5 0809 	subhi.w	r8, r5, r9
10006b68:	f014 0302 	ands.w	r3, r4, #2
10006b6c:	9311      	str	r3, [sp, #68]	@ 0x44
10006b6e:	d004      	beq.n	10006b7a <_etoa+0xe2>
10006b70:	f1b9 0f00 	cmp.w	r9, #0
10006b74:	bf18      	it	ne
10006b76:	f04f 0800 	movne.w	r8, #0
10006b7a:	b13f      	cbz	r7, 10006b8c <_etoa+0xf4>
10006b7c:	e9dd 010a 	ldrd	r0, r1, [sp, #40]	@ 0x28
10006b80:	e9dd 230e 	ldrd	r2, r3, [sp, #56]	@ 0x38
10006b84:	f7ff f920 	bl	10005dc8 <__wrap___aeabi_ddiv>
10006b88:	e9cd 010a 	strd	r0, r1, [sp, #40]	@ 0x28
10006b8c:	e9dd 0108 	ldrd	r0, r1, [sp, #32]
10006b90:	2200      	movs	r2, #0
10006b92:	2300      	movs	r3, #0
10006b94:	f7ff f9ce 	bl	10005f34 <__wrap___aeabi_dcmplt>
10006b98:	b130      	cbz	r0, 10006ba8 <_etoa+0x110>
10006b9a:	e9dd 010a 	ldrd	r0, r1, [sp, #40]	@ 0x28
10006b9e:	4602      	mov	r2, r0
10006ba0:	f101 4300 	add.w	r3, r1, #2147483648	@ 0x80000000
10006ba4:	e9cd 230a 	strd	r2, r3, [sp, #40]	@ 0x28
10006ba8:	ed9d 7b0a 	vldr	d7, [sp, #40]	@ 0x28
10006bac:	e9cd a802 	strd	sl, r8, [sp, #8]
10006bb0:	f8dd a034 	ldr.w	sl, [sp, #52]	@ 0x34
10006bb4:	f424 6300 	bic.w	r3, r4, #2048	@ 0x800
10006bb8:	9304      	str	r3, [sp, #16]
10006bba:	ed8d 7b00 	vstr	d7, [sp]
10006bbe:	4633      	mov	r3, r6
10006bc0:	4651      	mov	r1, sl
10006bc2:	4658      	mov	r0, fp
10006bc4:	9a10      	ldr	r2, [sp, #64]	@ 0x40
10006bc6:	f000 f997 	bl	10006ef8 <_ftoa>
10006bca:	4680      	mov	r8, r0
10006bcc:	f1b9 0f00 	cmp.w	r9, #0
10006bd0:	d04f      	beq.n	10006c72 <_etoa+0x1da>
10006bd2:	f014 0f20 	tst.w	r4, #32
10006bd6:	4602      	mov	r2, r0
10006bd8:	f100 0401 	add.w	r4, r0, #1
10006bdc:	4633      	mov	r3, r6
10006bde:	bf0c      	ite	eq
10006be0:	2065      	moveq	r0, #101	@ 0x65
10006be2:	2045      	movne	r0, #69	@ 0x45
10006be4:	4651      	mov	r1, sl
10006be6:	47d8      	blx	fp
10006be8:	f109 30ff 	add.w	r0, r9, #4294967295	@ 0xffffffff
10006bec:	ea87 7ce7 	eor.w	ip, r7, r7, asr #31
10006bf0:	f10d 0958 	add.w	r9, sp, #88	@ 0x58
10006bf4:	2200      	movs	r2, #0
10006bf6:	464b      	mov	r3, r9
10006bf8:	f8df 80b0 	ldr.w	r8, [pc, #176]	@ 10006cac <_etoa+0x214>
10006bfc:	ebac 7ce7 	sub.w	ip, ip, r7, asr #31
10006c00:	ea4f 7ed7 	mov.w	lr, r7, lsr #31
10006c04:	e001      	b.n	10006c0a <_etoa+0x172>
10006c06:	2a20      	cmp	r2, #32
10006c08:	d010      	beq.n	10006c2c <_etoa+0x194>
10006c0a:	46e2      	mov	sl, ip
10006c0c:	fba8 710c 	umull	r7, r1, r8, ip
10006c10:	08c9      	lsrs	r1, r1, #3
10006c12:	eb01 0781 	add.w	r7, r1, r1, lsl #2
10006c16:	ebac 0747 	sub.w	r7, ip, r7, lsl #1
10006c1a:	3730      	adds	r7, #48	@ 0x30
10006c1c:	f1ba 0f09 	cmp.w	sl, #9
10006c20:	468c      	mov	ip, r1
10006c22:	f102 0201 	add.w	r2, r2, #1
10006c26:	f803 7b01 	strb.w	r7, [r3], #1
10006c2a:	d8ec      	bhi.n	10006c06 <_etoa+0x16e>
10006c2c:	2305      	movs	r3, #5
10006c2e:	9005      	str	r0, [sp, #20]
10006c30:	9306      	str	r3, [sp, #24]
10006c32:	2000      	movs	r0, #0
10006c34:	230a      	movs	r3, #10
10006c36:	9f0d      	ldr	r7, [sp, #52]	@ 0x34
10006c38:	e9cd 3003 	strd	r3, r0, [sp, #12]
10006c3c:	e9cd 2e01 	strd	r2, lr, [sp, #4]
10006c40:	4633      	mov	r3, r6
10006c42:	4622      	mov	r2, r4
10006c44:	4639      	mov	r1, r7
10006c46:	4658      	mov	r0, fp
10006c48:	f8cd 9000 	str.w	r9, [sp]
10006c4c:	f7ff fdc6 	bl	100067dc <_ntoa_format>
10006c50:	9b11      	ldr	r3, [sp, #68]	@ 0x44
10006c52:	4680      	mov	r8, r0
10006c54:	b16b      	cbz	r3, 10006c72 <_etoa+0x1da>
10006c56:	9b10      	ldr	r3, [sp, #64]	@ 0x40
10006c58:	1ac4      	subs	r4, r0, r3
10006c5a:	42a5      	cmp	r5, r4
10006c5c:	d909      	bls.n	10006c72 <_etoa+0x1da>
10006c5e:	4642      	mov	r2, r8
10006c60:	4633      	mov	r3, r6
10006c62:	4639      	mov	r1, r7
10006c64:	2020      	movs	r0, #32
10006c66:	3401      	adds	r4, #1
10006c68:	47d8      	blx	fp
10006c6a:	42a5      	cmp	r5, r4
10006c6c:	f108 0801 	add.w	r8, r8, #1
10006c70:	d8f5      	bhi.n	10006c5e <_etoa+0x1c6>
10006c72:	4640      	mov	r0, r8
10006c74:	b01f      	add	sp, #124	@ 0x7c
10006c76:	e8bd 8ff0 	ldmia.w	sp!, {r4, r5, r6, r7, r8, r9, sl, fp, pc}
10006c7a:	ed9d 7b08 	vldr	d7, [sp, #32]
10006c7e:	4633      	mov	r3, r6
10006c80:	4658      	mov	r0, fp
10006c82:	9a10      	ldr	r2, [sp, #64]	@ 0x40
10006c84:	990d      	ldr	r1, [sp, #52]	@ 0x34
10006c86:	ed8d 7b28 	vstr	d7, [sp, #160]	@ 0xa0
10006c8a:	e9cd 542b 	strd	r5, r4, [sp, #172]	@ 0xac
10006c8e:	f8cd a0a8 	str.w	sl, [sp, #168]	@ 0xa8
10006c92:	b01f      	add	sp, #124	@ 0x7c
10006c94:	e8bd 4ff0 	ldmia.w	sp!, {r4, r5, r6, r7, r8, r9, sl, fp, lr}
10006c98:	f000 b92e 	b.w	10006ef8 <_ftoa>
10006c9c:	f3af 8000 	nop.w
	...
10006ca8:	7fefffff 	.word	0x7fefffff
10006cac:	cccccccd 	.word	0xcccccccd
10006cb0:	f3c7 500a 	ubfx	r0, r7, #20, #11
10006cb4:	f2a0 30ff 	subw	r0, r0, #1023	@ 0x3ff
10006cb8:	f7ff f8e2 	bl	10005e80 <__wrap___aeabi_i2d>
10006cbc:	a38a      	add	r3, pc, #552	@ (adr r3, 10006ee8 <_etoa+0x450>)
10006cbe:	e9d3 2300 	ldrd	r2, r3, [r3]
10006cc2:	f7ff f85d 	bl	10005d80 <__wrap___aeabi_dmul>
10006cc6:	a38a      	add	r3, pc, #552	@ (adr r3, 10006ef0 <_etoa+0x458>)
10006cc8:	e9d3 2300 	ldrd	r2, r3, [r3]
10006ccc:	f7ff f830 	bl	10005d30 <__wrap___aeabi_dadd>
10006cd0:	f3c7 0713 	ubfx	r7, r7, #0, #20
10006cd4:	e9cd 010e 	strd	r0, r1, [sp, #56]	@ 0x38
10006cd8:	f047 517f 	orr.w	r1, r7, #1069547520	@ 0x3fc00000
10006cdc:	4640      	mov	r0, r8
10006cde:	2200      	movs	r2, #0
10006ce0:	4b7b      	ldr	r3, [pc, #492]	@ (10006ed0 <_etoa+0x438>)
10006ce2:	f441 1140 	orr.w	r1, r1, #3145728	@ 0x300000
10006ce6:	f7ff f837 	bl	10005d58 <__wrap___aeabi_dsub>
10006cea:	a36b      	add	r3, pc, #428	@ (adr r3, 10006e98 <_etoa+0x400>)
10006cec:	e9d3 2300 	ldrd	r2, r3, [r3]
10006cf0:	f7ff f846 	bl	10005d80 <__wrap___aeabi_dmul>
10006cf4:	4602      	mov	r2, r0
10006cf6:	460b      	mov	r3, r1
10006cf8:	e9dd 010e 	ldrd	r0, r1, [sp, #56]	@ 0x38
10006cfc:	f7ff f818 	bl	10005d30 <__wrap___aeabi_dadd>
10006d00:	f7ff f8e2 	bl	10005ec8 <__wrap___aeabi_d2iz>
10006d04:	4607      	mov	r7, r0
10006d06:	f7ff f8bb 	bl	10005e80 <__wrap___aeabi_i2d>
10006d0a:	a365      	add	r3, pc, #404	@ (adr r3, 10006ea0 <_etoa+0x408>)
10006d0c:	e9d3 2300 	ldrd	r2, r3, [r3]
10006d10:	4680      	mov	r8, r0
10006d12:	4689      	mov	r9, r1
10006d14:	f7ff f834 	bl	10005d80 <__wrap___aeabi_dmul>
10006d18:	2200      	movs	r2, #0
10006d1a:	4b6e      	ldr	r3, [pc, #440]	@ (10006ed4 <_etoa+0x43c>)
10006d1c:	f7ff f808 	bl	10005d30 <__wrap___aeabi_dadd>
10006d20:	f7ff f8d2 	bl	10005ec8 <__wrap___aeabi_d2iz>
10006d24:	4603      	mov	r3, r0
10006d26:	4649      	mov	r1, r9
10006d28:	4640      	mov	r0, r8
10006d2a:	9312      	str	r3, [sp, #72]	@ 0x48
10006d2c:	a35e      	add	r3, pc, #376	@ (adr r3, 10006ea8 <_etoa+0x410>)
10006d2e:	e9d3 2300 	ldrd	r2, r3, [r3]
10006d32:	f7ff f825 	bl	10005d80 <__wrap___aeabi_dmul>
10006d36:	4680      	mov	r8, r0
10006d38:	9812      	ldr	r0, [sp, #72]	@ 0x48
10006d3a:	4689      	mov	r9, r1
10006d3c:	f7ff f8a0 	bl	10005e80 <__wrap___aeabi_i2d>
10006d40:	a35b      	add	r3, pc, #364	@ (adr r3, 10006eb0 <_etoa+0x418>)
10006d42:	e9d3 2300 	ldrd	r2, r3, [r3]
10006d46:	f7ff f81b 	bl	10005d80 <__wrap___aeabi_dmul>
10006d4a:	4602      	mov	r2, r0
10006d4c:	460b      	mov	r3, r1
10006d4e:	4640      	mov	r0, r8
10006d50:	4649      	mov	r1, r9
10006d52:	f7ff f801 	bl	10005d58 <__wrap___aeabi_dsub>
10006d56:	4602      	mov	r2, r0
10006d58:	460b      	mov	r3, r1
10006d5a:	4680      	mov	r8, r0
10006d5c:	4689      	mov	r9, r1
10006d5e:	f7ff f80f 	bl	10005d80 <__wrap___aeabi_dmul>
10006d62:	4642      	mov	r2, r8
10006d64:	464b      	mov	r3, r9
10006d66:	e9cd 010e 	strd	r0, r1, [sp, #56]	@ 0x38
10006d6a:	4640      	mov	r0, r8
10006d6c:	4649      	mov	r1, r9
10006d6e:	f7fe ffdf 	bl	10005d30 <__wrap___aeabi_dadd>
10006d72:	2200      	movs	r2, #0
10006d74:	e9cd 0114 	strd	r0, r1, [sp, #80]	@ 0x50
10006d78:	e9dd 010e 	ldrd	r0, r1, [sp, #56]	@ 0x38
10006d7c:	4b56      	ldr	r3, [pc, #344]	@ (10006ed8 <_etoa+0x440>)
10006d7e:	f7ff f823 	bl	10005dc8 <__wrap___aeabi_ddiv>
10006d82:	2200      	movs	r2, #0
10006d84:	4b55      	ldr	r3, [pc, #340]	@ (10006edc <_etoa+0x444>)
10006d86:	f7fe ffd3 	bl	10005d30 <__wrap___aeabi_dadd>
10006d8a:	4602      	mov	r2, r0
10006d8c:	460b      	mov	r3, r1
10006d8e:	e9dd 010e 	ldrd	r0, r1, [sp, #56]	@ 0x38
10006d92:	f7ff f819 	bl	10005dc8 <__wrap___aeabi_ddiv>
10006d96:	2200      	movs	r2, #0
10006d98:	4b51      	ldr	r3, [pc, #324]	@ (10006ee0 <_etoa+0x448>)
10006d9a:	f7fe ffc9 	bl	10005d30 <__wrap___aeabi_dadd>
10006d9e:	4602      	mov	r2, r0
10006da0:	460b      	mov	r3, r1
10006da2:	e9dd 010e 	ldrd	r0, r1, [sp, #56]	@ 0x38
10006da6:	f7ff f80f 	bl	10005dc8 <__wrap___aeabi_ddiv>
10006daa:	4642      	mov	r2, r8
10006dac:	464b      	mov	r3, r9
10006dae:	4680      	mov	r8, r0
10006db0:	4689      	mov	r9, r1
10006db2:	2000      	movs	r0, #0
10006db4:	f04f 4180 	mov.w	r1, #1073741824	@ 0x40000000
10006db8:	f7fe ffce 	bl	10005d58 <__wrap___aeabi_dsub>
10006dbc:	4602      	mov	r2, r0
10006dbe:	460b      	mov	r3, r1
10006dc0:	4640      	mov	r0, r8
10006dc2:	4649      	mov	r1, r9
10006dc4:	f7fe ffb4 	bl	10005d30 <__wrap___aeabi_dadd>
10006dc8:	4602      	mov	r2, r0
10006dca:	460b      	mov	r3, r1
10006dcc:	e9dd 0114 	ldrd	r0, r1, [sp, #80]	@ 0x50
10006dd0:	f7fe fffa 	bl	10005dc8 <__wrap___aeabi_ddiv>
10006dd4:	2200      	movs	r2, #0
10006dd6:	4b43      	ldr	r3, [pc, #268]	@ (10006ee4 <_etoa+0x44c>)
10006dd8:	f7fe ffaa 	bl	10005d30 <__wrap___aeabi_dadd>
10006ddc:	9b12      	ldr	r3, [sp, #72]	@ 0x48
10006dde:	2200      	movs	r2, #0
10006de0:	f203 3cff 	addw	ip, r3, #1023	@ 0x3ff
10006de4:	ea4f 530c 	mov.w	r3, ip, lsl #20
10006de8:	f7fe ffca 	bl	10005d80 <__wrap___aeabi_dmul>
10006dec:	4680      	mov	r8, r0
10006dee:	4689      	mov	r9, r1
10006df0:	e9dd 010a 	ldrd	r0, r1, [sp, #40]	@ 0x28
10006df4:	4642      	mov	r2, r8
10006df6:	464b      	mov	r3, r9
10006df8:	e9cd 890e 	strd	r8, r9, [sp, #56]	@ 0x38
10006dfc:	f7ff f89a 	bl	10005f34 <__wrap___aeabi_dcmplt>
10006e00:	bb68      	cbnz	r0, 10006e5e <_etoa+0x3c6>
10006e02:	4643      	mov	r3, r8
10006e04:	4649      	mov	r1, r9
10006e06:	f107 0263 	add.w	r2, r7, #99	@ 0x63
10006e0a:	2ac6      	cmp	r2, #198	@ 0xc6
10006e0c:	9a11      	ldr	r2, [sp, #68]	@ 0x44
10006e0e:	bf8c      	ite	hi
10006e10:	f04f 0905 	movhi.w	r9, #5
10006e14:	f04f 0904 	movls.w	r9, #4
10006e18:	2a00      	cmp	r2, #0
10006e1a:	f43f ae9f 	beq.w	10006b5c <_etoa+0xc4>
10006e1e:	430b      	orrs	r3, r1
10006e20:	f43f ae8e 	beq.w	10006b40 <_etoa+0xa8>
10006e24:	e9dd 010a 	ldrd	r0, r1, [sp, #40]	@ 0x28
10006e28:	a323      	add	r3, pc, #140	@ (adr r3, 10006eb8 <_etoa+0x420>)
10006e2a:	e9d3 2300 	ldrd	r2, r3, [r3]
10006e2e:	f7ff f895 	bl	10005f5c <__wrap___aeabi_dcmpge>
10006e32:	b148      	cbz	r0, 10006e48 <_etoa+0x3b0>
10006e34:	e9dd 010a 	ldrd	r0, r1, [sp, #40]	@ 0x28
10006e38:	a321      	add	r3, pc, #132	@ (adr r3, 10006ec0 <_etoa+0x428>)
10006e3a:	e9d3 2300 	ldrd	r2, r3, [r3]
10006e3e:	f7ff f879 	bl	10005f34 <__wrap___aeabi_dcmplt>
10006e42:	2800      	cmp	r0, #0
10006e44:	f47f ae7c 	bne.w	10006b40 <_etoa+0xa8>
10006e48:	f1ba 0f00 	cmp.w	sl, #0
10006e4c:	f43f ae86 	beq.w	10006b5c <_etoa+0xc4>
10006e50:	9b13      	ldr	r3, [sp, #76]	@ 0x4c
10006e52:	2b00      	cmp	r3, #0
10006e54:	f43f ae82 	beq.w	10006b5c <_etoa+0xc4>
10006e58:	f10a 3aff 	add.w	sl, sl, #4294967295	@ 0xffffffff
10006e5c:	e67e      	b.n	10006b5c <_etoa+0xc4>
10006e5e:	2200      	movs	r2, #0
10006e60:	4b1e      	ldr	r3, [pc, #120]	@ (10006edc <_etoa+0x444>)
10006e62:	4640      	mov	r0, r8
10006e64:	4649      	mov	r1, r9
10006e66:	f7fe ffaf 	bl	10005dc8 <__wrap___aeabi_ddiv>
10006e6a:	460a      	mov	r2, r1
10006e6c:	4601      	mov	r1, r0
10006e6e:	4603      	mov	r3, r0
10006e70:	e9cd 120e 	strd	r1, r2, [sp, #56]	@ 0x38
10006e74:	3f01      	subs	r7, #1
10006e76:	4611      	mov	r1, r2
10006e78:	e7c5      	b.n	10006e06 <_etoa+0x36e>
10006e7a:	ed9f 7b13 	vldr	d7, [pc, #76]	@ 10006ec8 <_etoa+0x430>
10006e7e:	4617      	mov	r7, r2
10006e80:	f04f 0904 	mov.w	r9, #4
10006e84:	ed8d 7b0e 	vstr	d7, [sp, #56]	@ 0x38
10006e88:	e668      	b.n	10006b5c <_etoa+0xc4>
10006e8a:	f108 4300 	add.w	r3, r8, #2147483648	@ 0x80000000
10006e8e:	970a      	str	r7, [sp, #40]	@ 0x28
10006e90:	930b      	str	r3, [sp, #44]	@ 0x2c
10006e92:	e63c      	b.n	10006b0e <_etoa+0x76>
10006e94:	f3af 8000 	nop.w
10006e98:	636f4361 	.word	0x636f4361
10006e9c:	3fd287a7 	.word	0x3fd287a7
10006ea0:	0979a371 	.word	0x0979a371
10006ea4:	400a934f 	.word	0x400a934f
10006ea8:	bbb55516 	.word	0xbbb55516
10006eac:	40026bb1 	.word	0x40026bb1
10006eb0:	fefa39ef 	.word	0xfefa39ef
10006eb4:	3fe62e42 	.word	0x3fe62e42
10006eb8:	eb1c432d 	.word	0xeb1c432d
10006ebc:	3f1a36e2 	.word	0x3f1a36e2
10006ec0:	00000000 	.word	0x00000000
10006ec4:	412e8480 	.word	0x412e8480
	...
10006ed0:	3ff80000 	.word	0x3ff80000
10006ed4:	3fe00000 	.word	0x3fe00000
10006ed8:	402c0000 	.word	0x402c0000
10006edc:	40240000 	.word	0x40240000
10006ee0:	40180000 	.word	0x40180000
10006ee4:	3ff00000 	.word	0x3ff00000
10006ee8:	509f79fb 	.word	0x509f79fb
10006eec:	3fd34413 	.word	0x3fd34413
10006ef0:	8b60c8b3 	.word	0x8b60c8b3
10006ef4:	3fc68a28 	.word	0x3fc68a28

10006ef8 <_ftoa>:
10006ef8:	e92d 4ff0 	stmdb	sp!, {r4, r5, r6, r7, r8, r9, sl, fp, lr}
10006efc:	b097      	sub	sp, #92	@ 0x5c
10006efe:	e9dd 8920 	ldrd	r8, r9, [sp, #128]	@ 0x80
10006f02:	e9cd 0104 	strd	r0, r1, [sp, #16]
10006f06:	e9dd 4b22 	ldrd	r4, fp, [sp, #136]	@ 0x88
10006f0a:	e9cd 2306 	strd	r2, r3, [sp, #24]
10006f0e:	4640      	mov	r0, r8
10006f10:	4642      	mov	r2, r8
10006f12:	464b      	mov	r3, r9
10006f14:	4649      	mov	r1, r9
10006f16:	f8dd a090 	ldr.w	sl, [sp, #144]	@ 0x90
10006f1a:	f7fe fff9 	bl	10005f10 <__wrap___aeabi_dcmpun>
10006f1e:	2800      	cmp	r0, #0
10006f20:	f040 81c5 	bne.w	100072ae <_ftoa+0x3b6>
10006f24:	4640      	mov	r0, r8
10006f26:	4649      	mov	r1, r9
10006f28:	f04f 32ff 	mov.w	r2, #4294967295	@ 0xffffffff
10006f2c:	f46f 1380 	mvn.w	r3, #1048576	@ 0x100000
10006f30:	f7ff f800 	bl	10005f34 <__wrap___aeabi_dcmplt>
10006f34:	2800      	cmp	r0, #0
10006f36:	f040 811d 	bne.w	10007174 <_ftoa+0x27c>
10006f3a:	4640      	mov	r0, r8
10006f3c:	4649      	mov	r1, r9
10006f3e:	f04f 32ff 	mov.w	r2, #4294967295	@ 0xffffffff
10006f42:	4bc1      	ldr	r3, [pc, #772]	@ (10007248 <_ftoa+0x350>)
10006f44:	f7ff f81e 	bl	10005f84 <__wrap___aeabi_dcmpgt>
10006f48:	2800      	cmp	r0, #0
10006f4a:	f040 80e3 	bne.w	10007114 <_ftoa+0x21c>
10006f4e:	a3b8      	add	r3, pc, #736	@ (adr r3, 10007230 <_ftoa+0x338>)
10006f50:	e9d3 2300 	ldrd	r2, r3, [r3]
10006f54:	4640      	mov	r0, r8
10006f56:	4649      	mov	r1, r9
10006f58:	f7ff f814 	bl	10005f84 <__wrap___aeabi_dcmpgt>
10006f5c:	2800      	cmp	r0, #0
10006f5e:	f040 80cb 	bne.w	100070f8 <_ftoa+0x200>
10006f62:	a3b5      	add	r3, pc, #724	@ (adr r3, 10007238 <_ftoa+0x340>)
10006f64:	e9d3 2300 	ldrd	r2, r3, [r3]
10006f68:	4640      	mov	r0, r8
10006f6a:	4649      	mov	r1, r9
10006f6c:	f7fe ffe2 	bl	10005f34 <__wrap___aeabi_dcmplt>
10006f70:	2800      	cmp	r0, #0
10006f72:	f040 80c1 	bne.w	100070f8 <_ftoa+0x200>
10006f76:	4640      	mov	r0, r8
10006f78:	4649      	mov	r1, r9
10006f7a:	2200      	movs	r2, #0
10006f7c:	2300      	movs	r3, #0
10006f7e:	f7fe ffd9 	bl	10005f34 <__wrap___aeabi_dcmplt>
10006f82:	2800      	cmp	r0, #0
10006f84:	f040 80e0 	bne.w	10007148 <_ftoa+0x250>
10006f88:	f41a 6580 	ands.w	r5, sl, #1024	@ 0x400
10006f8c:	900d      	str	r0, [sp, #52]	@ 0x34
10006f8e:	f000 80e9 	beq.w	10007164 <_ftoa+0x26c>
10006f92:	2c09      	cmp	r4, #9
10006f94:	f240 8196 	bls.w	100072c4 <_ftoa+0x3cc>
10006f98:	ab0e      	add	r3, sp, #56	@ 0x38
10006f9a:	461a      	mov	r2, r3
10006f9c:	930c      	str	r3, [sp, #48]	@ 0x30
10006f9e:	2130      	movs	r1, #48	@ 0x30
10006fa0:	2300      	movs	r3, #0
10006fa2:	f1a4 0509 	sub.w	r5, r4, #9
10006fa6:	3301      	adds	r3, #1
10006fa8:	2b20      	cmp	r3, #32
10006faa:	f802 1b01 	strb.w	r1, [r2], #1
10006fae:	eba4 0603 	sub.w	r6, r4, r3
10006fb2:	f000 813a 	beq.w	1000722a <_ftoa+0x332>
10006fb6:	42ab      	cmp	r3, r5
10006fb8:	d1f5      	bne.n	10006fa6 <_ftoa+0xae>
10006fba:	ed9f 7b9d 	vldr	d7, [pc, #628]	@ 10007230 <_ftoa+0x338>
10006fbe:	ed8d 7b08 	vstr	d7, [sp, #32]
10006fc2:	4649      	mov	r1, r9
10006fc4:	4640      	mov	r0, r8
10006fc6:	f7fe ff7f 	bl	10005ec8 <__wrap___aeabi_d2iz>
10006fca:	4604      	mov	r4, r0
10006fcc:	f7fe ff58 	bl	10005e80 <__wrap___aeabi_i2d>
10006fd0:	4602      	mov	r2, r0
10006fd2:	460b      	mov	r3, r1
10006fd4:	4640      	mov	r0, r8
10006fd6:	4649      	mov	r1, r9
10006fd8:	f7fe febe 	bl	10005d58 <__wrap___aeabi_dsub>
10006fdc:	e9dd 2308 	ldrd	r2, r3, [sp, #32]
10006fe0:	f7fe fece 	bl	10005d80 <__wrap___aeabi_dmul>
10006fe4:	4602      	mov	r2, r0
10006fe6:	460b      	mov	r3, r1
10006fe8:	e9cd 230a 	strd	r2, r3, [sp, #40]	@ 0x28
10006fec:	f7fe ff7e 	bl	10005eec <__wrap___aeabi_d2uiz>
10006ff0:	4607      	mov	r7, r0
10006ff2:	f7fe ff57 	bl	10005ea4 <__wrap___aeabi_ui2d>
10006ff6:	4602      	mov	r2, r0
10006ff8:	460b      	mov	r3, r1
10006ffa:	e9dd 010a 	ldrd	r0, r1, [sp, #40]	@ 0x28
10006ffe:	f7fe feab 	bl	10005d58 <__wrap___aeabi_dsub>
10007002:	4602      	mov	r2, r0
10007004:	460b      	mov	r3, r1
10007006:	e9cd 230a 	strd	r2, r3, [sp, #40]	@ 0x28
1000700a:	2200      	movs	r2, #0
1000700c:	4b8f      	ldr	r3, [pc, #572]	@ (1000724c <_ftoa+0x354>)
1000700e:	f7fe ffb9 	bl	10005f84 <__wrap___aeabi_dcmpgt>
10007012:	2800      	cmp	r0, #0
10007014:	f000 80db 	beq.w	100071ce <_ftoa+0x2d6>
10007018:	3701      	adds	r7, #1
1000701a:	4638      	mov	r0, r7
1000701c:	f7fe ff42 	bl	10005ea4 <__wrap___aeabi_ui2d>
10007020:	e9dd 2308 	ldrd	r2, r3, [sp, #32]
10007024:	f7fe ff9a 	bl	10005f5c <__wrap___aeabi_dcmpge>
10007028:	b108      	cbz	r0, 1000702e <_ftoa+0x136>
1000702a:	2700      	movs	r7, #0
1000702c:	3401      	adds	r4, #1
1000702e:	2e00      	cmp	r6, #0
10007030:	f040 80b1 	bne.w	10007196 <_ftoa+0x29e>
10007034:	4620      	mov	r0, r4
10007036:	f7fe ff23 	bl	10005e80 <__wrap___aeabi_i2d>
1000703a:	4602      	mov	r2, r0
1000703c:	460b      	mov	r3, r1
1000703e:	4640      	mov	r0, r8
10007040:	4649      	mov	r1, r9
10007042:	f7fe fe89 	bl	10005d58 <__wrap___aeabi_dsub>
10007046:	2200      	movs	r2, #0
10007048:	4b80      	ldr	r3, [pc, #512]	@ (1000724c <_ftoa+0x354>)
1000704a:	4606      	mov	r6, r0
1000704c:	460f      	mov	r7, r1
1000704e:	f7fe ff71 	bl	10005f34 <__wrap___aeabi_dcmplt>
10007052:	b940      	cbnz	r0, 10007066 <_ftoa+0x16e>
10007054:	4630      	mov	r0, r6
10007056:	4639      	mov	r1, r7
10007058:	2200      	movs	r2, #0
1000705a:	4b7c      	ldr	r3, [pc, #496]	@ (1000724c <_ftoa+0x354>)
1000705c:	f7fe ff92 	bl	10005f84 <__wrap___aeabi_dcmpgt>
10007060:	2800      	cmp	r0, #0
10007062:	f000 8115 	beq.w	10007290 <_ftoa+0x398>
10007066:	9b0c      	ldr	r3, [sp, #48]	@ 0x30
10007068:	1e69      	subs	r1, r5, #1
1000706a:	4879      	ldr	r0, [pc, #484]	@ (10007250 <_ftoa+0x358>)
1000706c:	4419      	add	r1, r3
1000706e:	e010      	b.n	10007092 <_ftoa+0x19a>
10007070:	fb80 6204 	smull	r6, r2, r0, r4
10007074:	ebc3 03a2 	rsb	r3, r3, r2, asr #2
10007078:	eb03 0283 	add.w	r2, r3, r3, lsl #2
1000707c:	eba4 0442 	sub.w	r4, r4, r2, lsl #1
10007080:	f104 0230 	add.w	r2, r4, #48	@ 0x30
10007084:	3501      	adds	r5, #1
10007086:	461c      	mov	r4, r3
10007088:	f801 2f01 	strb.w	r2, [r1, #1]!
1000708c:	2b00      	cmp	r3, #0
1000708e:	f000 80ab 	beq.w	100071e8 <_ftoa+0x2f0>
10007092:	2d20      	cmp	r5, #32
10007094:	ea4f 73e4 	mov.w	r3, r4, asr #31
10007098:	d1ea      	bne.n	10007070 <_ftoa+0x178>
1000709a:	f00a 0303 	and.w	r3, sl, #3
1000709e:	2b01      	cmp	r3, #1
100070a0:	d11c      	bne.n	100070dc <_ftoa+0x1e4>
100070a2:	f1bb 0f00 	cmp.w	fp, #0
100070a6:	d019      	beq.n	100070dc <_ftoa+0x1e4>
100070a8:	9b0d      	ldr	r3, [sp, #52]	@ 0x34
100070aa:	2b00      	cmp	r3, #0
100070ac:	f040 80f9 	bne.w	100072a2 <_ftoa+0x3aa>
100070b0:	f01a 0f0c 	tst.w	sl, #12
100070b4:	f040 80f5 	bne.w	100072a2 <_ftoa+0x3aa>
100070b8:	45ab      	cmp	fp, r5
100070ba:	f240 80d3 	bls.w	10007264 <_ftoa+0x36c>
100070be:	2d20      	cmp	r5, #32
100070c0:	d00b      	beq.n	100070da <_ftoa+0x1e2>
100070c2:	2230      	movs	r2, #48	@ 0x30
100070c4:	990c      	ldr	r1, [sp, #48]	@ 0x30
100070c6:	1e6b      	subs	r3, r5, #1
100070c8:	440b      	add	r3, r1
100070ca:	3501      	adds	r5, #1
100070cc:	455d      	cmp	r5, fp
100070ce:	f803 2f01 	strb.w	r2, [r3, #1]!
100070d2:	f000 808d 	beq.w	100071f0 <_ftoa+0x2f8>
100070d6:	2d20      	cmp	r5, #32
100070d8:	d1f7      	bne.n	100070ca <_ftoa+0x1d2>
100070da:	2520      	movs	r5, #32
100070dc:	e9dd 2306 	ldrd	r2, r3, [sp, #24]
100070e0:	e9dd 0104 	ldrd	r0, r1, [sp, #16]
100070e4:	9c0c      	ldr	r4, [sp, #48]	@ 0x30
100070e6:	e9cd ba02 	strd	fp, sl, [sp, #8]
100070ea:	9501      	str	r5, [sp, #4]
100070ec:	9400      	str	r4, [sp, #0]
100070ee:	f7ff fb27 	bl	10006740 <_out_rev>
100070f2:	b017      	add	sp, #92	@ 0x5c
100070f4:	e8bd 8ff0 	ldmia.w	sp!, {r4, r5, r6, r7, r8, r9, sl, fp, pc}
100070f8:	e9cd 8920 	strd	r8, r9, [sp, #128]	@ 0x80
100070fc:	e9dd 2306 	ldrd	r2, r3, [sp, #24]
10007100:	e9dd 0104 	ldrd	r0, r1, [sp, #16]
10007104:	e9cd ba23 	strd	fp, sl, [sp, #140]	@ 0x8c
10007108:	9422      	str	r4, [sp, #136]	@ 0x88
1000710a:	b017      	add	sp, #92	@ 0x5c
1000710c:	e8bd 4ff0 	ldmia.w	sp!, {r4, r5, r6, r7, r8, r9, sl, fp, lr}
10007110:	f7ff bcc2 	b.w	10006a98 <_etoa>
10007114:	4d4f      	ldr	r5, [pc, #316]	@ (10007254 <_ftoa+0x35c>)
10007116:	f8cd a08c 	str.w	sl, [sp, #140]	@ 0x8c
1000711a:	f00a 0a04 	and.w	sl, sl, #4
1000711e:	f1ba 0f00 	cmp.w	sl, #0
10007122:	4c4d      	ldr	r4, [pc, #308]	@ (10007258 <_ftoa+0x360>)
10007124:	bf18      	it	ne
10007126:	462c      	movne	r4, r5
10007128:	e9dd 2306 	ldrd	r2, r3, [sp, #24]
1000712c:	e9dd 0104 	ldrd	r0, r1, [sp, #16]
10007130:	9420      	str	r4, [sp, #128]	@ 0x80
10007132:	bf0c      	ite	eq
10007134:	2403      	moveq	r4, #3
10007136:	2404      	movne	r4, #4
10007138:	f8cd b088 	str.w	fp, [sp, #136]	@ 0x88
1000713c:	9421      	str	r4, [sp, #132]	@ 0x84
1000713e:	b017      	add	sp, #92	@ 0x5c
10007140:	e8bd 4ff0 	ldmia.w	sp!, {r4, r5, r6, r7, r8, r9, sl, fp, lr}
10007144:	f7ff bafc 	b.w	10006740 <_out_rev>
10007148:	464b      	mov	r3, r9
1000714a:	4642      	mov	r2, r8
1000714c:	2000      	movs	r0, #0
1000714e:	2100      	movs	r1, #0
10007150:	f7fe fe02 	bl	10005d58 <__wrap___aeabi_dsub>
10007154:	2301      	movs	r3, #1
10007156:	f41a 6580 	ands.w	r5, sl, #1024	@ 0x400
1000715a:	4680      	mov	r8, r0
1000715c:	4689      	mov	r9, r1
1000715e:	930d      	str	r3, [sp, #52]	@ 0x34
10007160:	f47f af17 	bne.w	10006f92 <_ftoa+0x9a>
10007164:	ed9f 7b36 	vldr	d7, [pc, #216]	@ 10007240 <_ftoa+0x348>
10007168:	ab0e      	add	r3, sp, #56	@ 0x38
1000716a:	2606      	movs	r6, #6
1000716c:	ed8d 7b08 	vstr	d7, [sp, #32]
10007170:	930c      	str	r3, [sp, #48]	@ 0x30
10007172:	e726      	b.n	10006fc2 <_ftoa+0xca>
10007174:	2404      	movs	r4, #4
10007176:	e9dd 2306 	ldrd	r2, r3, [sp, #24]
1000717a:	e9dd 0104 	ldrd	r0, r1, [sp, #16]
1000717e:	4d37      	ldr	r5, [pc, #220]	@ (1000725c <_ftoa+0x364>)
10007180:	f8cd a08c 	str.w	sl, [sp, #140]	@ 0x8c
10007184:	f8cd b088 	str.w	fp, [sp, #136]	@ 0x88
10007188:	9520      	str	r5, [sp, #128]	@ 0x80
1000718a:	9421      	str	r4, [sp, #132]	@ 0x84
1000718c:	b017      	add	sp, #92	@ 0x5c
1000718e:	e8bd 4ff0 	ldmia.w	sp!, {r4, r5, r6, r7, r8, r9, sl, fp, lr}
10007192:	f7ff bad5 	b.w	10006740 <_out_rev>
10007196:	9b0c      	ldr	r3, [sp, #48]	@ 0x30
10007198:	1e68      	subs	r0, r5, #1
1000719a:	f8df c0c4 	ldr.w	ip, [pc, #196]	@ 10007260 <_ftoa+0x368>
1000719e:	4418      	add	r0, r3
100071a0:	e00d      	b.n	100071be <_ftoa+0x2c6>
100071a2:	fbac 2107 	umull	r2, r1, ip, r7
100071a6:	08c9      	lsrs	r1, r1, #3
100071a8:	eb01 0281 	add.w	r2, r1, r1, lsl #2
100071ac:	eba7 0242 	sub.w	r2, r7, r2, lsl #1
100071b0:	3230      	adds	r2, #48	@ 0x30
100071b2:	2f09      	cmp	r7, #9
100071b4:	f800 2f01 	strb.w	r2, [r0, #1]!
100071b8:	d927      	bls.n	1000720a <_ftoa+0x312>
100071ba:	460f      	mov	r7, r1
100071bc:	461d      	mov	r5, r3
100071be:	2d20      	cmp	r5, #32
100071c0:	f105 0301 	add.w	r3, r5, #1
100071c4:	f106 36ff 	add.w	r6, r6, #4294967295	@ 0xffffffff
100071c8:	d1eb      	bne.n	100071a2 <_ftoa+0x2aa>
100071ca:	2520      	movs	r5, #32
100071cc:	e74b      	b.n	10007066 <_ftoa+0x16e>
100071ce:	2200      	movs	r2, #0
100071d0:	e9dd 010a 	ldrd	r0, r1, [sp, #40]	@ 0x28
100071d4:	4b1d      	ldr	r3, [pc, #116]	@ (1000724c <_ftoa+0x354>)
100071d6:	f7fe fead 	bl	10005f34 <__wrap___aeabi_dcmplt>
100071da:	2800      	cmp	r0, #0
100071dc:	f47f af27 	bne.w	1000702e <_ftoa+0x136>
100071e0:	2f00      	cmp	r7, #0
100071e2:	d15a      	bne.n	1000729a <_ftoa+0x3a2>
100071e4:	3701      	adds	r7, #1
100071e6:	e722      	b.n	1000702e <_ftoa+0x136>
100071e8:	f00a 0303 	and.w	r3, sl, #3
100071ec:	2b01      	cmp	r3, #1
100071ee:	d075      	beq.n	100072dc <_ftoa+0x3e4>
100071f0:	2d20      	cmp	r5, #32
100071f2:	f43f af73 	beq.w	100070dc <_ftoa+0x1e4>
100071f6:	9b0d      	ldr	r3, [sp, #52]	@ 0x34
100071f8:	b3bb      	cbz	r3, 1000726a <_ftoa+0x372>
100071fa:	222d      	movs	r2, #45	@ 0x2d
100071fc:	f105 0358 	add.w	r3, r5, #88	@ 0x58
10007200:	446b      	add	r3, sp
10007202:	f803 2c20 	strb.w	r2, [r3, #-32]
10007206:	3501      	adds	r5, #1
10007208:	e768      	b.n	100070dc <_ftoa+0x1e4>
1000720a:	2b20      	cmp	r3, #32
1000720c:	d0dd      	beq.n	100071ca <_ftoa+0x2d2>
1000720e:	b3ae      	cbz	r6, 1000727c <_ftoa+0x384>
10007210:	9a0c      	ldr	r2, [sp, #48]	@ 0x30
10007212:	441e      	add	r6, r3
10007214:	4415      	add	r5, r2
10007216:	2230      	movs	r2, #48	@ 0x30
10007218:	e001      	b.n	1000721e <_ftoa+0x326>
1000721a:	42b3      	cmp	r3, r6
1000721c:	d02e      	beq.n	1000727c <_ftoa+0x384>
1000721e:	3301      	adds	r3, #1
10007220:	2b20      	cmp	r3, #32
10007222:	f805 2f01 	strb.w	r2, [r5, #1]!
10007226:	d1f8      	bne.n	1000721a <_ftoa+0x322>
10007228:	e7cf      	b.n	100071ca <_ftoa+0x2d2>
1000722a:	461d      	mov	r5, r3
1000722c:	e6c5      	b.n	10006fba <_ftoa+0xc2>
1000722e:	bf00      	nop
10007230:	00000000 	.word	0x00000000
10007234:	41cdcd65 	.word	0x41cdcd65
10007238:	00000000 	.word	0x00000000
1000723c:	c1cdcd65 	.word	0xc1cdcd65
10007240:	00000000 	.word	0x00000000
10007244:	412e8480 	.word	0x412e8480
10007248:	7fefffff 	.word	0x7fefffff
1000724c:	3fe00000 	.word	0x3fe00000
10007250:	66666667 	.word	0x66666667
10007254:	1000b990 	.word	0x1000b990
10007258:	1000b998 	.word	0x1000b998
1000725c:	1000b9a0 	.word	0x1000b9a0
10007260:	cccccccd 	.word	0xcccccccd
10007264:	2d20      	cmp	r5, #32
10007266:	f43f af39 	beq.w	100070dc <_ftoa+0x1e4>
1000726a:	f01a 0f04 	tst.w	sl, #4
1000726e:	d10d      	bne.n	1000728c <_ftoa+0x394>
10007270:	f01a 0f08 	tst.w	sl, #8
10007274:	f43f af32 	beq.w	100070dc <_ftoa+0x1e4>
10007278:	2220      	movs	r2, #32
1000727a:	e7bf      	b.n	100071fc <_ftoa+0x304>
1000727c:	212e      	movs	r1, #46	@ 0x2e
1000727e:	f103 0258 	add.w	r2, r3, #88	@ 0x58
10007282:	446a      	add	r2, sp
10007284:	f802 1c20 	strb.w	r1, [r2, #-32]
10007288:	1c5d      	adds	r5, r3, #1
1000728a:	e6ec      	b.n	10007066 <_ftoa+0x16e>
1000728c:	222b      	movs	r2, #43	@ 0x2b
1000728e:	e7b5      	b.n	100071fc <_ftoa+0x304>
10007290:	07e3      	lsls	r3, r4, #31
10007292:	f57f aee8 	bpl.w	10007066 <_ftoa+0x16e>
10007296:	3401      	adds	r4, #1
10007298:	e6e5      	b.n	10007066 <_ftoa+0x16e>
1000729a:	07fa      	lsls	r2, r7, #31
1000729c:	f57f aec7 	bpl.w	1000702e <_ftoa+0x136>
100072a0:	e7a0      	b.n	100071e4 <_ftoa+0x2ec>
100072a2:	f10b 3bff 	add.w	fp, fp, #4294967295	@ 0xffffffff
100072a6:	45ab      	cmp	fp, r5
100072a8:	f63f af09 	bhi.w	100070be <_ftoa+0x1c6>
100072ac:	e7a0      	b.n	100071f0 <_ftoa+0x2f8>
100072ae:	2403      	movs	r4, #3
100072b0:	e9dd 2306 	ldrd	r2, r3, [sp, #24]
100072b4:	e9dd 0104 	ldrd	r0, r1, [sp, #16]
100072b8:	4d0a      	ldr	r5, [pc, #40]	@ (100072e4 <_ftoa+0x3ec>)
100072ba:	f8cd a08c 	str.w	sl, [sp, #140]	@ 0x8c
100072be:	f8cd b088 	str.w	fp, [sp, #136]	@ 0x88
100072c2:	e761      	b.n	10007188 <_ftoa+0x290>
100072c4:	4b08      	ldr	r3, [pc, #32]	@ (100072e8 <_ftoa+0x3f0>)
100072c6:	4626      	mov	r6, r4
100072c8:	eb03 03c4 	add.w	r3, r3, r4, lsl #3
100072cc:	ed93 7b00 	vldr	d7, [r3]
100072d0:	ab0e      	add	r3, sp, #56	@ 0x38
100072d2:	ed8d 7b08 	vstr	d7, [sp, #32]
100072d6:	2500      	movs	r5, #0
100072d8:	930c      	str	r3, [sp, #48]	@ 0x30
100072da:	e672      	b.n	10006fc2 <_ftoa+0xca>
100072dc:	f1bb 0f00 	cmp.w	fp, #0
100072e0:	d086      	beq.n	100071f0 <_ftoa+0x2f8>
100072e2:	e6e1      	b.n	100070a8 <_ftoa+0x1b0>
100072e4:	1000b99c 	.word	0x1000b99c
100072e8:	1000c228 	.word	0x1000c228

100072ec <_vsnprintf>:
100072ec:	e92d 4ff0 	stmdb	sp!, {r4, r5, r6, r7, r8, r9, sl, fp, lr}
100072f0:	469a      	mov	sl, r3
100072f2:	b09b      	sub	sp, #108	@ 0x6c
100072f4:	9c24      	ldr	r4, [sp, #144]	@ 0x90
100072f6:	4d96      	ldr	r5, [pc, #600]	@ (10007550 <_vsnprintf+0x264>)
100072f8:	940b      	str	r4, [sp, #44]	@ 0x2c
100072fa:	4c96      	ldr	r4, [pc, #600]	@ (10007554 <_vsnprintf+0x268>)
100072fc:	1e0b      	subs	r3, r1, #0
100072fe:	bf18      	it	ne
10007300:	4683      	movne	fp, r0
10007302:	6025      	str	r5, [r4, #0]
10007304:	f89a 0000 	ldrb.w	r0, [sl]
10007308:	4c93      	ldr	r4, [pc, #588]	@ (10007558 <_vsnprintf+0x26c>)
1000730a:	930a      	str	r3, [sp, #40]	@ 0x28
1000730c:	bf08      	it	eq
1000730e:	46a3      	moveq	fp, r4
10007310:	9209      	str	r2, [sp, #36]	@ 0x24
10007312:	2800      	cmp	r0, #0
10007314:	f000 82bc 	beq.w	10007890 <_vsnprintf+0x5a4>
10007318:	f04f 0900 	mov.w	r9, #0
1000731c:	e00a      	b.n	10007334 <_vsnprintf+0x48>
1000731e:	464a      	mov	r2, r9
10007320:	9b09      	ldr	r3, [sp, #36]	@ 0x24
10007322:	990a      	ldr	r1, [sp, #40]	@ 0x28
10007324:	f109 0901 	add.w	r9, r9, #1
10007328:	47d8      	blx	fp
1000732a:	f89a 0000 	ldrb.w	r0, [sl]
1000732e:	2800      	cmp	r0, #0
10007330:	f000 80ce 	beq.w	100074d0 <_vsnprintf+0x1e4>
10007334:	2825      	cmp	r0, #37	@ 0x25
10007336:	f10a 0a01 	add.w	sl, sl, #1
1000733a:	d1f0      	bne.n	1000731e <_vsnprintf+0x32>
1000733c:	2300      	movs	r3, #0
1000733e:	4652      	mov	r2, sl
10007340:	f812 0b01 	ldrb.w	r0, [r2], #1
10007344:	f1a0 0120 	sub.w	r1, r0, #32
10007348:	2910      	cmp	r1, #16
1000734a:	d80a      	bhi.n	10007362 <_vsnprintf+0x76>
1000734c:	e8df f001 	tbb	[pc, r1]
10007350:	3c090940 	.word	0x3c090940
10007354:	09090909 	.word	0x09090909
10007358:	38090909 	.word	0x38090909
1000735c:	09093409 	.word	0x09093409
10007360:	30          	.byte	0x30
10007361:	00          	.byte	0x00
10007362:	f1a0 0130 	sub.w	r1, r0, #48	@ 0x30
10007366:	2909      	cmp	r1, #9
10007368:	f240 808c 	bls.w	10007484 <_vsnprintf+0x198>
1000736c:	282a      	cmp	r0, #42	@ 0x2a
1000736e:	f000 80f5 	beq.w	1000755c <_vsnprintf+0x270>
10007372:	2100      	movs	r1, #0
10007374:	910c      	str	r1, [sp, #48]	@ 0x30
10007376:	282e      	cmp	r0, #46	@ 0x2e
10007378:	f000 8099 	beq.w	100074ae <_vsnprintf+0x1c2>
1000737c:	2700      	movs	r7, #0
1000737e:	f1a0 0168 	sub.w	r1, r0, #104	@ 0x68
10007382:	2912      	cmp	r1, #18
10007384:	d82d      	bhi.n	100073e2 <_vsnprintf+0xf6>
10007386:	e8df f011 	tbh	[pc, r1, lsl #1]
1000738a:	0157      	.short	0x0157
1000738c:	0151002c 	.word	0x0151002c
10007390:	0145002c 	.word	0x0145002c
10007394:	002c002c 	.word	0x002c002c
10007398:	002c002c 	.word	0x002c002c
1000739c:	002c002c 	.word	0x002c002c
100073a0:	0027002c 	.word	0x0027002c
100073a4:	002c002c 	.word	0x002c002c
100073a8:	002c002c 	.word	0x002c002c
100073ac:	0027002c 	.word	0x0027002c
100073b0:	4692      	mov	sl, r2
100073b2:	f043 0301 	orr.w	r3, r3, #1
100073b6:	e7c2      	b.n	1000733e <_vsnprintf+0x52>
100073b8:	4692      	mov	sl, r2
100073ba:	f043 0302 	orr.w	r3, r3, #2
100073be:	e7be      	b.n	1000733e <_vsnprintf+0x52>
100073c0:	4692      	mov	sl, r2
100073c2:	f043 0304 	orr.w	r3, r3, #4
100073c6:	e7ba      	b.n	1000733e <_vsnprintf+0x52>
100073c8:	4692      	mov	sl, r2
100073ca:	f043 0310 	orr.w	r3, r3, #16
100073ce:	e7b6      	b.n	1000733e <_vsnprintf+0x52>
100073d0:	4692      	mov	sl, r2
100073d2:	f043 0308 	orr.w	r3, r3, #8
100073d6:	e7b2      	b.n	1000733e <_vsnprintf+0x52>
100073d8:	f89a 0001 	ldrb.w	r0, [sl, #1]
100073dc:	f443 7380 	orr.w	r3, r3, #256	@ 0x100
100073e0:	3201      	adds	r2, #1
100073e2:	2867      	cmp	r0, #103	@ 0x67
100073e4:	4692      	mov	sl, r2
100073e6:	f200 8082 	bhi.w	100074ee <_vsnprintf+0x202>
100073ea:	2824      	cmp	r0, #36	@ 0x24
100073ec:	f240 80c6 	bls.w	1000757c <_vsnprintf+0x290>
100073f0:	f1a0 0225 	sub.w	r2, r0, #37	@ 0x25
100073f4:	2a42      	cmp	r2, #66	@ 0x42
100073f6:	f200 80c1 	bhi.w	1000757c <_vsnprintf+0x290>
100073fa:	e8df f012 	tbh	[pc, r2, lsl #1]
100073fe:	015f      	.short	0x015f
10007400:	00bf00bf 	.word	0x00bf00bf
10007404:	00bf00bf 	.word	0x00bf00bf
10007408:	00bf00bf 	.word	0x00bf00bf
1000740c:	00bf00bf 	.word	0x00bf00bf
10007410:	00bf00bf 	.word	0x00bf00bf
10007414:	00bf00bf 	.word	0x00bf00bf
10007418:	00bf00bf 	.word	0x00bf00bf
1000741c:	00bf00bf 	.word	0x00bf00bf
10007420:	00bf00bf 	.word	0x00bf00bf
10007424:	00bf00bf 	.word	0x00bf00bf
10007428:	00bf00bf 	.word	0x00bf00bf
1000742c:	00bf00bf 	.word	0x00bf00bf
10007430:	00bf00bf 	.word	0x00bf00bf
10007434:	00bf00bf 	.word	0x00bf00bf
10007438:	00bf00bf 	.word	0x00bf00bf
1000743c:	012600bf 	.word	0x012600bf
10007440:	01260145 	.word	0x01260145
10007444:	00bf00bf 	.word	0x00bf00bf
10007448:	00bf00bf 	.word	0x00bf00bf
1000744c:	00bf00bf 	.word	0x00bf00bf
10007450:	00bf00bf 	.word	0x00bf00bf
10007454:	00bf00bf 	.word	0x00bf00bf
10007458:	00bf00bf 	.word	0x00bf00bf
1000745c:	00bf00bf 	.word	0x00bf00bf
10007460:	00bf00bf 	.word	0x00bf00bf
10007464:	00bf01d3 	.word	0x00bf01d3
10007468:	00bf00bf 	.word	0x00bf00bf
1000746c:	00bf00bf 	.word	0x00bf00bf
10007470:	00bf00bf 	.word	0x00bf00bf
10007474:	00bf00bf 	.word	0x00bf00bf
10007478:	016701d3 	.word	0x016701d3
1000747c:	012601d3 	.word	0x012601d3
10007480:	01260145 	.word	0x01260145
10007484:	2100      	movs	r1, #0
10007486:	e000      	b.n	1000748a <_vsnprintf+0x19e>
10007488:	3201      	adds	r2, #1
1000748a:	eb01 0181 	add.w	r1, r1, r1, lsl #2
1000748e:	eb00 0141 	add.w	r1, r0, r1, lsl #1
10007492:	7810      	ldrb	r0, [r2, #0]
10007494:	4692      	mov	sl, r2
10007496:	f1a0 0430 	sub.w	r4, r0, #48	@ 0x30
1000749a:	2c09      	cmp	r4, #9
1000749c:	f1a1 0130 	sub.w	r1, r1, #48	@ 0x30
100074a0:	d9f2      	bls.n	10007488 <_vsnprintf+0x19c>
100074a2:	282e      	cmp	r0, #46	@ 0x2e
100074a4:	910c      	str	r1, [sp, #48]	@ 0x30
100074a6:	f102 0201 	add.w	r2, r2, #1
100074aa:	f47f af67 	bne.w	1000737c <_vsnprintf+0x90>
100074ae:	f89a 0001 	ldrb.w	r0, [sl, #1]
100074b2:	4611      	mov	r1, r2
100074b4:	f1a0 0630 	sub.w	r6, r0, #48	@ 0x30
100074b8:	2e09      	cmp	r6, #9
100074ba:	f443 6380 	orr.w	r3, r3, #1024	@ 0x400
100074be:	f240 8131 	bls.w	10007724 <_vsnprintf+0x438>
100074c2:	282a      	cmp	r0, #42	@ 0x2a
100074c4:	f000 813e 	beq.w	10007744 <_vsnprintf+0x458>
100074c8:	4692      	mov	sl, r2
100074ca:	2700      	movs	r7, #0
100074cc:	3201      	adds	r2, #1
100074ce:	e756      	b.n	1000737e <_vsnprintf+0x92>
100074d0:	464c      	mov	r4, r9
100074d2:	9b09      	ldr	r3, [sp, #36]	@ 0x24
100074d4:	4599      	cmp	r9, r3
100074d6:	d301      	bcc.n	100074dc <_vsnprintf+0x1f0>
100074d8:	f103 39ff 	add.w	r9, r3, #4294967295	@ 0xffffffff
100074dc:	464a      	mov	r2, r9
100074de:	2000      	movs	r0, #0
100074e0:	9b09      	ldr	r3, [sp, #36]	@ 0x24
100074e2:	990a      	ldr	r1, [sp, #40]	@ 0x28
100074e4:	47d8      	blx	fp
100074e6:	4620      	mov	r0, r4
100074e8:	b01b      	add	sp, #108	@ 0x6c
100074ea:	e8bd 8ff0 	ldmia.w	sp!, {r4, r5, r6, r7, r8, r9, sl, fp, pc}
100074ee:	f1a0 0269 	sub.w	r2, r0, #105	@ 0x69
100074f2:	b2d2      	uxtb	r2, r2
100074f4:	2a0f      	cmp	r2, #15
100074f6:	d841      	bhi.n	1000757c <_vsnprintf+0x290>
100074f8:	2601      	movs	r6, #1
100074fa:	f249 0141 	movw	r1, #36929	@ 0x9041
100074fe:	4096      	lsls	r6, r2
10007500:	400e      	ands	r6, r1
10007502:	f040 8101 	bne.w	10007708 <_vsnprintf+0x41c>
10007506:	2a0a      	cmp	r2, #10
10007508:	d03f      	beq.n	1000758a <_vsnprintf+0x29e>
1000750a:	2a07      	cmp	r2, #7
1000750c:	d136      	bne.n	1000757c <_vsnprintf+0x290>
1000750e:	9c0b      	ldr	r4, [sp, #44]	@ 0x2c
10007510:	f854 2b04 	ldr.w	r2, [r4], #4
10007514:	2a00      	cmp	r2, #0
10007516:	f000 8128 	beq.w	1000776a <_vsnprintf+0x47e>
1000751a:	f043 0121 	orr.w	r1, r3, #33	@ 0x21
1000751e:	f10d 0e48 	add.w	lr, sp, #72	@ 0x48
10007522:	4670      	mov	r0, lr
10007524:	e003      	b.n	1000752e <_vsnprintf+0x242>
10007526:	2e20      	cmp	r6, #32
10007528:	f000 8129 	beq.w	1000777e <_vsnprintf+0x492>
1000752c:	461a      	mov	r2, r3
1000752e:	f002 050f 	and.w	r5, r2, #15
10007532:	462b      	mov	r3, r5
10007534:	2d09      	cmp	r5, #9
10007536:	bf94      	ite	ls
10007538:	3330      	addls	r3, #48	@ 0x30
1000753a:	3337      	addhi	r3, #55	@ 0x37
1000753c:	2a0f      	cmp	r2, #15
1000753e:	f800 3b01 	strb.w	r3, [r0], #1
10007542:	f106 0601 	add.w	r6, r6, #1
10007546:	ea4f 1312 	mov.w	r3, r2, lsr #4
1000754a:	d8ec      	bhi.n	10007526 <_vsnprintf+0x23a>
1000754c:	e117      	b.n	1000777e <_vsnprintf+0x492>
1000754e:	bf00      	nop
10007550:	100072ed 	.word	0x100072ed
10007554:	20001b68 	.word	0x20001b68
10007558:	1000673d 	.word	0x1000673d
1000755c:	9c0b      	ldr	r4, [sp, #44]	@ 0x2c
1000755e:	f89a 0001 	ldrb.w	r0, [sl, #1]
10007562:	f854 5b04 	ldr.w	r5, [r4], #4
10007566:	4692      	mov	sl, r2
10007568:	2d00      	cmp	r5, #0
1000756a:	bfbd      	ittte	lt
1000756c:	4269      	neglt	r1, r5
1000756e:	f043 0302 	orrlt.w	r3, r3, #2
10007572:	910c      	strlt	r1, [sp, #48]	@ 0x30
10007574:	950c      	strge	r5, [sp, #48]	@ 0x30
10007576:	940b      	str	r4, [sp, #44]	@ 0x2c
10007578:	3201      	adds	r2, #1
1000757a:	e6fc      	b.n	10007376 <_vsnprintf+0x8a>
1000757c:	464a      	mov	r2, r9
1000757e:	9b09      	ldr	r3, [sp, #36]	@ 0x24
10007580:	990a      	ldr	r1, [sp, #40]	@ 0x28
10007582:	f109 0901 	add.w	r9, r9, #1
10007586:	47d8      	blx	fp
10007588:	e6cf      	b.n	1000732a <_vsnprintf+0x3e>
1000758a:	990b      	ldr	r1, [sp, #44]	@ 0x2c
1000758c:	f851 8b04 	ldr.w	r8, [r1], #4
10007590:	f898 2000 	ldrb.w	r2, [r8]
10007594:	4610      	mov	r0, r2
10007596:	2f00      	cmp	r7, #0
10007598:	f040 80e1 	bne.w	1000775e <_vsnprintf+0x472>
1000759c:	b172      	cbz	r2, 100075bc <_vsnprintf+0x2d0>
1000759e:	f06f 0c01 	mvn.w	ip, #1
100075a2:	f10c 0c01 	add.w	ip, ip, #1
100075a6:	4646      	mov	r6, r8
100075a8:	44c4      	add	ip, r8
100075aa:	e001      	b.n	100075b0 <_vsnprintf+0x2c4>
100075ac:	4566      	cmp	r6, ip
100075ae:	d003      	beq.n	100075b8 <_vsnprintf+0x2cc>
100075b0:	f816 4f01 	ldrb.w	r4, [r6, #1]!
100075b4:	2c00      	cmp	r4, #0
100075b6:	d1f9      	bne.n	100075ac <_vsnprintf+0x2c0>
100075b8:	eba6 0608 	sub.w	r6, r6, r8
100075bc:	f413 6c80 	ands.w	ip, r3, #1024	@ 0x400
100075c0:	d002      	beq.n	100075c8 <_vsnprintf+0x2dc>
100075c2:	42be      	cmp	r6, r7
100075c4:	bf28      	it	cs
100075c6:	463e      	movcs	r6, r7
100075c8:	f013 0402 	ands.w	r4, r3, #2
100075cc:	f000 8187 	beq.w	100078de <_vsnprintf+0x5f2>
100075d0:	2a00      	cmp	r2, #0
100075d2:	f000 812b 	beq.w	1000782c <_vsnprintf+0x540>
100075d6:	f1bc 0f00 	cmp.w	ip, #0
100075da:	f000 8141 	beq.w	10007860 <_vsnprintf+0x574>
100075de:	940b      	str	r4, [sp, #44]	@ 0x2c
100075e0:	960d      	str	r6, [sp, #52]	@ 0x34
100075e2:	464a      	mov	r2, r9
100075e4:	e9dd 5409 	ldrd	r5, r4, [sp, #36]	@ 0x24
100075e8:	460e      	mov	r6, r1
100075ea:	444f      	add	r7, r9
100075ec:	e008      	b.n	10007600 <_vsnprintf+0x314>
100075ee:	462b      	mov	r3, r5
100075f0:	4621      	mov	r1, r4
100075f2:	47d8      	blx	fp
100075f4:	f818 0f01 	ldrb.w	r0, [r8, #1]!
100075f8:	f109 0901 	add.w	r9, r9, #1
100075fc:	b110      	cbz	r0, 10007604 <_vsnprintf+0x318>
100075fe:	464a      	mov	r2, r9
10007600:	454f      	cmp	r7, r9
10007602:	d1f4      	bne.n	100075ee <_vsnprintf+0x302>
10007604:	4631      	mov	r1, r6
10007606:	9c0b      	ldr	r4, [sp, #44]	@ 0x2c
10007608:	9e0d      	ldr	r6, [sp, #52]	@ 0x34
1000760a:	2c00      	cmp	r4, #0
1000760c:	f040 810e 	bne.w	1000782c <_vsnprintf+0x540>
10007610:	910b      	str	r1, [sp, #44]	@ 0x2c
10007612:	e68a      	b.n	1000732a <_vsnprintf+0x3e>
10007614:	f89a 0001 	ldrb.w	r0, [sl, #1]
10007618:	286c      	cmp	r0, #108	@ 0x6c
1000761a:	f47f aedf 	bne.w	100073dc <_vsnprintf+0xf0>
1000761e:	f89a 0002 	ldrb.w	r0, [sl, #2]
10007622:	f443 7340 	orr.w	r3, r3, #768	@ 0x300
10007626:	f10a 0203 	add.w	r2, sl, #3
1000762a:	e6da      	b.n	100073e2 <_vsnprintf+0xf6>
1000762c:	f89a 0001 	ldrb.w	r0, [sl, #1]
10007630:	f443 7300 	orr.w	r3, r3, #512	@ 0x200
10007634:	3201      	adds	r2, #1
10007636:	e6d4      	b.n	100073e2 <_vsnprintf+0xf6>
10007638:	f89a 0001 	ldrb.w	r0, [sl, #1]
1000763c:	2868      	cmp	r0, #104	@ 0x68
1000763e:	f000 8120 	beq.w	10007882 <_vsnprintf+0x596>
10007642:	f043 0380 	orr.w	r3, r3, #128	@ 0x80
10007646:	3201      	adds	r2, #1
10007648:	e6cb      	b.n	100073e2 <_vsnprintf+0xf6>
1000764a:	2867      	cmp	r0, #103	@ 0x67
1000764c:	f000 80e7 	beq.w	1000781e <_vsnprintf+0x532>
10007650:	2847      	cmp	r0, #71	@ 0x47
10007652:	f000 8100 	beq.w	10007856 <_vsnprintf+0x56a>
10007656:	2845      	cmp	r0, #69	@ 0x45
10007658:	f000 80ff 	beq.w	1000785a <_vsnprintf+0x56e>
1000765c:	9c0b      	ldr	r4, [sp, #44]	@ 0x2c
1000765e:	9304      	str	r3, [sp, #16]
10007660:	9b0c      	ldr	r3, [sp, #48]	@ 0x30
10007662:	3407      	adds	r4, #7
10007664:	e9cd 7302 	strd	r7, r3, [sp, #8]
10007668:	f024 0307 	bic.w	r3, r4, #7
1000766c:	461c      	mov	r4, r3
1000766e:	e9dd 3109 	ldrd	r3, r1, [sp, #36]	@ 0x24
10007672:	e8f4 6702 	ldrd	r6, r7, [r4], #8
10007676:	464a      	mov	r2, r9
10007678:	4658      	mov	r0, fp
1000767a:	e9cd 6700 	strd	r6, r7, [sp]
1000767e:	940b      	str	r4, [sp, #44]	@ 0x2c
10007680:	f7ff fa0a 	bl	10006a98 <_etoa>
10007684:	4681      	mov	r9, r0
10007686:	e650      	b.n	1000732a <_vsnprintf+0x3e>
10007688:	2846      	cmp	r0, #70	@ 0x46
1000768a:	9c0b      	ldr	r4, [sp, #44]	@ 0x2c
1000768c:	bf08      	it	eq
1000768e:	f043 0320 	orreq.w	r3, r3, #32
10007692:	9304      	str	r3, [sp, #16]
10007694:	9b0c      	ldr	r3, [sp, #48]	@ 0x30
10007696:	3407      	adds	r4, #7
10007698:	e9cd 7302 	strd	r7, r3, [sp, #8]
1000769c:	f024 0307 	bic.w	r3, r4, #7
100076a0:	461c      	mov	r4, r3
100076a2:	e9dd 3109 	ldrd	r3, r1, [sp, #36]	@ 0x24
100076a6:	e8f4 6702 	ldrd	r6, r7, [r4], #8
100076aa:	464a      	mov	r2, r9
100076ac:	4658      	mov	r0, fp
100076ae:	e9cd 6700 	strd	r6, r7, [sp]
100076b2:	940b      	str	r4, [sp, #44]	@ 0x2c
100076b4:	f7ff fc20 	bl	10006ef8 <_ftoa>
100076b8:	4681      	mov	r9, r0
100076ba:	e636      	b.n	1000732a <_vsnprintf+0x3e>
100076bc:	464a      	mov	r2, r9
100076be:	2025      	movs	r0, #37	@ 0x25
100076c0:	9b09      	ldr	r3, [sp, #36]	@ 0x24
100076c2:	990a      	ldr	r1, [sp, #40]	@ 0x28
100076c4:	f109 0901 	add.w	r9, r9, #1
100076c8:	47d8      	blx	fp
100076ca:	e62e      	b.n	1000732a <_vsnprintf+0x3e>
100076cc:	9a0b      	ldr	r2, [sp, #44]	@ 0x2c
100076ce:	079c      	lsls	r4, r3, #30
100076d0:	f102 0704 	add.w	r7, r2, #4
100076d4:	f109 0601 	add.w	r6, r9, #1
100076d8:	f140 80e6 	bpl.w	100078a8 <_vsnprintf+0x5bc>
100076dc:	7810      	ldrb	r0, [r2, #0]
100076de:	9b09      	ldr	r3, [sp, #36]	@ 0x24
100076e0:	464a      	mov	r2, r9
100076e2:	990a      	ldr	r1, [sp, #40]	@ 0x28
100076e4:	47d8      	blx	fp
100076e6:	9b0c      	ldr	r3, [sp, #48]	@ 0x30
100076e8:	2b01      	cmp	r3, #1
100076ea:	f240 812c 	bls.w	10007946 <_vsnprintf+0x65a>
100076ee:	e9dd 5409 	ldrd	r5, r4, [sp, #36]	@ 0x24
100076f2:	4499      	add	r9, r3
100076f4:	4632      	mov	r2, r6
100076f6:	462b      	mov	r3, r5
100076f8:	4621      	mov	r1, r4
100076fa:	2020      	movs	r0, #32
100076fc:	3601      	adds	r6, #1
100076fe:	47d8      	blx	fp
10007700:	454e      	cmp	r6, r9
10007702:	d1f7      	bne.n	100076f4 <_vsnprintf+0x408>
10007704:	970b      	str	r7, [sp, #44]	@ 0x2c
10007706:	e610      	b.n	1000732a <_vsnprintf+0x3e>
10007708:	286f      	cmp	r0, #111	@ 0x6f
1000770a:	f000 808b 	beq.w	10007824 <_vsnprintf+0x538>
1000770e:	f240 8165 	bls.w	100079dc <_vsnprintf+0x6f0>
10007712:	2878      	cmp	r0, #120	@ 0x78
10007714:	f000 8108 	beq.w	10007928 <_vsnprintf+0x63c>
10007718:	f04f 080a 	mov.w	r8, #10
1000771c:	f023 0310 	bic.w	r3, r3, #16
10007720:	46c4      	mov	ip, r8
10007722:	e047      	b.n	100077b4 <_vsnprintf+0x4c8>
10007724:	2700      	movs	r7, #0
10007726:	eb07 0787 	add.w	r7, r7, r7, lsl #2
1000772a:	eb00 0047 	add.w	r0, r0, r7, lsl #1
1000772e:	f1a0 0730 	sub.w	r7, r0, #48	@ 0x30
10007732:	f811 0f01 	ldrb.w	r0, [r1, #1]!
10007736:	f1a0 0230 	sub.w	r2, r0, #48	@ 0x30
1000773a:	2a09      	cmp	r2, #9
1000773c:	d9f3      	bls.n	10007726 <_vsnprintf+0x43a>
1000773e:	468a      	mov	sl, r1
10007740:	1c4a      	adds	r2, r1, #1
10007742:	e61c      	b.n	1000737e <_vsnprintf+0x92>
10007744:	9c0b      	ldr	r4, [sp, #44]	@ 0x2c
10007746:	f89a 0002 	ldrb.w	r0, [sl, #2]
1000774a:	f854 7b04 	ldr.w	r7, [r4], #4
1000774e:	f10a 0a02 	add.w	sl, sl, #2
10007752:	f10a 0201 	add.w	r2, sl, #1
10007756:	940b      	str	r4, [sp, #44]	@ 0x2c
10007758:	ea27 77e7 	bic.w	r7, r7, r7, asr #31
1000775c:	e60f      	b.n	1000737e <_vsnprintf+0x92>
1000775e:	2a00      	cmp	r2, #0
10007760:	f43f af2c 	beq.w	100075bc <_vsnprintf+0x2d0>
10007764:	f107 3cff 	add.w	ip, r7, #4294967295	@ 0xffffffff
10007768:	e71b      	b.n	100075a2 <_vsnprintf+0x2b6>
1000776a:	f023 0110 	bic.w	r1, r3, #16
1000776e:	f413 6280 	ands.w	r2, r3, #1024	@ 0x400
10007772:	f041 0121 	orr.w	r1, r1, #33	@ 0x21
10007776:	f43f aed2 	beq.w	1000751e <_vsnprintf+0x232>
1000777a:	f10d 0e48 	add.w	lr, sp, #72	@ 0x48
1000777e:	2308      	movs	r3, #8
10007780:	2010      	movs	r0, #16
10007782:	9305      	str	r3, [sp, #20]
10007784:	2300      	movs	r3, #0
10007786:	464a      	mov	r2, r9
10007788:	e9cd 3002 	strd	r3, r0, [sp, #8]
1000778c:	9106      	str	r1, [sp, #24]
1000778e:	4658      	mov	r0, fp
10007790:	e9dd 3109 	ldrd	r3, r1, [sp, #36]	@ 0x24
10007794:	e9cd e600 	strd	lr, r6, [sp]
10007798:	9704      	str	r7, [sp, #16]
1000779a:	f7ff f81f 	bl	100067dc <_ntoa_format>
1000779e:	940b      	str	r4, [sp, #44]	@ 0x2c
100077a0:	4681      	mov	r9, r0
100077a2:	e5c2      	b.n	1000732a <_vsnprintf+0x3e>
100077a4:	2858      	cmp	r0, #88	@ 0x58
100077a6:	d079      	beq.n	1000789c <_vsnprintf+0x5b0>
100077a8:	2862      	cmp	r0, #98	@ 0x62
100077aa:	f040 8251 	bne.w	10007c50 <_vsnprintf+0x964>
100077ae:	f04f 0802 	mov.w	r8, #2
100077b2:	46c4      	mov	ip, r8
100077b4:	f413 6080 	ands.w	r0, r3, #1024	@ 0x400
100077b8:	d16d      	bne.n	10007896 <_vsnprintf+0x5aa>
100077ba:	f023 030c 	bic.w	r3, r3, #12
100077be:	f413 7200 	ands.w	r2, r3, #512	@ 0x200
100077c2:	f040 80c2 	bne.w	1000794a <_vsnprintf+0x65e>
100077c6:	990b      	ldr	r1, [sp, #44]	@ 0x2c
100077c8:	3104      	adds	r1, #4
100077ca:	910d      	str	r1, [sp, #52]	@ 0x34
100077cc:	f413 7180 	ands.w	r1, r3, #256	@ 0x100
100077d0:	f040 822e 	bne.w	10007c30 <_vsnprintf+0x944>
100077d4:	065e      	lsls	r6, r3, #25
100077d6:	9a0b      	ldr	r2, [sp, #44]	@ 0x2c
100077d8:	f140 80aa 	bpl.w	10007930 <_vsnprintf+0x644>
100077dc:	7812      	ldrb	r2, [r2, #0]
100077de:	2a00      	cmp	r2, #0
100077e0:	f040 80da 	bne.w	10007998 <_vsnprintf+0x6ac>
100077e4:	f023 0310 	bic.w	r3, r3, #16
100077e8:	2800      	cmp	r0, #0
100077ea:	f000 80d5 	beq.w	10007998 <_vsnprintf+0x6ac>
100077ee:	4611      	mov	r1, r2
100077f0:	f10d 0e48 	add.w	lr, sp, #72	@ 0x48
100077f4:	9306      	str	r3, [sp, #24]
100077f6:	9b0c      	ldr	r3, [sp, #48]	@ 0x30
100077f8:	f8cd c00c 	str.w	ip, [sp, #12]
100077fc:	e9cd 7304 	strd	r7, r3, [sp, #16]
10007800:	9101      	str	r1, [sp, #4]
10007802:	2300      	movs	r3, #0
10007804:	464a      	mov	r2, r9
10007806:	9302      	str	r3, [sp, #8]
10007808:	4658      	mov	r0, fp
1000780a:	e9dd 3109 	ldrd	r3, r1, [sp, #36]	@ 0x24
1000780e:	f8cd e000 	str.w	lr, [sp]
10007812:	f7fe ffe3 	bl	100067dc <_ntoa_format>
10007816:	9b0d      	ldr	r3, [sp, #52]	@ 0x34
10007818:	4681      	mov	r9, r0
1000781a:	930b      	str	r3, [sp, #44]	@ 0x2c
1000781c:	e585      	b.n	1000732a <_vsnprintf+0x3e>
1000781e:	f443 6300 	orr.w	r3, r3, #2048	@ 0x800
10007822:	e71b      	b.n	1000765c <_vsnprintf+0x370>
10007824:	f04f 0808 	mov.w	r8, #8
10007828:	46c4      	mov	ip, r8
1000782a:	e7c3      	b.n	100077b4 <_vsnprintf+0x4c8>
1000782c:	9b0c      	ldr	r3, [sp, #48]	@ 0x30
1000782e:	464c      	mov	r4, r9
10007830:	42b3      	cmp	r3, r6
10007832:	f67f aeed 	bls.w	10007610 <_vsnprintf+0x324>
10007836:	460f      	mov	r7, r1
10007838:	444b      	add	r3, r9
1000783a:	eba3 0906 	sub.w	r9, r3, r6
1000783e:	e9dd 6509 	ldrd	r6, r5, [sp, #36]	@ 0x24
10007842:	4622      	mov	r2, r4
10007844:	4633      	mov	r3, r6
10007846:	4629      	mov	r1, r5
10007848:	2020      	movs	r0, #32
1000784a:	3401      	adds	r4, #1
1000784c:	47d8      	blx	fp
1000784e:	454c      	cmp	r4, r9
10007850:	d1f7      	bne.n	10007842 <_vsnprintf+0x556>
10007852:	4639      	mov	r1, r7
10007854:	e6dc      	b.n	10007610 <_vsnprintf+0x324>
10007856:	f443 6300 	orr.w	r3, r3, #2048	@ 0x800
1000785a:	f043 0320 	orr.w	r3, r3, #32
1000785e:	e6fd      	b.n	1000765c <_vsnprintf+0x370>
10007860:	460f      	mov	r7, r1
10007862:	940b      	str	r4, [sp, #44]	@ 0x2c
10007864:	e9dd 5409 	ldrd	r5, r4, [sp, #36]	@ 0x24
10007868:	464a      	mov	r2, r9
1000786a:	462b      	mov	r3, r5
1000786c:	4621      	mov	r1, r4
1000786e:	47d8      	blx	fp
10007870:	f818 0f01 	ldrb.w	r0, [r8, #1]!
10007874:	f109 0901 	add.w	r9, r9, #1
10007878:	2800      	cmp	r0, #0
1000787a:	d1f5      	bne.n	10007868 <_vsnprintf+0x57c>
1000787c:	4639      	mov	r1, r7
1000787e:	9c0b      	ldr	r4, [sp, #44]	@ 0x2c
10007880:	e6c3      	b.n	1000760a <_vsnprintf+0x31e>
10007882:	f89a 0002 	ldrb.w	r0, [sl, #2]
10007886:	f043 03c0 	orr.w	r3, r3, #192	@ 0xc0
1000788a:	f10a 0203 	add.w	r2, sl, #3
1000788e:	e5a8      	b.n	100073e2 <_vsnprintf+0xf6>
10007890:	4604      	mov	r4, r0
10007892:	4681      	mov	r9, r0
10007894:	e61d      	b.n	100074d2 <_vsnprintf+0x1e6>
10007896:	f023 030d 	bic.w	r3, r3, #13
1000789a:	e790      	b.n	100077be <_vsnprintf+0x4d2>
1000789c:	f04f 0810 	mov.w	r8, #16
100078a0:	f043 0320 	orr.w	r3, r3, #32
100078a4:	46c4      	mov	ip, r8
100078a6:	e785      	b.n	100077b4 <_vsnprintf+0x4c8>
100078a8:	9b0c      	ldr	r3, [sp, #48]	@ 0x30
100078aa:	2b01      	cmp	r3, #1
100078ac:	d945      	bls.n	1000793a <_vsnprintf+0x64e>
100078ae:	e9dd 5409 	ldrd	r5, r4, [sp, #36]	@ 0x24
100078b2:	464e      	mov	r6, r9
100078b4:	f109 38ff 	add.w	r8, r9, #4294967295	@ 0xffffffff
100078b8:	4498      	add	r8, r3
100078ba:	4632      	mov	r2, r6
100078bc:	462b      	mov	r3, r5
100078be:	4621      	mov	r1, r4
100078c0:	2020      	movs	r0, #32
100078c2:	3601      	adds	r6, #1
100078c4:	47d8      	blx	fp
100078c6:	4546      	cmp	r6, r8
100078c8:	d1f7      	bne.n	100078ba <_vsnprintf+0x5ce>
100078ca:	9b0c      	ldr	r3, [sp, #48]	@ 0x30
100078cc:	4632      	mov	r2, r6
100078ce:	4499      	add	r9, r3
100078d0:	9b0b      	ldr	r3, [sp, #44]	@ 0x2c
100078d2:	7818      	ldrb	r0, [r3, #0]
100078d4:	e9dd 3109 	ldrd	r3, r1, [sp, #36]	@ 0x24
100078d8:	47d8      	blx	fp
100078da:	970b      	str	r7, [sp, #44]	@ 0x2c
100078dc:	e525      	b.n	1000732a <_vsnprintf+0x3e>
100078de:	9b0c      	ldr	r3, [sp, #48]	@ 0x30
100078e0:	42b3      	cmp	r3, r6
100078e2:	f240 81ee 	bls.w	10007cc2 <_vsnprintf+0x9d6>
100078e6:	e9cd 480d 	strd	r4, r8, [sp, #52]	@ 0x34
100078ea:	e9dd 5409 	ldrd	r5, r4, [sp, #36]	@ 0x24
100078ee:	4688      	mov	r8, r1
100078f0:	444b      	add	r3, r9
100078f2:	1b9e      	subs	r6, r3, r6
100078f4:	f8cd c02c 	str.w	ip, [sp, #44]	@ 0x2c
100078f8:	464a      	mov	r2, r9
100078fa:	462b      	mov	r3, r5
100078fc:	4621      	mov	r1, r4
100078fe:	2020      	movs	r0, #32
10007900:	f109 0901 	add.w	r9, r9, #1
10007904:	47d8      	blx	fp
10007906:	45b1      	cmp	r9, r6
10007908:	d1f6      	bne.n	100078f8 <_vsnprintf+0x60c>
1000790a:	4641      	mov	r1, r8
1000790c:	f8dd 8038 	ldr.w	r8, [sp, #56]	@ 0x38
10007910:	9b0c      	ldr	r3, [sp, #48]	@ 0x30
10007912:	f8dd c02c 	ldr.w	ip, [sp, #44]	@ 0x2c
10007916:	9c0d      	ldr	r4, [sp, #52]	@ 0x34
10007918:	f898 2000 	ldrb.w	r2, [r8]
1000791c:	1c5e      	adds	r6, r3, #1
1000791e:	4610      	mov	r0, r2
10007920:	2a00      	cmp	r2, #0
10007922:	f47f ae58 	bne.w	100075d6 <_vsnprintf+0x2ea>
10007926:	e673      	b.n	10007610 <_vsnprintf+0x324>
10007928:	f04f 0810 	mov.w	r8, #16
1000792c:	46c4      	mov	ip, r8
1000792e:	e741      	b.n	100077b4 <_vsnprintf+0x4c8>
10007930:	061d      	lsls	r5, r3, #24
10007932:	bf4c      	ite	mi
10007934:	8812      	ldrhmi	r2, [r2, #0]
10007936:	6812      	ldrpl	r2, [r2, #0]
10007938:	e751      	b.n	100077de <_vsnprintf+0x4f2>
1000793a:	4613      	mov	r3, r2
1000793c:	464a      	mov	r2, r9
1000793e:	7818      	ldrb	r0, [r3, #0]
10007940:	e9dd 3109 	ldrd	r3, r1, [sp, #36]	@ 0x24
10007944:	47d8      	blx	fp
10007946:	46b1      	mov	r9, r6
10007948:	e6dc      	b.n	10007704 <_vsnprintf+0x418>
1000794a:	9c0b      	ldr	r4, [sp, #44]	@ 0x2c
1000794c:	3407      	adds	r4, #7
1000794e:	f024 0407 	bic.w	r4, r4, #7
10007952:	4622      	mov	r2, r4
10007954:	6865      	ldr	r5, [r4, #4]
10007956:	f852 4b08 	ldr.w	r4, [r2], #8
1000795a:	920b      	str	r2, [sp, #44]	@ 0x2c
1000795c:	ea54 0205 	orrs.w	r2, r4, r5
10007960:	f040 812c 	bne.w	10007bbc <_vsnprintf+0x8d0>
10007964:	f023 0310 	bic.w	r3, r3, #16
10007968:	2800      	cmp	r0, #0
1000796a:	f000 8127 	beq.w	10007bbc <_vsnprintf+0x8d0>
1000796e:	2600      	movs	r6, #0
10007970:	f10d 0e48 	add.w	lr, sp, #72	@ 0x48
10007974:	9306      	str	r3, [sp, #24]
10007976:	9b0c      	ldr	r3, [sp, #48]	@ 0x30
10007978:	464a      	mov	r2, r9
1000797a:	e9cd 7304 	strd	r7, r3, [sp, #16]
1000797e:	2300      	movs	r3, #0
10007980:	e9cd e600 	strd	lr, r6, [sp]
10007984:	f8cd c00c 	str.w	ip, [sp, #12]
10007988:	9302      	str	r3, [sp, #8]
1000798a:	4658      	mov	r0, fp
1000798c:	e9dd 3109 	ldrd	r3, r1, [sp, #36]	@ 0x24
10007990:	f7fe ff24 	bl	100067dc <_ntoa_format>
10007994:	4681      	mov	r9, r0
10007996:	e4c8      	b.n	1000732a <_vsnprintf+0x3e>
10007998:	f013 0f20 	tst.w	r3, #32
1000799c:	bf14      	ite	ne
1000799e:	2041      	movne	r0, #65	@ 0x41
100079a0:	2061      	moveq	r0, #97	@ 0x61
100079a2:	f10d 0e48 	add.w	lr, sp, #72	@ 0x48
100079a6:	4676      	mov	r6, lr
100079a8:	f1a0 080a 	sub.w	r8, r0, #10
100079ac:	e003      	b.n	100079b6 <_vsnprintf+0x6ca>
100079ae:	2920      	cmp	r1, #32
100079b0:	f43f af20 	beq.w	100077f4 <_vsnprintf+0x508>
100079b4:	4622      	mov	r2, r4
100079b6:	fbb2 f4fc 	udiv	r4, r2, ip
100079ba:	fb0c 2514 	mls	r5, ip, r4, r2
100079be:	b2e8      	uxtb	r0, r5
100079c0:	2d09      	cmp	r5, #9
100079c2:	f100 0530 	add.w	r5, r0, #48	@ 0x30
100079c6:	bf8a      	itet	hi
100079c8:	4440      	addhi	r0, r8
100079ca:	b2e8      	uxtbls	r0, r5
100079cc:	b2c0      	uxtbhi	r0, r0
100079ce:	4562      	cmp	r2, ip
100079d0:	f806 0b01 	strb.w	r0, [r6], #1
100079d4:	f101 0101 	add.w	r1, r1, #1
100079d8:	d2e9      	bcs.n	100079ae <_vsnprintf+0x6c2>
100079da:	e70b      	b.n	100077f4 <_vsnprintf+0x508>
100079dc:	f023 0210 	bic.w	r2, r3, #16
100079e0:	2869      	cmp	r0, #105	@ 0x69
100079e2:	920d      	str	r2, [sp, #52]	@ 0x34
100079e4:	f040 816f 	bne.w	10007cc6 <_vsnprintf+0x9da>
100079e8:	f413 6280 	ands.w	r2, r3, #1024	@ 0x400
100079ec:	d004      	beq.n	100079f8 <_vsnprintf+0x70c>
100079ee:	f44f 6280 	mov.w	r2, #1024	@ 0x400
100079f2:	f023 0311 	bic.w	r3, r3, #17
100079f6:	930d      	str	r3, [sp, #52]	@ 0x34
100079f8:	9b0d      	ldr	r3, [sp, #52]	@ 0x34
100079fa:	f413 7600 	ands.w	r6, r3, #512	@ 0x200
100079fe:	d140      	bne.n	10007a82 <_vsnprintf+0x796>
10007a00:	9b0b      	ldr	r3, [sp, #44]	@ 0x2c
10007a02:	f103 0804 	add.w	r8, r3, #4
10007a06:	9b0d      	ldr	r3, [sp, #52]	@ 0x34
10007a08:	f413 7080 	ands.w	r0, r3, #256	@ 0x100
10007a0c:	f040 8098 	bne.w	10007b40 <_vsnprintf+0x854>
10007a10:	0659      	lsls	r1, r3, #25
10007a12:	f140 80c6 	bpl.w	10007ba2 <_vsnprintf+0x8b6>
10007a16:	9b0b      	ldr	r3, [sp, #44]	@ 0x2c
10007a18:	7819      	ldrb	r1, [r3, #0]
10007a1a:	460c      	mov	r4, r1
10007a1c:	0fcb      	lsrs	r3, r1, #31
10007a1e:	2900      	cmp	r1, #0
10007a20:	f000 80b9 	beq.w	10007b96 <_vsnprintf+0x8aa>
10007a24:	4622      	mov	r2, r4
10007a26:	f10d 0e48 	add.w	lr, sp, #72	@ 0x48
10007a2a:	4674      	mov	r4, lr
10007a2c:	4616      	mov	r6, r2
10007a2e:	f8df c2a0 	ldr.w	ip, [pc, #672]	@ 10007cd0 <_vsnprintf+0x9e4>
10007a32:	e001      	b.n	10007a38 <_vsnprintf+0x74c>
10007a34:	2820      	cmp	r0, #32
10007a36:	d00f      	beq.n	10007a58 <_vsnprintf+0x76c>
10007a38:	4635      	mov	r5, r6
10007a3a:	fbac 2106 	umull	r2, r1, ip, r6
10007a3e:	08c9      	lsrs	r1, r1, #3
10007a40:	eb01 0281 	add.w	r2, r1, r1, lsl #2
10007a44:	eba6 0242 	sub.w	r2, r6, r2, lsl #1
10007a48:	3230      	adds	r2, #48	@ 0x30
10007a4a:	2d09      	cmp	r5, #9
10007a4c:	460e      	mov	r6, r1
10007a4e:	f100 0001 	add.w	r0, r0, #1
10007a52:	f804 2b01 	strb.w	r2, [r4], #1
10007a56:	d8ed      	bhi.n	10007a34 <_vsnprintf+0x748>
10007a58:	9a0d      	ldr	r2, [sp, #52]	@ 0x34
10007a5a:	e9cd 0301 	strd	r0, r3, [sp, #4]
10007a5e:	9206      	str	r2, [sp, #24]
10007a60:	9a0c      	ldr	r2, [sp, #48]	@ 0x30
10007a62:	e9cd 7204 	strd	r7, r2, [sp, #16]
10007a66:	230a      	movs	r3, #10
10007a68:	464a      	mov	r2, r9
10007a6a:	9303      	str	r3, [sp, #12]
10007a6c:	4658      	mov	r0, fp
10007a6e:	e9dd 3109 	ldrd	r3, r1, [sp, #36]	@ 0x24
10007a72:	f8cd e000 	str.w	lr, [sp]
10007a76:	f7fe feb1 	bl	100067dc <_ntoa_format>
10007a7a:	f8cd 802c 	str.w	r8, [sp, #44]	@ 0x2c
10007a7e:	4681      	mov	r9, r0
10007a80:	e453      	b.n	1000732a <_vsnprintf+0x3e>
10007a82:	9c0b      	ldr	r4, [sp, #44]	@ 0x2c
10007a84:	3407      	adds	r4, #7
10007a86:	f024 0407 	bic.w	r4, r4, #7
10007a8a:	4621      	mov	r1, r4
10007a8c:	4608      	mov	r0, r1
10007a8e:	6863      	ldr	r3, [r4, #4]
10007a90:	f850 1b08 	ldr.w	r1, [r0], #8
10007a94:	0fdc      	lsrs	r4, r3, #31
10007a96:	900b      	str	r0, [sp, #44]	@ 0x2c
10007a98:	ea51 0003 	orrs.w	r0, r1, r3
10007a9c:	f000 80c3 	beq.w	10007c26 <_vsnprintf+0x93a>
10007aa0:	460a      	mov	r2, r1
10007aa2:	1e19      	subs	r1, r3, #0
10007aa4:	db48      	blt.n	10007b38 <_vsnprintf+0x84c>
10007aa6:	4613      	mov	r3, r2
10007aa8:	f10d 0e48 	add.w	lr, sp, #72	@ 0x48
10007aac:	46f4      	mov	ip, lr
10007aae:	2600      	movs	r6, #0
10007ab0:	e9cd 940e 	strd	r9, r4, [sp, #56]	@ 0x38
10007ab4:	f8df 8218 	ldr.w	r8, [pc, #536]	@ 10007cd0 <_vsnprintf+0x9e4>
10007ab8:	e001      	b.n	10007abe <_vsnprintf+0x7d2>
10007aba:	2e20      	cmp	r6, #32
10007abc:	d02d      	beq.n	10007b1a <_vsnprintf+0x82e>
10007abe:	185a      	adds	r2, r3, r1
10007ac0:	f142 0200 	adc.w	r2, r2, #0
10007ac4:	fba8 5902 	umull	r5, r9, r8, r2
10007ac8:	f029 0503 	bic.w	r5, r9, #3
10007acc:	eb05 0599 	add.w	r5, r5, r9, lsr #2
10007ad0:	1b52      	subs	r2, r2, r5
10007ad2:	461c      	mov	r4, r3
10007ad4:	1a9b      	subs	r3, r3, r2
10007ad6:	f161 0500 	sbc.w	r5, r1, #0
10007ada:	4608      	mov	r0, r1
10007adc:	f04f 31cc 	mov.w	r1, #3435973836	@ 0xcccccccc
10007ae0:	fb01 f103 	mul.w	r1, r1, r3
10007ae4:	fb08 1105 	mla	r1, r8, r5, r1
10007ae8:	fba3 5308 	umull	r5, r3, r3, r8
10007aec:	4419      	add	r1, r3
10007aee:	2305      	movs	r3, #5
10007af0:	f005 0901 	and.w	r9, r5, #1
10007af4:	fba9 3903 	umull	r3, r9, r9, r3
10007af8:	189b      	adds	r3, r3, r2
10007afa:	2c0a      	cmp	r4, #10
10007afc:	f103 0330 	add.w	r3, r3, #48	@ 0x30
10007b00:	ea4f 0555 	mov.w	r5, r5, lsr #1
10007b04:	f170 0000 	sbcs.w	r0, r0, #0
10007b08:	f80c 3b01 	strb.w	r3, [ip], #1
10007b0c:	f106 0601 	add.w	r6, r6, #1
10007b10:	ea45 73c1 	orr.w	r3, r5, r1, lsl #31
10007b14:	ea4f 0151 	mov.w	r1, r1, lsr #1
10007b18:	d2cf      	bcs.n	10007aba <_vsnprintf+0x7ce>
10007b1a:	e9dd 940e 	ldrd	r9, r4, [sp, #56]	@ 0x38
10007b1e:	9b0d      	ldr	r3, [sp, #52]	@ 0x34
10007b20:	464a      	mov	r2, r9
10007b22:	9306      	str	r3, [sp, #24]
10007b24:	9b0c      	ldr	r3, [sp, #48]	@ 0x30
10007b26:	e9cd 6401 	strd	r6, r4, [sp, #4]
10007b2a:	e9cd 7304 	strd	r7, r3, [sp, #16]
10007b2e:	230a      	movs	r3, #10
10007b30:	f8cd e000 	str.w	lr, [sp]
10007b34:	9303      	str	r3, [sp, #12]
10007b36:	e728      	b.n	1000798a <_vsnprintf+0x69e>
10007b38:	4252      	negs	r2, r2
10007b3a:	eb61 0141 	sbc.w	r1, r1, r1, lsl #1
10007b3e:	e7b2      	b.n	10007aa6 <_vsnprintf+0x7ba>
10007b40:	9b0b      	ldr	r3, [sp, #44]	@ 0x2c
10007b42:	6819      	ldr	r1, [r3, #0]
10007b44:	0fcb      	lsrs	r3, r1, #31
10007b46:	2900      	cmp	r1, #0
10007b48:	f000 80ab 	beq.w	10007ca2 <_vsnprintf+0x9b6>
10007b4c:	ea81 72e1 	eor.w	r2, r1, r1, asr #31
10007b50:	eba2 72e1 	sub.w	r2, r2, r1, asr #31
10007b54:	f10d 0e48 	add.w	lr, sp, #72	@ 0x48
10007b58:	4670      	mov	r0, lr
10007b5a:	f8df c174 	ldr.w	ip, [pc, #372]	@ 10007cd0 <_vsnprintf+0x9e4>
10007b5e:	e001      	b.n	10007b64 <_vsnprintf+0x878>
10007b60:	2e20      	cmp	r6, #32
10007b62:	d010      	beq.n	10007b86 <_vsnprintf+0x89a>
10007b64:	4615      	mov	r5, r2
10007b66:	fbac 4102 	umull	r4, r1, ip, r2
10007b6a:	08c9      	lsrs	r1, r1, #3
10007b6c:	eb01 0481 	add.w	r4, r1, r1, lsl #2
10007b70:	eba2 0444 	sub.w	r4, r2, r4, lsl #1
10007b74:	f104 0230 	add.w	r2, r4, #48	@ 0x30
10007b78:	2d09      	cmp	r5, #9
10007b7a:	f800 2b01 	strb.w	r2, [r0], #1
10007b7e:	f106 0601 	add.w	r6, r6, #1
10007b82:	460a      	mov	r2, r1
10007b84:	d8ec      	bhi.n	10007b60 <_vsnprintf+0x874>
10007b86:	9a0d      	ldr	r2, [sp, #52]	@ 0x34
10007b88:	e9cd 6301 	strd	r6, r3, [sp, #4]
10007b8c:	9206      	str	r2, [sp, #24]
10007b8e:	9a0c      	ldr	r2, [sp, #48]	@ 0x30
10007b90:	e9cd 7204 	strd	r7, r2, [sp, #16]
10007b94:	e767      	b.n	10007a66 <_vsnprintf+0x77a>
10007b96:	2a00      	cmp	r2, #0
10007b98:	f43f af45 	beq.w	10007a26 <_vsnprintf+0x73a>
10007b9c:	f10d 0e48 	add.w	lr, sp, #72	@ 0x48
10007ba0:	e75a      	b.n	10007a58 <_vsnprintf+0x76c>
10007ba2:	f013 0f80 	tst.w	r3, #128	@ 0x80
10007ba6:	9b0b      	ldr	r3, [sp, #44]	@ 0x2c
10007ba8:	f000 8081 	beq.w	10007cae <_vsnprintf+0x9c2>
10007bac:	f9b3 1000 	ldrsh.w	r1, [r3]
10007bb0:	ea81 74e1 	eor.w	r4, r1, r1, asr #31
10007bb4:	eba4 74e1 	sub.w	r4, r4, r1, asr #31
10007bb8:	b2a4      	uxth	r4, r4
10007bba:	e72f      	b.n	10007a1c <_vsnprintf+0x730>
10007bbc:	f013 0f20 	tst.w	r3, #32
10007bc0:	bf14      	ite	ne
10007bc2:	2241      	movne	r2, #65	@ 0x41
10007bc4:	2261      	moveq	r2, #97	@ 0x61
10007bc6:	f10d 0e48 	add.w	lr, sp, #72	@ 0x48
10007bca:	3a0a      	subs	r2, #10
10007bcc:	e9cd 970d 	strd	r9, r7, [sp, #52]	@ 0x34
10007bd0:	f8cd b044 	str.w	fp, [sp, #68]	@ 0x44
10007bd4:	2600      	movs	r6, #0
10007bd6:	4677      	mov	r7, lr
10007bd8:	46f3      	mov	fp, lr
10007bda:	4691      	mov	r9, r2
10007bdc:	e9cd 3c0f 	strd	r3, ip, [sp, #60]	@ 0x3c
10007be0:	e003      	b.n	10007bea <_vsnprintf+0x8fe>
10007be2:	2e20      	cmp	r6, #32
10007be4:	d017      	beq.n	10007c16 <_vsnprintf+0x92a>
10007be6:	4604      	mov	r4, r0
10007be8:	460d      	mov	r5, r1
10007bea:	4629      	mov	r1, r5
10007bec:	4642      	mov	r2, r8
10007bee:	2300      	movs	r3, #0
10007bf0:	4620      	mov	r0, r4
10007bf2:	f003 fb99 	bl	1000b328 <____aeabi_uldivmod_veneer>
10007bf6:	b2d2      	uxtb	r2, r2
10007bf8:	2a09      	cmp	r2, #9
10007bfa:	f102 0330 	add.w	r3, r2, #48	@ 0x30
10007bfe:	bf88      	it	hi
10007c00:	eb02 0309 	addhi.w	r3, r2, r9
10007c04:	4544      	cmp	r4, r8
10007c06:	b2db      	uxtb	r3, r3
10007c08:	f175 0500 	sbcs.w	r5, r5, #0
10007c0c:	f807 3b01 	strb.w	r3, [r7], #1
10007c10:	f106 0601 	add.w	r6, r6, #1
10007c14:	d2e5      	bcs.n	10007be2 <_vsnprintf+0x8f6>
10007c16:	46de      	mov	lr, fp
10007c18:	e9dd 970d 	ldrd	r9, r7, [sp, #52]	@ 0x34
10007c1c:	e9dd 3c0f 	ldrd	r3, ip, [sp, #60]	@ 0x3c
10007c20:	f8dd b044 	ldr.w	fp, [sp, #68]	@ 0x44
10007c24:	e6a6      	b.n	10007974 <_vsnprintf+0x688>
10007c26:	2a00      	cmp	r2, #0
10007c28:	d147      	bne.n	10007cba <_vsnprintf+0x9ce>
10007c2a:	4613      	mov	r3, r2
10007c2c:	4611      	mov	r1, r2
10007c2e:	e73b      	b.n	10007aa8 <_vsnprintf+0x7bc>
10007c30:	990b      	ldr	r1, [sp, #44]	@ 0x2c
10007c32:	6809      	ldr	r1, [r1, #0]
10007c34:	b9a1      	cbnz	r1, 10007c60 <_vsnprintf+0x974>
10007c36:	f023 0310 	bic.w	r3, r3, #16
10007c3a:	b188      	cbz	r0, 10007c60 <_vsnprintf+0x974>
10007c3c:	f10d 0e48 	add.w	lr, sp, #72	@ 0x48
10007c40:	9306      	str	r3, [sp, #24]
10007c42:	9b0c      	ldr	r3, [sp, #48]	@ 0x30
10007c44:	f8cd c00c 	str.w	ip, [sp, #12]
10007c48:	e9cd 7304 	strd	r7, r3, [sp, #16]
10007c4c:	9201      	str	r2, [sp, #4]
10007c4e:	e5d8      	b.n	10007802 <_vsnprintf+0x516>
10007c50:	f413 6280 	ands.w	r2, r3, #1024	@ 0x400
10007c54:	f47f aecb 	bne.w	100079ee <_vsnprintf+0x702>
10007c58:	f023 0310 	bic.w	r3, r3, #16
10007c5c:	930d      	str	r3, [sp, #52]	@ 0x34
10007c5e:	e6cb      	b.n	100079f8 <_vsnprintf+0x70c>
10007c60:	f013 0f20 	tst.w	r3, #32
10007c64:	bf14      	ite	ne
10007c66:	2041      	movne	r0, #65	@ 0x41
10007c68:	2061      	moveq	r0, #97	@ 0x61
10007c6a:	f10d 0e48 	add.w	lr, sp, #72	@ 0x48
10007c6e:	4676      	mov	r6, lr
10007c70:	f1a0 080a 	sub.w	r8, r0, #10
10007c74:	e002      	b.n	10007c7c <_vsnprintf+0x990>
10007c76:	2a20      	cmp	r2, #32
10007c78:	d0e2      	beq.n	10007c40 <_vsnprintf+0x954>
10007c7a:	4621      	mov	r1, r4
10007c7c:	fbb1 f4fc 	udiv	r4, r1, ip
10007c80:	fb0c 1514 	mls	r5, ip, r4, r1
10007c84:	b2e8      	uxtb	r0, r5
10007c86:	2d09      	cmp	r5, #9
10007c88:	f100 0530 	add.w	r5, r0, #48	@ 0x30
10007c8c:	bf8a      	itet	hi
10007c8e:	4440      	addhi	r0, r8
10007c90:	b2e8      	uxtbls	r0, r5
10007c92:	b2c0      	uxtbhi	r0, r0
10007c94:	4561      	cmp	r1, ip
10007c96:	f806 0b01 	strb.w	r0, [r6], #1
10007c9a:	f102 0201 	add.w	r2, r2, #1
10007c9e:	d2ea      	bcs.n	10007c76 <_vsnprintf+0x98a>
10007ca0:	e7ce      	b.n	10007c40 <_vsnprintf+0x954>
10007ca2:	2a00      	cmp	r2, #0
10007ca4:	f43f af56 	beq.w	10007b54 <_vsnprintf+0x868>
10007ca8:	f10d 0e48 	add.w	lr, sp, #72	@ 0x48
10007cac:	e76b      	b.n	10007b86 <_vsnprintf+0x89a>
10007cae:	6819      	ldr	r1, [r3, #0]
10007cb0:	ea81 74e1 	eor.w	r4, r1, r1, asr #31
10007cb4:	eba4 74e1 	sub.w	r4, r4, r1, asr #31
10007cb8:	e6b0      	b.n	10007a1c <_vsnprintf+0x730>
10007cba:	2600      	movs	r6, #0
10007cbc:	f10d 0e48 	add.w	lr, sp, #72	@ 0x48
10007cc0:	e72d      	b.n	10007b1e <_vsnprintf+0x832>
10007cc2:	3601      	adds	r6, #1
10007cc4:	e62b      	b.n	1000791e <_vsnprintf+0x632>
10007cc6:	f04f 080a 	mov.w	r8, #10
10007cca:	4613      	mov	r3, r2
10007ccc:	46c4      	mov	ip, r8
10007cce:	e571      	b.n	100077b4 <_vsnprintf+0x4c8>
10007cd0:	cccccccd 	.word	0xcccccccd

10007cd4 <__wrap_snprintf>:
10007cd4:	4684      	mov	ip, r0
10007cd6:	b40c      	push	{r2, r3}
10007cd8:	b510      	push	{r4, lr}
10007cda:	b084      	sub	sp, #16
10007cdc:	ac06      	add	r4, sp, #24
10007cde:	f854 3b04 	ldr.w	r3, [r4], #4
10007ce2:	460a      	mov	r2, r1
10007ce4:	9400      	str	r4, [sp, #0]
10007ce6:	4661      	mov	r1, ip
10007ce8:	4804      	ldr	r0, [pc, #16]	@ (10007cfc <__wrap_snprintf+0x28>)
10007cea:	9403      	str	r4, [sp, #12]
10007cec:	f7ff fafe 	bl	100072ec <_vsnprintf>
10007cf0:	b004      	add	sp, #16
10007cf2:	e8bd 4010 	ldmia.w	sp!, {r4, lr}
10007cf6:	b002      	add	sp, #8
10007cf8:	4770      	bx	lr
10007cfa:	bf00      	nop
10007cfc:	10006735 	.word	0x10006735

10007d00 <vfctprintf>:
10007d00:	b570      	push	{r4, r5, r6, lr}
10007d02:	4694      	mov	ip, r2
10007d04:	461e      	mov	r6, r3
10007d06:	4605      	mov	r5, r0
10007d08:	460c      	mov	r4, r1
10007d0a:	b084      	sub	sp, #16
10007d0c:	f04f 32ff 	mov.w	r2, #4294967295	@ 0xffffffff
10007d10:	4663      	mov	r3, ip
10007d12:	a902      	add	r1, sp, #8
10007d14:	9600      	str	r6, [sp, #0]
10007d16:	4803      	ldr	r0, [pc, #12]	@ (10007d24 <vfctprintf+0x24>)
10007d18:	e9cd 5402 	strd	r5, r4, [sp, #8]
10007d1c:	f7ff fae6 	bl	100072ec <_vsnprintf>
10007d20:	b004      	add	sp, #16
10007d22:	bd70      	pop	{r4, r5, r6, pc}
10007d24:	10006a89 	.word	0x10006a89

10007d28 <weak_raw_vprintf>:
10007d28:	b510      	push	{r4, lr}
10007d2a:	4b09      	ldr	r3, [pc, #36]	@ (10007d50 <weak_raw_vprintf+0x28>)
10007d2c:	b084      	sub	sp, #16
10007d2e:	681c      	ldr	r4, [r3, #0]
10007d30:	b14c      	cbz	r4, 10007d46 <weak_raw_vprintf+0x1e>
10007d32:	4603      	mov	r3, r0
10007d34:	9100      	str	r1, [sp, #0]
10007d36:	f04f 32ff 	mov.w	r2, #4294967295	@ 0xffffffff
10007d3a:	a903      	add	r1, sp, #12
10007d3c:	4805      	ldr	r0, [pc, #20]	@ (10007d54 <weak_raw_vprintf+0x2c>)
10007d3e:	47a0      	blx	r4
10007d40:	2001      	movs	r0, #1
10007d42:	b004      	add	sp, #16
10007d44:	bd10      	pop	{r4, pc}
10007d46:	f000 f97d 	bl	10008044 <__wrap_puts>
10007d4a:	4620      	mov	r0, r4
10007d4c:	b004      	add	sp, #16
10007d4e:	bd10      	pop	{r4, pc}
10007d50:	20001b68 	.word	0x20001b68
10007d54:	10006a81 	.word	0x10006a81

10007d58 <_exit>:
10007d58:	be00      	bkpt	0x0000
10007d5a:	e7fd      	b.n	10007d58 <_exit>

10007d5c <_fini>:
10007d5c:	4770      	bx	lr
10007d5e:	bf00      	nop

10007d60 <exit>:
10007d60:	b508      	push	{r3, lr}
10007d62:	f7ff fff9 	bl	10007d58 <_exit>
10007d66:	bf00      	nop

10007d68 <runtime_init>:
10007d68:	b538      	push	{r3, r4, r5, lr}
10007d6a:	4c06      	ldr	r4, [pc, #24]	@ (10007d84 <runtime_init+0x1c>)
10007d6c:	4d06      	ldr	r5, [pc, #24]	@ (10007d88 <runtime_init+0x20>)
10007d6e:	f7fd feb1 	bl	10005ad4 <runtime_run_initializers>
10007d72:	42ac      	cmp	r4, r5
10007d74:	d204      	bcs.n	10007d80 <runtime_init+0x18>
10007d76:	f854 3b04 	ldr.w	r3, [r4], #4
10007d7a:	4798      	blx	r3
10007d7c:	42ac      	cmp	r4, r5
10007d7e:	d3fa      	bcc.n	10007d76 <runtime_init+0xe>
10007d80:	bd38      	pop	{r3, r4, r5, pc}
10007d82:	bf00      	nop
10007d84:	1000b398 	.word	0x1000b398
10007d88:	1000b39c 	.word	0x1000b39c

10007d8c <stdio_out_chars_no_crlf>:
10007d8c:	6803      	ldr	r3, [r0, #0]
10007d8e:	4608      	mov	r0, r1
10007d90:	4611      	mov	r1, r2
10007d92:	4718      	bx	r3

10007d94 <stdio_out_chars_crlf>:
10007d94:	7d43      	ldrb	r3, [r0, #21]
10007d96:	e92d 47f0 	stmdb	sp!, {r4, r5, r6, r7, r8, r9, sl, lr}
10007d9a:	4681      	mov	r9, r0
10007d9c:	460f      	mov	r7, r1
10007d9e:	4616      	mov	r6, r2
10007da0:	2b00      	cmp	r3, #0
10007da2:	d043      	beq.n	10007e2c <stdio_out_chars_crlf+0x98>
10007da4:	2a00      	cmp	r2, #0
10007da6:	dd3b      	ble.n	10007e20 <stdio_out_chars_crlf+0x8c>
10007da8:	7d03      	ldrb	r3, [r0, #20]
10007daa:	2000      	movs	r0, #0
10007dac:	1e4d      	subs	r5, r1, #1
10007dae:	4601      	mov	r1, r0
10007db0:	f815 2f01 	ldrb.w	r2, [r5, #1]!
10007db4:	f8df 8084 	ldr.w	r8, [pc, #132]	@ 10007e3c <stdio_out_chars_crlf+0xa8>
10007db8:	2a0a      	cmp	r2, #10
10007dba:	f101 0401 	add.w	r4, r1, #1
10007dbe:	d00e      	beq.n	10007dde <stdio_out_chars_crlf+0x4a>
10007dc0:	42a6      	cmp	r6, r4
10007dc2:	d01c      	beq.n	10007dfe <stdio_out_chars_crlf+0x6a>
10007dc4:	782b      	ldrb	r3, [r5, #0]
10007dc6:	4621      	mov	r1, r4
10007dc8:	f1a3 030d 	sub.w	r3, r3, #13
10007dcc:	fab3 f383 	clz	r3, r3
10007dd0:	f815 2f01 	ldrb.w	r2, [r5, #1]!
10007dd4:	095b      	lsrs	r3, r3, #5
10007dd6:	2a0a      	cmp	r2, #10
10007dd8:	f101 0401 	add.w	r4, r1, #1
10007ddc:	d1f0      	bne.n	10007dc0 <stdio_out_chars_crlf+0x2c>
10007dde:	2b00      	cmp	r3, #0
10007de0:	d1ee      	bne.n	10007dc0 <stdio_out_chars_crlf+0x2c>
10007de2:	4281      	cmp	r1, r0
10007de4:	eba1 0100 	sub.w	r1, r1, r0
10007de8:	4438      	add	r0, r7
10007dea:	dc1b      	bgt.n	10007e24 <stdio_out_chars_crlf+0x90>
10007dec:	2102      	movs	r1, #2
10007dee:	4640      	mov	r0, r8
10007df0:	f8d9 3000 	ldr.w	r3, [r9]
10007df4:	4798      	blx	r3
10007df6:	42a6      	cmp	r6, r4
10007df8:	d008      	beq.n	10007e0c <stdio_out_chars_crlf+0x78>
10007dfa:	4620      	mov	r0, r4
10007dfc:	e7e2      	b.n	10007dc4 <stdio_out_chars_crlf+0x30>
10007dfe:	4286      	cmp	r6, r0
10007e00:	dd04      	ble.n	10007e0c <stdio_out_chars_crlf+0x78>
10007e02:	1a31      	subs	r1, r6, r0
10007e04:	f8d9 3000 	ldr.w	r3, [r9]
10007e08:	4438      	add	r0, r7
10007e0a:	4798      	blx	r3
10007e0c:	4437      	add	r7, r6
10007e0e:	f817 3c01 	ldrb.w	r3, [r7, #-1]
10007e12:	f1a3 030d 	sub.w	r3, r3, #13
10007e16:	fab3 f383 	clz	r3, r3
10007e1a:	095b      	lsrs	r3, r3, #5
10007e1c:	f889 3014 	strb.w	r3, [r9, #20]
10007e20:	e8bd 87f0 	ldmia.w	sp!, {r4, r5, r6, r7, r8, r9, sl, pc}
10007e24:	f8d9 3000 	ldr.w	r3, [r9]
10007e28:	4798      	blx	r3
10007e2a:	e7df      	b.n	10007dec <stdio_out_chars_crlf+0x58>
10007e2c:	4638      	mov	r0, r7
10007e2e:	f8d9 3000 	ldr.w	r3, [r9]
10007e32:	4611      	mov	r1, r2
10007e34:	e8bd 47f0 	ldmia.w	sp!, {r4, r5, r6, r7, r8, r9, sl, lr}
10007e38:	4718      	bx	r3
10007e3a:	bf00      	nop
10007e3c:	1000c278 	.word	0x1000c278

10007e40 <stdio_buffered_printer>:
10007e40:	b5f8      	push	{r3, r4, r5, r6, r7, lr}
10007e42:	680b      	ldr	r3, [r1, #0]
10007e44:	1c5a      	adds	r2, r3, #1
10007e46:	2a80      	cmp	r2, #128	@ 0x80
10007e48:	440b      	add	r3, r1
10007e4a:	600a      	str	r2, [r1, #0]
10007e4c:	7118      	strb	r0, [r3, #4]
10007e4e:	d000      	beq.n	10007e52 <stdio_buffered_printer+0x12>
10007e50:	bdf8      	pop	{r3, r4, r5, r6, r7, pc}
10007e52:	4b0d      	ldr	r3, [pc, #52]	@ (10007e88 <stdio_buffered_printer+0x48>)
10007e54:	460d      	mov	r5, r1
10007e56:	681c      	ldr	r4, [r3, #0]
10007e58:	b19c      	cbz	r4, 10007e82 <stdio_buffered_printer+0x42>
10007e5a:	4e0c      	ldr	r6, [pc, #48]	@ (10007e8c <stdio_buffered_printer+0x4c>)
10007e5c:	1d0f      	adds	r7, r1, #4
10007e5e:	e001      	b.n	10007e64 <stdio_buffered_printer+0x24>
10007e60:	6924      	ldr	r4, [r4, #16]
10007e62:	b174      	cbz	r4, 10007e82 <stdio_buffered_printer+0x42>
10007e64:	6823      	ldr	r3, [r4, #0]
10007e66:	2b00      	cmp	r3, #0
10007e68:	d0fa      	beq.n	10007e60 <stdio_buffered_printer+0x20>
10007e6a:	6833      	ldr	r3, [r6, #0]
10007e6c:	b10b      	cbz	r3, 10007e72 <stdio_buffered_printer+0x32>
10007e6e:	42a3      	cmp	r3, r4
10007e70:	d1f6      	bne.n	10007e60 <stdio_buffered_printer+0x20>
10007e72:	4620      	mov	r0, r4
10007e74:	4639      	mov	r1, r7
10007e76:	682a      	ldr	r2, [r5, #0]
10007e78:	f7ff ff8c 	bl	10007d94 <stdio_out_chars_crlf>
10007e7c:	6924      	ldr	r4, [r4, #16]
10007e7e:	2c00      	cmp	r4, #0
10007e80:	d1f0      	bne.n	10007e64 <stdio_buffered_printer+0x24>
10007e82:	2300      	movs	r3, #0
10007e84:	602b      	str	r3, [r5, #0]
10007e86:	bdf8      	pop	{r3, r4, r5, r6, r7, pc}
10007e88:	20001478 	.word	0x20001478
10007e8c:	2000147c 	.word	0x2000147c

10007e90 <stdio_put_string>:
10007e90:	e92d 47f0 	stmdb	sp!, {r4, r5, r6, r7, r8, r9, sl, lr}
10007e94:	b082      	sub	sp, #8
10007e96:	460d      	mov	r5, r1
10007e98:	4692      	mov	sl, r2
10007e9a:	4699      	mov	r9, r3
10007e9c:	4607      	mov	r7, r0
10007e9e:	f7fd fbc7 	bl	10005630 <time_us_64>
10007ea2:	f04f 36ff 	mov.w	r6, #4294967295	@ 0xffffffff
10007ea6:	f06f 4400 	mvn.w	r4, #2147483648	@ 0x80000000
10007eaa:	4a2f      	ldr	r2, [pc, #188]	@ (10007f68 <stdio_put_string+0xd8>)
10007eac:	1882      	adds	r2, r0, r2
10007eae:	f141 0300 	adc.w	r3, r1, #0
10007eb2:	4296      	cmp	r6, r2
10007eb4:	eb74 0103 	sbcs.w	r1, r4, r3
10007eb8:	bf3c      	itt	cc
10007eba:	4632      	movcc	r2, r6
10007ebc:	4623      	movcc	r3, r4
10007ebe:	482b      	ldr	r0, [pc, #172]	@ (10007f6c <stdio_put_string+0xdc>)
10007ec0:	f003 fa2e 	bl	1000b320 <__mutex_try_enter_block_until_veneer>
10007ec4:	1c6b      	adds	r3, r5, #1
10007ec6:	4680      	mov	r8, r0
10007ec8:	d103      	bne.n	10007ed2 <stdio_put_string+0x42>
10007eca:	4638      	mov	r0, r7
10007ecc:	f003 f9ea 	bl	1000b2a4 <strlen>
10007ed0:	4605      	mov	r5, r0
10007ed2:	4b27      	ldr	r3, [pc, #156]	@ (10007f70 <stdio_put_string+0xe0>)
10007ed4:	4e27      	ldr	r6, [pc, #156]	@ (10007f74 <stdio_put_string+0xe4>)
10007ed6:	681c      	ldr	r4, [r3, #0]
10007ed8:	4b27      	ldr	r3, [pc, #156]	@ (10007f78 <stdio_put_string+0xe8>)
10007eda:	f1b9 0f00 	cmp.w	r9, #0
10007ede:	bf18      	it	ne
10007ee0:	461e      	movne	r6, r3
10007ee2:	b1b4      	cbz	r4, 10007f12 <stdio_put_string+0x82>
10007ee4:	f1ba 0f00 	cmp.w	sl, #0
10007ee8:	d11a      	bne.n	10007f20 <stdio_put_string+0x90>
10007eea:	f8df 9090 	ldr.w	r9, [pc, #144]	@ 10007f7c <stdio_put_string+0xec>
10007eee:	e001      	b.n	10007ef4 <stdio_put_string+0x64>
10007ef0:	6924      	ldr	r4, [r4, #16]
10007ef2:	b174      	cbz	r4, 10007f12 <stdio_put_string+0x82>
10007ef4:	6823      	ldr	r3, [r4, #0]
10007ef6:	2b00      	cmp	r3, #0
10007ef8:	d0fa      	beq.n	10007ef0 <stdio_put_string+0x60>
10007efa:	f8d9 3000 	ldr.w	r3, [r9]
10007efe:	b10b      	cbz	r3, 10007f04 <stdio_put_string+0x74>
10007f00:	429c      	cmp	r4, r3
10007f02:	d1f5      	bne.n	10007ef0 <stdio_put_string+0x60>
10007f04:	4620      	mov	r0, r4
10007f06:	462a      	mov	r2, r5
10007f08:	4639      	mov	r1, r7
10007f0a:	47b0      	blx	r6
10007f0c:	6924      	ldr	r4, [r4, #16]
10007f0e:	2c00      	cmp	r4, #0
10007f10:	d1f0      	bne.n	10007ef4 <stdio_put_string+0x64>
10007f12:	f1b8 0f00 	cmp.w	r8, #0
10007f16:	d11f      	bne.n	10007f58 <stdio_put_string+0xc8>
10007f18:	4628      	mov	r0, r5
10007f1a:	b002      	add	sp, #8
10007f1c:	e8bd 87f0 	ldmia.w	sp!, {r4, r5, r6, r7, r8, r9, sl, pc}
10007f20:	f04f 0a0a 	mov.w	sl, #10
10007f24:	f8df 9054 	ldr.w	r9, [pc, #84]	@ 10007f7c <stdio_put_string+0xec>
10007f28:	e002      	b.n	10007f30 <stdio_put_string+0xa0>
10007f2a:	6924      	ldr	r4, [r4, #16]
10007f2c:	2c00      	cmp	r4, #0
10007f2e:	d0f0      	beq.n	10007f12 <stdio_put_string+0x82>
10007f30:	6823      	ldr	r3, [r4, #0]
10007f32:	2b00      	cmp	r3, #0
10007f34:	d0f9      	beq.n	10007f2a <stdio_put_string+0x9a>
10007f36:	f8d9 3000 	ldr.w	r3, [r9]
10007f3a:	b10b      	cbz	r3, 10007f40 <stdio_put_string+0xb0>
10007f3c:	42a3      	cmp	r3, r4
10007f3e:	d1f4      	bne.n	10007f2a <stdio_put_string+0x9a>
10007f40:	462a      	mov	r2, r5
10007f42:	4639      	mov	r1, r7
10007f44:	4620      	mov	r0, r4
10007f46:	47b0      	blx	r6
10007f48:	2201      	movs	r2, #1
10007f4a:	4620      	mov	r0, r4
10007f4c:	f10d 0107 	add.w	r1, sp, #7
10007f50:	f88d a007 	strb.w	sl, [sp, #7]
10007f54:	47b0      	blx	r6
10007f56:	e7e8      	b.n	10007f2a <stdio_put_string+0x9a>
10007f58:	4804      	ldr	r0, [pc, #16]	@ (10007f6c <stdio_put_string+0xdc>)
10007f5a:	f003 f9dd 	bl	1000b318 <__mutex_exit_veneer>
10007f5e:	4628      	mov	r0, r5
10007f60:	b002      	add	sp, #8
10007f62:	e8bd 87f0 	ldmia.w	sp!, {r4, r5, r6, r7, r8, r9, sl, pc}
10007f66:	bf00      	nop
10007f68:	000f4240 	.word	0x000f4240
10007f6c:	20000f5c 	.word	0x20000f5c
10007f70:	20001478 	.word	0x20001478
10007f74:	10007d8d 	.word	0x10007d8d
10007f78:	10007d95 	.word	0x10007d95
10007f7c:	2000147c 	.word	0x2000147c

10007f80 <stdio_set_driver_enabled>:
10007f80:	4a0a      	ldr	r2, [pc, #40]	@ (10007fac <stdio_set_driver_enabled+0x2c>)
10007f82:	6813      	ldr	r3, [r2, #0]
10007f84:	b14b      	cbz	r3, 10007f9a <stdio_set_driver_enabled+0x1a>
10007f86:	4283      	cmp	r3, r0
10007f88:	d102      	bne.n	10007f90 <stdio_set_driver_enabled+0x10>
10007f8a:	e009      	b.n	10007fa0 <stdio_set_driver_enabled+0x20>
10007f8c:	4298      	cmp	r0, r3
10007f8e:	d007      	beq.n	10007fa0 <stdio_set_driver_enabled+0x20>
10007f90:	f103 0210 	add.w	r2, r3, #16
10007f94:	691b      	ldr	r3, [r3, #16]
10007f96:	2b00      	cmp	r3, #0
10007f98:	d1f8      	bne.n	10007f8c <stdio_set_driver_enabled+0xc>
10007f9a:	b101      	cbz	r1, 10007f9e <stdio_set_driver_enabled+0x1e>
10007f9c:	6010      	str	r0, [r2, #0]
10007f9e:	4770      	bx	lr
10007fa0:	2900      	cmp	r1, #0
10007fa2:	d1fc      	bne.n	10007f9e <stdio_set_driver_enabled+0x1e>
10007fa4:	6903      	ldr	r3, [r0, #16]
10007fa6:	6013      	str	r3, [r2, #0]
10007fa8:	6101      	str	r1, [r0, #16]
10007faa:	4770      	bx	lr
10007fac:	20001478 	.word	0x20001478

10007fb0 <stdio_init_all>:
10007fb0:	b508      	push	{r3, lr}
10007fb2:	f000 f9a7 	bl	10008304 <stdio_uart_init>
10007fb6:	f000 fb6b 	bl	10008690 <stdio_usb_init>
10007fba:	2001      	movs	r0, #1
10007fbc:	bd08      	pop	{r3, pc}
10007fbe:	bf00      	nop

10007fc0 <__wrap_putchar>:
10007fc0:	b5f0      	push	{r4, r5, r6, r7, lr}
10007fc2:	b083      	sub	sp, #12
10007fc4:	4606      	mov	r6, r0
10007fc6:	f88d 0007 	strb.w	r0, [sp, #7]
10007fca:	f7fd fb31 	bl	10005630 <time_us_64>
10007fce:	f04f 35ff 	mov.w	r5, #4294967295	@ 0xffffffff
10007fd2:	f06f 4400 	mvn.w	r4, #2147483648	@ 0x80000000
10007fd6:	4a17      	ldr	r2, [pc, #92]	@ (10008034 <__wrap_putchar+0x74>)
10007fd8:	1882      	adds	r2, r0, r2
10007fda:	f141 0300 	adc.w	r3, r1, #0
10007fde:	4295      	cmp	r5, r2
10007fe0:	eb74 0103 	sbcs.w	r1, r4, r3
10007fe4:	bf3c      	itt	cc
10007fe6:	4623      	movcc	r3, r4
10007fe8:	462a      	movcc	r2, r5
10007fea:	4813      	ldr	r0, [pc, #76]	@ (10008038 <__wrap_putchar+0x78>)
10007fec:	f003 f998 	bl	1000b320 <__mutex_try_enter_block_until_veneer>
10007ff0:	4b12      	ldr	r3, [pc, #72]	@ (1000803c <__wrap_putchar+0x7c>)
10007ff2:	4607      	mov	r7, r0
10007ff4:	681c      	ldr	r4, [r3, #0]
10007ff6:	b19c      	cbz	r4, 10008020 <__wrap_putchar+0x60>
10007ff8:	4d11      	ldr	r5, [pc, #68]	@ (10008040 <__wrap_putchar+0x80>)
10007ffa:	e001      	b.n	10008000 <__wrap_putchar+0x40>
10007ffc:	6924      	ldr	r4, [r4, #16]
10007ffe:	b17c      	cbz	r4, 10008020 <__wrap_putchar+0x60>
10008000:	6823      	ldr	r3, [r4, #0]
10008002:	2b00      	cmp	r3, #0
10008004:	d0fa      	beq.n	10007ffc <__wrap_putchar+0x3c>
10008006:	682b      	ldr	r3, [r5, #0]
10008008:	b10b      	cbz	r3, 1000800e <__wrap_putchar+0x4e>
1000800a:	429c      	cmp	r4, r3
1000800c:	d1f6      	bne.n	10007ffc <__wrap_putchar+0x3c>
1000800e:	4620      	mov	r0, r4
10008010:	2201      	movs	r2, #1
10008012:	f10d 0107 	add.w	r1, sp, #7
10008016:	f7ff febd 	bl	10007d94 <stdio_out_chars_crlf>
1000801a:	6924      	ldr	r4, [r4, #16]
1000801c:	2c00      	cmp	r4, #0
1000801e:	d1ef      	bne.n	10008000 <__wrap_putchar+0x40>
10008020:	b917      	cbnz	r7, 10008028 <__wrap_putchar+0x68>
10008022:	4630      	mov	r0, r6
10008024:	b003      	add	sp, #12
10008026:	bdf0      	pop	{r4, r5, r6, r7, pc}
10008028:	4803      	ldr	r0, [pc, #12]	@ (10008038 <__wrap_putchar+0x78>)
1000802a:	f003 f975 	bl	1000b318 <__mutex_exit_veneer>
1000802e:	4630      	mov	r0, r6
10008030:	b003      	add	sp, #12
10008032:	bdf0      	pop	{r4, r5, r6, r7, pc}
10008034:	000f4240 	.word	0x000f4240
10008038:	20000f5c 	.word	0x20000f5c
1000803c:	20001478 	.word	0x20001478
10008040:	2000147c 	.word	0x2000147c

10008044 <__wrap_puts>:
10008044:	b538      	push	{r3, r4, r5, lr}
10008046:	4604      	mov	r4, r0
10008048:	f003 f92c 	bl	1000b2a4 <strlen>
1000804c:	2301      	movs	r3, #1
1000804e:	4605      	mov	r5, r0
10008050:	461a      	mov	r2, r3
10008052:	4620      	mov	r0, r4
10008054:	4629      	mov	r1, r5
10008056:	f7ff ff1b 	bl	10007e90 <stdio_put_string>
1000805a:	4b08      	ldr	r3, [pc, #32]	@ (1000807c <__wrap_puts+0x38>)
1000805c:	681c      	ldr	r4, [r3, #0]
1000805e:	b12c      	cbz	r4, 1000806c <__wrap_puts+0x28>
10008060:	6863      	ldr	r3, [r4, #4]
10008062:	b12b      	cbz	r3, 10008070 <__wrap_puts+0x2c>
10008064:	4798      	blx	r3
10008066:	6924      	ldr	r4, [r4, #16]
10008068:	2c00      	cmp	r4, #0
1000806a:	d1f9      	bne.n	10008060 <__wrap_puts+0x1c>
1000806c:	4628      	mov	r0, r5
1000806e:	bd38      	pop	{r3, r4, r5, pc}
10008070:	6924      	ldr	r4, [r4, #16]
10008072:	2c00      	cmp	r4, #0
10008074:	d1f4      	bne.n	10008060 <__wrap_puts+0x1c>
10008076:	4628      	mov	r0, r5
10008078:	bd38      	pop	{r3, r4, r5, pc}
1000807a:	bf00      	nop
1000807c:	20001478 	.word	0x20001478

10008080 <__wrap_vprintf>:
10008080:	e92d 41f0 	stmdb	sp!, {r4, r5, r6, r7, r8, lr}
10008084:	b0a2      	sub	sp, #136	@ 0x88
10008086:	4604      	mov	r4, r0
10008088:	460d      	mov	r5, r1
1000808a:	f7fd fad1 	bl	10005630 <time_us_64>
1000808e:	f04f 37ff 	mov.w	r7, #4294967295	@ 0xffffffff
10008092:	f06f 4600 	mvn.w	r6, #2147483648	@ 0x80000000
10008096:	4a27      	ldr	r2, [pc, #156]	@ (10008134 <__wrap_vprintf+0xb4>)
10008098:	1882      	adds	r2, r0, r2
1000809a:	f141 0300 	adc.w	r3, r1, #0
1000809e:	4297      	cmp	r7, r2
100080a0:	eb76 0103 	sbcs.w	r1, r6, r3
100080a4:	bf3c      	itt	cc
100080a6:	463a      	movcc	r2, r7
100080a8:	4633      	movcc	r3, r6
100080aa:	4823      	ldr	r0, [pc, #140]	@ (10008138 <__wrap_vprintf+0xb8>)
100080ac:	f003 f938 	bl	1000b320 <__mutex_try_enter_block_until_veneer>
100080b0:	2600      	movs	r6, #0
100080b2:	462b      	mov	r3, r5
100080b4:	4607      	mov	r7, r0
100080b6:	4622      	mov	r2, r4
100080b8:	4820      	ldr	r0, [pc, #128]	@ (1000813c <__wrap_vprintf+0xbc>)
100080ba:	a901      	add	r1, sp, #4
100080bc:	9601      	str	r6, [sp, #4]
100080be:	f7ff fe1f 	bl	10007d00 <vfctprintf>
100080c2:	9b01      	ldr	r3, [sp, #4]
100080c4:	4606      	mov	r6, r0
100080c6:	b97b      	cbnz	r3, 100080e8 <__wrap_vprintf+0x68>
100080c8:	4b1d      	ldr	r3, [pc, #116]	@ (10008140 <__wrap_vprintf+0xc0>)
100080ca:	681c      	ldr	r4, [r3, #0]
100080cc:	b12c      	cbz	r4, 100080da <__wrap_vprintf+0x5a>
100080ce:	6863      	ldr	r3, [r4, #4]
100080d0:	b143      	cbz	r3, 100080e4 <__wrap_vprintf+0x64>
100080d2:	4798      	blx	r3
100080d4:	6924      	ldr	r4, [r4, #16]
100080d6:	2c00      	cmp	r4, #0
100080d8:	d1f9      	bne.n	100080ce <__wrap_vprintf+0x4e>
100080da:	bb0f      	cbnz	r7, 10008120 <__wrap_vprintf+0xa0>
100080dc:	4630      	mov	r0, r6
100080de:	b022      	add	sp, #136	@ 0x88
100080e0:	e8bd 81f0 	ldmia.w	sp!, {r4, r5, r6, r7, r8, pc}
100080e4:	6924      	ldr	r4, [r4, #16]
100080e6:	e7f1      	b.n	100080cc <__wrap_vprintf+0x4c>
100080e8:	f8df 8054 	ldr.w	r8, [pc, #84]	@ 10008140 <__wrap_vprintf+0xc0>
100080ec:	f8d8 5000 	ldr.w	r5, [r8]
100080f0:	b1ed      	cbz	r5, 1000812e <__wrap_vprintf+0xae>
100080f2:	4c14      	ldr	r4, [pc, #80]	@ (10008144 <__wrap_vprintf+0xc4>)
100080f4:	e001      	b.n	100080fa <__wrap_vprintf+0x7a>
100080f6:	692d      	ldr	r5, [r5, #16]
100080f8:	b175      	cbz	r5, 10008118 <__wrap_vprintf+0x98>
100080fa:	682b      	ldr	r3, [r5, #0]
100080fc:	2b00      	cmp	r3, #0
100080fe:	d0fa      	beq.n	100080f6 <__wrap_vprintf+0x76>
10008100:	6823      	ldr	r3, [r4, #0]
10008102:	b10b      	cbz	r3, 10008108 <__wrap_vprintf+0x88>
10008104:	42ab      	cmp	r3, r5
10008106:	d1f6      	bne.n	100080f6 <__wrap_vprintf+0x76>
10008108:	4628      	mov	r0, r5
1000810a:	9a01      	ldr	r2, [sp, #4]
1000810c:	a902      	add	r1, sp, #8
1000810e:	f7ff fe41 	bl	10007d94 <stdio_out_chars_crlf>
10008112:	692d      	ldr	r5, [r5, #16]
10008114:	2d00      	cmp	r5, #0
10008116:	d1f0      	bne.n	100080fa <__wrap_vprintf+0x7a>
10008118:	f8d8 4000 	ldr.w	r4, [r8]
1000811c:	9501      	str	r5, [sp, #4]
1000811e:	e7d5      	b.n	100080cc <__wrap_vprintf+0x4c>
10008120:	4805      	ldr	r0, [pc, #20]	@ (10008138 <__wrap_vprintf+0xb8>)
10008122:	f003 f8f9 	bl	1000b318 <__mutex_exit_veneer>
10008126:	4630      	mov	r0, r6
10008128:	b022      	add	sp, #136	@ 0x88
1000812a:	e8bd 81f0 	ldmia.w	sp!, {r4, r5, r6, r7, r8, pc}
1000812e:	9501      	str	r5, [sp, #4]
10008130:	e7d3      	b.n	100080da <__wrap_vprintf+0x5a>
10008132:	bf00      	nop
10008134:	000f4240 	.word	0x000f4240
10008138:	20000f5c 	.word	0x20000f5c
1000813c:	10007e41 	.word	0x10007e41
10008140:	20001478 	.word	0x20001478
10008144:	2000147c 	.word	0x2000147c

10008148 <__wrap_printf>:
10008148:	b40f      	push	{r0, r1, r2, r3}
1000814a:	b500      	push	{lr}
1000814c:	b083      	sub	sp, #12
1000814e:	a904      	add	r1, sp, #16
10008150:	f851 0b04 	ldr.w	r0, [r1], #4
10008154:	9101      	str	r1, [sp, #4]
10008156:	f7ff ff93 	bl	10008080 <__wrap_vprintf>
1000815a:	b003      	add	sp, #12
1000815c:	f85d eb04 	ldr.w	lr, [sp], #4
10008160:	b004      	add	sp, #16
10008162:	4770      	bx	lr

10008164 <stdio_uart_out_chars>:
10008164:	f1b1 0c00 	subs.w	ip, r1, #0
10008168:	dd1d      	ble.n	100081a6 <stdio_uart_out_chars+0x42>
1000816a:	4a0f      	ldr	r2, [pc, #60]	@ (100081a8 <stdio_uart_out_chars+0x44>)
1000816c:	4b0f      	ldr	r3, [pc, #60]	@ (100081ac <stdio_uart_out_chars+0x48>)
1000816e:	6812      	ldr	r2, [r2, #0]
10008170:	b530      	push	{r4, r5, lr}
10008172:	1ad3      	subs	r3, r2, r3
10008174:	fab3 f383 	clz	r3, r3
10008178:	240d      	movs	r4, #13
1000817a:	4d0d      	ldr	r5, [pc, #52]	@ (100081b0 <stdio_uart_out_chars+0x4c>)
1000817c:	095b      	lsrs	r3, r3, #5
1000817e:	1e41      	subs	r1, r0, #1
10008180:	f935 e013 	ldrsh.w	lr, [r5, r3, lsl #1]
10008184:	448c      	add	ip, r1
10008186:	f811 0f01 	ldrb.w	r0, [r1, #1]!
1000818a:	4586      	cmp	lr, r0
1000818c:	d006      	beq.n	1000819c <stdio_uart_out_chars+0x38>
1000818e:	6993      	ldr	r3, [r2, #24]
10008190:	069b      	lsls	r3, r3, #26
10008192:	d4fc      	bmi.n	1000818e <stdio_uart_out_chars+0x2a>
10008194:	4561      	cmp	r1, ip
10008196:	6010      	str	r0, [r2, #0]
10008198:	d1f5      	bne.n	10008186 <stdio_uart_out_chars+0x22>
1000819a:	bd30      	pop	{r4, r5, pc}
1000819c:	6993      	ldr	r3, [r2, #24]
1000819e:	069d      	lsls	r5, r3, #26
100081a0:	d4fc      	bmi.n	1000819c <stdio_uart_out_chars+0x38>
100081a2:	6014      	str	r4, [r2, #0]
100081a4:	e7f3      	b.n	1000818e <stdio_uart_out_chars+0x2a>
100081a6:	4770      	bx	lr
100081a8:	20002400 	.word	0x20002400
100081ac:	40078000 	.word	0x40078000
100081b0:	200023fc 	.word	0x200023fc

100081b4 <stdio_uart_in_chars>:
100081b4:	4b22      	ldr	r3, [pc, #136]	@ (10008240 <stdio_uart_in_chars+0x8c>)
100081b6:	f1b1 0c00 	subs.w	ip, r1, #0
100081ba:	b410      	push	{r4}
100081bc:	681c      	ldr	r4, [r3, #0]
100081be:	dd2e      	ble.n	1000821e <stdio_uart_in_chars+0x6a>
100081c0:	4603      	mov	r3, r0
100081c2:	2000      	movs	r0, #0
100081c4:	4a1f      	ldr	r2, [pc, #124]	@ (10008244 <stdio_uart_in_chars+0x90>)
100081c6:	1e59      	subs	r1, r3, #1
100081c8:	6812      	ldr	r2, [r2, #0]
100081ca:	6993      	ldr	r3, [r2, #24]
100081cc:	06db      	lsls	r3, r3, #27
100081ce:	d417      	bmi.n	10008200 <stdio_uart_in_chars+0x4c>
100081d0:	3001      	adds	r0, #1
100081d2:	6993      	ldr	r3, [r2, #24]
100081d4:	06db      	lsls	r3, r3, #27
100081d6:	d4fc      	bmi.n	100081d2 <stdio_uart_in_chars+0x1e>
100081d8:	6813      	ldr	r3, [r2, #0]
100081da:	4584      	cmp	ip, r0
100081dc:	f801 3f01 	strb.w	r3, [r1, #1]!
100081e0:	d1f3      	bne.n	100081ca <stdio_uart_in_chars+0x16>
100081e2:	b14c      	cbz	r4, 100081f8 <stdio_uart_in_chars+0x44>
100081e4:	2150      	movs	r1, #80	@ 0x50
100081e6:	4613      	mov	r3, r2
100081e8:	6391      	str	r1, [r2, #56]	@ 0x38
100081ea:	f853 2f34 	ldr.w	r2, [r3, #52]!
100081ee:	f002 0238 	and.w	r2, r2, #56	@ 0x38
100081f2:	f503 5380 	add.w	r3, r3, #4096	@ 0x1000
100081f6:	601a      	str	r2, [r3, #0]
100081f8:	4660      	mov	r0, ip
100081fa:	f85d 4b04 	ldr.w	r4, [sp], #4
100081fe:	4770      	bx	lr
10008200:	b14c      	cbz	r4, 10008216 <stdio_uart_in_chars+0x62>
10008202:	2150      	movs	r1, #80	@ 0x50
10008204:	4613      	mov	r3, r2
10008206:	6391      	str	r1, [r2, #56]	@ 0x38
10008208:	f853 2f34 	ldr.w	r2, [r3, #52]!
1000820c:	f002 0238 	and.w	r2, r2, #56	@ 0x38
10008210:	f503 5380 	add.w	r3, r3, #4096	@ 0x1000
10008214:	601a      	str	r2, [r3, #0]
10008216:	b178      	cbz	r0, 10008238 <stdio_uart_in_chars+0x84>
10008218:	f85d 4b04 	ldr.w	r4, [sp], #4
1000821c:	4770      	bx	lr
1000821e:	b15c      	cbz	r4, 10008238 <stdio_uart_in_chars+0x84>
10008220:	4b08      	ldr	r3, [pc, #32]	@ (10008244 <stdio_uart_in_chars+0x90>)
10008222:	2150      	movs	r1, #80	@ 0x50
10008224:	681a      	ldr	r2, [r3, #0]
10008226:	4613      	mov	r3, r2
10008228:	6391      	str	r1, [r2, #56]	@ 0x38
1000822a:	f853 2f34 	ldr.w	r2, [r3, #52]!
1000822e:	f002 0238 	and.w	r2, r2, #56	@ 0x38
10008232:	f503 5380 	add.w	r3, r3, #4096	@ 0x1000
10008236:	601a      	str	r2, [r3, #0]
10008238:	f06f 0002 	mvn.w	r0, #2
1000823c:	e7ec      	b.n	10008218 <stdio_uart_in_chars+0x64>
1000823e:	bf00      	nop
10008240:	20001410 	.word	0x20001410
10008244:	20002400 	.word	0x20002400

10008248 <on_uart_rx>:
10008248:	4b05      	ldr	r3, [pc, #20]	@ (10008260 <on_uart_rx+0x18>)
1000824a:	681b      	ldr	r3, [r3, #0]
1000824c:	b133      	cbz	r3, 1000825c <on_uart_rx+0x14>
1000824e:	2100      	movs	r1, #0
10008250:	4a04      	ldr	r2, [pc, #16]	@ (10008264 <on_uart_rx+0x1c>)
10008252:	4805      	ldr	r0, [pc, #20]	@ (10008268 <on_uart_rx+0x20>)
10008254:	6812      	ldr	r2, [r2, #0]
10008256:	6800      	ldr	r0, [r0, #0]
10008258:	6391      	str	r1, [r2, #56]	@ 0x38
1000825a:	4718      	bx	r3
1000825c:	4770      	bx	lr
1000825e:	bf00      	nop
10008260:	20001410 	.word	0x20001410
10008264:	20002400 	.word	0x20002400
10008268:	20001418 	.word	0x20001418

1000826c <stdio_uart_out_flush>:
1000826c:	4b02      	ldr	r3, [pc, #8]	@ (10008278 <stdio_uart_out_flush+0xc>)
1000826e:	681a      	ldr	r2, [r3, #0]
10008270:	6993      	ldr	r3, [r2, #24]
10008272:	071b      	lsls	r3, r3, #28
10008274:	d4fc      	bmi.n	10008270 <stdio_uart_out_flush+0x4>
10008276:	4770      	bx	lr
10008278:	20002400 	.word	0x20002400

1000827c <stdio_uart_set_chars_available_callback>:
1000827c:	b5f8      	push	{r3, r4, r5, r6, r7, lr}
1000827e:	4f1c      	ldr	r7, [pc, #112]	@ (100082f0 <stdio_uart_set_chars_available_callback+0x74>)
10008280:	4d1c      	ldr	r5, [pc, #112]	@ (100082f4 <stdio_uart_set_chars_available_callback+0x78>)
10008282:	683a      	ldr	r2, [r7, #0]
10008284:	4e1c      	ldr	r6, [pc, #112]	@ (100082f8 <stdio_uart_set_chars_available_callback+0x7c>)
10008286:	42aa      	cmp	r2, r5
10008288:	bf14      	ite	ne
1000828a:	2521      	movne	r5, #33	@ 0x21
1000828c:	2522      	moveq	r5, #34	@ 0x22
1000828e:	4604      	mov	r4, r0
10008290:	f8d6 c000 	ldr.w	ip, [r6]
10008294:	b118      	cbz	r0, 1000829e <stdio_uart_set_chars_available_callback+0x22>
10008296:	f1bc 0f00 	cmp.w	ip, #0
1000829a:	d010      	beq.n	100082be <stdio_uart_set_chars_available_callback+0x42>
1000829c:	bdf8      	pop	{r3, r4, r5, r6, r7, pc}
1000829e:	f1bc 0f00 	cmp.w	ip, #0
100082a2:	d0fb      	beq.n	1000829c <stdio_uart_set_chars_available_callback+0x20>
100082a4:	4601      	mov	r1, r0
100082a6:	6390      	str	r0, [r2, #56]	@ 0x38
100082a8:	4628      	mov	r0, r5
100082aa:	f7fc fa6d 	bl	10004788 <irq_set_enabled>
100082ae:	4628      	mov	r0, r5
100082b0:	4912      	ldr	r1, [pc, #72]	@ (100082fc <stdio_uart_set_chars_available_callback+0x80>)
100082b2:	f7fc fbb9 	bl	10004a28 <irq_remove_handler>
100082b6:	4b12      	ldr	r3, [pc, #72]	@ (10008300 <stdio_uart_set_chars_available_callback+0x84>)
100082b8:	6034      	str	r4, [r6, #0]
100082ba:	601c      	str	r4, [r3, #0]
100082bc:	bdf8      	pop	{r3, r4, r5, r6, r7, pc}
100082be:	460b      	mov	r3, r1
100082c0:	4a0f      	ldr	r2, [pc, #60]	@ (10008300 <stdio_uart_set_chars_available_callback+0x84>)
100082c2:	490e      	ldr	r1, [pc, #56]	@ (100082fc <stdio_uart_set_chars_available_callback+0x80>)
100082c4:	6030      	str	r0, [r6, #0]
100082c6:	4628      	mov	r0, r5
100082c8:	6013      	str	r3, [r2, #0]
100082ca:	f7fc fa9f 	bl	1000480c <irq_set_exclusive_handler>
100082ce:	2101      	movs	r1, #1
100082d0:	4628      	mov	r0, r5
100082d2:	f7fc fa59 	bl	10004788 <irq_set_enabled>
100082d6:	683a      	ldr	r2, [r7, #0]
100082d8:	2150      	movs	r1, #80	@ 0x50
100082da:	4613      	mov	r3, r2
100082dc:	6391      	str	r1, [r2, #56]	@ 0x38
100082de:	f853 2f34 	ldr.w	r2, [r3, #52]!
100082e2:	f002 0238 	and.w	r2, r2, #56	@ 0x38
100082e6:	f503 5380 	add.w	r3, r3, #4096	@ 0x1000
100082ea:	601a      	str	r2, [r3, #0]
100082ec:	bdf8      	pop	{r3, r4, r5, r6, r7, pc}
100082ee:	bf00      	nop
100082f0:	20002400 	.word	0x20002400
100082f4:	40078000 	.word	0x40078000
100082f8:	20001410 	.word	0x20001410
100082fc:	10008249 	.word	0x10008249
10008300:	20001418 	.word	0x20001418

10008304 <stdio_uart_init>:
10008304:	b510      	push	{r4, lr}
10008306:	490e      	ldr	r1, [pc, #56]	@ (10008340 <stdio_uart_init+0x3c>)
10008308:	4c0e      	ldr	r4, [pc, #56]	@ (10008344 <stdio_uart_init+0x40>)
1000830a:	480f      	ldr	r0, [pc, #60]	@ (10008348 <stdio_uart_init+0x44>)
1000830c:	4a0f      	ldr	r2, [pc, #60]	@ (1000834c <stdio_uart_init+0x48>)
1000830e:	4b10      	ldr	r3, [pc, #64]	@ (10008350 <stdio_uart_init+0x4c>)
10008310:	7800      	ldrb	r0, [r0, #0]
10008312:	6021      	str	r1, [r4, #0]
10008314:	2000      	movs	r0, #0
10008316:	2102      	movs	r1, #2
10008318:	7812      	ldrb	r2, [r2, #0]
1000831a:	781b      	ldrb	r3, [r3, #0]
1000831c:	f7fc f8ec 	bl	100044f8 <gpio_set_function>
10008320:	2102      	movs	r1, #2
10008322:	2001      	movs	r0, #1
10008324:	f7fc f8e8 	bl	100044f8 <gpio_set_function>
10008328:	f44f 31e1 	mov.w	r1, #115200	@ 0x1c200
1000832c:	6820      	ldr	r0, [r4, #0]
1000832e:	f7fd f9cd 	bl	100056cc <uart_init>
10008332:	e8bd 4010 	ldmia.w	sp!, {r4, lr}
10008336:	2101      	movs	r1, #1
10008338:	4806      	ldr	r0, [pc, #24]	@ (10008354 <stdio_uart_init+0x50>)
1000833a:	f7ff be21 	b.w	10007f80 <stdio_set_driver_enabled>
1000833e:	bf00      	nop
10008340:	40070000 	.word	0x40070000
10008344:	20002400 	.word	0x20002400
10008348:	1000c568 	.word	0x1000c568
1000834c:	1000c564 	.word	0x1000c564
10008350:	1000c560 	.word	0x1000c560
10008354:	20000f00 	.word	0x20000f00

10008358 <stdio_usb_set_chars_available_callback>:
10008358:	4a02      	ldr	r2, [pc, #8]	@ (10008364 <stdio_usb_set_chars_available_callback+0xc>)
1000835a:	4b03      	ldr	r3, [pc, #12]	@ (10008368 <stdio_usb_set_chars_available_callback+0x10>)
1000835c:	6010      	str	r0, [r2, #0]
1000835e:	6019      	str	r1, [r3, #0]
10008360:	4770      	bx	lr
10008362:	bf00      	nop
10008364:	20001414 	.word	0x20001414
10008368:	2000141c 	.word	0x2000141c

1000836c <timer_task>:
1000836c:	4b18      	ldr	r3, [pc, #96]	@ (100083d0 <timer_task+0x64>)
1000836e:	b570      	push	{r4, r5, r6, lr}
10008370:	681a      	ldr	r2, [r3, #0]
10008372:	2a00      	cmp	r2, #0
10008374:	d028      	beq.n	100083c8 <timer_task+0x5c>
10008376:	f3ef 8110 	mrs	r1, PRIMASK
1000837a:	b672      	cpsid	i
1000837c:	e8d2 4fcf 	ldaexb	r4, [r2]
10008380:	2001      	movs	r0, #1
10008382:	2c00      	cmp	r4, #0
10008384:	d1fa      	bne.n	1000837c <timer_task+0x10>
10008386:	e8c2 0f44 	strexb	r4, r0, [r2]
1000838a:	2c00      	cmp	r4, #0
1000838c:	d1f6      	bne.n	1000837c <timer_task+0x10>
1000838e:	f3bf 8f5f 	dmb	sy
10008392:	2200      	movs	r2, #0
10008394:	4c0f      	ldr	r4, [pc, #60]	@ (100083d4 <timer_task+0x68>)
10008396:	6818      	ldr	r0, [r3, #0]
10008398:	6059      	str	r1, [r3, #4]
1000839a:	7022      	strb	r2, [r4, #0]
1000839c:	e8c0 2f8f 	stlb	r2, [r0]
100083a0:	f381 8810 	msr	PRIMASK, r1
100083a4:	2400      	movs	r4, #0
100083a6:	2500      	movs	r5, #0
100083a8:	4e0b      	ldr	r6, [pc, #44]	@ (100083d8 <timer_task+0x6c>)
100083aa:	7830      	ldrb	r0, [r6, #0]
100083ac:	f7fc fa02 	bl	100047b4 <irq_is_enabled>
100083b0:	b920      	cbnz	r0, 100083bc <timer_task+0x50>
100083b2:	2400      	movs	r4, #0
100083b4:	2500      	movs	r5, #0
100083b6:	4620      	mov	r0, r4
100083b8:	4629      	mov	r1, r5
100083ba:	bd70      	pop	{r4, r5, r6, pc}
100083bc:	7830      	ldrb	r0, [r6, #0]
100083be:	f7fc fa09 	bl	100047d4 <irq_set_pending>
100083c2:	4620      	mov	r0, r4
100083c4:	4629      	mov	r1, r5
100083c6:	bd70      	pop	{r4, r5, r6, pc}
100083c8:	f44f 747a 	mov.w	r4, #1000	@ 0x3e8
100083cc:	2500      	movs	r5, #0
100083ce:	e7eb      	b.n	100083a8 <timer_task+0x3c>
100083d0:	20001b70 	.word	0x20001b70
100083d4:	20002422 	.word	0x20002422
100083d8:	20002421 	.word	0x20002421

100083dc <usb_irq>:
100083dc:	4b01      	ldr	r3, [pc, #4]	@ (100083e4 <usb_irq+0x8>)
100083de:	7818      	ldrb	r0, [r3, #0]
100083e0:	f7fc b9f8 	b.w	100047d4 <irq_set_pending>
100083e4:	20002421 	.word	0x20002421

100083e8 <stdio_usb_in_chars>:
100083e8:	b538      	push	{r3, r4, r5, lr}
100083ea:	4604      	mov	r4, r0
100083ec:	2000      	movs	r0, #0
100083ee:	460d      	mov	r5, r1
100083f0:	f001 fee8 	bl	1000a1c4 <tud_cdc_n_connected>
100083f4:	b3a8      	cbz	r0, 10008462 <stdio_usb_in_chars+0x7a>
100083f6:	2000      	movs	r0, #0
100083f8:	f001 fef8 	bl	1000a1ec <tud_cdc_n_available>
100083fc:	b388      	cbz	r0, 10008462 <stdio_usb_in_chars+0x7a>
100083fe:	f7fd f917 	bl	10005630 <time_us_64>
10008402:	f04f 3eff 	mov.w	lr, #4294967295	@ 0xffffffff
10008406:	f06f 4c00 	mvn.w	ip, #2147483648	@ 0x80000000
1000840a:	4a17      	ldr	r2, [pc, #92]	@ (10008468 <stdio_usb_in_chars+0x80>)
1000840c:	1882      	adds	r2, r0, r2
1000840e:	f141 0300 	adc.w	r3, r1, #0
10008412:	4596      	cmp	lr, r2
10008414:	eb7c 0103 	sbcs.w	r1, ip, r3
10008418:	bf3c      	itt	cc
1000841a:	4672      	movcc	r2, lr
1000841c:	4663      	movcc	r3, ip
1000841e:	4813      	ldr	r0, [pc, #76]	@ (1000846c <stdio_usb_in_chars+0x84>)
10008420:	f002 ff7e 	bl	1000b320 <__mutex_try_enter_block_until_veneer>
10008424:	b1e8      	cbz	r0, 10008462 <stdio_usb_in_chars+0x7a>
10008426:	2000      	movs	r0, #0
10008428:	f001 fecc 	bl	1000a1c4 <tud_cdc_n_connected>
1000842c:	b958      	cbnz	r0, 10008446 <stdio_usb_in_chars+0x5e>
1000842e:	2100      	movs	r1, #0
10008430:	f04f 30ff 	mov.w	r0, #4294967295	@ 0xffffffff
10008434:	f001 fa88 	bl	10009948 <tud_task_ext>
10008438:	f06f 0402 	mvn.w	r4, #2
1000843c:	480b      	ldr	r0, [pc, #44]	@ (1000846c <stdio_usb_in_chars+0x84>)
1000843e:	f002 ff6b 	bl	1000b318 <__mutex_exit_veneer>
10008442:	4620      	mov	r0, r4
10008444:	bd38      	pop	{r3, r4, r5, pc}
10008446:	2000      	movs	r0, #0
10008448:	f001 fed0 	bl	1000a1ec <tud_cdc_n_available>
1000844c:	2800      	cmp	r0, #0
1000844e:	d0ee      	beq.n	1000842e <stdio_usb_in_chars+0x46>
10008450:	4621      	mov	r1, r4
10008452:	462a      	mov	r2, r5
10008454:	2000      	movs	r0, #0
10008456:	f001 fee3 	bl	1000a220 <tud_cdc_n_read>
1000845a:	4604      	mov	r4, r0
1000845c:	2800      	cmp	r0, #0
1000845e:	d1ed      	bne.n	1000843c <stdio_usb_in_chars+0x54>
10008460:	e7ea      	b.n	10008438 <stdio_usb_in_chars+0x50>
10008462:	f06f 0402 	mvn.w	r4, #2
10008466:	e7ec      	b.n	10008442 <stdio_usb_in_chars+0x5a>
10008468:	000f4240 	.word	0x000f4240
1000846c:	200023f4 	.word	0x200023f4

10008470 <stdio_usb_out_flush>:
10008470:	b508      	push	{r3, lr}
10008472:	f7fd f8dd 	bl	10005630 <time_us_64>
10008476:	f04f 3eff 	mov.w	lr, #4294967295	@ 0xffffffff
1000847a:	f06f 4c00 	mvn.w	ip, #2147483648	@ 0x80000000
1000847e:	4a0f      	ldr	r2, [pc, #60]	@ (100084bc <stdio_usb_out_flush+0x4c>)
10008480:	1882      	adds	r2, r0, r2
10008482:	f141 0300 	adc.w	r3, r1, #0
10008486:	4596      	cmp	lr, r2
10008488:	eb7c 0103 	sbcs.w	r1, ip, r3
1000848c:	bf3c      	itt	cc
1000848e:	4672      	movcc	r2, lr
10008490:	4663      	movcc	r3, ip
10008492:	480b      	ldr	r0, [pc, #44]	@ (100084c0 <stdio_usb_out_flush+0x50>)
10008494:	f002 ff44 	bl	1000b320 <__mutex_try_enter_block_until_veneer>
10008498:	b170      	cbz	r0, 100084b8 <stdio_usb_out_flush+0x48>
1000849a:	f04f 30ff 	mov.w	r0, #4294967295	@ 0xffffffff
1000849e:	2100      	movs	r1, #0
100084a0:	f001 fa52 	bl	10009948 <tud_task_ext>
100084a4:	2000      	movs	r0, #0
100084a6:	f001 fecb 	bl	1000a240 <tud_cdc_n_write_flush>
100084aa:	2800      	cmp	r0, #0
100084ac:	d1f5      	bne.n	1000849a <stdio_usb_out_flush+0x2a>
100084ae:	e8bd 4008 	ldmia.w	sp!, {r3, lr}
100084b2:	4803      	ldr	r0, [pc, #12]	@ (100084c0 <stdio_usb_out_flush+0x50>)
100084b4:	f002 bf30 	b.w	1000b318 <__mutex_exit_veneer>
100084b8:	bd08      	pop	{r3, pc}
100084ba:	bf00      	nop
100084bc:	000f4240 	.word	0x000f4240
100084c0:	200023f4 	.word	0x200023f4

100084c4 <stdio_usb_out_chars>:
100084c4:	e92d 43f8 	stmdb	sp!, {r3, r4, r5, r6, r7, r8, r9, lr}
100084c8:	4607      	mov	r7, r0
100084ca:	460e      	mov	r6, r1
100084cc:	f7fd f8b0 	bl	10005630 <time_us_64>
100084d0:	f04f 35ff 	mov.w	r5, #4294967295	@ 0xffffffff
100084d4:	f06f 4400 	mvn.w	r4, #2147483648	@ 0x80000000
100084d8:	4a33      	ldr	r2, [pc, #204]	@ (100085a8 <stdio_usb_out_chars+0xe4>)
100084da:	1882      	adds	r2, r0, r2
100084dc:	f141 0300 	adc.w	r3, r1, #0
100084e0:	4295      	cmp	r5, r2
100084e2:	eb74 0103 	sbcs.w	r1, r4, r3
100084e6:	bf3c      	itt	cc
100084e8:	462a      	movcc	r2, r5
100084ea:	4623      	movcc	r3, r4
100084ec:	482f      	ldr	r0, [pc, #188]	@ (100085ac <stdio_usb_out_chars+0xe8>)
100084ee:	f002 ff17 	bl	1000b320 <__mutex_try_enter_block_until_veneer>
100084f2:	b908      	cbnz	r0, 100084f8 <stdio_usb_out_chars+0x34>
100084f4:	e8bd 83f8 	ldmia.w	sp!, {r3, r4, r5, r6, r7, r8, r9, pc}
100084f8:	2000      	movs	r0, #0
100084fa:	f001 fe63 	bl	1000a1c4 <tud_cdc_n_connected>
100084fe:	2800      	cmp	r0, #0
10008500:	d048      	beq.n	10008594 <stdio_usb_out_chars+0xd0>
10008502:	2e00      	cmp	r6, #0
10008504:	dd41      	ble.n	1000858a <stdio_usb_out_chars+0xc6>
10008506:	2500      	movs	r5, #0
10008508:	f8df 80a4 	ldr.w	r8, [pc, #164]	@ 100085b0 <stdio_usb_out_chars+0xec>
1000850c:	f8df 90a4 	ldr.w	r9, [pc, #164]	@ 100085b4 <stdio_usb_out_chars+0xf0>
10008510:	e013      	b.n	1000853a <stdio_usb_out_chars+0x76>
10008512:	4622      	mov	r2, r4
10008514:	2000      	movs	r0, #0
10008516:	f001 fe8b 	bl	1000a230 <tud_cdc_n_write>
1000851a:	2100      	movs	r1, #0
1000851c:	4604      	mov	r4, r0
1000851e:	f04f 30ff 	mov.w	r0, #4294967295	@ 0xffffffff
10008522:	f001 fa11 	bl	10009948 <tud_task_ext>
10008526:	2000      	movs	r0, #0
10008528:	f001 fe8a 	bl	1000a240 <tud_cdc_n_write_flush>
1000852c:	f7fd f880 	bl	10005630 <time_us_64>
10008530:	e9c8 0100 	strd	r0, r1, [r8]
10008534:	4425      	add	r5, r4
10008536:	42ae      	cmp	r6, r5
10008538:	dd27      	ble.n	1000858a <stdio_usb_out_chars+0xc6>
1000853a:	2000      	movs	r0, #0
1000853c:	f001 fe88 	bl	1000a250 <tud_cdc_n_write_available>
10008540:	1b74      	subs	r4, r6, r5
10008542:	4284      	cmp	r4, r0
10008544:	bfa8      	it	ge
10008546:	4604      	movge	r4, r0
10008548:	1979      	adds	r1, r7, r5
1000854a:	2c00      	cmp	r4, #0
1000854c:	d1e1      	bne.n	10008512 <stdio_usb_out_chars+0x4e>
1000854e:	4621      	mov	r1, r4
10008550:	f04f 30ff 	mov.w	r0, #4294967295	@ 0xffffffff
10008554:	f001 f9f8 	bl	10009948 <tud_task_ext>
10008558:	4620      	mov	r0, r4
1000855a:	f001 fe71 	bl	1000a240 <tud_cdc_n_write_flush>
1000855e:	4620      	mov	r0, r4
10008560:	f001 fe30 	bl	1000a1c4 <tud_cdc_n_connected>
10008564:	b188      	cbz	r0, 1000858a <stdio_usb_out_chars+0xc6>
10008566:	4620      	mov	r0, r4
10008568:	f001 fe72 	bl	1000a250 <tud_cdc_n_write_available>
1000856c:	2800      	cmp	r0, #0
1000856e:	d1e2      	bne.n	10008536 <stdio_usb_out_chars+0x72>
10008570:	f7fd f85e 	bl	10005630 <time_us_64>
10008574:	f8d8 3000 	ldr.w	r3, [r8]
10008578:	f8d8 2004 	ldr.w	r2, [r8, #4]
1000857c:	eb13 0309 	adds.w	r3, r3, r9
10008580:	f142 0200 	adc.w	r2, r2, #0
10008584:	4283      	cmp	r3, r0
10008586:	418a      	sbcs	r2, r1
10008588:	d2d5      	bcs.n	10008536 <stdio_usb_out_chars+0x72>
1000858a:	4808      	ldr	r0, [pc, #32]	@ (100085ac <stdio_usb_out_chars+0xe8>)
1000858c:	e8bd 43f8 	ldmia.w	sp!, {r3, r4, r5, r6, r7, r8, r9, lr}
10008590:	f002 bec2 	b.w	1000b318 <__mutex_exit_veneer>
10008594:	2000      	movs	r0, #0
10008596:	2100      	movs	r1, #0
10008598:	4b05      	ldr	r3, [pc, #20]	@ (100085b0 <stdio_usb_out_chars+0xec>)
1000859a:	e9c3 0100 	strd	r0, r1, [r3]
1000859e:	e8bd 43f8 	ldmia.w	sp!, {r3, r4, r5, r6, r7, r8, r9, lr}
100085a2:	4802      	ldr	r0, [pc, #8]	@ (100085ac <stdio_usb_out_chars+0xe8>)
100085a4:	f002 beb8 	b.w	1000b318 <__mutex_exit_veneer>
100085a8:	000f4240 	.word	0x000f4240
100085ac:	200023f4 	.word	0x200023f4
100085b0:	200010f0 	.word	0x200010f0
100085b4:	0007a120 	.word	0x0007a120

100085b8 <low_priority_worker_irq>:
100085b8:	b530      	push	{r4, r5, lr}
100085ba:	2100      	movs	r1, #0
100085bc:	b085      	sub	sp, #20
100085be:	482e      	ldr	r0, [pc, #184]	@ (10008678 <low_priority_worker_irq+0xc0>)
100085c0:	f002 feba 	bl	1000b338 <__mutex_try_enter_veneer>
100085c4:	b9f0      	cbnz	r0, 10008604 <low_priority_worker_irq+0x4c>
100085c6:	4b2d      	ldr	r3, [pc, #180]	@ (1000867c <low_priority_worker_irq+0xc4>)
100085c8:	681a      	ldr	r2, [r3, #0]
100085ca:	b1ca      	cbz	r2, 10008600 <low_priority_worker_irq+0x48>
100085cc:	f3ef 8110 	mrs	r1, PRIMASK
100085d0:	b672      	cpsid	i
100085d2:	e8d2 5fcf 	ldaexb	r5, [r2]
100085d6:	2401      	movs	r4, #1
100085d8:	2d00      	cmp	r5, #0
100085da:	d1fa      	bne.n	100085d2 <low_priority_worker_irq+0x1a>
100085dc:	e8c2 4f45 	strexb	r5, r4, [r2]
100085e0:	2d00      	cmp	r5, #0
100085e2:	d1f6      	bne.n	100085d2 <low_priority_worker_irq+0x1a>
100085e4:	f3bf 8f5f 	dmb	sy
100085e8:	4c25      	ldr	r4, [pc, #148]	@ (10008680 <low_priority_worker_irq+0xc8>)
100085ea:	681d      	ldr	r5, [r3, #0]
100085ec:	7822      	ldrb	r2, [r4, #0]
100085ee:	6059      	str	r1, [r3, #4]
100085f0:	b2d3      	uxtb	r3, r2
100085f2:	2201      	movs	r2, #1
100085f4:	7022      	strb	r2, [r4, #0]
100085f6:	e8c5 0f8f 	stlb	r0, [r5]
100085fa:	f381 8810 	msr	PRIMASK, r1
100085fe:	b1cb      	cbz	r3, 10008634 <low_priority_worker_irq+0x7c>
10008600:	b005      	add	sp, #20
10008602:	bd30      	pop	{r4, r5, pc}
10008604:	2100      	movs	r1, #0
10008606:	f04f 30ff 	mov.w	r0, #4294967295	@ 0xffffffff
1000860a:	f001 f99d 	bl	10009948 <tud_task_ext>
1000860e:	2000      	movs	r0, #0
10008610:	f001 fdec 	bl	1000a1ec <tud_cdc_n_available>
10008614:	4604      	mov	r4, r0
10008616:	4818      	ldr	r0, [pc, #96]	@ (10008678 <low_priority_worker_irq+0xc0>)
10008618:	f002 fe7e 	bl	1000b318 <__mutex_exit_veneer>
1000861c:	2c00      	cmp	r4, #0
1000861e:	d0ef      	beq.n	10008600 <low_priority_worker_irq+0x48>
10008620:	4b18      	ldr	r3, [pc, #96]	@ (10008684 <low_priority_worker_irq+0xcc>)
10008622:	681b      	ldr	r3, [r3, #0]
10008624:	2b00      	cmp	r3, #0
10008626:	d0eb      	beq.n	10008600 <low_priority_worker_irq+0x48>
10008628:	4a17      	ldr	r2, [pc, #92]	@ (10008688 <low_priority_worker_irq+0xd0>)
1000862a:	6810      	ldr	r0, [r2, #0]
1000862c:	b005      	add	sp, #20
1000862e:	e8bd 4030 	ldmia.w	sp!, {r4, r5, lr}
10008632:	4718      	bx	r3
10008634:	f7fc fde0 	bl	100051f8 <alarm_pool_get_default>
10008638:	4604      	mov	r4, r0
1000863a:	f7fc fff9 	bl	10005630 <time_us_64>
1000863e:	f04f 3cff 	mov.w	ip, #4294967295	@ 0xffffffff
10008642:	f06f 4500 	mvn.w	r5, #2147483648	@ 0x80000000
10008646:	f510 727a 	adds.w	r2, r0, #1000	@ 0x3e8
1000864a:	f141 0300 	adc.w	r3, r1, #0
1000864e:	4594      	cmp	ip, r2
10008650:	eb75 0103 	sbcs.w	r1, r5, r3
10008654:	bf38      	it	cc
10008656:	462b      	movcc	r3, r5
10008658:	f04f 0100 	mov.w	r1, #0
1000865c:	f04f 0501 	mov.w	r5, #1
10008660:	4620      	mov	r0, r4
10008662:	4c0a      	ldr	r4, [pc, #40]	@ (1000868c <low_priority_worker_irq+0xd4>)
10008664:	bf38      	it	cc
10008666:	4662      	movcc	r2, ip
10008668:	e9cd 1501 	strd	r1, r5, [sp, #4]
1000866c:	9400      	str	r4, [sp, #0]
1000866e:	f7fc fdc7 	bl	10005200 <alarm_pool_add_alarm_at>
10008672:	b005      	add	sp, #20
10008674:	bd30      	pop	{r4, r5, pc}
10008676:	bf00      	nop
10008678:	200023f4 	.word	0x200023f4
1000867c:	20001b70 	.word	0x20001b70
10008680:	20002422 	.word	0x20002422
10008684:	20001414 	.word	0x20001414
10008688:	2000141c 	.word	0x2000141c
1000868c:	1000836d 	.word	0x1000836d

10008690 <stdio_usb_init>:
10008690:	f04f 4350 	mov.w	r3, #3489660928	@ 0xd0000000
10008694:	b530      	push	{r4, r5, lr}
10008696:	b085      	sub	sp, #20
10008698:	681c      	ldr	r4, [r3, #0]
1000869a:	f7fc fdad 	bl	100051f8 <alarm_pool_get_default>
1000869e:	f7fc fec1 	bl	10005424 <alarm_pool_core_num>
100086a2:	42a0      	cmp	r0, r4
100086a4:	d002      	beq.n	100086ac <stdio_usb_init+0x1c>
100086a6:	2000      	movs	r0, #0
100086a8:	b005      	add	sp, #20
100086aa:	bd30      	pop	{r4, r5, pc}
100086ac:	2100      	movs	r1, #0
100086ae:	4b2a      	ldr	r3, [pc, #168]	@ (10008758 <stdio_usb_init+0xc8>)
100086b0:	4608      	mov	r0, r1
100086b2:	781b      	ldrb	r3, [r3, #0]
100086b4:	f001 ffa0 	bl	1000a5f8 <tusb_rhport_init>
100086b8:	4828      	ldr	r0, [pc, #160]	@ (1000875c <stdio_usb_init+0xcc>)
100086ba:	6803      	ldr	r3, [r0, #0]
100086bc:	2b00      	cmp	r3, #0
100086be:	d047      	beq.n	10008750 <stdio_usb_init+0xc0>
100086c0:	2001      	movs	r0, #1
100086c2:	f7fc fb15 	bl	10004cf0 <user_irq_claim_unused>
100086c6:	4603      	mov	r3, r0
100086c8:	4c25      	ldr	r4, [pc, #148]	@ (10008760 <stdio_usb_init+0xd0>)
100086ca:	4926      	ldr	r1, [pc, #152]	@ (10008764 <stdio_usb_init+0xd4>)
100086cc:	b2c0      	uxtb	r0, r0
100086ce:	7023      	strb	r3, [r4, #0]
100086d0:	f7fc f89c 	bl	1000480c <irq_set_exclusive_handler>
100086d4:	7820      	ldrb	r0, [r4, #0]
100086d6:	2101      	movs	r1, #1
100086d8:	f7fc f856 	bl	10004788 <irq_set_enabled>
100086dc:	200e      	movs	r0, #14
100086de:	f7fc f885 	bl	100047ec <irq_has_shared_handler>
100086e2:	bb40      	cbnz	r0, 10008736 <stdio_usb_init+0xa6>
100086e4:	4b20      	ldr	r3, [pc, #128]	@ (10008768 <stdio_usb_init+0xd8>)
100086e6:	2501      	movs	r5, #1
100086e8:	e9c3 0000 	strd	r0, r0, [r3]
100086ec:	f7fc fd84 	bl	100051f8 <alarm_pool_get_default>
100086f0:	4604      	mov	r4, r0
100086f2:	f7fc ff9d 	bl	10005630 <time_us_64>
100086f6:	f04f 3eff 	mov.w	lr, #4294967295	@ 0xffffffff
100086fa:	f06f 4c00 	mvn.w	ip, #2147483648	@ 0x80000000
100086fe:	f510 727a 	adds.w	r2, r0, #1000	@ 0x3e8
10008702:	f141 0300 	adc.w	r3, r1, #0
10008706:	4596      	cmp	lr, r2
10008708:	eb7c 0103 	sbcs.w	r1, ip, r3
1000870c:	f04f 0100 	mov.w	r1, #0
10008710:	4620      	mov	r0, r4
10008712:	4c16      	ldr	r4, [pc, #88]	@ (1000876c <stdio_usb_init+0xdc>)
10008714:	bf3c      	itt	cc
10008716:	4672      	movcc	r2, lr
10008718:	4663      	movcc	r3, ip
1000871a:	e9cd 1501 	strd	r1, r5, [sp, #4]
1000871e:	9400      	str	r4, [sp, #0]
10008720:	f7fc fd6e 	bl	10005200 <alarm_pool_add_alarm_at>
10008724:	2800      	cmp	r0, #0
10008726:	dbbe      	blt.n	100086a6 <stdio_usb_init+0x16>
10008728:	2101      	movs	r1, #1
1000872a:	4811      	ldr	r0, [pc, #68]	@ (10008770 <stdio_usb_init+0xe0>)
1000872c:	f7ff fc28 	bl	10007f80 <stdio_set_driver_enabled>
10008730:	2001      	movs	r0, #1
10008732:	b005      	add	sp, #20
10008734:	bd30      	pop	{r4, r5, pc}
10008736:	2001      	movs	r0, #1
10008738:	f7fb ffe2 	bl	10004700 <spin_lock_claim_unused>
1000873c:	4601      	mov	r1, r0
1000873e:	480a      	ldr	r0, [pc, #40]	@ (10008768 <stdio_usb_init+0xd8>)
10008740:	f7fc fb32 	bl	10004da8 <critical_section_init_with_lock_num>
10008744:	2200      	movs	r2, #0
10008746:	200e      	movs	r0, #14
10008748:	490a      	ldr	r1, [pc, #40]	@ (10008774 <stdio_usb_init+0xe4>)
1000874a:	f7fc f88d 	bl	10004868 <irq_add_shared_handler>
1000874e:	e7eb      	b.n	10008728 <stdio_usb_init+0x98>
10008750:	f7fc fb0e 	bl	10004d70 <mutex_init>
10008754:	e7b4      	b.n	100086c0 <stdio_usb_init+0x30>
10008756:	bf00      	nop
10008758:	1000c56c 	.word	0x1000c56c
1000875c:	200023f4 	.word	0x200023f4
10008760:	20002421 	.word	0x20002421
10008764:	100085b9 	.word	0x100085b9
10008768:	20001b70 	.word	0x20001b70
1000876c:	1000836d 	.word	0x1000836d
10008770:	20000f18 	.word	0x20000f18
10008774:	100083dd 	.word	0x100083dd

10008778 <tud_descriptor_device_cb>:
10008778:	4800      	ldr	r0, [pc, #0]	@ (1000877c <tud_descriptor_device_cb+0x4>)
1000877a:	4770      	bx	lr
1000877c:	1000c310 	.word	0x1000c310

10008780 <tud_descriptor_configuration_cb>:
10008780:	4800      	ldr	r0, [pc, #0]	@ (10008784 <tud_descriptor_configuration_cb+0x4>)
10008782:	4770      	bx	lr
10008784:	1000c2bc 	.word	0x1000c2bc

10008788 <tud_descriptor_string_cb>:
10008788:	b538      	push	{r3, r4, r5, lr}
1000878a:	4b18      	ldr	r3, [pc, #96]	@ (100087ec <tud_descriptor_string_cb+0x64>)
1000878c:	4604      	mov	r4, r0
1000878e:	781a      	ldrb	r2, [r3, #0]
10008790:	b30a      	cbz	r2, 100087d6 <tud_descriptor_string_cb+0x4e>
10008792:	b944      	cbnz	r4, 100087a6 <tud_descriptor_string_cb+0x1e>
10008794:	f240 4209 	movw	r2, #1033	@ 0x409
10008798:	f44f 7341 	mov.w	r3, #772	@ 0x304
1000879c:	4d14      	ldr	r5, [pc, #80]	@ (100087f0 <tud_descriptor_string_cb+0x68>)
1000879e:	806a      	strh	r2, [r5, #2]
100087a0:	4813      	ldr	r0, [pc, #76]	@ (100087f0 <tud_descriptor_string_cb+0x68>)
100087a2:	802b      	strh	r3, [r5, #0]
100087a4:	bd38      	pop	{r3, r4, r5, pc}
100087a6:	2c05      	cmp	r4, #5
100087a8:	d81a      	bhi.n	100087e0 <tud_descriptor_string_cb+0x58>
100087aa:	4b12      	ldr	r3, [pc, #72]	@ (100087f4 <tud_descriptor_string_cb+0x6c>)
100087ac:	4d10      	ldr	r5, [pc, #64]	@ (100087f0 <tud_descriptor_string_cb+0x68>)
100087ae:	f853 1024 	ldr.w	r1, [r3, r4, lsl #2]
100087b2:	4628      	mov	r0, r5
100087b4:	2300      	movs	r3, #0
100087b6:	3901      	subs	r1, #1
100087b8:	e003      	b.n	100087c2 <tud_descriptor_string_cb+0x3a>
100087ba:	2b13      	cmp	r3, #19
100087bc:	f820 2f02 	strh.w	r2, [r0, #2]!
100087c0:	d010      	beq.n	100087e4 <tud_descriptor_string_cb+0x5c>
100087c2:	f811 2f01 	ldrb.w	r2, [r1, #1]!
100087c6:	3301      	adds	r3, #1
100087c8:	b2db      	uxtb	r3, r3
100087ca:	2a00      	cmp	r2, #0
100087cc:	d1f5      	bne.n	100087ba <tud_descriptor_string_cb+0x32>
100087ce:	005b      	lsls	r3, r3, #1
100087d0:	f443 7340 	orr.w	r3, r3, #768	@ 0x300
100087d4:	e7e4      	b.n	100087a0 <tud_descriptor_string_cb+0x18>
100087d6:	2111      	movs	r1, #17
100087d8:	4618      	mov	r0, r3
100087da:	f000 f825 	bl	10008828 <pico_get_unique_board_id_string>
100087de:	e7d8      	b.n	10008792 <tud_descriptor_string_cb+0xa>
100087e0:	2000      	movs	r0, #0
100087e2:	bd38      	pop	{r3, r4, r5, pc}
100087e4:	f44f 734a 	mov.w	r3, #808	@ 0x328
100087e8:	e7da      	b.n	100087a0 <tud_descriptor_string_cb+0x18>
100087ea:	bf00      	nop
100087ec:	20002404 	.word	0x20002404
100087f0:	20001450 	.word	0x20001450
100087f4:	1000c2a4 	.word	0x1000c2a4

100087f8 <_retrieve_unique_id_on_boot>:
100087f8:	b500      	push	{lr}
100087fa:	f245 3047 	movw	r0, #21319	@ 0x5347
100087fe:	b08b      	sub	sp, #44	@ 0x2c
10008800:	f7fd f90c 	bl	10005a1c <rom_func_lookup>
10008804:	2201      	movs	r2, #1
10008806:	4603      	mov	r3, r0
10008808:	2109      	movs	r1, #9
1000880a:	a801      	add	r0, sp, #4
1000880c:	4798      	blx	r3
1000880e:	e9dd 3203 	ldrd	r3, r2, [sp, #12]
10008812:	4904      	ldr	r1, [pc, #16]	@ (10008824 <_retrieve_unique_id_on_boot+0x2c>)
10008814:	ba12      	rev	r2, r2
10008816:	ba1b      	rev	r3, r3
10008818:	e9c1 2300 	strd	r2, r3, [r1]
1000881c:	b00b      	add	sp, #44	@ 0x2c
1000881e:	f85d fb04 	ldr.w	pc, [sp], #4
10008822:	bf00      	nop
10008824:	20001b98 	.word	0x20001b98

10008828 <pico_get_unique_board_id_string>:
10008828:	2901      	cmp	r1, #1
1000882a:	f101 33ff 	add.w	r3, r1, #4294967295	@ 0xffffffff
1000882e:	f000 80b3 	beq.w	10008998 <pico_get_unique_board_id_string+0x170>
10008832:	495d      	ldr	r1, [pc, #372]	@ (100089a8 <pico_get_unique_board_id_string+0x180>)
10008834:	780a      	ldrb	r2, [r1, #0]
10008836:	ea4f 1c12 	mov.w	ip, r2, lsr #4
1000883a:	2a9f      	cmp	r2, #159	@ 0x9f
1000883c:	bf8c      	ite	hi
1000883e:	f10c 0c37 	addhi.w	ip, ip, #55	@ 0x37
10008842:	f10c 0c30 	addls.w	ip, ip, #48	@ 0x30
10008846:	2b01      	cmp	r3, #1
10008848:	f880 c000 	strb.w	ip, [r0]
1000884c:	f000 80a7 	beq.w	1000899e <pico_get_unique_board_id_string+0x176>
10008850:	f002 020f 	and.w	r2, r2, #15
10008854:	2a09      	cmp	r2, #9
10008856:	bf8c      	ite	hi
10008858:	3237      	addhi	r2, #55	@ 0x37
1000885a:	3230      	addls	r2, #48	@ 0x30
1000885c:	2b02      	cmp	r3, #2
1000885e:	7042      	strb	r2, [r0, #1]
10008860:	f000 809d 	beq.w	1000899e <pico_get_unique_board_id_string+0x176>
10008864:	784a      	ldrb	r2, [r1, #1]
10008866:	ea4f 1c12 	mov.w	ip, r2, lsr #4
1000886a:	2a9f      	cmp	r2, #159	@ 0x9f
1000886c:	bf8c      	ite	hi
1000886e:	f10c 0c37 	addhi.w	ip, ip, #55	@ 0x37
10008872:	f10c 0c30 	addls.w	ip, ip, #48	@ 0x30
10008876:	2b03      	cmp	r3, #3
10008878:	f880 c002 	strb.w	ip, [r0, #2]
1000887c:	f000 808f 	beq.w	1000899e <pico_get_unique_board_id_string+0x176>
10008880:	f002 020f 	and.w	r2, r2, #15
10008884:	2a09      	cmp	r2, #9
10008886:	bf8c      	ite	hi
10008888:	3237      	addhi	r2, #55	@ 0x37
1000888a:	3230      	addls	r2, #48	@ 0x30
1000888c:	2b04      	cmp	r3, #4
1000888e:	70c2      	strb	r2, [r0, #3]
10008890:	f000 8085 	beq.w	1000899e <pico_get_unique_board_id_string+0x176>
10008894:	788a      	ldrb	r2, [r1, #2]
10008896:	ea4f 1c12 	mov.w	ip, r2, lsr #4
1000889a:	2a9f      	cmp	r2, #159	@ 0x9f
1000889c:	bf8c      	ite	hi
1000889e:	f10c 0c37 	addhi.w	ip, ip, #55	@ 0x37
100088a2:	f10c 0c30 	addls.w	ip, ip, #48	@ 0x30
100088a6:	2b05      	cmp	r3, #5
100088a8:	f880 c004 	strb.w	ip, [r0, #4]
100088ac:	d077      	beq.n	1000899e <pico_get_unique_board_id_string+0x176>
100088ae:	f002 020f 	and.w	r2, r2, #15
100088b2:	2a09      	cmp	r2, #9
100088b4:	bf8c      	ite	hi
100088b6:	3237      	addhi	r2, #55	@ 0x37
100088b8:	3230      	addls	r2, #48	@ 0x30
100088ba:	2b06      	cmp	r3, #6
100088bc:	7142      	strb	r2, [r0, #5]
100088be:	d06e      	beq.n	1000899e <pico_get_unique_board_id_string+0x176>
100088c0:	78ca      	ldrb	r2, [r1, #3]
100088c2:	ea4f 1c12 	mov.w	ip, r2, lsr #4
100088c6:	2a9f      	cmp	r2, #159	@ 0x9f
100088c8:	bf8c      	ite	hi
100088ca:	f10c 0c37 	addhi.w	ip, ip, #55	@ 0x37
100088ce:	f10c 0c30 	addls.w	ip, ip, #48	@ 0x30
100088d2:	2b07      	cmp	r3, #7
100088d4:	f880 c006 	strb.w	ip, [r0, #6]
100088d8:	d061      	beq.n	1000899e <pico_get_unique_board_id_string+0x176>
100088da:	f002 020f 	and.w	r2, r2, #15
100088de:	2a09      	cmp	r2, #9
100088e0:	bf8c      	ite	hi
100088e2:	3237      	addhi	r2, #55	@ 0x37
100088e4:	3230      	addls	r2, #48	@ 0x30
100088e6:	2b08      	cmp	r3, #8
100088e8:	71c2      	strb	r2, [r0, #7]
100088ea:	d058      	beq.n	1000899e <pico_get_unique_board_id_string+0x176>
100088ec:	790a      	ldrb	r2, [r1, #4]
100088ee:	ea4f 1c12 	mov.w	ip, r2, lsr #4
100088f2:	2a9f      	cmp	r2, #159	@ 0x9f
100088f4:	bf8c      	ite	hi
100088f6:	f10c 0c37 	addhi.w	ip, ip, #55	@ 0x37
100088fa:	f10c 0c30 	addls.w	ip, ip, #48	@ 0x30
100088fe:	2b09      	cmp	r3, #9
10008900:	f880 c008 	strb.w	ip, [r0, #8]
10008904:	d04b      	beq.n	1000899e <pico_get_unique_board_id_string+0x176>
10008906:	f002 020f 	and.w	r2, r2, #15
1000890a:	2a09      	cmp	r2, #9
1000890c:	bf8c      	ite	hi
1000890e:	3237      	addhi	r2, #55	@ 0x37
10008910:	3230      	addls	r2, #48	@ 0x30
10008912:	2b0a      	cmp	r3, #10
10008914:	7242      	strb	r2, [r0, #9]
10008916:	d042      	beq.n	1000899e <pico_get_unique_board_id_string+0x176>
10008918:	794a      	ldrb	r2, [r1, #5]
1000891a:	ea4f 1c12 	mov.w	ip, r2, lsr #4
1000891e:	2a9f      	cmp	r2, #159	@ 0x9f
10008920:	bf8c      	ite	hi
10008922:	f10c 0c37 	addhi.w	ip, ip, #55	@ 0x37
10008926:	f10c 0c30 	addls.w	ip, ip, #48	@ 0x30
1000892a:	2b0b      	cmp	r3, #11
1000892c:	f880 c00a 	strb.w	ip, [r0, #10]
10008930:	d035      	beq.n	1000899e <pico_get_unique_board_id_string+0x176>
10008932:	f002 020f 	and.w	r2, r2, #15
10008936:	2a09      	cmp	r2, #9
10008938:	bf8c      	ite	hi
1000893a:	3237      	addhi	r2, #55	@ 0x37
1000893c:	3230      	addls	r2, #48	@ 0x30
1000893e:	2b0c      	cmp	r3, #12
10008940:	72c2      	strb	r2, [r0, #11]
10008942:	d02c      	beq.n	1000899e <pico_get_unique_board_id_string+0x176>
10008944:	798a      	ldrb	r2, [r1, #6]
10008946:	ea4f 1c12 	mov.w	ip, r2, lsr #4
1000894a:	2a9f      	cmp	r2, #159	@ 0x9f
1000894c:	bf8c      	ite	hi
1000894e:	f10c 0c37 	addhi.w	ip, ip, #55	@ 0x37
10008952:	f10c 0c30 	addls.w	ip, ip, #48	@ 0x30
10008956:	2b0d      	cmp	r3, #13
10008958:	f880 c00c 	strb.w	ip, [r0, #12]
1000895c:	d01f      	beq.n	1000899e <pico_get_unique_board_id_string+0x176>
1000895e:	f002 020f 	and.w	r2, r2, #15
10008962:	2a09      	cmp	r2, #9
10008964:	bf8c      	ite	hi
10008966:	3237      	addhi	r2, #55	@ 0x37
10008968:	3230      	addls	r2, #48	@ 0x30
1000896a:	2b0e      	cmp	r3, #14
1000896c:	7342      	strb	r2, [r0, #13]
1000896e:	d016      	beq.n	1000899e <pico_get_unique_board_id_string+0x176>
10008970:	79ca      	ldrb	r2, [r1, #7]
10008972:	0911      	lsrs	r1, r2, #4
10008974:	2a9f      	cmp	r2, #159	@ 0x9f
10008976:	bf8c      	ite	hi
10008978:	3137      	addhi	r1, #55	@ 0x37
1000897a:	3130      	addls	r1, #48	@ 0x30
1000897c:	2b0f      	cmp	r3, #15
1000897e:	7381      	strb	r1, [r0, #14]
10008980:	d00d      	beq.n	1000899e <pico_get_unique_board_id_string+0x176>
10008982:	f002 020f 	and.w	r2, r2, #15
10008986:	2a09      	cmp	r2, #9
10008988:	bf94      	ite	ls
1000898a:	3230      	addls	r2, #48	@ 0x30
1000898c:	3237      	addhi	r2, #55	@ 0x37
1000898e:	2b10      	cmp	r3, #16
10008990:	73c2      	strb	r2, [r0, #15]
10008992:	bf18      	it	ne
10008994:	3010      	addne	r0, #16
10008996:	d002      	beq.n	1000899e <pico_get_unique_board_id_string+0x176>
10008998:	2300      	movs	r3, #0
1000899a:	7003      	strb	r3, [r0, #0]
1000899c:	4770      	bx	lr
1000899e:	4418      	add	r0, r3
100089a0:	2300      	movs	r3, #0
100089a2:	7003      	strb	r3, [r0, #0]
100089a4:	4770      	bx	lr
100089a6:	bf00      	nop
100089a8:	20001b98 	.word	0x20001b98

100089ac <usb_reset_interface_init>:
100089ac:	4770      	bx	lr
100089ae:	bf00      	nop

100089b0 <usb_reset_interface_reset>:
100089b0:	2200      	movs	r2, #0
100089b2:	4b01      	ldr	r3, [pc, #4]	@ (100089b8 <usb_reset_interface_reset+0x8>)
100089b4:	701a      	strb	r2, [r3, #0]
100089b6:	4770      	bx	lr
100089b8:	2000241f 	.word	0x2000241f

100089bc <usb_reset_interface_open>:
100089bc:	794b      	ldrb	r3, [r1, #5]
100089be:	2bff      	cmp	r3, #255	@ 0xff
100089c0:	d10b      	bne.n	100089da <usb_reset_interface_open+0x1e>
100089c2:	7988      	ldrb	r0, [r1, #6]
100089c4:	b948      	cbnz	r0, 100089da <usb_reset_interface_open+0x1e>
100089c6:	79cb      	ldrb	r3, [r1, #7]
100089c8:	2b01      	cmp	r3, #1
100089ca:	d107      	bne.n	100089dc <usb_reset_interface_open+0x20>
100089cc:	2a08      	cmp	r2, #8
100089ce:	d905      	bls.n	100089dc <usb_reset_interface_open+0x20>
100089d0:	4b03      	ldr	r3, [pc, #12]	@ (100089e0 <usb_reset_interface_open+0x24>)
100089d2:	788a      	ldrb	r2, [r1, #2]
100089d4:	2009      	movs	r0, #9
100089d6:	701a      	strb	r2, [r3, #0]
100089d8:	4770      	bx	lr
100089da:	2000      	movs	r0, #0
100089dc:	4770      	bx	lr
100089de:	bf00      	nop
100089e0:	2000241f 	.word	0x2000241f

100089e4 <usb_reset_interface_xfer_cb>:
100089e4:	2001      	movs	r0, #1
100089e6:	4770      	bx	lr

100089e8 <usb_reset_interface_control_xfer_cb>:
100089e8:	2901      	cmp	r1, #1
100089ea:	d001      	beq.n	100089f0 <usb_reset_interface_control_xfer_cb+0x8>
100089ec:	2001      	movs	r0, #1
100089ee:	4770      	bx	lr
100089f0:	b508      	push	{r3, lr}
100089f2:	4b10      	ldr	r3, [pc, #64]	@ (10008a34 <usb_reset_interface_control_xfer_cb+0x4c>)
100089f4:	8891      	ldrh	r1, [r2, #4]
100089f6:	781b      	ldrb	r3, [r3, #0]
100089f8:	4299      	cmp	r1, r3
100089fa:	d001      	beq.n	10008a00 <usb_reset_interface_control_xfer_cb+0x18>
100089fc:	2000      	movs	r0, #0
100089fe:	bd08      	pop	{r3, pc}
10008a00:	7853      	ldrb	r3, [r2, #1]
10008a02:	2b01      	cmp	r3, #1
10008a04:	d008      	beq.n	10008a18 <usb_reset_interface_control_xfer_cb+0x30>
10008a06:	2b02      	cmp	r3, #2
10008a08:	d1f8      	bne.n	100089fc <usb_reset_interface_control_xfer_cb+0x14>
10008a0a:	2100      	movs	r1, #0
10008a0c:	2264      	movs	r2, #100	@ 0x64
10008a0e:	4608      	mov	r0, r1
10008a10:	f7fc ff92 	bl	10005938 <watchdog_reboot>
10008a14:	2001      	movs	r0, #1
10008a16:	bd08      	pop	{r3, pc}
10008a18:	8851      	ldrh	r1, [r2, #2]
10008a1a:	f411 7280 	ands.w	r2, r1, #256	@ 0x100
10008a1e:	bf1a      	itte	ne
10008a20:	f3c1 12c0 	ubfxne	r2, r1, #7, #1
10008a24:	0a48      	lsrne	r0, r1, #9
10008a26:	f04f 30ff 	moveq.w	r0, #4294967295	@ 0xffffffff
10008a2a:	f001 0103 	and.w	r1, r1, #3
10008a2e:	f7fd f801 	bl	10005a34 <rom_reset_usb_boot_extra>
10008a32:	bf00      	nop
10008a34:	2000241f 	.word	0x2000241f

10008a38 <tud_descriptor_bos_cb>:
10008a38:	4800      	ldr	r0, [pc, #0]	@ (10008a3c <tud_descriptor_bos_cb+0x4>)
10008a3a:	4770      	bx	lr
10008a3c:	1000c3cc 	.word	0x1000c3cc

10008a40 <tud_vendor_control_xfer_cb>:
10008a40:	2901      	cmp	r1, #1
10008a42:	d107      	bne.n	10008a54 <tud_vendor_control_xfer_cb+0x14>
10008a44:	7853      	ldrb	r3, [r2, #1]
10008a46:	2b01      	cmp	r3, #1
10008a48:	d102      	bne.n	10008a50 <tud_vendor_control_xfer_cb+0x10>
10008a4a:	8893      	ldrh	r3, [r2, #4]
10008a4c:	2b07      	cmp	r3, #7
10008a4e:	d003      	beq.n	10008a58 <tud_vendor_control_xfer_cb+0x18>
10008a50:	2000      	movs	r0, #0
10008a52:	4770      	bx	lr
10008a54:	2001      	movs	r0, #1
10008a56:	4770      	bx	lr
10008a58:	4611      	mov	r1, r2
10008a5a:	23a6      	movs	r3, #166	@ 0xa6
10008a5c:	4a01      	ldr	r2, [pc, #4]	@ (10008a64 <tud_vendor_control_xfer_cb+0x24>)
10008a5e:	f000 be71 	b.w	10009744 <tud_control_xfer>
10008a62:	bf00      	nop
10008a64:	1000c324 	.word	0x1000c324

10008a68 <usbd_app_driver_get_cb>:
10008a68:	4603      	mov	r3, r0
10008a6a:	2201      	movs	r2, #1
10008a6c:	4801      	ldr	r0, [pc, #4]	@ (10008a74 <usbd_app_driver_get_cb+0xc>)
10008a6e:	701a      	strb	r2, [r3, #0]
10008a70:	4770      	bx	lr
10008a72:	bf00      	nop
10008a74:	1000c3f0 	.word	0x1000c3f0

10008a78 <tud_cdc_line_coding_cb>:
10008a78:	b508      	push	{r3, lr}
10008a7a:	680b      	ldr	r3, [r1, #0]
10008a7c:	f5b3 6f96 	cmp.w	r3, #1200	@ 0x4b0
10008a80:	d000      	beq.n	10008a84 <tud_cdc_line_coding_cb+0xc>
10008a82:	bd08      	pop	{r3, pc}
10008a84:	2200      	movs	r2, #0
10008a86:	f04f 30ff 	mov.w	r0, #4294967295	@ 0xffffffff
10008a8a:	4611      	mov	r1, r2
10008a8c:	f7fc ffd2 	bl	10005a34 <rom_reset_usb_boot_extra>

10008a90 <dcd_rp2040_irq>:
10008a90:	e92d 4ff0 	stmdb	sp!, {r4, r5, r6, r7, r8, r9, sl, fp, lr}
10008a94:	4e9c      	ldr	r6, [pc, #624]	@ (10008d08 <dcd_rp2040_irq+0x278>)
10008a96:	b08f      	sub	sp, #60	@ 0x3c
10008a98:	f8d6 4098 	ldr.w	r4, [r6, #152]	@ 0x98
10008a9c:	f414 3500 	ands.w	r5, r4, #131072	@ 0x20000
10008aa0:	f040 80c7 	bne.w	10008c32 <dcd_rp2040_irq+0x1a2>
10008aa4:	06e7      	lsls	r7, r4, #27
10008aa6:	d438      	bmi.n	10008b1a <dcd_rp2040_irq+0x8a>
10008aa8:	03e6      	lsls	r6, r4, #15
10008aaa:	d52a      	bpl.n	10008b02 <dcd_rp2040_irq+0x72>
10008aac:	f10d 0b2c 	add.w	fp, sp, #44	@ 0x2c
10008ab0:	f04f 0901 	mov.w	r9, #1
10008ab4:	4e95      	ldr	r6, [pc, #596]	@ (10008d0c <dcd_rp2040_irq+0x27c>)
10008ab6:	f106 0a28 	add.w	sl, r6, #40	@ 0x28
10008aba:	78b7      	ldrb	r7, [r6, #2]
10008abc:	f886 9001 	strb.w	r9, [r6, #1]
10008ac0:	2f01      	cmp	r7, #1
10008ac2:	f000 8133 	beq.w	10008d2c <dcd_rp2040_irq+0x29c>
10008ac6:	3614      	adds	r6, #20
10008ac8:	45b2      	cmp	sl, r6
10008aca:	d1f6      	bne.n	10008aba <dcd_rp2040_irq+0x2a>
10008acc:	f44f 62c0 	mov.w	r2, #1536	@ 0x600
10008ad0:	4b8f      	ldr	r3, [pc, #572]	@ (10008d10 <dcd_rp2040_irq+0x280>)
10008ad2:	f8ad 202c 	strh.w	r2, [sp, #44]	@ 0x2c
10008ad6:	e893 0003 	ldmia.w	r3, {r0, r1}
10008ada:	ab0e      	add	r3, sp, #56	@ 0x38
10008adc:	e903 0003 	stmdb	r3, {r0, r1}
10008ae0:	2101      	movs	r1, #1
10008ae2:	4658      	mov	r0, fp
10008ae4:	f002 fc0c 	bl	1000b300 <__dcd_event_handler_veneer>
10008ae8:	f44f 3200 	mov.w	r2, #131072	@ 0x20000
10008aec:	4b89      	ldr	r3, [pc, #548]	@ (10008d14 <dcd_rp2040_irq+0x284>)
10008aee:	651a      	str	r2, [r3, #80]	@ 0x50
10008af0:	b13d      	cbz	r5, 10008b02 <dcd_rp2040_irq+0x72>
10008af2:	4b89      	ldr	r3, [pc, #548]	@ (10008d18 <dcd_rp2040_irq+0x288>)
10008af4:	781b      	ldrb	r3, [r3, #0]
10008af6:	b923      	cbnz	r3, 10008b02 <dcd_rp2040_irq+0x72>
10008af8:	f44f 3200 	mov.w	r2, #131072	@ 0x20000
10008afc:	4b85      	ldr	r3, [pc, #532]	@ (10008d14 <dcd_rp2040_irq+0x284>)
10008afe:	f8c3 2090 	str.w	r2, [r3, #144]	@ 0x90
10008b02:	04e1      	lsls	r1, r4, #19
10008b04:	f100 80c5 	bmi.w	10008c92 <dcd_rp2040_irq+0x202>
10008b08:	0462      	lsls	r2, r4, #17
10008b0a:	f100 80b6 	bmi.w	10008c7a <dcd_rp2040_irq+0x1ea>
10008b0e:	0423      	lsls	r3, r4, #16
10008b10:	f100 80a4 	bmi.w	10008c5c <dcd_rp2040_irq+0x1cc>
10008b14:	b00f      	add	sp, #60	@ 0x3c
10008b16:	e8bd 8ff0 	ldmia.w	sp!, {r4, r5, r6, r7, r8, r9, sl, fp, pc}
10008b1a:	f8d6 8058 	ldr.w	r8, [r6, #88]	@ 0x58
10008b1e:	f1b8 0f00 	cmp.w	r8, #0
10008b22:	d0c1      	beq.n	10008aa8 <dcd_rp2040_irq+0x18>
10008b24:	fa98 f3a8 	rbit	r3, r8
10008b28:	fab3 f383 	clz	r3, r3
10008b2c:	e9cd 5408 	strd	r5, r4, [sp, #32]
10008b30:	f8df b1e0 	ldr.w	fp, [pc, #480]	@ 10008d14 <dcd_rp2040_irq+0x284>
10008b34:	2401      	movs	r4, #1
10008b36:	ea03 0204 	and.w	r2, r3, r4
10008b3a:	ea82 0104 	eor.w	r1, r2, r4
10008b3e:	fa23 f704 	lsr.w	r7, r3, r4
10008b42:	1e56      	subs	r6, r2, #1
10008b44:	9105      	str	r1, [sp, #20]
10008b46:	f006 0614 	and.w	r6, r6, #20
10008b4a:	eb07 0187 	add.w	r1, r7, r7, lsl #2
10008b4e:	eb06 06c1 	add.w	r6, r6, r1, lsl #3
10008b52:	496e      	ldr	r1, [pc, #440]	@ (10008d0c <dcd_rp2040_irq+0x27c>)
10008b54:	409c      	lsls	r4, r3
10008b56:	440e      	add	r6, r1
10008b58:	0859      	lsrs	r1, r3, #1
10008b5a:	9106      	str	r1, [sp, #24]
10008b5c:	d063      	beq.n	10008c26 <dcd_rp2040_irq+0x196>
10008b5e:	486f      	ldr	r0, [pc, #444]	@ (10008d1c <dcd_rp2040_irq+0x28c>)
10008b60:	3901      	subs	r1, #1
10008b62:	eb00 07c7 	add.w	r7, r0, r7, lsl #3
10008b66:	3878      	subs	r0, #120	@ 0x78
10008b68:	eb00 01c1 	add.w	r1, r0, r1, lsl #3
10008b6c:	2a00      	cmp	r2, #0
10008b6e:	d058      	beq.n	10008c22 <dcd_rp2040_irq+0x192>
10008b70:	f101 0904 	add.w	r9, r1, #4
10008b74:	3704      	adds	r7, #4
10008b76:	4d64      	ldr	r5, [pc, #400]	@ (10008d08 <dcd_rp2040_irq+0x278>)
10008b78:	6da9      	ldr	r1, [r5, #88]	@ 0x58
10008b7a:	4221      	tst	r1, r4
10008b7c:	d0da      	beq.n	10008b34 <dcd_rp2040_irq+0xa4>
10008b7e:	ea6f 0a04 	mvn.w	sl, r4
10008b82:	b2d3      	uxtb	r3, r2
10008b84:	9302      	str	r3, [sp, #8]
10008b86:	9b05      	ldr	r3, [sp, #20]
10008b88:	009b      	lsls	r3, r3, #2
10008b8a:	9307      	str	r3, [sp, #28]
10008b8c:	6deb      	ldr	r3, [r5, #92]	@ 0x5c
10008b8e:	9a02      	ldr	r2, [sp, #8]
10008b90:	421c      	tst	r4, r3
10008b92:	bf14      	ite	ne
10008b94:	2301      	movne	r3, #1
10008b96:	2300      	moveq	r3, #0
10008b98:	f8cb 4058 	str.w	r4, [fp, #88]	@ 0x58
10008b9c:	4649      	mov	r1, r9
10008b9e:	9200      	str	r2, [sp, #0]
10008ba0:	4630      	mov	r0, r6
10008ba2:	463a      	mov	r2, r7
10008ba4:	ea08 080a 	and.w	r8, r8, sl
10008ba8:	f000 fbcc 	bl	10009344 <rp2usb_xfer_continue>
10008bac:	b950      	cbnz	r0, 10008bc4 <dcd_rp2040_irq+0x134>
10008bae:	6dab      	ldr	r3, [r5, #88]	@ 0x58
10008bb0:	421c      	tst	r4, r3
10008bb2:	d1eb      	bne.n	10008b8c <dcd_rp2040_irq+0xfc>
10008bb4:	f1b8 0f00 	cmp.w	r8, #0
10008bb8:	d02d      	beq.n	10008c16 <dcd_rp2040_irq+0x186>
10008bba:	fa98 f3a8 	rbit	r3, r8
10008bbe:	fab3 f383 	clz	r3, r3
10008bc2:	e7b7      	b.n	10008b34 <dcd_rp2040_irq+0xa4>
10008bc4:	9b06      	ldr	r3, [sp, #24]
10008bc6:	9905      	ldr	r1, [sp, #20]
10008bc8:	9a07      	ldr	r2, [sp, #28]
10008bca:	eb03 0383 	add.w	r3, r3, r3, lsl #2
10008bce:	440a      	add	r2, r1
10008bd0:	00db      	lsls	r3, r3, #3
10008bd2:	eb03 0382 	add.w	r3, r3, r2, lsl #2
10008bd6:	4a4d      	ldr	r2, [pc, #308]	@ (10008d0c <dcd_rp2040_irq+0x27c>)
10008bd8:	4630      	mov	r0, r6
10008bda:	441a      	add	r2, r3
10008bdc:	8a52      	ldrh	r2, [r2, #18]
10008bde:	9304      	str	r3, [sp, #16]
10008be0:	9203      	str	r2, [sp, #12]
10008be2:	f000 facd 	bl	10009180 <rp2usb_reset_transfer>
10008be6:	9a03      	ldr	r2, [sp, #12]
10008be8:	9b04      	ldr	r3, [sp, #16]
10008bea:	920d      	str	r2, [sp, #52]	@ 0x34
10008bec:	4a47      	ldr	r2, [pc, #284]	@ (10008d0c <dcd_rp2040_irq+0x27c>)
10008bee:	2101      	movs	r1, #1
10008bf0:	5cd3      	ldrb	r3, [r2, r3]
10008bf2:	a80b      	add	r0, sp, #44	@ 0x2c
10008bf4:	f88d 3030 	strb.w	r3, [sp, #48]	@ 0x30
10008bf8:	f44f 63e0 	mov.w	r3, #1792	@ 0x700
10008bfc:	f8ad 302c 	strh.w	r3, [sp, #44]	@ 0x2c
10008c00:	2300      	movs	r3, #0
10008c02:	f88d 3031 	strb.w	r3, [sp, #49]	@ 0x31
10008c06:	f002 fb7b 	bl	1000b300 <__dcd_event_handler_veneer>
10008c0a:	6dab      	ldr	r3, [r5, #88]	@ 0x58
10008c0c:	4223      	tst	r3, r4
10008c0e:	d1bd      	bne.n	10008b8c <dcd_rp2040_irq+0xfc>
10008c10:	f1b8 0f00 	cmp.w	r8, #0
10008c14:	d1d1      	bne.n	10008bba <dcd_rp2040_irq+0x12a>
10008c16:	e9dd 5408 	ldrd	r5, r4, [sp, #32]
10008c1a:	03e0      	lsls	r0, r4, #15
10008c1c:	f57f af68 	bpl.w	10008af0 <dcd_rp2040_irq+0x60>
10008c20:	e744      	b.n	10008aac <dcd_rp2040_irq+0x1c>
10008c22:	4689      	mov	r9, r1
10008c24:	e7a7      	b.n	10008b76 <dcd_rp2040_irq+0xe6>
10008c26:	2a00      	cmp	r2, #0
10008c28:	f000 809f 	beq.w	10008d6a <dcd_rp2040_irq+0x2da>
10008c2c:	4689      	mov	r9, r1
10008c2e:	4f3b      	ldr	r7, [pc, #236]	@ (10008d1c <dcd_rp2040_irq+0x28c>)
10008c30:	e7a0      	b.n	10008b74 <dcd_rp2040_irq+0xe4>
10008c32:	f44f 7240 	mov.w	r2, #768	@ 0x300
10008c36:	6cb3      	ldr	r3, [r6, #72]	@ 0x48
10008c38:	f10d 0b2c 	add.w	fp, sp, #44	@ 0x2c
10008c3c:	f3c3 030a 	ubfx	r3, r3, #0, #11
10008c40:	2101      	movs	r1, #1
10008c42:	4658      	mov	r0, fp
10008c44:	f8ad 202c 	strh.w	r2, [sp, #44]	@ 0x2c
10008c48:	930c      	str	r3, [sp, #48]	@ 0x30
10008c4a:	f002 fb59 	bl	1000b300 <__dcd_event_handler_veneer>
10008c4e:	06e2      	lsls	r2, r4, #27
10008c50:	f100 808e 	bmi.w	10008d70 <dcd_rp2040_irq+0x2e0>
10008c54:	03e3      	lsls	r3, r4, #15
10008c56:	f53f af2b 	bmi.w	10008ab0 <dcd_rp2040_irq+0x20>
10008c5a:	e74a      	b.n	10008af2 <dcd_rp2040_irq+0x62>
10008c5c:	f44f 63a0 	mov.w	r3, #1280	@ 0x500
10008c60:	2101      	movs	r1, #1
10008c62:	a80b      	add	r0, sp, #44	@ 0x2c
10008c64:	f8ad 302c 	strh.w	r3, [sp, #44]	@ 0x2c
10008c68:	f002 fb4a 	bl	1000b300 <__dcd_event_handler_veneer>
10008c6c:	f44f 6200 	mov.w	r2, #2048	@ 0x800
10008c70:	4b28      	ldr	r3, [pc, #160]	@ (10008d14 <dcd_rp2040_irq+0x284>)
10008c72:	651a      	str	r2, [r3, #80]	@ 0x50
10008c74:	b00f      	add	sp, #60	@ 0x3c
10008c76:	e8bd 8ff0 	ldmia.w	sp!, {r4, r5, r6, r7, r8, r9, sl, fp, pc}
10008c7a:	f44f 6380 	mov.w	r3, #1024	@ 0x400
10008c7e:	2101      	movs	r1, #1
10008c80:	a80b      	add	r0, sp, #44	@ 0x2c
10008c82:	f8ad 302c 	strh.w	r3, [sp, #44]	@ 0x2c
10008c86:	f002 fb3b 	bl	1000b300 <__dcd_event_handler_veneer>
10008c8a:	2210      	movs	r2, #16
10008c8c:	4b21      	ldr	r3, [pc, #132]	@ (10008d14 <dcd_rp2040_irq+0x284>)
10008c8e:	651a      	str	r2, [r3, #80]	@ 0x50
10008c90:	e73d      	b.n	10008b0e <dcd_rp2040_irq+0x7e>
10008c92:	2500      	movs	r5, #0
10008c94:	4b1e      	ldr	r3, [pc, #120]	@ (10008d10 <dcd_rp2040_irq+0x280>)
10008c96:	491c      	ldr	r1, [pc, #112]	@ (10008d08 <dcd_rp2040_irq+0x278>)
10008c98:	f44f 7216 	mov.w	r2, #600	@ 0x258
10008c9c:	600d      	str	r5, [r1, #0]
10008c9e:	4820      	ldr	r0, [pc, #128]	@ (10008d20 <dcd_rp2040_irq+0x290>)
10008ca0:	609d      	str	r5, [r3, #8]
10008ca2:	4629      	mov	r1, r5
10008ca4:	60dd      	str	r5, [r3, #12]
10008ca6:	611d      	str	r5, [r3, #16]
10008ca8:	615d      	str	r5, [r3, #20]
10008caa:	619d      	str	r5, [r3, #24]
10008cac:	61dd      	str	r5, [r3, #28]
10008cae:	621d      	str	r5, [r3, #32]
10008cb0:	625d      	str	r5, [r3, #36]	@ 0x24
10008cb2:	629d      	str	r5, [r3, #40]	@ 0x28
10008cb4:	62dd      	str	r5, [r3, #44]	@ 0x2c
10008cb6:	631d      	str	r5, [r3, #48]	@ 0x30
10008cb8:	635d      	str	r5, [r3, #52]	@ 0x34
10008cba:	639d      	str	r5, [r3, #56]	@ 0x38
10008cbc:	63dd      	str	r5, [r3, #60]	@ 0x3c
10008cbe:	641d      	str	r5, [r3, #64]	@ 0x40
10008cc0:	645d      	str	r5, [r3, #68]	@ 0x44
10008cc2:	649d      	str	r5, [r3, #72]	@ 0x48
10008cc4:	64dd      	str	r5, [r3, #76]	@ 0x4c
10008cc6:	651d      	str	r5, [r3, #80]	@ 0x50
10008cc8:	655d      	str	r5, [r3, #84]	@ 0x54
10008cca:	659d      	str	r5, [r3, #88]	@ 0x58
10008ccc:	65dd      	str	r5, [r3, #92]	@ 0x5c
10008cce:	661d      	str	r5, [r3, #96]	@ 0x60
10008cd0:	665d      	str	r5, [r3, #100]	@ 0x64
10008cd2:	669d      	str	r5, [r3, #104]	@ 0x68
10008cd4:	66dd      	str	r5, [r3, #108]	@ 0x6c
10008cd6:	671d      	str	r5, [r3, #112]	@ 0x70
10008cd8:	675d      	str	r5, [r3, #116]	@ 0x74
10008cda:	679d      	str	r5, [r3, #120]	@ 0x78
10008cdc:	67dd      	str	r5, [r3, #124]	@ 0x7c
10008cde:	f002 fb13 	bl	1000b308 <__memset_veneer>
10008ce2:	f44f 7380 	mov.w	r3, #256	@ 0x100
10008ce6:	4a0f      	ldr	r2, [pc, #60]	@ (10008d24 <dcd_rp2040_irq+0x294>)
10008ce8:	490f      	ldr	r1, [pc, #60]	@ (10008d28 <dcd_rp2040_irq+0x298>)
10008cea:	a80b      	add	r0, sp, #44	@ 0x2c
10008cec:	6011      	str	r1, [r2, #0]
10008cee:	2101      	movs	r1, #1
10008cf0:	f8ad 302c 	strh.w	r3, [sp, #44]	@ 0x2c
10008cf4:	f88d 5030 	strb.w	r5, [sp, #48]	@ 0x30
10008cf8:	f002 fb02 	bl	1000b300 <__dcd_event_handler_veneer>
10008cfc:	f44f 2200 	mov.w	r2, #524288	@ 0x80000
10008d00:	4b04      	ldr	r3, [pc, #16]	@ (10008d14 <dcd_rp2040_irq+0x284>)
10008d02:	651a      	str	r2, [r3, #80]	@ 0x50
10008d04:	e700      	b.n	10008b08 <dcd_rp2040_irq+0x78>
10008d06:	bf00      	nop
10008d08:	50110000 	.word	0x50110000
10008d0c:	200018e8 	.word	0x200018e8
10008d10:	50100000 	.word	0x50100000
10008d14:	50113000 	.word	0x50113000
10008d18:	20002419 	.word	0x20002419
10008d1c:	50100080 	.word	0x50100080
10008d20:	20001910 	.word	0x20001910
10008d24:	200018e4 	.word	0x200018e4
10008d28:	50100180 	.word	0x50100180
10008d2c:	7831      	ldrb	r1, [r6, #0]
10008d2e:	4a14      	ldr	r2, [pc, #80]	@ (10008d80 <dcd_rp2040_irq+0x2f0>)
10008d30:	09c8      	lsrs	r0, r1, #7
10008d32:	f080 0301 	eor.w	r3, r0, #1
10008d36:	f001 010f 	and.w	r1, r1, #15
10008d3a:	ea43 0341 	orr.w	r3, r3, r1, lsl #1
10008d3e:	409f      	lsls	r7, r3
10008d40:	6617      	str	r7, [r2, #96]	@ 0x60
10008d42:	f5a2 5200 	sub.w	r2, r2, #8192	@ 0x2000
10008d46:	6e53      	ldr	r3, [r2, #100]	@ 0x64
10008d48:	ea37 0303 	bics.w	r3, r7, r3
10008d4c:	d1fb      	bne.n	10008d46 <dcd_rp2040_irq+0x2b6>
10008d4e:	4b0d      	ldr	r3, [pc, #52]	@ (10008d84 <dcd_rp2040_irq+0x2f4>)
10008d50:	eb03 03c1 	add.w	r3, r3, r1, lsl #3
10008d54:	b900      	cbnz	r0, 10008d58 <dcd_rp2040_irq+0x2c8>
10008d56:	3304      	adds	r3, #4
10008d58:	2200      	movs	r2, #0
10008d5a:	4630      	mov	r0, r6
10008d5c:	601a      	str	r2, [r3, #0]
10008d5e:	f000 fa0f 	bl	10009180 <rp2usb_reset_transfer>
10008d62:	4b09      	ldr	r3, [pc, #36]	@ (10008d88 <dcd_rp2040_irq+0x2f8>)
10008d64:	665f      	str	r7, [r3, #100]	@ 0x64
10008d66:	661f      	str	r7, [r3, #96]	@ 0x60
10008d68:	e6ad      	b.n	10008ac6 <dcd_rp2040_irq+0x36>
10008d6a:	4691      	mov	r9, r2
10008d6c:	4f05      	ldr	r7, [pc, #20]	@ (10008d84 <dcd_rp2040_irq+0x2f4>)
10008d6e:	e702      	b.n	10008b76 <dcd_rp2040_irq+0xe6>
10008d70:	f8d6 8058 	ldr.w	r8, [r6, #88]	@ 0x58
10008d74:	f1b8 0f00 	cmp.w	r8, #0
10008d78:	f47f aed4 	bne.w	10008b24 <dcd_rp2040_irq+0x94>
10008d7c:	e76a      	b.n	10008c54 <dcd_rp2040_irq+0x1c4>
10008d7e:	bf00      	nop
10008d80:	50112000 	.word	0x50112000
10008d84:	50100080 	.word	0x50100080
10008d88:	50113000 	.word	0x50113000

10008d8c <dcd_init>:
10008d8c:	b538      	push	{r3, r4, r5, lr}
10008d8e:	f000 f9d1 	bl	10009134 <rp2usb_init>
10008d92:	230c      	movs	r3, #12
10008d94:	4d27      	ldr	r5, [pc, #156]	@ (10008e34 <dcd_init+0xa8>)
10008d96:	4c28      	ldr	r4, [pc, #160]	@ (10008e38 <dcd_init+0xac>)
10008d98:	67ab      	str	r3, [r5, #120]	@ 0x78
10008d9a:	22ff      	movs	r2, #255	@ 0xff
10008d9c:	200e      	movs	r0, #14
10008d9e:	4927      	ldr	r1, [pc, #156]	@ (10008e3c <dcd_init+0xb0>)
10008da0:	f7fb fd62 	bl	10004868 <irq_add_shared_handler>
10008da4:	2228      	movs	r2, #40	@ 0x28
10008da6:	2100      	movs	r1, #0
10008da8:	4620      	mov	r0, r4
10008daa:	f002 faad 	bl	1000b308 <__memset_veneer>
10008dae:	2080      	movs	r0, #128	@ 0x80
10008db0:	2100      	movs	r1, #0
10008db2:	2240      	movs	r2, #64	@ 0x40
10008db4:	4b22      	ldr	r3, [pc, #136]	@ (10008e40 <dcd_init+0xb4>)
10008db6:	82a0      	strh	r0, [r4, #20]
10008db8:	4822      	ldr	r0, [pc, #136]	@ (10008e44 <dcd_init+0xb8>)
10008dba:	f8c3 1084 	str.w	r1, [r3, #132]	@ 0x84
10008dbe:	80e2      	strh	r2, [r4, #6]
10008dc0:	f8c3 1080 	str.w	r1, [r3, #128]	@ 0x80
10008dc4:	8362      	strh	r2, [r4, #26]
10008dc6:	6099      	str	r1, [r3, #8]
10008dc8:	f44f 7216 	mov.w	r2, #600	@ 0x258
10008dcc:	60d9      	str	r1, [r3, #12]
10008dce:	6119      	str	r1, [r3, #16]
10008dd0:	6159      	str	r1, [r3, #20]
10008dd2:	6199      	str	r1, [r3, #24]
10008dd4:	61d9      	str	r1, [r3, #28]
10008dd6:	6219      	str	r1, [r3, #32]
10008dd8:	6259      	str	r1, [r3, #36]	@ 0x24
10008dda:	6299      	str	r1, [r3, #40]	@ 0x28
10008ddc:	62d9      	str	r1, [r3, #44]	@ 0x2c
10008dde:	6319      	str	r1, [r3, #48]	@ 0x30
10008de0:	6359      	str	r1, [r3, #52]	@ 0x34
10008de2:	6399      	str	r1, [r3, #56]	@ 0x38
10008de4:	63d9      	str	r1, [r3, #60]	@ 0x3c
10008de6:	6419      	str	r1, [r3, #64]	@ 0x40
10008de8:	6459      	str	r1, [r3, #68]	@ 0x44
10008dea:	6499      	str	r1, [r3, #72]	@ 0x48
10008dec:	64d9      	str	r1, [r3, #76]	@ 0x4c
10008dee:	6519      	str	r1, [r3, #80]	@ 0x50
10008df0:	6559      	str	r1, [r3, #84]	@ 0x54
10008df2:	6599      	str	r1, [r3, #88]	@ 0x58
10008df4:	65d9      	str	r1, [r3, #92]	@ 0x5c
10008df6:	6619      	str	r1, [r3, #96]	@ 0x60
10008df8:	6659      	str	r1, [r3, #100]	@ 0x64
10008dfa:	6699      	str	r1, [r3, #104]	@ 0x68
10008dfc:	60a0      	str	r0, [r4, #8]
10008dfe:	61e0      	str	r0, [r4, #28]
10008e00:	66d9      	str	r1, [r3, #108]	@ 0x6c
10008e02:	f104 0028 	add.w	r0, r4, #40	@ 0x28
10008e06:	6719      	str	r1, [r3, #112]	@ 0x70
10008e08:	6759      	str	r1, [r3, #116]	@ 0x74
10008e0a:	6799      	str	r1, [r3, #120]	@ 0x78
10008e0c:	67d9      	str	r1, [r3, #124]	@ 0x7c
10008e0e:	f002 fa7b 	bl	1000b308 <__memset_veneer>
10008e12:	f04f 5400 	mov.w	r4, #536870912	@ 0x20000000
10008e16:	2001      	movs	r0, #1
10008e18:	f44f 3280 	mov.w	r2, #65536	@ 0x10000
10008e1c:	4b0a      	ldr	r3, [pc, #40]	@ (10008e48 <dcd_init+0xbc>)
10008e1e:	490b      	ldr	r1, [pc, #44]	@ (10008e4c <dcd_init+0xc0>)
10008e20:	6019      	str	r1, [r3, #0]
10008e22:	490b      	ldr	r1, [pc, #44]	@ (10008e50 <dcd_init+0xc4>)
10008e24:	4b0b      	ldr	r3, [pc, #44]	@ (10008e54 <dcd_init+0xc8>)
10008e26:	6428      	str	r0, [r5, #64]	@ 0x40
10008e28:	64ec      	str	r4, [r5, #76]	@ 0x4c
10008e2a:	f8c5 1090 	str.w	r1, [r5, #144]	@ 0x90
10008e2e:	64da      	str	r2, [r3, #76]	@ 0x4c
10008e30:	bd38      	pop	{r3, r4, r5, pc}
10008e32:	bf00      	nop
10008e34:	50110000 	.word	0x50110000
10008e38:	200018e8 	.word	0x200018e8
10008e3c:	10008a91 	.word	0x10008a91
10008e40:	50100000 	.word	0x50100000
10008e44:	50100100 	.word	0x50100100
10008e48:	200018e4 	.word	0x200018e4
10008e4c:	50100180 	.word	0x50100180
10008e50:	0001d010 	.word	0x0001d010
10008e54:	50112000 	.word	0x50112000

10008e58 <dcd_int_enable>:
10008e58:	2101      	movs	r1, #1
10008e5a:	200e      	movs	r0, #14
10008e5c:	f7fb bc94 	b.w	10004788 <irq_set_enabled>

10008e60 <dcd_set_address>:
10008e60:	2300      	movs	r3, #0
10008e62:	b500      	push	{lr}
10008e64:	b083      	sub	sp, #12
10008e66:	4619      	mov	r1, r3
10008e68:	e9cd 3300 	strd	r3, r3, [sp]
10008e6c:	4a03      	ldr	r2, [pc, #12]	@ (10008e7c <dcd_set_address+0x1c>)
10008e6e:	4804      	ldr	r0, [pc, #16]	@ (10008e80 <dcd_set_address+0x20>)
10008e70:	f000 f98c 	bl	1000918c <rp2usb_xfer_start>
10008e74:	b003      	add	sp, #12
10008e76:	f85d fb04 	ldr.w	pc, [sp], #4
10008e7a:	bf00      	nop
10008e7c:	50100080 	.word	0x50100080
10008e80:	200018fc 	.word	0x200018fc

10008e84 <dcd_sof_enable>:
10008e84:	4b06      	ldr	r3, [pc, #24]	@ (10008ea0 <dcd_sof_enable+0x1c>)
10008e86:	f44f 3200 	mov.w	r2, #131072	@ 0x20000
10008e8a:	7019      	strb	r1, [r3, #0]
10008e8c:	b119      	cbz	r1, 10008e96 <dcd_sof_enable+0x12>
10008e8e:	4b05      	ldr	r3, [pc, #20]	@ (10008ea4 <dcd_sof_enable+0x20>)
10008e90:	f8c3 2090 	str.w	r2, [r3, #144]	@ 0x90
10008e94:	4770      	bx	lr
10008e96:	4b04      	ldr	r3, [pc, #16]	@ (10008ea8 <dcd_sof_enable+0x24>)
10008e98:	f8c3 2090 	str.w	r2, [r3, #144]	@ 0x90
10008e9c:	4770      	bx	lr
10008e9e:	bf00      	nop
10008ea0:	20002419 	.word	0x20002419
10008ea4:	50112000 	.word	0x50112000
10008ea8:	50113000 	.word	0x50113000

10008eac <dcd_edpt0_status_complete>:
10008eac:	780b      	ldrb	r3, [r1, #0]
10008eae:	065b      	lsls	r3, r3, #25
10008eb0:	d102      	bne.n	10008eb8 <dcd_edpt0_status_complete+0xc>
10008eb2:	784b      	ldrb	r3, [r1, #1]
10008eb4:	2b05      	cmp	r3, #5
10008eb6:	d000      	beq.n	10008eba <dcd_edpt0_status_complete+0xe>
10008eb8:	4770      	bx	lr
10008eba:	884b      	ldrh	r3, [r1, #2]
10008ebc:	4a01      	ldr	r2, [pc, #4]	@ (10008ec4 <dcd_edpt0_status_complete+0x18>)
10008ebe:	b2db      	uxtb	r3, r3
10008ec0:	6013      	str	r3, [r2, #0]
10008ec2:	4770      	bx	lr
10008ec4:	50110000 	.word	0x50110000

10008ec8 <dcd_edpt_open>:
10008ec8:	b5f8      	push	{r3, r4, r5, r6, r7, lr}
10008eca:	f04f 0e00 	mov.w	lr, #0
10008ece:	f891 c002 	ldrb.w	ip, [r1, #2]
10008ed2:	78cd      	ldrb	r5, [r1, #3]
10008ed4:	f00c 030f 	and.w	r3, ip, #15
10008ed8:	888e      	ldrh	r6, [r1, #4]
10008eda:	eb03 0283 	add.w	r2, r3, r3, lsl #2
10008ede:	ea4f 11dc 	mov.w	r1, ip, lsr #7
10008ee2:	4827      	ldr	r0, [pc, #156]	@ (10008f80 <dcd_edpt_open+0xb8>)
10008ee4:	00d2      	lsls	r2, r2, #3
10008ee6:	eb01 0781 	add.w	r7, r1, r1, lsl #2
10008eea:	eb02 0287 	add.w	r2, r2, r7, lsl #2
10008eee:	4c25      	ldr	r4, [pc, #148]	@ (10008f84 <dcd_edpt_open+0xbc>)
10008ef0:	f800 c002 	strb.w	ip, [r0, r2]
10008ef4:	f3c6 060a 	ubfx	r6, r6, #0, #11
10008ef8:	4402      	add	r2, r0
10008efa:	f882 e001 	strb.w	lr, [r2, #1]
10008efe:	f005 0503 	and.w	r5, r5, #3
10008f02:	eb04 04c3 	add.w	r4, r4, r3, lsl #3
10008f06:	80d6      	strh	r6, [r2, #6]
10008f08:	ea4f 0c81 	mov.w	ip, r1, lsl #2
10008f0c:	ea4f 0e83 	mov.w	lr, r3, lsl #2
10008f10:	b901      	cbnz	r1, 10008f14 <dcd_edpt_open+0x4c>
10008f12:	3404      	adds	r4, #4
10008f14:	2200      	movs	r2, #0
10008f16:	6022      	str	r2, [r4, #0]
10008f18:	b93b      	cbnz	r3, 10008f2a <dcd_edpt_open+0x62>
10008f1a:	4b1b      	ldr	r3, [pc, #108]	@ (10008f88 <dcd_edpt_open+0xc0>)
10008f1c:	448c      	add	ip, r1
10008f1e:	eb00 0c8c 	add.w	ip, r0, ip, lsl #2
10008f22:	f8cc 3008 	str.w	r3, [ip, #8]
10008f26:	2001      	movs	r0, #1
10008f28:	bdf8      	pop	{r3, r4, r5, r6, r7, pc}
10008f2a:	449e      	add	lr, r3
10008f2c:	06ac      	lsls	r4, r5, #26
10008f2e:	2d02      	cmp	r5, #2
10008f30:	448c      	add	ip, r1
10008f32:	4d16      	ldr	r5, [pc, #88]	@ (10008f8c <dcd_edpt_open+0xc4>)
10008f34:	ea4f 0ece 	mov.w	lr, lr, lsl #3
10008f38:	f106 023f 	add.w	r2, r6, #63	@ 0x3f
10008f3c:	eb0e 0e8c 	add.w	lr, lr, ip, lsl #2
10008f40:	f022 023f 	bic.w	r2, r2, #63	@ 0x3f
10008f44:	eb00 0c0e 	add.w	ip, r0, lr
10008f48:	6828      	ldr	r0, [r5, #0]
10008f4a:	bf08      	it	eq
10008f4c:	0052      	lsleq	r2, r2, #1
10008f4e:	4402      	add	r2, r0
10008f50:	f8cc 0008 	str.w	r0, [ip, #8]
10008f54:	f080 40a0 	eor.w	r0, r0, #1342177280	@ 0x50000000
10008f58:	00db      	lsls	r3, r3, #3
10008f5a:	f480 1080 	eor.w	r0, r0, #1048576	@ 0x100000
10008f5e:	f103 43a0 	add.w	r3, r3, #1342177280	@ 0x50000000
10008f62:	4320      	orrs	r0, r4
10008f64:	f503 1380 	add.w	r3, r3, #1048576	@ 0x100000
10008f68:	602a      	str	r2, [r5, #0]
10008f6a:	f040 4020 	orr.w	r0, r0, #2684354560	@ 0xa0000000
10008f6e:	b901      	cbnz	r1, 10008f72 <dcd_edpt_open+0xaa>
10008f70:	3304      	adds	r3, #4
10008f72:	4907      	ldr	r1, [pc, #28]	@ (10008f90 <dcd_edpt_open+0xc8>)
10008f74:	6018      	str	r0, [r3, #0]
10008f76:	428a      	cmp	r2, r1
10008f78:	d9d5      	bls.n	10008f26 <dcd_edpt_open+0x5e>
10008f7a:	f7fc fda5 	bl	10005ac8 <hard_assertion_failure>
10008f7e:	bf00      	nop
10008f80:	200018e8 	.word	0x200018e8
10008f84:	50100080 	.word	0x50100080
10008f88:	50100100 	.word	0x50100100
10008f8c:	200018e4 	.word	0x200018e4
10008f90:	50100fff 	.word	0x50100fff

10008f94 <dcd_edpt_close_all>:
10008f94:	2100      	movs	r1, #0
10008f96:	b508      	push	{r3, lr}
10008f98:	4b13      	ldr	r3, [pc, #76]	@ (10008fe8 <dcd_edpt_close_all+0x54>)
10008f9a:	f44f 7216 	mov.w	r2, #600	@ 0x258
10008f9e:	6099      	str	r1, [r3, #8]
10008fa0:	4812      	ldr	r0, [pc, #72]	@ (10008fec <dcd_edpt_close_all+0x58>)
10008fa2:	60d9      	str	r1, [r3, #12]
10008fa4:	6119      	str	r1, [r3, #16]
10008fa6:	6159      	str	r1, [r3, #20]
10008fa8:	6199      	str	r1, [r3, #24]
10008faa:	61d9      	str	r1, [r3, #28]
10008fac:	6219      	str	r1, [r3, #32]
10008fae:	6259      	str	r1, [r3, #36]	@ 0x24
10008fb0:	6299      	str	r1, [r3, #40]	@ 0x28
10008fb2:	62d9      	str	r1, [r3, #44]	@ 0x2c
10008fb4:	6319      	str	r1, [r3, #48]	@ 0x30
10008fb6:	6359      	str	r1, [r3, #52]	@ 0x34
10008fb8:	6399      	str	r1, [r3, #56]	@ 0x38
10008fba:	63d9      	str	r1, [r3, #60]	@ 0x3c
10008fbc:	6419      	str	r1, [r3, #64]	@ 0x40
10008fbe:	6459      	str	r1, [r3, #68]	@ 0x44
10008fc0:	6499      	str	r1, [r3, #72]	@ 0x48
10008fc2:	64d9      	str	r1, [r3, #76]	@ 0x4c
10008fc4:	6519      	str	r1, [r3, #80]	@ 0x50
10008fc6:	6559      	str	r1, [r3, #84]	@ 0x54
10008fc8:	6599      	str	r1, [r3, #88]	@ 0x58
10008fca:	65d9      	str	r1, [r3, #92]	@ 0x5c
10008fcc:	6619      	str	r1, [r3, #96]	@ 0x60
10008fce:	6659      	str	r1, [r3, #100]	@ 0x64
10008fd0:	6699      	str	r1, [r3, #104]	@ 0x68
10008fd2:	66d9      	str	r1, [r3, #108]	@ 0x6c
10008fd4:	6719      	str	r1, [r3, #112]	@ 0x70
10008fd6:	6759      	str	r1, [r3, #116]	@ 0x74
10008fd8:	6799      	str	r1, [r3, #120]	@ 0x78
10008fda:	67d9      	str	r1, [r3, #124]	@ 0x7c
10008fdc:	f002 f994 	bl	1000b308 <__memset_veneer>
10008fe0:	4b03      	ldr	r3, [pc, #12]	@ (10008ff0 <dcd_edpt_close_all+0x5c>)
10008fe2:	4a04      	ldr	r2, [pc, #16]	@ (10008ff4 <dcd_edpt_close_all+0x60>)
10008fe4:	601a      	str	r2, [r3, #0]
10008fe6:	bd08      	pop	{r3, pc}
10008fe8:	50100000 	.word	0x50100000
10008fec:	20001910 	.word	0x20001910
10008ff0:	200018e4 	.word	0x200018e4
10008ff4:	50100180 	.word	0x50100180

10008ff8 <dcd_edpt_xfer>:
10008ff8:	2028      	movs	r0, #40	@ 0x28
10008ffa:	b570      	push	{r4, r5, r6, lr}
10008ffc:	461d      	mov	r5, r3
10008ffe:	4613      	mov	r3, r2
10009000:	f341 12c0 	sbfx	r2, r1, #7, #1
10009004:	f001 040f 	and.w	r4, r1, #15
10009008:	f002 0214 	and.w	r2, r2, #20
1000900c:	fb10 2004 	smlabb	r0, r0, r4, r2
10009010:	4e10      	ldr	r6, [pc, #64]	@ (10009054 <dcd_edpt_xfer+0x5c>)
10009012:	b082      	sub	sp, #8
10009014:	4430      	add	r0, r6
10009016:	09c9      	lsrs	r1, r1, #7
10009018:	b1a4      	cbz	r4, 10009044 <dcd_edpt_xfer+0x4c>
1000901a:	4a0f      	ldr	r2, [pc, #60]	@ (10009058 <dcd_edpt_xfer+0x60>)
1000901c:	eb02 02c4 	add.w	r2, r2, r4, lsl #3
10009020:	00e4      	lsls	r4, r4, #3
10009022:	f104 44a0 	add.w	r4, r4, #1342177280	@ 0x50000000
10009026:	f504 1480 	add.w	r4, r4, #1048576	@ 0x100000
1000902a:	b949      	cbnz	r1, 10009040 <dcd_edpt_xfer+0x48>
1000902c:	1d21      	adds	r1, r4, #4
1000902e:	3204      	adds	r2, #4
10009030:	2400      	movs	r4, #0
10009032:	9501      	str	r5, [sp, #4]
10009034:	9400      	str	r4, [sp, #0]
10009036:	f000 f8a9 	bl	1000918c <rp2usb_xfer_start>
1000903a:	2001      	movs	r0, #1
1000903c:	b002      	add	sp, #8
1000903e:	bd70      	pop	{r4, r5, r6, pc}
10009040:	4621      	mov	r1, r4
10009042:	e7f5      	b.n	10009030 <dcd_edpt_xfer+0x38>
10009044:	b911      	cbnz	r1, 1000904c <dcd_edpt_xfer+0x54>
10009046:	4621      	mov	r1, r4
10009048:	4a03      	ldr	r2, [pc, #12]	@ (10009058 <dcd_edpt_xfer+0x60>)
1000904a:	e7f0      	b.n	1000902e <dcd_edpt_xfer+0x36>
1000904c:	4621      	mov	r1, r4
1000904e:	4a02      	ldr	r2, [pc, #8]	@ (10009058 <dcd_edpt_xfer+0x60>)
10009050:	e7ee      	b.n	10009030 <dcd_edpt_xfer+0x38>
10009052:	bf00      	nop
10009054:	200018e8 	.word	0x200018e8
10009058:	50100080 	.word	0x50100080

1000905c <dcd_edpt_stall>:
1000905c:	b5f8      	push	{r3, r4, r5, r6, r7, lr}
1000905e:	f341 10c0 	sbfx	r0, r1, #7, #1
10009062:	f001 060f 	and.w	r6, r1, #15
10009066:	4b1f      	ldr	r3, [pc, #124]	@ (100090e4 <dcd_edpt_stall+0x88>)
10009068:	f000 0014 	and.w	r0, r0, #20
1000906c:	eb06 0286 	add.w	r2, r6, r6, lsl #2
10009070:	eb00 00c2 	add.w	r0, r0, r2, lsl #3
10009074:	09cd      	lsrs	r5, r1, #7
10009076:	f011 010f 	ands.w	r1, r1, #15
1000907a:	4418      	add	r0, r3
1000907c:	d103      	bne.n	10009086 <dcd_edpt_stall+0x2a>
1000907e:	4a1a      	ldr	r2, [pc, #104]	@ (100090e8 <dcd_edpt_stall+0x8c>)
10009080:	f1c5 0402 	rsb	r4, r5, #2
10009084:	6694      	str	r4, [r2, #104]	@ 0x68
10009086:	2401      	movs	r4, #1
10009088:	eb01 0181 	add.w	r1, r1, r1, lsl #2
1000908c:	eb05 0285 	add.w	r2, r5, r5, lsl #2
10009090:	00c9      	lsls	r1, r1, #3
10009092:	eb01 0182 	add.w	r1, r1, r2, lsl #2
10009096:	5c59      	ldrb	r1, [r3, r1]
10009098:	4a13      	ldr	r2, [pc, #76]	@ (100090e8 <dcd_edpt_stall+0x8c>)
1000909a:	09cf      	lsrs	r7, r1, #7
1000909c:	ea87 0304 	eor.w	r3, r7, r4
100090a0:	f001 010f 	and.w	r1, r1, #15
100090a4:	ea43 0341 	orr.w	r3, r3, r1, lsl #1
100090a8:	409c      	lsls	r4, r3
100090aa:	6614      	str	r4, [r2, #96]	@ 0x60
100090ac:	f5a2 5200 	sub.w	r2, r2, #8192	@ 0x2000
100090b0:	6e53      	ldr	r3, [r2, #100]	@ 0x64
100090b2:	ea34 0303 	bics.w	r3, r4, r3
100090b6:	d1fb      	bne.n	100090b0 <dcd_edpt_stall+0x54>
100090b8:	4b0c      	ldr	r3, [pc, #48]	@ (100090ec <dcd_edpt_stall+0x90>)
100090ba:	eb03 03c1 	add.w	r3, r3, r1, lsl #3
100090be:	b907      	cbnz	r7, 100090c2 <dcd_edpt_stall+0x66>
100090c0:	3304      	adds	r3, #4
100090c2:	2200      	movs	r2, #0
100090c4:	601a      	str	r2, [r3, #0]
100090c6:	f000 f85b 	bl	10009180 <rp2usb_reset_transfer>
100090ca:	4a09      	ldr	r2, [pc, #36]	@ (100090f0 <dcd_edpt_stall+0x94>)
100090cc:	4b07      	ldr	r3, [pc, #28]	@ (100090ec <dcd_edpt_stall+0x90>)
100090ce:	6654      	str	r4, [r2, #100]	@ 0x64
100090d0:	eb03 03c6 	add.w	r3, r3, r6, lsl #3
100090d4:	6614      	str	r4, [r2, #96]	@ 0x60
100090d6:	b905      	cbnz	r5, 100090da <dcd_edpt_stall+0x7e>
100090d8:	3304      	adds	r3, #4
100090da:	f44f 6200 	mov.w	r2, #2048	@ 0x800
100090de:	601a      	str	r2, [r3, #0]
100090e0:	bdf8      	pop	{r3, r4, r5, r6, r7, pc}
100090e2:	bf00      	nop
100090e4:	200018e8 	.word	0x200018e8
100090e8:	50112000 	.word	0x50112000
100090ec:	50100080 	.word	0x50100080
100090f0:	50113000 	.word	0x50113000

100090f4 <dcd_edpt_clear_stall>:
100090f4:	f011 020f 	ands.w	r2, r1, #15
100090f8:	d017      	beq.n	1000912a <dcd_edpt_clear_stall+0x36>
100090fa:	f04f 0c00 	mov.w	ip, #0
100090fe:	09c9      	lsrs	r1, r1, #7
10009100:	eb02 0382 	add.w	r3, r2, r2, lsl #2
10009104:	b500      	push	{lr}
10009106:	4809      	ldr	r0, [pc, #36]	@ (1000912c <dcd_edpt_clear_stall+0x38>)
10009108:	00db      	lsls	r3, r3, #3
1000910a:	eb01 0e81 	add.w	lr, r1, r1, lsl #2
1000910e:	eb03 038e 	add.w	r3, r3, lr, lsl #2
10009112:	4418      	add	r0, r3
10009114:	4b06      	ldr	r3, [pc, #24]	@ (10009130 <dcd_edpt_clear_stall+0x3c>)
10009116:	f880 c001 	strb.w	ip, [r0, #1]
1000911a:	eb03 03c2 	add.w	r3, r3, r2, lsl #3
1000911e:	b901      	cbnz	r1, 10009122 <dcd_edpt_clear_stall+0x2e>
10009120:	3304      	adds	r3, #4
10009122:	2200      	movs	r2, #0
10009124:	601a      	str	r2, [r3, #0]
10009126:	f85d fb04 	ldr.w	pc, [sp], #4
1000912a:	4770      	bx	lr
1000912c:	200018e8 	.word	0x200018e8
10009130:	50100080 	.word	0x50100080

10009134 <rp2usb_init>:
10009134:	f04f 5280 	mov.w	r2, #268435456	@ 0x10000000
10009138:	480b      	ldr	r0, [pc, #44]	@ (10009168 <rp2usb_init+0x34>)
1000913a:	490c      	ldr	r1, [pc, #48]	@ (1000916c <rp2usb_init+0x38>)
1000913c:	b508      	push	{r3, lr}
1000913e:	4b0c      	ldr	r3, [pc, #48]	@ (10009170 <rp2usb_init+0x3c>)
10009140:	6002      	str	r2, [r0, #0]
10009142:	600a      	str	r2, [r1, #0]
10009144:	6899      	ldr	r1, [r3, #8]
10009146:	43c9      	mvns	r1, r1
10009148:	f011 5180 	ands.w	r1, r1, #268435456	@ 0x10000000
1000914c:	d1fa      	bne.n	10009144 <rp2usb_init+0x10>
1000914e:	f44f 5280 	mov.w	r2, #4096	@ 0x1000
10009152:	4808      	ldr	r0, [pc, #32]	@ (10009174 <rp2usb_init+0x40>)
10009154:	f002 f8d8 	bl	1000b308 <__memset_veneer>
10009158:	2209      	movs	r2, #9
1000915a:	4b07      	ldr	r3, [pc, #28]	@ (10009178 <rp2usb_init+0x44>)
1000915c:	4807      	ldr	r0, [pc, #28]	@ (1000917c <rp2usb_init+0x48>)
1000915e:	675a      	str	r2, [r3, #116]	@ 0x74
10009160:	e8bd 4008 	ldmia.w	sp!, {r3, lr}
10009164:	f7fb be12 	b.w	10004d8c <critical_section_init>
10009168:	40022000 	.word	0x40022000
1000916c:	40023000 	.word	0x40023000
10009170:	40020000 	.word	0x40020000
10009174:	50100000 	.word	0x50100000
10009178:	50110000 	.word	0x50110000
1000917c:	20001ba0 	.word	0x20001ba0

10009180 <rp2usb_reset_transfer>:
10009180:	2300      	movs	r3, #0
10009182:	e9c0 3303 	strd	r3, r3, [r0, #12]
10009186:	7083      	strb	r3, [r0, #2]
10009188:	4770      	bx	lr
1000918a:	bf00      	nop

1000918c <rp2usb_xfer_start>:
1000918c:	e92d 4ff0 	stmdb	sp!, {r4, r5, r6, r7, r8, r9, sl, fp, lr}
10009190:	4604      	mov	r4, r0
10009192:	f04f 0801 	mov.w	r8, #1
10009196:	f04f 0e00 	mov.w	lr, #0
1000919a:	4618      	mov	r0, r3
1000919c:	f8df c19c 	ldr.w	ip, [pc, #412]	@ 1000933c <rp2usb_xfer_start+0x1b0>
100091a0:	f884 8002 	strb.w	r8, [r4, #2]
100091a4:	f8dc 3040 	ldr.w	r3, [ip, #64]	@ 0x40
100091a8:	b085      	sub	sp, #20
100091aa:	f8bd 503c 	ldrh.w	r5, [sp, #60]	@ 0x3c
100091ae:	f894 8000 	ldrb.w	r8, [r4]
100091b2:	f003 0a02 	and.w	sl, r3, #2
100091b6:	45f2      	cmp	sl, lr
100091b8:	460f      	mov	r7, r1
100091ba:	4616      	mov	r6, r2
100091bc:	bf14      	ite	ne
100091be:	f04f 0901 	movne.w	r9, #1
100091c2:	46f1      	moveq	r9, lr
100091c4:	68a1      	ldr	r1, [r4, #8]
100091c6:	f8a4 e012 	strh.w	lr, [r4, #18]
100091ca:	8225      	strh	r5, [r4, #16]
100091cc:	60e0      	str	r0, [r4, #12]
100091ce:	ea4f 18d8 	mov.w	r8, r8, lsr #7
100091d2:	d104      	bne.n	100091de <rp2usb_xfer_start+0x52>
100091d4:	f894 b004 	ldrb.w	fp, [r4, #4]
100091d8:	f1bb 0f00 	cmp.w	fp, #0
100091dc:	d175      	bne.n	100092ca <rp2usb_xfer_start+0x13e>
100091de:	88e0      	ldrh	r0, [r4, #6]
100091e0:	7863      	ldrb	r3, [r4, #1]
100091e2:	42a8      	cmp	r0, r5
100091e4:	bf28      	it	cs
100091e6:	4628      	movcs	r0, r5
100091e8:	1a2d      	subs	r5, r5, r0
100091ea:	b2ad      	uxth	r5, r5
100091ec:	8225      	strh	r5, [r4, #16]
100091ee:	2b00      	cmp	r3, #0
100091f0:	d168      	bne.n	100092c4 <rp2usb_xfer_start+0x138>
100091f2:	f440 6c80 	orr.w	ip, r0, #1024	@ 0x400
100091f6:	f083 0301 	eor.w	r3, r3, #1
100091fa:	45c8      	cmp	r8, r9
100091fc:	7063      	strb	r3, [r4, #1]
100091fe:	d012      	beq.n	10009226 <rp2usb_xfer_start+0x9a>
10009200:	b178      	cbz	r0, 10009222 <rp2usb_xfer_start+0x96>
10009202:	68e5      	ldr	r5, [r4, #12]
10009204:	eb05 0e00 	add.w	lr, r5, r0
10009208:	462a      	mov	r2, r5
1000920a:	7812      	ldrb	r2, [r2, #0]
1000920c:	3501      	adds	r5, #1
1000920e:	b2d2      	uxtb	r2, r2
10009210:	4575      	cmp	r5, lr
10009212:	700a      	strb	r2, [r1, #0]
10009214:	f101 0101 	add.w	r1, r1, #1
10009218:	d1f6      	bne.n	10009208 <rp2usb_xfer_start+0x7c>
1000921a:	68e3      	ldr	r3, [r4, #12]
1000921c:	8a25      	ldrh	r5, [r4, #16]
1000921e:	4403      	add	r3, r0
10009220:	60e3      	str	r3, [r4, #12]
10009222:	f44c 4c00 	orr.w	ip, ip, #32768	@ 0x8000
10009226:	2d00      	cmp	r5, #0
10009228:	d066      	beq.n	100092f8 <rp2usb_xfer_start+0x16c>
1000922a:	f44c 5380 	orr.w	r3, ip, #4096	@ 0x1000
1000922e:	2f00      	cmp	r7, #0
10009230:	d035      	beq.n	1000929e <rp2usb_xfer_start+0x112>
10009232:	88e0      	ldrh	r0, [r4, #6]
10009234:	f894 c001 	ldrb.w	ip, [r4, #1]
10009238:	42a8      	cmp	r0, r5
1000923a:	bf28      	it	cs
1000923c:	4628      	movcs	r0, r5
1000923e:	1a2d      	subs	r5, r5, r0
10009240:	b2ad      	uxth	r5, r5
10009242:	683a      	ldr	r2, [r7, #0]
10009244:	68a1      	ldr	r1, [r4, #8]
10009246:	8225      	strh	r5, [r4, #16]
10009248:	f1bc 0f00 	cmp.w	ip, #0
1000924c:	d15d      	bne.n	1000930a <rp2usb_xfer_start+0x17e>
1000924e:	f440 6e80 	orr.w	lr, r0, #1024	@ 0x400
10009252:	f08c 0c01 	eor.w	ip, ip, #1
10009256:	45c8      	cmp	r8, r9
10009258:	f884 c001 	strb.w	ip, [r4, #1]
1000925c:	d017      	beq.n	1000928e <rp2usb_xfer_start+0x102>
1000925e:	b1a0      	cbz	r0, 1000928a <rp2usb_xfer_start+0xfe>
10009260:	f101 0840 	add.w	r8, r1, #64	@ 0x40
10009264:	68e1      	ldr	r1, [r4, #12]
10009266:	eb01 0900 	add.w	r9, r1, r0
1000926a:	468c      	mov	ip, r1
1000926c:	f89c c000 	ldrb.w	ip, [ip]
10009270:	3101      	adds	r1, #1
10009272:	fa5f fc8c 	uxtb.w	ip, ip
10009276:	4549      	cmp	r1, r9
10009278:	f888 c000 	strb.w	ip, [r8]
1000927c:	f108 0801 	add.w	r8, r8, #1
10009280:	d1f3      	bne.n	1000926a <rp2usb_xfer_start+0xde>
10009282:	68e1      	ldr	r1, [r4, #12]
10009284:	8a25      	ldrh	r5, [r4, #16]
10009286:	4401      	add	r1, r0
10009288:	60e1      	str	r1, [r4, #12]
1000928a:	f44e 4e00 	orr.w	lr, lr, #32768	@ 0x8000
1000928e:	b90d      	cbnz	r5, 10009294 <rp2usb_xfer_start+0x108>
10009290:	f44e 4e80 	orr.w	lr, lr, #16384	@ 0x4000
10009294:	f042 4280 	orr.w	r2, r2, #1073741824	@ 0x40000000
10009298:	ea43 430e 	orr.w	r3, r3, lr, lsl #16
1000929c:	603a      	str	r2, [r7, #0]
1000929e:	6832      	ldr	r2, [r6, #0]
100092a0:	401a      	ands	r2, r3
100092a2:	f012 2f04 	tst.w	r2, #67109888	@ 0x4000400
100092a6:	d145      	bne.n	10009334 <rp2usb_xfer_start+0x1a8>
100092a8:	4a24      	ldr	r2, [pc, #144]	@ (1000933c <rp2usb_xfer_start+0x1b0>)
100092aa:	f023 2104 	bic.w	r1, r3, #67109888	@ 0x4000400
100092ae:	6031      	str	r1, [r6, #0]
100092b0:	6c12      	ldr	r2, [r2, #64]	@ 0x40
100092b2:	0792      	lsls	r2, r2, #30
100092b4:	d402      	bmi.n	100092bc <rp2usb_xfer_start+0x130>
100092b6:	220c      	movs	r2, #12
100092b8:	3a03      	subs	r2, #3
100092ba:	d2fd      	bcs.n	100092b8 <rp2usb_xfer_start+0x12c>
100092bc:	6033      	str	r3, [r6, #0]
100092be:	b005      	add	sp, #20
100092c0:	e8bd 8ff0 	ldmia.w	sp!, {r4, r5, r6, r7, r8, r9, sl, fp, pc}
100092c4:	f440 5c10 	orr.w	ip, r0, #9216	@ 0x2400
100092c8:	e795      	b.n	100091f6 <rp2usb_xfer_start+0x6a>
100092ca:	78e3      	ldrb	r3, [r4, #3]
100092cc:	465a      	mov	r2, fp
100092ce:	eb01 1183 	add.w	r1, r1, r3, lsl #6
100092d2:	f002 f81d 	bl	1000b310 <__memcpy_veneer>
100092d6:	8a62      	ldrh	r2, [r4, #18]
100092d8:	8a25      	ldrh	r5, [r4, #16]
100092da:	68e3      	ldr	r3, [r4, #12]
100092dc:	445a      	add	r2, fp
100092de:	eba5 050b 	sub.w	r5, r5, fp
100092e2:	b292      	uxth	r2, r2
100092e4:	b2ad      	uxth	r5, r5
100092e6:	445b      	add	r3, fp
100092e8:	f8a4 a003 	strh.w	sl, [r4, #3]
100092ec:	8262      	strh	r2, [r4, #18]
100092ee:	8225      	strh	r5, [r4, #16]
100092f0:	60e3      	str	r3, [r4, #12]
100092f2:	b16d      	cbz	r5, 10009310 <rp2usb_xfer_start+0x184>
100092f4:	68a1      	ldr	r1, [r4, #8]
100092f6:	e772      	b.n	100091de <rp2usb_xfer_start+0x52>
100092f8:	f44c 43a0 	orr.w	r3, ip, #20480	@ 0x5000
100092fc:	2f00      	cmp	r7, #0
100092fe:	d0ce      	beq.n	1000929e <rp2usb_xfer_start+0x112>
10009300:	683a      	ldr	r2, [r7, #0]
10009302:	f022 4280 	bic.w	r2, r2, #1073741824	@ 0x40000000
10009306:	603a      	str	r2, [r7, #0]
10009308:	e7c9      	b.n	1000929e <rp2usb_xfer_start+0x112>
1000930a:	f440 5e10 	orr.w	lr, r0, #9216	@ 0x2400
1000930e:	e7a0      	b.n	10009252 <rp2usb_xfer_start+0xc6>
10009310:	f44f 63e0 	mov.w	r3, #1792	@ 0x700
10009314:	7820      	ldrb	r0, [r4, #0]
10009316:	4629      	mov	r1, r5
10009318:	f88d 0008 	strb.w	r0, [sp, #8]
1000931c:	e9c4 5503 	strd	r5, r5, [r4, #12]
10009320:	70a5      	strb	r5, [r4, #2]
10009322:	a801      	add	r0, sp, #4
10009324:	9203      	str	r2, [sp, #12]
10009326:	f88d 5009 	strb.w	r5, [sp, #9]
1000932a:	f8ad 3004 	strh.w	r3, [sp, #4]
1000932e:	f001 ffe7 	bl	1000b300 <__dcd_event_handler_veneer>
10009332:	e7c4      	b.n	100092be <rp2usb_xfer_start+0x132>
10009334:	4631      	mov	r1, r6
10009336:	4802      	ldr	r0, [pc, #8]	@ (10009340 <rp2usb_xfer_start+0x1b4>)
10009338:	f7fb f944 	bl	100045c4 <panic>
1000933c:	50110000 	.word	0x50110000
10009340:	1000ba14 	.word	0x1000ba14

10009344 <rp2usb_xfer_continue>:
10009344:	e92d 4ff0 	stmdb	sp!, {r4, r5, r6, r7, r8, r9, sl, fp, lr}
10009348:	7884      	ldrb	r4, [r0, #2]
1000934a:	b083      	sub	sp, #12
1000934c:	f89d 9030 	ldrb.w	r9, [sp, #48]	@ 0x30
10009350:	2c00      	cmp	r4, #0
10009352:	d05d      	beq.n	10009410 <rp2usb_xfer_continue+0xcc>
10009354:	4c62      	ldr	r4, [pc, #392]	@ (100094e0 <rp2usb_xfer_continue+0x19c>)
10009356:	f8d4 b040 	ldr.w	fp, [r4, #64]	@ 0x40
1000935a:	b111      	cbz	r1, 10009362 <rp2usb_xfer_continue+0x1e>
1000935c:	6809      	ldr	r1, [r1, #0]
1000935e:	f3c1 7180 	ubfx	r1, r1, #30, #1
10009362:	f8d0 8008 	ldr.w	r8, [r0, #8]
10009366:	b10b      	cbz	r3, 1000936c <rp2usb_xfer_continue+0x28>
10009368:	f108 0840 	add.w	r8, r8, #64	@ 0x40
1000936c:	fa0f fa83 	sxth.w	sl, r3
10009370:	f832 501a 	ldrh.w	r5, [r2, sl, lsl #1]
10009374:	eb02 0c43 	add.w	ip, r2, r3, lsl #1
10009378:	b2af      	uxth	r7, r5
1000937a:	f3c5 0509 	ubfx	r5, r5, #0, #10
1000937e:	f1b9 0f00 	cmp.w	r9, #0
10009382:	d016      	beq.n	100093b2 <rp2usb_xfer_continue+0x6e>
10009384:	68c4      	ldr	r4, [r0, #12]
10009386:	b195      	cbz	r5, 100093ae <rp2usb_xfer_continue+0x6a>
10009388:	46c6      	mov	lr, r8
1000938a:	e9cd c800 	strd	ip, r8, [sp]
1000938e:	1966      	adds	r6, r4, r5
10009390:	46a0      	mov	r8, r4
10009392:	f89e c000 	ldrb.w	ip, [lr]
10009396:	3401      	adds	r4, #1
10009398:	fa5f fc8c 	uxtb.w	ip, ip
1000939c:	42b4      	cmp	r4, r6
1000939e:	f10e 0e01 	add.w	lr, lr, #1
100093a2:	f888 c000 	strb.w	ip, [r8]
100093a6:	d1f3      	bne.n	10009390 <rp2usb_xfer_continue+0x4c>
100093a8:	e9dd c800 	ldrd	ip, r8, [sp]
100093ac:	68c4      	ldr	r4, [r0, #12]
100093ae:	442c      	add	r4, r5
100093b0:	60c4      	str	r4, [r0, #12]
100093b2:	8a44      	ldrh	r4, [r0, #18]
100093b4:	f407 4780 	and.w	r7, r7, #16384	@ 0x4000
100093b8:	442c      	add	r4, r5
100093ba:	8244      	strh	r4, [r0, #18]
100093bc:	88c4      	ldrh	r4, [r0, #6]
100093be:	42a5      	cmp	r5, r4
100093c0:	d222      	bcs.n	10009408 <rp2usb_xfer_continue+0xc4>
100093c2:	2400      	movs	r4, #0
100093c4:	8204      	strh	r4, [r0, #16]
100093c6:	b1e9      	cbz	r1, 10009404 <rp2usb_xfer_continue+0xc0>
100093c8:	f1b9 0f00 	cmp.w	r9, #0
100093cc:	d01a      	beq.n	10009404 <rp2usb_xfer_continue+0xc0>
100093ce:	b9cf      	cbnz	r7, 10009404 <rp2usb_xfer_continue+0xc0>
100093d0:	f01b 0f02 	tst.w	fp, #2
100093d4:	7801      	ldrb	r1, [r0, #0]
100093d6:	d05d      	beq.n	10009494 <rp2usb_xfer_continue+0x150>
100093d8:	4c41      	ldr	r4, [pc, #260]	@ (100094e0 <rp2usb_xfer_continue+0x19c>)
100093da:	4942      	ldr	r1, [pc, #264]	@ (100094e4 <rp2usb_xfer_continue+0x1a0>)
100093dc:	6ce5      	ldr	r5, [r4, #76]	@ 0x4c
100093de:	4029      	ands	r1, r5
100093e0:	f041 0110 	orr.w	r1, r1, #16
100093e4:	64e1      	str	r1, [r4, #76]	@ 0x4c
100093e6:	6ce1      	ldr	r1, [r4, #76]	@ 0x4c
100093e8:	f011 0110 	ands.w	r1, r1, #16
100093ec:	d1fb      	bne.n	100093e6 <rp2usb_xfer_continue+0xa2>
100093ee:	f083 0301 	eor.w	r3, r3, #1
100093f2:	f832 3013 	ldrh.w	r3, [r2, r3, lsl #1]
100093f6:	041b      	lsls	r3, r3, #16
100093f8:	d403      	bmi.n	10009402 <rp2usb_xfer_continue+0xbe>
100093fa:	7843      	ldrb	r3, [r0, #1]
100093fc:	f083 0301 	eor.w	r3, r3, #1
10009400:	7043      	strb	r3, [r0, #1]
10009402:	6011      	str	r1, [r2, #0]
10009404:	2001      	movs	r0, #1
10009406:	e004      	b.n	10009412 <rp2usb_xfer_continue+0xce>
10009408:	2f00      	cmp	r7, #0
1000940a:	d1fb      	bne.n	10009404 <rp2usb_xfer_continue+0xc0>
1000940c:	8a03      	ldrh	r3, [r0, #16]
1000940e:	b91b      	cbnz	r3, 10009418 <rp2usb_xfer_continue+0xd4>
10009410:	2000      	movs	r0, #0
10009412:	b003      	add	sp, #12
10009414:	e8bd 8ff0 	ldmia.w	sp!, {r4, r5, r6, r7, r8, r9, sl, fp, pc}
10009418:	429c      	cmp	r4, r3
1000941a:	bf28      	it	cs
1000941c:	461c      	movcs	r4, r3
1000941e:	7841      	ldrb	r1, [r0, #1]
10009420:	1b1b      	subs	r3, r3, r4
10009422:	b29b      	uxth	r3, r3
10009424:	8203      	strh	r3, [r0, #16]
10009426:	2900      	cmp	r1, #0
10009428:	d131      	bne.n	1000948e <rp2usb_xfer_continue+0x14a>
1000942a:	f444 6580 	orr.w	r5, r4, #1024	@ 0x400
1000942e:	f081 0101 	eor.w	r1, r1, #1
10009432:	7041      	strb	r1, [r0, #1]
10009434:	f1b9 0f00 	cmp.w	r9, #0
10009438:	d112      	bne.n	10009460 <rp2usb_xfer_continue+0x11c>
1000943a:	b17c      	cbz	r4, 1000945c <rp2usb_xfer_continue+0x118>
1000943c:	68c3      	ldr	r3, [r0, #12]
1000943e:	191f      	adds	r7, r3, r4
10009440:	461e      	mov	r6, r3
10009442:	7836      	ldrb	r6, [r6, #0]
10009444:	3301      	adds	r3, #1
10009446:	b2f6      	uxtb	r6, r6
10009448:	42bb      	cmp	r3, r7
1000944a:	f888 6000 	strb.w	r6, [r8]
1000944e:	f108 0801 	add.w	r8, r8, #1
10009452:	d1f5      	bne.n	10009440 <rp2usb_xfer_continue+0xfc>
10009454:	68c3      	ldr	r3, [r0, #12]
10009456:	4423      	add	r3, r4
10009458:	60c3      	str	r3, [r0, #12]
1000945a:	8a03      	ldrh	r3, [r0, #16]
1000945c:	f445 4500 	orr.w	r5, r5, #32768	@ 0x8000
10009460:	b90b      	cbnz	r3, 10009466 <rp2usb_xfer_continue+0x122>
10009462:	f445 4580 	orr.w	r5, r5, #16384	@ 0x4000
10009466:	f832 301a 	ldrh.w	r3, [r2, sl, lsl #1]
1000946a:	402b      	ands	r3, r5
1000946c:	055b      	lsls	r3, r3, #21
1000946e:	d433      	bmi.n	100094d8 <rp2usb_xfer_continue+0x194>
10009470:	f425 6380 	bic.w	r3, r5, #1024	@ 0x400
10009474:	b29b      	uxth	r3, r3
10009476:	491a      	ldr	r1, [pc, #104]	@ (100094e0 <rp2usb_xfer_continue+0x19c>)
10009478:	f822 301a 	strh.w	r3, [r2, sl, lsl #1]
1000947c:	6c0b      	ldr	r3, [r1, #64]	@ 0x40
1000947e:	079f      	lsls	r7, r3, #30
10009480:	d402      	bmi.n	10009488 <rp2usb_xfer_continue+0x144>
10009482:	230c      	movs	r3, #12
10009484:	3b03      	subs	r3, #3
10009486:	d2fd      	bcs.n	10009484 <rp2usb_xfer_continue+0x140>
10009488:	f822 501a 	strh.w	r5, [r2, sl, lsl #1]
1000948c:	e7c0      	b.n	10009410 <rp2usb_xfer_continue+0xcc>
1000948e:	f444 5510 	orr.w	r5, r4, #9216	@ 0x2400
10009492:	e7cc      	b.n	1000942e <rp2usb_xfer_continue+0xea>
10009494:	2401      	movs	r4, #1
10009496:	f001 010f 	and.w	r1, r1, #15
1000949a:	4e13      	ldr	r6, [pc, #76]	@ (100094e8 <rp2usb_xfer_continue+0x1a4>)
1000949c:	40a1      	lsls	r1, r4
1000949e:	408c      	lsls	r4, r1
100094a0:	4d0f      	ldr	r5, [pc, #60]	@ (100094e0 <rp2usb_xfer_continue+0x19c>)
100094a2:	6634      	str	r4, [r6, #96]	@ 0x60
100094a4:	6e69      	ldr	r1, [r5, #100]	@ 0x64
100094a6:	ea34 0101 	bics.w	r1, r4, r1
100094aa:	d1fb      	bne.n	100094a4 <rp2usb_xfer_continue+0x160>
100094ac:	f083 0101 	eor.w	r1, r3, #1
100094b0:	f832 3011 	ldrh.w	r3, [r2, r1, lsl #1]
100094b4:	041e      	lsls	r6, r3, #16
100094b6:	b29d      	uxth	r5, r3
100094b8:	d409      	bmi.n	100094ce <rp2usb_xfer_continue+0x18a>
100094ba:	2100      	movs	r1, #0
100094bc:	7843      	ldrb	r3, [r0, #1]
100094be:	f083 0301 	eor.w	r3, r3, #1
100094c2:	7043      	strb	r3, [r0, #1]
100094c4:	6011      	str	r1, [r2, #0]
100094c6:	4b09      	ldr	r3, [pc, #36]	@ (100094ec <rp2usb_xfer_continue+0x1a8>)
100094c8:	665c      	str	r4, [r3, #100]	@ 0x64
100094ca:	661c      	str	r4, [r3, #96]	@ 0x60
100094cc:	e79a      	b.n	10009404 <rp2usb_xfer_continue+0xc0>
100094ce:	2300      	movs	r3, #0
100094d0:	7105      	strb	r5, [r0, #4]
100094d2:	70c1      	strb	r1, [r0, #3]
100094d4:	6013      	str	r3, [r2, #0]
100094d6:	e7f6      	b.n	100094c6 <rp2usb_xfer_continue+0x182>
100094d8:	4661      	mov	r1, ip
100094da:	4805      	ldr	r0, [pc, #20]	@ (100094f0 <rp2usb_xfer_continue+0x1ac>)
100094dc:	f7fb f872 	bl	100045c4 <panic>
100094e0:	50110000 	.word	0x50110000
100094e4:	20008600 	.word	0x20008600
100094e8:	50112000 	.word	0x50112000
100094ec:	50113000 	.word	0x50113000
100094f0:	1000ba14 	.word	0x1000ba14

100094f4 <configuration_reset>:
100094f4:	e92d 41f0 	stmdb	sp!, {r4, r5, r6, r7, r8, lr}
100094f8:	4e20      	ldr	r6, [pc, #128]	@ (1000957c <configuration_reset+0x88>)
100094fa:	7832      	ldrb	r2, [r6, #0]
100094fc:	2aff      	cmp	r2, #255	@ 0xff
100094fe:	d024      	beq.n	1000954a <configuration_reset+0x56>
10009500:	2400      	movs	r4, #0
10009502:	4605      	mov	r5, r0
10009504:	4621      	mov	r1, r4
10009506:	f8df 8080 	ldr.w	r8, [pc, #128]	@ 10009588 <configuration_reset+0x94>
1000950a:	4f1d      	ldr	r7, [pc, #116]	@ (10009580 <configuration_reset+0x8c>)
1000950c:	e00d      	b.n	1000952a <configuration_reset+0x36>
1000950e:	683b      	ldr	r3, [r7, #0]
10009510:	eb13 0380 	adds.w	r3, r3, r0, lsl #2
10009514:	d010      	beq.n	10009538 <configuration_reset+0x44>
10009516:	68db      	ldr	r3, [r3, #12]
10009518:	4628      	mov	r0, r5
1000951a:	4798      	blx	r3
1000951c:	7832      	ldrb	r2, [r6, #0]
1000951e:	3401      	adds	r4, #1
10009520:	1c53      	adds	r3, r2, #1
10009522:	b2e1      	uxtb	r1, r4
10009524:	b2db      	uxtb	r3, r3
10009526:	4299      	cmp	r1, r3
10009528:	d20f      	bcs.n	1000954a <configuration_reset+0x56>
1000952a:	4291      	cmp	r1, r2
1000952c:	eb04 00c4 	add.w	r0, r4, r4, lsl #3
10009530:	d3ed      	bcc.n	1000950e <configuration_reset+0x1a>
10009532:	d101      	bne.n	10009538 <configuration_reset+0x44>
10009534:	4643      	mov	r3, r8
10009536:	e7ef      	b.n	10009518 <configuration_reset+0x24>
10009538:	f04f 23e0 	mov.w	r3, #3758153728	@ 0xe000e000
1000953c:	f8d3 3df0 	ldr.w	r3, [r3, #3568]	@ 0xdf0
10009540:	07db      	lsls	r3, r3, #31
10009542:	d500      	bpl.n	10009546 <configuration_reset+0x52>
10009544:	be00      	bkpt	0x0000
10009546:	e8bd 81f0 	ldmia.w	sp!, {r4, r5, r6, r7, r8, pc}
1000954a:	4b0e      	ldr	r3, [pc, #56]	@ (10009584 <configuration_reset+0x90>)
1000954c:	226c      	movs	r2, #108	@ 0x6c
1000954e:	2100      	movs	r1, #0
10009550:	4618      	mov	r0, r3
10009552:	f001 fed9 	bl	1000b308 <__memset_veneer>
10009556:	f04f 34ff 	mov.w	r4, #4294967295	@ 0xffffffff
1000955a:	4603      	mov	r3, r0
1000955c:	f8c3 401b 	str.w	r4, [r3, #27]
10009560:	f8c3 401f 	str.w	r4, [r3, #31]
10009564:	f8c3 4023 	str.w	r4, [r3, #35]	@ 0x23
10009568:	f8c3 4027 	str.w	r4, [r3, #39]	@ 0x27
1000956c:	2220      	movs	r2, #32
1000956e:	e8bd 41f0 	ldmia.w	sp!, {r4, r5, r6, r7, r8, lr}
10009572:	21ff      	movs	r1, #255	@ 0xff
10009574:	302b      	adds	r0, #43	@ 0x2b
10009576:	f001 bec7 	b.w	1000b308 <__memset_veneer>
1000957a:	bf00      	nop
1000957c:	20002418 	.word	0x20002418
10009580:	20001104 	.word	0x20001104
10009584:	200012d0 	.word	0x200012d0
10009588:	1000a2c5 	.word	0x1000a2c5

1000958c <tud_event_hook_cb>:
1000958c:	4770      	bx	lr
1000958e:	bf00      	nop

10009590 <tud_sof_cb>:
10009590:	4770      	bx	lr
10009592:	bf00      	nop

10009594 <tud_descriptor_device_qualifier_cb>:
10009594:	2000      	movs	r0, #0
10009596:	4770      	bx	lr

10009598 <tud_descriptor_other_speed_configuration_cb>:
10009598:	2000      	movs	r0, #0
1000959a:	4770      	bx	lr

1000959c <tud_mount_cb>:
1000959c:	4770      	bx	lr
1000959e:	bf00      	nop

100095a0 <tud_umount_cb>:
100095a0:	4770      	bx	lr
100095a2:	bf00      	nop

100095a4 <tud_suspend_cb>:
100095a4:	4770      	bx	lr
100095a6:	bf00      	nop

100095a8 <tud_resume_cb>:
100095a8:	4770      	bx	lr
100095aa:	bf00      	nop

100095ac <tud_mounted>:
100095ac:	4b02      	ldr	r3, [pc, #8]	@ (100095b8 <tud_mounted+0xc>)
100095ae:	7e18      	ldrb	r0, [r3, #24]
100095b0:	3800      	subs	r0, #0
100095b2:	bf18      	it	ne
100095b4:	2001      	movne	r0, #1
100095b6:	4770      	bx	lr
100095b8:	200012d0 	.word	0x200012d0

100095bc <tud_suspended>:
100095bc:	4b02      	ldr	r3, [pc, #8]	@ (100095c8 <tud_suspended+0xc>)
100095be:	7d98      	ldrb	r0, [r3, #22]
100095c0:	3800      	subs	r0, #0
100095c2:	bf18      	it	ne
100095c4:	2001      	movne	r0, #1
100095c6:	4770      	bx	lr
100095c8:	200012d0 	.word	0x200012d0

100095cc <tud_rhport_init>:
100095cc:	e92d 4ff8 	stmdb	sp!, {r3, r4, r5, r6, r7, r8, r9, sl, fp, lr}
100095d0:	f8df 80e8 	ldr.w	r8, [pc, #232]	@ 100096bc <tud_rhport_init+0xf0>
100095d4:	f898 3000 	ldrb.w	r3, [r8]
100095d8:	2bff      	cmp	r3, #255	@ 0xff
100095da:	d002      	beq.n	100095e2 <tud_rhport_init+0x16>
100095dc:	2001      	movs	r0, #1
100095de:	e8bd 8ff8 	ldmia.w	sp!, {r3, r4, r5, r6, r7, r8, r9, sl, fp, pc}
100095e2:	460d      	mov	r5, r1
100095e4:	2900      	cmp	r1, #0
100095e6:	d04b      	beq.n	10009680 <tud_rhport_init+0xb4>
100095e8:	2400      	movs	r4, #0
100095ea:	226c      	movs	r2, #108	@ 0x6c
100095ec:	2100      	movs	r1, #0
100095ee:	4606      	mov	r6, r0
100095f0:	4828      	ldr	r0, [pc, #160]	@ (10009694 <tud_rhport_init+0xc8>)
100095f2:	f001 fe89 	bl	1000b308 <__memset_veneer>
100095f6:	4f28      	ldr	r7, [pc, #160]	@ (10009698 <tud_rhport_init+0xcc>)
100095f8:	4b28      	ldr	r3, [pc, #160]	@ (1000969c <tud_rhport_init+0xd0>)
100095fa:	4829      	ldr	r0, [pc, #164]	@ (100096a0 <tud_rhport_init+0xd4>)
100095fc:	701c      	strb	r4, [r3, #0]
100095fe:	f7fb fbc5 	bl	10004d8c <critical_section_init>
10009602:	4638      	mov	r0, r7
10009604:	f7fb fbb4 	bl	10004d70 <mutex_init>
10009608:	4b26      	ldr	r3, [pc, #152]	@ (100096a4 <tud_rhport_init+0xd8>)
1000960a:	4827      	ldr	r0, [pc, #156]	@ (100096a8 <tud_rhport_init+0xdc>)
1000960c:	601f      	str	r7, [r3, #0]
1000960e:	f7fb fbbd 	bl	10004d8c <critical_section_init>
10009612:	4f26      	ldr	r7, [pc, #152]	@ (100096ac <tud_rhport_init+0xe0>)
10009614:	4826      	ldr	r0, [pc, #152]	@ (100096b0 <tud_rhport_init+0xe4>)
10009616:	f001 facf 	bl	1000abb8 <tu_fifo_clear>
1000961a:	4a26      	ldr	r2, [pc, #152]	@ (100096b4 <tud_rhport_init+0xe8>)
1000961c:	4b26      	ldr	r3, [pc, #152]	@ (100096b8 <tud_rhport_init+0xec>)
1000961e:	4638      	mov	r0, r7
10009620:	601a      	str	r2, [r3, #0]
10009622:	f7ff fa21 	bl	10008a68 <usbd_app_driver_get_cb>
10009626:	783a      	ldrb	r2, [r7, #0]
10009628:	f8df 9094 	ldr.w	r9, [pc, #148]	@ 100096c0 <tud_rhport_init+0xf4>
1000962c:	2aff      	cmp	r2, #255	@ 0xff
1000962e:	f8c9 0000 	str.w	r0, [r9]
10009632:	d025      	beq.n	10009680 <tud_rhport_init+0xb4>
10009634:	46a3      	mov	fp, r4
10009636:	4621      	mov	r1, r4
10009638:	f8df a088 	ldr.w	sl, [pc, #136]	@ 100096c4 <tud_rhport_init+0xf8>
1000963c:	428a      	cmp	r2, r1
1000963e:	d91c      	bls.n	1000967a <tud_rhport_init+0xae>
10009640:	f8d9 3000 	ldr.w	r3, [r9]
10009644:	191b      	adds	r3, r3, r4
10009646:	d01b      	beq.n	10009680 <tud_rhport_init+0xb4>
10009648:	685b      	ldr	r3, [r3, #4]
1000964a:	b1cb      	cbz	r3, 10009680 <tud_rhport_init+0xb4>
1000964c:	4798      	blx	r3
1000964e:	783a      	ldrb	r2, [r7, #0]
10009650:	f10b 0b01 	add.w	fp, fp, #1
10009654:	1c53      	adds	r3, r2, #1
10009656:	b2db      	uxtb	r3, r3
10009658:	fa5f f18b 	uxtb.w	r1, fp
1000965c:	428b      	cmp	r3, r1
1000965e:	f104 0424 	add.w	r4, r4, #36	@ 0x24
10009662:	d8eb      	bhi.n	1000963c <tud_rhport_init+0x70>
10009664:	4629      	mov	r1, r5
10009666:	4630      	mov	r0, r6
10009668:	f888 6000 	strb.w	r6, [r8]
1000966c:	f7ff fb8e 	bl	10008d8c <dcd_init>
10009670:	b130      	cbz	r0, 10009680 <tud_rhport_init+0xb4>
10009672:	4630      	mov	r0, r6
10009674:	f7ff fbf0 	bl	10008e58 <dcd_int_enable>
10009678:	e7b0      	b.n	100095dc <tud_rhport_init+0x10>
1000967a:	d101      	bne.n	10009680 <tud_rhport_init+0xb4>
1000967c:	4653      	mov	r3, sl
1000967e:	e7e5      	b.n	1000964c <tud_rhport_init+0x80>
10009680:	f04f 23e0 	mov.w	r3, #3758153728	@ 0xe000e000
10009684:	f8d3 3df0 	ldr.w	r3, [r3, #3568]	@ 0xdf0
10009688:	07db      	lsls	r3, r3, #31
1000968a:	d500      	bpl.n	1000968e <tud_rhport_init+0xc2>
1000968c:	be00      	bkpt	0x0000
1000968e:	2000      	movs	r0, #0
10009690:	e7a5      	b.n	100095de <tud_rhport_init+0x12>
10009692:	bf00      	nop
10009694:	200012d0 	.word	0x200012d0
10009698:	200012c8 	.word	0x200012c8
1000969c:	2000241a 	.word	0x2000241a
100096a0:	20001404 	.word	0x20001404
100096a4:	2000133c 	.word	0x2000133c
100096a8:	20000f48 	.word	0x20000f48
100096ac:	20002418 	.word	0x20002418
100096b0:	20000f34 	.word	0x20000f34
100096b4:	20000f30 	.word	0x20000f30
100096b8:	20001340 	.word	0x20001340
100096bc:	20000f50 	.word	0x20000f50
100096c0:	20001104 	.word	0x20001104
100096c4:	1000a261 	.word	0x1000a261

100096c8 <tud_control_status>:
100096c8:	b510      	push	{r4, lr}
100096ca:	4c1c      	ldr	r4, [pc, #112]	@ (1000973c <tud_control_status+0x74>)
100096cc:	b082      	sub	sp, #8
100096ce:	88e3      	ldrh	r3, [r4, #6]
100096d0:	b383      	cbz	r3, 10009734 <tud_control_status+0x6c>
100096d2:	7823      	ldrb	r3, [r4, #0]
100096d4:	43db      	mvns	r3, r3
100096d6:	f003 0180 	and.w	r1, r3, #128	@ 0x80
100096da:	f3c3 13c0 	ubfx	r3, r3, #7, #1
100096de:	441c      	add	r4, r3
100096e0:	f894 304b 	ldrb.w	r3, [r4, #75]	@ 0x4b
100096e4:	4a16      	ldr	r2, [pc, #88]	@ (10009740 <tud_control_status+0x78>)
100096e6:	f013 0301 	ands.w	r3, r3, #1
100096ea:	7810      	ldrb	r0, [r2, #0]
100096ec:	d009      	beq.n	10009702 <tud_control_status+0x3a>
100096ee:	f04f 23e0 	mov.w	r3, #3758153728	@ 0xe000e000
100096f2:	f8d3 3df0 	ldr.w	r3, [r3, #3568]	@ 0xdf0
100096f6:	07da      	lsls	r2, r3, #31
100096f8:	d500      	bpl.n	100096fc <tud_control_status+0x34>
100096fa:	be00      	bkpt	0x0000
100096fc:	2000      	movs	r0, #0
100096fe:	b002      	add	sp, #8
10009700:	bd10      	pop	{r4, pc}
10009702:	f894 204b 	ldrb.w	r2, [r4, #75]	@ 0x4b
10009706:	9300      	str	r3, [sp, #0]
10009708:	f042 0201 	orr.w	r2, r2, #1
1000970c:	f884 204b 	strb.w	r2, [r4, #75]	@ 0x4b
10009710:	461a      	mov	r2, r3
10009712:	f7ff fc71 	bl	10008ff8 <dcd_edpt_xfer>
10009716:	2800      	cmp	r0, #0
10009718:	d1f1      	bne.n	100096fe <tud_control_status+0x36>
1000971a:	f04f 22e0 	mov.w	r2, #3758153728	@ 0xe000e000
1000971e:	f894 304b 	ldrb.w	r3, [r4, #75]	@ 0x4b
10009722:	f003 03fa 	and.w	r3, r3, #250	@ 0xfa
10009726:	f884 304b 	strb.w	r3, [r4, #75]	@ 0x4b
1000972a:	f8d2 3df0 	ldr.w	r3, [r2, #3568]	@ 0xdf0
1000972e:	07db      	lsls	r3, r3, #31
10009730:	d5e4      	bpl.n	100096fc <tud_control_status+0x34>
10009732:	e7e2      	b.n	100096fa <tud_control_status+0x32>
10009734:	2301      	movs	r3, #1
10009736:	2180      	movs	r1, #128	@ 0x80
10009738:	e7d1      	b.n	100096de <tud_control_status+0x16>
1000973a:	bf00      	nop
1000973c:	200012d0 	.word	0x200012d0
10009740:	20000f50 	.word	0x20000f50

10009744 <tud_control_xfer>:
10009744:	b530      	push	{r4, r5, lr}
10009746:	4c45      	ldr	r4, [pc, #276]	@ (1000985c <tud_control_xfer+0x118>)
10009748:	b085      	sub	sp, #20
1000974a:	88e5      	ldrh	r5, [r4, #6]
1000974c:	60a2      	str	r2, [r4, #8]
1000974e:	42ab      	cmp	r3, r5
10009750:	bf28      	it	cs
10009752:	462b      	movcs	r3, r5
10009754:	81a3      	strh	r3, [r4, #12]
10009756:	2d00      	cmp	r5, #0
10009758:	d039      	beq.n	100097ce <tud_control_xfer+0x8a>
1000975a:	4611      	mov	r1, r2
1000975c:	4618      	mov	r0, r3
1000975e:	b10b      	cbz	r3, 10009764 <tud_control_xfer+0x20>
10009760:	2a00      	cmp	r2, #0
10009762:	d042      	beq.n	100097ea <tud_control_xfer+0xa6>
10009764:	89e5      	ldrh	r5, [r4, #14]
10009766:	f994 2000 	ldrsb.w	r2, [r4]
1000976a:	1b43      	subs	r3, r0, r5
1000976c:	b29b      	uxth	r3, r3
1000976e:	2b40      	cmp	r3, #64	@ 0x40
10009770:	bf28      	it	cs
10009772:	2340      	movcs	r3, #64	@ 0x40
10009774:	2a00      	cmp	r2, #0
10009776:	db1b      	blt.n	100097b0 <tud_control_xfer+0x6c>
10009778:	42a8      	cmp	r0, r5
1000977a:	f04f 0000 	mov.w	r0, #0
1000977e:	d069      	beq.n	10009854 <tud_control_xfer+0x110>
10009780:	4601      	mov	r1, r0
10009782:	4a37      	ldr	r2, [pc, #220]	@ (10009860 <tud_control_xfer+0x11c>)
10009784:	4404      	add	r4, r0
10009786:	f894 504b 	ldrb.w	r5, [r4, #75]	@ 0x4b
1000978a:	4836      	ldr	r0, [pc, #216]	@ (10009864 <tud_control_xfer+0x120>)
1000978c:	f015 0501 	ands.w	r5, r5, #1
10009790:	7800      	ldrb	r0, [r0, #0]
10009792:	d123      	bne.n	100097dc <tud_control_xfer+0x98>
10009794:	9500      	str	r5, [sp, #0]
10009796:	f894 504b 	ldrb.w	r5, [r4, #75]	@ 0x4b
1000979a:	f045 0501 	orr.w	r5, r5, #1
1000979e:	f884 504b 	strb.w	r5, [r4, #75]	@ 0x4b
100097a2:	f7ff fc29 	bl	10008ff8 <dcd_edpt_xfer>
100097a6:	2800      	cmp	r0, #0
100097a8:	d043      	beq.n	10009832 <tud_control_xfer+0xee>
100097aa:	2001      	movs	r0, #1
100097ac:	b005      	add	sp, #20
100097ae:	bd30      	pop	{r4, r5, pc}
100097b0:	42a8      	cmp	r0, r5
100097b2:	d04b      	beq.n	1000984c <tud_control_xfer+0x108>
100097b4:	482a      	ldr	r0, [pc, #168]	@ (10009860 <tud_control_xfer+0x11c>)
100097b6:	4281      	cmp	r1, r0
100097b8:	d005      	beq.n	100097c6 <tud_control_xfer+0x82>
100097ba:	b1b1      	cbz	r1, 100097ea <tud_control_xfer+0xa6>
100097bc:	461a      	mov	r2, r3
100097be:	9303      	str	r3, [sp, #12]
100097c0:	f001 fda6 	bl	1000b310 <__memcpy_veneer>
100097c4:	9b03      	ldr	r3, [sp, #12]
100097c6:	2001      	movs	r0, #1
100097c8:	2180      	movs	r1, #128	@ 0x80
100097ca:	4a25      	ldr	r2, [pc, #148]	@ (10009860 <tud_control_xfer+0x11c>)
100097cc:	e7da      	b.n	10009784 <tud_control_xfer+0x40>
100097ce:	f894 304c 	ldrb.w	r3, [r4, #76]	@ 0x4c
100097d2:	4a24      	ldr	r2, [pc, #144]	@ (10009864 <tud_control_xfer+0x120>)
100097d4:	f013 0301 	ands.w	r3, r3, #1
100097d8:	7810      	ldrb	r0, [r2, #0]
100097da:	d010      	beq.n	100097fe <tud_control_xfer+0xba>
100097dc:	f04f 23e0 	mov.w	r3, #3758153728	@ 0xe000e000
100097e0:	f8d3 3df0 	ldr.w	r3, [r3, #3568]	@ 0xdf0
100097e4:	07da      	lsls	r2, r3, #31
100097e6:	d500      	bpl.n	100097ea <tud_control_xfer+0xa6>
100097e8:	be00      	bkpt	0x0000
100097ea:	f04f 23e0 	mov.w	r3, #3758153728	@ 0xe000e000
100097ee:	f8d3 3df0 	ldr.w	r3, [r3, #3568]	@ 0xdf0
100097f2:	07d9      	lsls	r1, r3, #31
100097f4:	d500      	bpl.n	100097f8 <tud_control_xfer+0xb4>
100097f6:	be00      	bkpt	0x0000
100097f8:	2000      	movs	r0, #0
100097fa:	b005      	add	sp, #20
100097fc:	bd30      	pop	{r4, r5, pc}
100097fe:	f894 104c 	ldrb.w	r1, [r4, #76]	@ 0x4c
10009802:	461a      	mov	r2, r3
10009804:	f041 0101 	orr.w	r1, r1, #1
10009808:	9300      	str	r3, [sp, #0]
1000980a:	f884 104c 	strb.w	r1, [r4, #76]	@ 0x4c
1000980e:	2180      	movs	r1, #128	@ 0x80
10009810:	f7ff fbf2 	bl	10008ff8 <dcd_edpt_xfer>
10009814:	2800      	cmp	r0, #0
10009816:	d1c8      	bne.n	100097aa <tud_control_xfer+0x66>
10009818:	f04f 22e0 	mov.w	r2, #3758153728	@ 0xe000e000
1000981c:	f894 304c 	ldrb.w	r3, [r4, #76]	@ 0x4c
10009820:	f003 03fa 	and.w	r3, r3, #250	@ 0xfa
10009824:	f884 304c 	strb.w	r3, [r4, #76]	@ 0x4c
10009828:	f8d2 3df0 	ldr.w	r3, [r2, #3568]	@ 0xdf0
1000982c:	07db      	lsls	r3, r3, #31
1000982e:	d5dc      	bpl.n	100097ea <tud_control_xfer+0xa6>
10009830:	e7da      	b.n	100097e8 <tud_control_xfer+0xa4>
10009832:	f04f 22e0 	mov.w	r2, #3758153728	@ 0xe000e000
10009836:	f894 304b 	ldrb.w	r3, [r4, #75]	@ 0x4b
1000983a:	f003 03fa 	and.w	r3, r3, #250	@ 0xfa
1000983e:	f884 304b 	strb.w	r3, [r4, #75]	@ 0x4b
10009842:	f8d2 3df0 	ldr.w	r3, [r2, #3568]	@ 0xdf0
10009846:	07d8      	lsls	r0, r3, #31
10009848:	d5cf      	bpl.n	100097ea <tud_control_xfer+0xa6>
1000984a:	e7cd      	b.n	100097e8 <tud_control_xfer+0xa4>
1000984c:	2001      	movs	r0, #1
1000984e:	2180      	movs	r1, #128	@ 0x80
10009850:	2200      	movs	r2, #0
10009852:	e797      	b.n	10009784 <tud_control_xfer+0x40>
10009854:	4601      	mov	r1, r0
10009856:	4602      	mov	r2, r0
10009858:	e794      	b.n	10009784 <tud_control_xfer+0x40>
1000985a:	bf00      	nop
1000985c:	200012d0 	.word	0x200012d0
10009860:	20001264 	.word	0x20001264
10009864:	20000f50 	.word	0x20000f50

10009868 <usbd_edpt_open>:
10009868:	4b08      	ldr	r3, [pc, #32]	@ (1000988c <usbd_edpt_open+0x24>)
1000986a:	7818      	ldrb	r0, [r3, #0]
1000986c:	888b      	ldrh	r3, [r1, #4]
1000986e:	f3c3 030a 	ubfx	r3, r3, #0, #11
10009872:	b943      	cbnz	r3, 10009886 <usbd_edpt_open+0x1e>
10009874:	f04f 23e0 	mov.w	r3, #3758153728	@ 0xe000e000
10009878:	f8d3 3df0 	ldr.w	r3, [r3, #3568]	@ 0xdf0
1000987c:	07db      	lsls	r3, r3, #31
1000987e:	d500      	bpl.n	10009882 <usbd_edpt_open+0x1a>
10009880:	be00      	bkpt	0x0000
10009882:	2000      	movs	r0, #0
10009884:	4770      	bx	lr
10009886:	f7ff bb1f 	b.w	10008ec8 <dcd_edpt_open>
1000988a:	bf00      	nop
1000988c:	20000f50 	.word	0x20000f50

10009890 <usbd_edpt_claim>:
10009890:	460b      	mov	r3, r1
10009892:	4a06      	ldr	r2, [pc, #24]	@ (100098ac <usbd_edpt_claim+0x1c>)
10009894:	4806      	ldr	r0, [pc, #24]	@ (100098b0 <usbd_edpt_claim+0x20>)
10009896:	6811      	ldr	r1, [r2, #0]
10009898:	09da      	lsrs	r2, r3, #7
1000989a:	324b      	adds	r2, #75	@ 0x4b
1000989c:	f003 030f 	and.w	r3, r3, #15
100098a0:	eb02 0343 	add.w	r3, r2, r3, lsl #1
100098a4:	4418      	add	r0, r3
100098a6:	f000 bed7 	b.w	1000a658 <tu_edpt_claim>
100098aa:	bf00      	nop
100098ac:	2000133c 	.word	0x2000133c
100098b0:	200012d0 	.word	0x200012d0

100098b4 <usbd_edpt_release>:
100098b4:	460b      	mov	r3, r1
100098b6:	4a06      	ldr	r2, [pc, #24]	@ (100098d0 <usbd_edpt_release+0x1c>)
100098b8:	4806      	ldr	r0, [pc, #24]	@ (100098d4 <usbd_edpt_release+0x20>)
100098ba:	6811      	ldr	r1, [r2, #0]
100098bc:	09da      	lsrs	r2, r3, #7
100098be:	324b      	adds	r2, #75	@ 0x4b
100098c0:	f003 030f 	and.w	r3, r3, #15
100098c4:	eb02 0343 	add.w	r3, r2, r3, lsl #1
100098c8:	4418      	add	r0, r3
100098ca:	f000 bee5 	b.w	1000a698 <tu_edpt_release>
100098ce:	bf00      	nop
100098d0:	2000133c 	.word	0x2000133c
100098d4:	200012d0 	.word	0x200012d0

100098d8 <usbd_edpt_xfer>:
100098d8:	b530      	push	{r4, r5, lr}
100098da:	4c19      	ldr	r4, [pc, #100]	@ (10009940 <usbd_edpt_xfer+0x68>)
100098dc:	f001 0e0f 	and.w	lr, r1, #15
100098e0:	eb04 044e 	add.w	r4, r4, lr, lsl #1
100098e4:	eb04 14d1 	add.w	r4, r4, r1, lsr #7
100098e8:	f894 c04b 	ldrb.w	ip, [r4, #75]	@ 0x4b
100098ec:	4815      	ldr	r0, [pc, #84]	@ (10009944 <usbd_edpt_xfer+0x6c>)
100098ee:	b083      	sub	sp, #12
100098f0:	f01c 0f01 	tst.w	ip, #1
100098f4:	f89d 5018 	ldrb.w	r5, [sp, #24]
100098f8:	7800      	ldrb	r0, [r0, #0]
100098fa:	d009      	beq.n	10009910 <usbd_edpt_xfer+0x38>
100098fc:	f04f 23e0 	mov.w	r3, #3758153728	@ 0xe000e000
10009900:	f8d3 3df0 	ldr.w	r3, [r3, #3568]	@ 0xdf0
10009904:	07da      	lsls	r2, r3, #31
10009906:	d500      	bpl.n	1000990a <usbd_edpt_xfer+0x32>
10009908:	be00      	bkpt	0x0000
1000990a:	2000      	movs	r0, #0
1000990c:	b003      	add	sp, #12
1000990e:	bd30      	pop	{r4, r5, pc}
10009910:	9500      	str	r5, [sp, #0]
10009912:	f894 c04b 	ldrb.w	ip, [r4, #75]	@ 0x4b
10009916:	f04c 0c01 	orr.w	ip, ip, #1
1000991a:	f884 c04b 	strb.w	ip, [r4, #75]	@ 0x4b
1000991e:	f7ff fb6b 	bl	10008ff8 <dcd_edpt_xfer>
10009922:	2800      	cmp	r0, #0
10009924:	d1f2      	bne.n	1000990c <usbd_edpt_xfer+0x34>
10009926:	f04f 22e0 	mov.w	r2, #3758153728	@ 0xe000e000
1000992a:	f894 304b 	ldrb.w	r3, [r4, #75]	@ 0x4b
1000992e:	f003 03fa 	and.w	r3, r3, #250	@ 0xfa
10009932:	f884 304b 	strb.w	r3, [r4, #75]	@ 0x4b
10009936:	f8d2 3df0 	ldr.w	r3, [r2, #3568]	@ 0xdf0
1000993a:	07db      	lsls	r3, r3, #31
1000993c:	d5e5      	bpl.n	1000990a <usbd_edpt_xfer+0x32>
1000993e:	e7e3      	b.n	10009908 <usbd_edpt_xfer+0x30>
10009940:	200012d0 	.word	0x200012d0
10009944:	20000f50 	.word	0x20000f50

10009948 <tud_task_ext>:
10009948:	e92d 4ff0 	stmdb	sp!, {r4, r5, r6, r7, r8, r9, sl, fp, lr}
1000994c:	f8df b2e4 	ldr.w	fp, [pc, #740]	@ 10009c34 <tud_task_ext+0x2ec>
10009950:	b08d      	sub	sp, #52	@ 0x34
10009952:	f89b 3000 	ldrb.w	r3, [fp]
10009956:	2bff      	cmp	r3, #255	@ 0xff
10009958:	d03e      	beq.n	100099d8 <tud_task_ext+0x90>
1000995a:	2410      	movs	r4, #16
1000995c:	2600      	movs	r6, #0
1000995e:	4db0      	ldr	r5, [pc, #704]	@ (10009c20 <tud_task_ext+0x2d8>)
10009960:	4fb0      	ldr	r7, [pc, #704]	@ (10009c24 <tud_task_ext+0x2dc>)
10009962:	f8df a2d4 	ldr.w	sl, [pc, #724]	@ 10009c38 <tud_task_ext+0x2f0>
10009966:	9402      	str	r4, [sp, #8]
10009968:	f8d5 8000 	ldr.w	r8, [r5]
1000996c:	f8d8 3018 	ldr.w	r3, [r8, #24]
10009970:	f3ef 8210 	mrs	r2, PRIMASK
10009974:	b672      	cpsid	i
10009976:	e8d3 0fcf 	ldaexb	r0, [r3]
1000997a:	2101      	movs	r1, #1
1000997c:	2800      	cmp	r0, #0
1000997e:	d1fa      	bne.n	10009976 <tud_task_ext+0x2e>
10009980:	e8c3 1f40 	strexb	r0, r1, [r3]
10009984:	2800      	cmp	r0, #0
10009986:	d1f6      	bne.n	10009976 <tud_task_ext+0x2e>
10009988:	f3bf 8f5f 	dmb	sy
1000998c:	4640      	mov	r0, r8
1000998e:	f8c8 201c 	str.w	r2, [r8, #28]
10009992:	2300      	movs	r3, #0
10009994:	f830 2b04 	ldrh.w	r2, [r0], #4
10009998:	a909      	add	r1, sp, #36	@ 0x24
1000999a:	f001 f947 	bl	1000ac2c <tu_fifo_read_n_access_mode>
1000999e:	f8d8 3018 	ldr.w	r3, [r8, #24]
100099a2:	e8c3 6f8f 	stlb	r6, [r3]
100099a6:	f8d8 301c 	ldr.w	r3, [r8, #28]
100099aa:	f383 8810 	msr	PRIMASK, r3
100099ae:	b198      	cbz	r0, 100099d8 <tud_task_ext+0x90>
100099b0:	f89d 3025 	ldrb.w	r3, [sp, #37]	@ 0x25
100099b4:	3b01      	subs	r3, #1
100099b6:	2b07      	cmp	r3, #7
100099b8:	f200 8109 	bhi.w	10009bce <tud_task_ext+0x286>
100099bc:	e8df f003 	tbb	[pc, r3]
100099c0:	8a949ca3 	.word	0x8a949ca3
100099c4:	040f3384 	.word	0x040f3384
100099c8:	9b0a      	ldr	r3, [sp, #40]	@ 0x28
100099ca:	b10b      	cbz	r3, 100099d0 <tud_task_ext+0x88>
100099cc:	980b      	ldr	r0, [sp, #44]	@ 0x2c
100099ce:	4798      	blx	r3
100099d0:	9b02      	ldr	r3, [sp, #8]
100099d2:	3b01      	subs	r3, #1
100099d4:	9302      	str	r3, [sp, #8]
100099d6:	d1c7      	bne.n	10009968 <tud_task_ext+0x20>
100099d8:	b00d      	add	sp, #52	@ 0x34
100099da:	e8bd 8ff0 	ldmia.w	sp!, {r4, r5, r6, r7, r8, r9, sl, fp, pc}
100099de:	f89d 1028 	ldrb.w	r1, [sp, #40]	@ 0x28
100099e2:	f001 080f 	and.w	r8, r1, #15
100099e6:	eb07 0348 	add.w	r3, r7, r8, lsl #1
100099ea:	eb03 13d1 	add.w	r3, r3, r1, lsr #7
100099ee:	f893 204b 	ldrb.w	r2, [r3, #75]	@ 0x4b
100099f2:	f002 02fa 	and.w	r2, r2, #250	@ 0xfa
100099f6:	f883 204b 	strb.w	r2, [r3, #75]	@ 0x4b
100099fa:	f1b8 0f00 	cmp.w	r8, #0
100099fe:	f000 8094 	beq.w	10009b2a <tud_task_ext+0x1e2>
10009a02:	4a89      	ldr	r2, [pc, #548]	@ (10009c28 <tud_task_ext+0x2e0>)
10009a04:	f893 302b 	ldrb.w	r3, [r3, #43]	@ 0x2b
10009a08:	7812      	ldrb	r2, [r2, #0]
10009a0a:	4293      	cmp	r3, r2
10009a0c:	f0c0 8083 	bcc.w	10009b16 <tud_task_ext+0x1ce>
10009a10:	f040 80fc 	bne.w	10009c0c <tud_task_ext+0x2c4>
10009a14:	f8df 8224 	ldr.w	r8, [pc, #548]	@ 10009c3c <tud_task_ext+0x2f4>
10009a18:	9b0b      	ldr	r3, [sp, #44]	@ 0x2c
10009a1a:	f89d 2029 	ldrb.w	r2, [sp, #41]	@ 0x29
10009a1e:	f89d 0024 	ldrb.w	r0, [sp, #36]	@ 0x24
10009a22:	47c0      	blx	r8
10009a24:	e7d4      	b.n	100099d0 <tud_task_ext+0x88>
10009a26:	f89a 3000 	ldrb.w	r3, [sl]
10009a2a:	2b00      	cmp	r3, #0
10009a2c:	d0d0      	beq.n	100099d0 <tud_task_ext+0x88>
10009a2e:	f89a 3000 	ldrb.w	r3, [sl]
10009a32:	3b01      	subs	r3, #1
10009a34:	b2db      	uxtb	r3, r3
10009a36:	f88a 3000 	strb.w	r3, [sl]
10009a3a:	f89a 3000 	ldrb.w	r3, [sl]
10009a3e:	f003 02ff 	and.w	r2, r3, #255	@ 0xff
10009a42:	2b00      	cmp	r3, #0
10009a44:	d1c4      	bne.n	100099d0 <tud_task_ext+0x88>
10009a46:	f04f 0c01 	mov.w	ip, #1
10009a4a:	f8df 81d8 	ldr.w	r8, [pc, #472]	@ 10009c24 <tud_task_ext+0x2dc>
10009a4e:	ab0c      	add	r3, sp, #48	@ 0x30
10009a50:	e913 0003 	ldmdb	r3, {r0, r1}
10009a54:	e888 0003 	stmia.w	r8, {r0, r1}
10009a58:	f898 3000 	ldrb.w	r3, [r8]
10009a5c:	f888 c014 	strb.w	ip, [r8, #20]
10009a60:	f003 0060 	and.w	r0, r3, #96	@ 0x60
10009a64:	2860      	cmp	r0, #96	@ 0x60
10009a66:	f888 204b 	strb.w	r2, [r8, #75]	@ 0x4b
10009a6a:	e9c8 2202 	strd	r2, r2, [r8, #8]
10009a6e:	f89d 9024 	ldrb.w	r9, [sp, #36]	@ 0x24
10009a72:	f8c8 2010 	str.w	r2, [r8, #16]
10009a76:	f888 204c 	strb.w	r2, [r8, #76]	@ 0x4c
10009a7a:	f000 80e4 	beq.w	10009c46 <tud_task_ext+0x2fe>
10009a7e:	2840      	cmp	r0, #64	@ 0x40
10009a80:	f000 8246 	beq.w	10009f10 <tud_task_ext+0x5c8>
10009a84:	f003 031f 	and.w	r3, r3, #31
10009a88:	2b01      	cmp	r3, #1
10009a8a:	f000 81c9 	beq.w	10009e20 <tud_task_ext+0x4d8>
10009a8e:	2b02      	cmp	r3, #2
10009a90:	f000 80ec 	beq.w	10009c6c <tud_task_ext+0x324>
10009a94:	2b00      	cmp	r3, #0
10009a96:	f040 80d6 	bne.w	10009c46 <tud_task_ext+0x2fe>
10009a9a:	2820      	cmp	r0, #32
10009a9c:	f000 8245 	beq.w	10009f2a <tud_task_ext+0x5e2>
10009aa0:	2800      	cmp	r0, #0
10009aa2:	f040 80d0 	bne.w	10009c46 <tud_task_ext+0x2fe>
10009aa6:	f898 3001 	ldrb.w	r3, [r8, #1]
10009aaa:	2b09      	cmp	r3, #9
10009aac:	f200 80cb 	bhi.w	10009c46 <tud_task_ext+0x2fe>
10009ab0:	e8df f013 	tbh	[pc, r3, lsl #1]
10009ab4:	016d017d 	.word	0x016d017d
10009ab8:	015d00c9 	.word	0x015d00c9
10009abc:	015400c9 	.word	0x015400c9
10009ac0:	00c9012b 	.word	0x00c9012b
10009ac4:	010a011f 	.word	0x010a011f
10009ac8:	7d3b      	ldrb	r3, [r7, #20]
10009aca:	2b00      	cmp	r3, #0
10009acc:	d080      	beq.n	100099d0 <tud_task_ext+0x88>
10009ace:	f7ff fd6b 	bl	100095a8 <tud_resume_cb>
10009ad2:	e77d      	b.n	100099d0 <tud_task_ext+0x88>
10009ad4:	7d3b      	ldrb	r3, [r7, #20]
10009ad6:	2b00      	cmp	r3, #0
10009ad8:	f43f af7a 	beq.w	100099d0 <tud_task_ext+0x88>
10009adc:	7df8      	ldrb	r0, [r7, #23]
10009ade:	f3c0 0040 	ubfx	r0, r0, #1, #1
10009ae2:	f7ff fd5f 	bl	100095a4 <tud_suspend_cb>
10009ae6:	e773      	b.n	100099d0 <tud_task_ext+0x88>
10009ae8:	7ebb      	ldrb	r3, [r7, #26]
10009aea:	07da      	lsls	r2, r3, #31
10009aec:	f57f af70 	bpl.w	100099d0 <tud_task_ext+0x88>
10009af0:	980a      	ldr	r0, [sp, #40]	@ 0x28
10009af2:	f7ff fd4d 	bl	10009590 <tud_sof_cb>
10009af6:	e76b      	b.n	100099d0 <tud_task_ext+0x88>
10009af8:	f89d 0024 	ldrb.w	r0, [sp, #36]	@ 0x24
10009afc:	f7ff fcfa 	bl	100094f4 <configuration_reset>
10009b00:	f7ff fd4e 	bl	100095a0 <tud_umount_cb>
10009b04:	e764      	b.n	100099d0 <tud_task_ext+0x88>
10009b06:	f89d 0024 	ldrb.w	r0, [sp, #36]	@ 0x24
10009b0a:	f7ff fcf3 	bl	100094f4 <configuration_reset>
10009b0e:	f89d 3028 	ldrb.w	r3, [sp, #40]	@ 0x28
10009b12:	767b      	strb	r3, [r7, #25]
10009b14:	e75c      	b.n	100099d0 <tud_task_ext+0x88>
10009b16:	4a45      	ldr	r2, [pc, #276]	@ (10009c2c <tud_task_ext+0x2e4>)
10009b18:	eb03 03c3 	add.w	r3, r3, r3, lsl #3
10009b1c:	6812      	ldr	r2, [r2, #0]
10009b1e:	eb12 0283 	adds.w	r2, r2, r3, lsl #2
10009b22:	d073      	beq.n	10009c0c <tud_task_ext+0x2c4>
10009b24:	f8d2 8018 	ldr.w	r8, [r2, #24]
10009b28:	e776      	b.n	10009a18 <tud_task_ext+0xd0>
10009b2a:	f8b7 e006 	ldrh.w	lr, [r7, #6]
10009b2e:	f89d 3024 	ldrb.w	r3, [sp, #36]	@ 0x24
10009b32:	9a0b      	ldr	r2, [sp, #44]	@ 0x2c
10009b34:	f1be 0f00 	cmp.w	lr, #0
10009b38:	d052      	beq.n	10009be0 <tud_task_ext+0x298>
10009b3a:	f897 9000 	ldrb.w	r9, [r7]
10009b3e:	ea6f 0909 	mvn.w	r9, r9
10009b42:	f009 0980 	and.w	r9, r9, #128	@ 0x80
10009b46:	4549      	cmp	r1, r9
10009b48:	d04d      	beq.n	10009be6 <tud_task_ext+0x29e>
10009b4a:	f997 1000 	ldrsb.w	r1, [r7]
10009b4e:	68b8      	ldr	r0, [r7, #8]
10009b50:	2900      	cmp	r1, #0
10009b52:	db75      	blt.n	10009c40 <tud_task_ext+0x2f8>
10009b54:	2800      	cmp	r0, #0
10009b56:	f43f af3b 	beq.w	100099d0 <tud_task_ext+0x88>
10009b5a:	f8b7 c00e 	ldrh.w	ip, [r7, #14]
10009b5e:	89b9      	ldrh	r1, [r7, #12]
10009b60:	eba1 010c 	sub.w	r1, r1, ip
10009b64:	428a      	cmp	r2, r1
10009b66:	bf28      	it	cs
10009b68:	460a      	movcs	r2, r1
10009b6a:	4931      	ldr	r1, [pc, #196]	@ (10009c30 <tud_task_ext+0x2e8>)
10009b6c:	4288      	cmp	r0, r1
10009b6e:	d00a      	beq.n	10009b86 <tud_task_ext+0x23e>
10009b70:	e9cd 2303 	strd	r2, r3, [sp, #12]
10009b74:	f001 fbcc 	bl	1000b310 <__memcpy_veneer>
10009b78:	e9dd 2303 	ldrd	r2, r3, [sp, #12]
10009b7c:	f8b7 c00e 	ldrh.w	ip, [r7, #14]
10009b80:	68b8      	ldr	r0, [r7, #8]
10009b82:	f8b7 e006 	ldrh.w	lr, [r7, #6]
10009b86:	4494      	add	ip, r2
10009b88:	fa1f fc8c 	uxth.w	ip, ip
10009b8c:	1881      	adds	r1, r0, r2
10009b8e:	45f4      	cmp	ip, lr
10009b90:	f8a7 c00e 	strh.w	ip, [r7, #14]
10009b94:	60b9      	str	r1, [r7, #8]
10009b96:	d002      	beq.n	10009b9e <tud_task_ext+0x256>
10009b98:	2a3f      	cmp	r2, #63	@ 0x3f
10009b9a:	f200 8114 	bhi.w	10009dc6 <tud_task_ext+0x47e>
10009b9e:	f8d7 8010 	ldr.w	r8, [r7, #16]
10009ba2:	f1b8 0f00 	cmp.w	r8, #0
10009ba6:	d008      	beq.n	10009bba <tud_task_ext+0x272>
10009ba8:	4618      	mov	r0, r3
10009baa:	2102      	movs	r1, #2
10009bac:	4a1d      	ldr	r2, [pc, #116]	@ (10009c24 <tud_task_ext+0x2dc>)
10009bae:	9303      	str	r3, [sp, #12]
10009bb0:	47c0      	blx	r8
10009bb2:	9b03      	ldr	r3, [sp, #12]
10009bb4:	2800      	cmp	r0, #0
10009bb6:	f000 8128 	beq.w	10009e0a <tud_task_ext+0x4c2>
10009bba:	4618      	mov	r0, r3
10009bbc:	2300      	movs	r3, #0
10009bbe:	4649      	mov	r1, r9
10009bc0:	461a      	mov	r2, r3
10009bc2:	9300      	str	r3, [sp, #0]
10009bc4:	f7ff fe88 	bl	100098d8 <usbd_edpt_xfer>
10009bc8:	2800      	cmp	r0, #0
10009bca:	f47f af01 	bne.w	100099d0 <tud_task_ext+0x88>
10009bce:	f04f 23e0 	mov.w	r3, #3758153728	@ 0xe000e000
10009bd2:	f8d3 3df0 	ldr.w	r3, [r3, #3568]	@ 0xdf0
10009bd6:	07db      	lsls	r3, r3, #31
10009bd8:	f57f aefa 	bpl.w	100099d0 <tud_task_ext+0x88>
10009bdc:	be00      	bkpt	0x0000
10009bde:	e6f7      	b.n	100099d0 <tud_task_ext+0x88>
10009be0:	f04f 0980 	mov.w	r9, #128	@ 0x80
10009be4:	e7af      	b.n	10009b46 <tud_task_ext+0x1fe>
10009be6:	2a00      	cmp	r2, #0
10009be8:	d1f1      	bne.n	10009bce <tud_task_ext+0x286>
10009bea:	4618      	mov	r0, r3
10009bec:	490d      	ldr	r1, [pc, #52]	@ (10009c24 <tud_task_ext+0x2dc>)
10009bee:	9303      	str	r3, [sp, #12]
10009bf0:	f7ff f95c 	bl	10008eac <dcd_edpt0_status_complete>
10009bf4:	f8d7 8010 	ldr.w	r8, [r7, #16]
10009bf8:	f1b8 0f00 	cmp.w	r8, #0
10009bfc:	f43f aee8 	beq.w	100099d0 <tud_task_ext+0x88>
10009c00:	9b03      	ldr	r3, [sp, #12]
10009c02:	2103      	movs	r1, #3
10009c04:	4618      	mov	r0, r3
10009c06:	4a07      	ldr	r2, [pc, #28]	@ (10009c24 <tud_task_ext+0x2dc>)
10009c08:	47c0      	blx	r8
10009c0a:	e6e1      	b.n	100099d0 <tud_task_ext+0x88>
10009c0c:	f04f 23e0 	mov.w	r3, #3758153728	@ 0xe000e000
10009c10:	f8d3 3df0 	ldr.w	r3, [r3, #3568]	@ 0xdf0
10009c14:	07d9      	lsls	r1, r3, #31
10009c16:	f57f aedf 	bpl.w	100099d8 <tud_task_ext+0x90>
10009c1a:	be00      	bkpt	0x0000
10009c1c:	e6dc      	b.n	100099d8 <tud_task_ext+0x90>
10009c1e:	bf00      	nop
10009c20:	20001340 	.word	0x20001340
10009c24:	200012d0 	.word	0x200012d0
10009c28:	20002418 	.word	0x20002418
10009c2c:	20001104 	.word	0x20001104
10009c30:	20001264 	.word	0x20001264
10009c34:	20000f50 	.word	0x20000f50
10009c38:	2000241a 	.word	0x2000241a
10009c3c:	1000a4d9 	.word	0x1000a4d9
10009c40:	f8b7 c00e 	ldrh.w	ip, [r7, #14]
10009c44:	e79f      	b.n	10009b86 <tud_task_ext+0x23e>
10009c46:	f04f 23e0 	mov.w	r3, #3758153728	@ 0xe000e000
10009c4a:	f8d3 3df0 	ldr.w	r3, [r3, #3568]	@ 0xdf0
10009c4e:	07db      	lsls	r3, r3, #31
10009c50:	d502      	bpl.n	10009c58 <tud_task_ext+0x310>
10009c52:	be00      	bkpt	0x0000
10009c54:	f89d 9024 	ldrb.w	r9, [sp, #36]	@ 0x24
10009c58:	4648      	mov	r0, r9
10009c5a:	2100      	movs	r1, #0
10009c5c:	f7ff f9fe 	bl	1000905c <dcd_edpt_stall>
10009c60:	2180      	movs	r1, #128	@ 0x80
10009c62:	f89d 0024 	ldrb.w	r0, [sp, #36]	@ 0x24
10009c66:	f7ff f9f9 	bl	1000905c <dcd_edpt_stall>
10009c6a:	e6b1      	b.n	100099d0 <tud_task_ext+0x88>
10009c6c:	f898 1004 	ldrb.w	r1, [r8, #4]
10009c70:	4abe      	ldr	r2, [pc, #760]	@ (10009f6c <tud_task_ext+0x624>)
10009c72:	f001 040f 	and.w	r4, r1, #15
10009c76:	eb08 0344 	add.w	r3, r8, r4, lsl #1
10009c7a:	eb03 13d1 	add.w	r3, r3, r1, lsr #7
10009c7e:	f892 c000 	ldrb.w	ip, [r2]
10009c82:	f893 202b 	ldrb.w	r2, [r3, #43]	@ 0x2b
10009c86:	0063      	lsls	r3, r4, #1
10009c88:	4562      	cmp	r2, ip
10009c8a:	9303      	str	r3, [sp, #12]
10009c8c:	ea4f 13d1 	mov.w	r3, r1, lsr #7
10009c90:	f080 811f 	bcs.w	10009ed2 <tud_task_ext+0x58a>
10009c94:	f8df c2e0 	ldr.w	ip, [pc, #736]	@ 10009f78 <tud_task_ext+0x630>
10009c98:	eb02 02c2 	add.w	r2, r2, r2, lsl #3
10009c9c:	f8dc 4000 	ldr.w	r4, [ip]
10009ca0:	eb04 0482 	add.w	r4, r4, r2, lsl #2
10009ca4:	2800      	cmp	r0, #0
10009ca6:	f000 8119 	beq.w	10009edc <tud_task_ext+0x594>
10009caa:	2c00      	cmp	r4, #0
10009cac:	d0d4      	beq.n	10009c58 <tud_task_ext+0x310>
10009cae:	6963      	ldr	r3, [r4, #20]
10009cb0:	4648      	mov	r0, r9
10009cb2:	2101      	movs	r1, #1
10009cb4:	4aae      	ldr	r2, [pc, #696]	@ (10009f70 <tud_task_ext+0x628>)
10009cb6:	f8c8 3010 	str.w	r3, [r8, #16]
10009cba:	4798      	blx	r3
10009cbc:	2800      	cmp	r0, #0
10009cbe:	f47f ae87 	bne.w	100099d0 <tud_task_ext+0x88>
10009cc2:	f89d 9024 	ldrb.w	r9, [sp, #36]	@ 0x24
10009cc6:	e7c7      	b.n	10009c58 <tud_task_ext+0x310>
10009cc8:	f898 2002 	ldrb.w	r2, [r8, #2]
10009ccc:	f898 3018 	ldrb.w	r3, [r8, #24]
10009cd0:	429a      	cmp	r2, r3
10009cd2:	d009      	beq.n	10009ce8 <tud_task_ext+0x3a0>
10009cd4:	2b00      	cmp	r3, #0
10009cd6:	f040 820c 	bne.w	1000a0f2 <tud_task_ext+0x7aa>
10009cda:	f888 2018 	strb.w	r2, [r8, #24]
10009cde:	2a00      	cmp	r2, #0
10009ce0:	f040 8197 	bne.w	1000a012 <tud_task_ext+0x6ca>
10009ce4:	f7ff fc5c 	bl	100095a0 <tud_umount_cb>
10009ce8:	4648      	mov	r0, r9
10009cea:	49a1      	ldr	r1, [pc, #644]	@ (10009f70 <tud_task_ext+0x628>)
10009cec:	f7ff fcec 	bl	100096c8 <tud_control_status>
10009cf0:	e66e      	b.n	100099d0 <tud_task_ext+0x88>
10009cf2:	f898 3018 	ldrb.w	r3, [r8, #24]
10009cf6:	f88d 3022 	strb.w	r3, [sp, #34]	@ 0x22
10009cfa:	4648      	mov	r0, r9
10009cfc:	2301      	movs	r3, #1
10009cfe:	499c      	ldr	r1, [pc, #624]	@ (10009f70 <tud_task_ext+0x628>)
10009d00:	f10d 0222 	add.w	r2, sp, #34	@ 0x22
10009d04:	f7ff fd1e 	bl	10009744 <tud_control_xfer>
10009d08:	e662      	b.n	100099d0 <tud_task_ext+0x88>
10009d0a:	f8b8 0002 	ldrh.w	r0, [r8, #2]
10009d0e:	0a03      	lsrs	r3, r0, #8
10009d10:	3b01      	subs	r3, #1
10009d12:	0a02      	lsrs	r2, r0, #8
10009d14:	b2c0      	uxtb	r0, r0
10009d16:	2b0e      	cmp	r3, #14
10009d18:	d89e      	bhi.n	10009c58 <tud_task_ext+0x310>
10009d1a:	a101      	add	r1, pc, #4	@ (adr r1, 10009d20 <tud_task_ext+0x3d8>)
10009d1c:	f851 f023 	ldr.w	pc, [r1, r3, lsl #2]
10009d20:	1000a163 	.word	0x1000a163
10009d24:	1000a151 	.word	0x1000a151
10009d28:	1000a141 	.word	0x1000a141
10009d2c:	10009c59 	.word	0x10009c59
10009d30:	10009c59 	.word	0x10009c59
10009d34:	1000a129 	.word	0x1000a129
10009d38:	1000a151 	.word	0x1000a151
10009d3c:	10009c59 	.word	0x10009c59
10009d40:	10009c59 	.word	0x10009c59
10009d44:	10009c59 	.word	0x10009c59
10009d48:	10009c59 	.word	0x10009c59
10009d4c:	10009c59 	.word	0x10009c59
10009d50:	10009c59 	.word	0x10009c59
10009d54:	10009c59 	.word	0x10009c59
10009d58:	10009ffb 	.word	0x10009ffb
10009d5c:	4648      	mov	r0, r9
10009d5e:	f898 1002 	ldrb.w	r1, [r8, #2]
10009d62:	f7ff f87d 	bl	10008e60 <dcd_set_address>
10009d66:	2301      	movs	r3, #1
10009d68:	f888 3015 	strb.w	r3, [r8, #21]
10009d6c:	e630      	b.n	100099d0 <tud_task_ext+0x88>
10009d6e:	f8b8 3002 	ldrh.w	r3, [r8, #2]
10009d72:	2b01      	cmp	r3, #1
10009d74:	f47f af70 	bne.w	10009c58 <tud_task_ext+0x310>
10009d78:	f898 3017 	ldrb.w	r3, [r8, #23]
10009d7c:	4648      	mov	r0, r9
10009d7e:	f043 0302 	orr.w	r3, r3, #2
10009d82:	497b      	ldr	r1, [pc, #492]	@ (10009f70 <tud_task_ext+0x628>)
10009d84:	f888 3017 	strb.w	r3, [r8, #23]
10009d88:	f7ff fc9e 	bl	100096c8 <tud_control_status>
10009d8c:	e620      	b.n	100099d0 <tud_task_ext+0x88>
10009d8e:	f8b8 3002 	ldrh.w	r3, [r8, #2]
10009d92:	2b01      	cmp	r3, #1
10009d94:	f47f af60 	bne.w	10009c58 <tud_task_ext+0x310>
10009d98:	f898 3017 	ldrb.w	r3, [r8, #23]
10009d9c:	4648      	mov	r0, r9
10009d9e:	f023 0302 	bic.w	r3, r3, #2
10009da2:	4973      	ldr	r1, [pc, #460]	@ (10009f70 <tud_task_ext+0x628>)
10009da4:	f888 3017 	strb.w	r3, [r8, #23]
10009da8:	f7ff fc8e 	bl	100096c8 <tud_control_status>
10009dac:	e610      	b.n	100099d0 <tud_task_ext+0x88>
10009dae:	f898 3017 	ldrb.w	r3, [r8, #23]
10009db2:	4648      	mov	r0, r9
10009db4:	f8ad 3022 	strh.w	r3, [sp, #34]	@ 0x22
10009db8:	496d      	ldr	r1, [pc, #436]	@ (10009f70 <tud_task_ext+0x628>)
10009dba:	2302      	movs	r3, #2
10009dbc:	f10d 0222 	add.w	r2, sp, #34	@ 0x22
10009dc0:	f7ff fcc0 	bl	10009744 <tud_control_xfer>
10009dc4:	e604      	b.n	100099d0 <tud_task_ext+0x88>
10009dc6:	89ba      	ldrh	r2, [r7, #12]
10009dc8:	f997 0000 	ldrsb.w	r0, [r7]
10009dcc:	eba2 030c 	sub.w	r3, r2, ip
10009dd0:	b29b      	uxth	r3, r3
10009dd2:	2b40      	cmp	r3, #64	@ 0x40
10009dd4:	bf28      	it	cs
10009dd6:	2340      	movcs	r3, #64	@ 0x40
10009dd8:	2800      	cmp	r0, #0
10009dda:	db6a      	blt.n	10009eb2 <tud_task_ext+0x56a>
10009ddc:	4594      	cmp	ip, r2
10009dde:	f04f 0900 	mov.w	r9, #0
10009de2:	f000 80b7 	beq.w	10009f54 <tud_task_ext+0x60c>
10009de6:	4a63      	ldr	r2, [pc, #396]	@ (10009f74 <tud_task_ext+0x62c>)
10009de8:	44b9      	add	r9, r7
10009dea:	f899 104b 	ldrb.w	r1, [r9, #75]	@ 0x4b
10009dee:	f89b 0000 	ldrb.w	r0, [fp]
10009df2:	f011 0101 	ands.w	r1, r1, #1
10009df6:	d041      	beq.n	10009e7c <tud_task_ext+0x534>
10009df8:	f04f 23e0 	mov.w	r3, #3758153728	@ 0xe000e000
10009dfc:	f8d3 3df0 	ldr.w	r3, [r3, #3568]	@ 0xdf0
10009e00:	07dc      	lsls	r4, r3, #31
10009e02:	f57f aee4 	bpl.w	10009bce <tud_task_ext+0x286>
10009e06:	be00      	bkpt	0x0000
10009e08:	e6e1      	b.n	10009bce <tud_task_ext+0x286>
10009e0a:	4601      	mov	r1, r0
10009e0c:	4618      	mov	r0, r3
10009e0e:	9303      	str	r3, [sp, #12]
10009e10:	f7ff f924 	bl	1000905c <dcd_edpt_stall>
10009e14:	9b03      	ldr	r3, [sp, #12]
10009e16:	2180      	movs	r1, #128	@ 0x80
10009e18:	4618      	mov	r0, r3
10009e1a:	f7ff f91f 	bl	1000905c <dcd_edpt_stall>
10009e1e:	e5d7      	b.n	100099d0 <tud_task_ext+0x88>
10009e20:	f898 3004 	ldrb.w	r3, [r8, #4]
10009e24:	2b0f      	cmp	r3, #15
10009e26:	f63f af17 	bhi.w	10009c58 <tud_task_ext+0x310>
10009e2a:	4a50      	ldr	r2, [pc, #320]	@ (10009f6c <tud_task_ext+0x624>)
10009e2c:	4443      	add	r3, r8
10009e2e:	7edb      	ldrb	r3, [r3, #27]
10009e30:	7812      	ldrb	r2, [r2, #0]
10009e32:	4293      	cmp	r3, r2
10009e34:	d275      	bcs.n	10009f22 <tud_task_ext+0x5da>
10009e36:	4a50      	ldr	r2, [pc, #320]	@ (10009f78 <tud_task_ext+0x630>)
10009e38:	eb03 03c3 	add.w	r3, r3, r3, lsl #3
10009e3c:	6812      	ldr	r2, [r2, #0]
10009e3e:	eb12 0283 	adds.w	r2, r2, r3, lsl #2
10009e42:	f43f af09 	beq.w	10009c58 <tud_task_ext+0x310>
10009e46:	6953      	ldr	r3, [r2, #20]
10009e48:	2101      	movs	r1, #1
10009e4a:	4648      	mov	r0, r9
10009e4c:	4a48      	ldr	r2, [pc, #288]	@ (10009f70 <tud_task_ext+0x628>)
10009e4e:	f8c8 3010 	str.w	r3, [r8, #16]
10009e52:	4798      	blx	r3
10009e54:	2800      	cmp	r0, #0
10009e56:	f47f adbb 	bne.w	100099d0 <tud_task_ext+0x88>
10009e5a:	f898 3000 	ldrb.w	r3, [r8]
10009e5e:	f013 0360 	ands.w	r3, r3, #96	@ 0x60
10009e62:	f47f af2e 	bne.w	10009cc2 <tud_task_ext+0x37a>
10009e66:	f898 2001 	ldrb.w	r2, [r8, #1]
10009e6a:	f8c8 3010 	str.w	r3, [r8, #16]
10009e6e:	2a0a      	cmp	r2, #10
10009e70:	f43f af41 	beq.w	10009cf6 <tud_task_ext+0x3ae>
10009e74:	2a0b      	cmp	r2, #11
10009e76:	f43f af37 	beq.w	10009ce8 <tud_task_ext+0x3a0>
10009e7a:	e722      	b.n	10009cc2 <tud_task_ext+0x37a>
10009e7c:	9100      	str	r1, [sp, #0]
10009e7e:	f899 c04b 	ldrb.w	ip, [r9, #75]	@ 0x4b
10009e82:	4641      	mov	r1, r8
10009e84:	f04c 0c01 	orr.w	ip, ip, #1
10009e88:	f889 c04b 	strb.w	ip, [r9, #75]	@ 0x4b
10009e8c:	f7ff f8b4 	bl	10008ff8 <dcd_edpt_xfer>
10009e90:	2800      	cmp	r0, #0
10009e92:	f47f ad9d 	bne.w	100099d0 <tud_task_ext+0x88>
10009e96:	f04f 22e0 	mov.w	r2, #3758153728	@ 0xe000e000
10009e9a:	f899 304b 	ldrb.w	r3, [r9, #75]	@ 0x4b
10009e9e:	f003 03fa 	and.w	r3, r3, #250	@ 0xfa
10009ea2:	f889 304b 	strb.w	r3, [r9, #75]	@ 0x4b
10009ea6:	f8d2 3df0 	ldr.w	r3, [r2, #3568]	@ 0xdf0
10009eaa:	07d8      	lsls	r0, r3, #31
10009eac:	f57f ae8f 	bpl.w	10009bce <tud_task_ext+0x286>
10009eb0:	e7a9      	b.n	10009e06 <tud_task_ext+0x4be>
10009eb2:	4594      	cmp	ip, r2
10009eb4:	d054      	beq.n	10009f60 <tud_task_ext+0x618>
10009eb6:	482f      	ldr	r0, [pc, #188]	@ (10009f74 <tud_task_ext+0x62c>)
10009eb8:	4281      	cmp	r1, r0
10009eba:	d004      	beq.n	10009ec6 <tud_task_ext+0x57e>
10009ebc:	461a      	mov	r2, r3
10009ebe:	9303      	str	r3, [sp, #12]
10009ec0:	f001 fa26 	bl	1000b310 <__memcpy_veneer>
10009ec4:	9b03      	ldr	r3, [sp, #12]
10009ec6:	f04f 0901 	mov.w	r9, #1
10009eca:	f04f 0880 	mov.w	r8, #128	@ 0x80
10009ece:	4a29      	ldr	r2, [pc, #164]	@ (10009f74 <tud_task_ext+0x62c>)
10009ed0:	e78a      	b.n	10009de8 <tud_task_ext+0x4a0>
10009ed2:	f040 8080 	bne.w	10009fd6 <tud_task_ext+0x68e>
10009ed6:	2800      	cmp	r0, #0
10009ed8:	d140      	bne.n	10009f5c <tud_task_ext+0x614>
10009eda:	4c28      	ldr	r4, [pc, #160]	@ (10009f7c <tud_task_ext+0x634>)
10009edc:	f898 2001 	ldrb.w	r2, [r8, #1]
10009ee0:	f002 00fd 	and.w	r0, r2, #253	@ 0xfd
10009ee4:	2801      	cmp	r0, #1
10009ee6:	d04f      	beq.n	10009f88 <tud_task_ext+0x640>
10009ee8:	2a00      	cmp	r2, #0
10009eea:	f47f aeac 	bne.w	10009c46 <tud_task_ext+0x2fe>
10009eee:	9a03      	ldr	r2, [sp, #12]
10009ef0:	4648      	mov	r0, r9
10009ef2:	4490      	add	r8, r2
10009ef4:	4443      	add	r3, r8
10009ef6:	f893 304b 	ldrb.w	r3, [r3, #75]	@ 0x4b
10009efa:	491d      	ldr	r1, [pc, #116]	@ (10009f70 <tud_task_ext+0x628>)
10009efc:	f3c3 0340 	ubfx	r3, r3, #1, #1
10009f00:	f8ad 3022 	strh.w	r3, [sp, #34]	@ 0x22
10009f04:	f10d 0222 	add.w	r2, sp, #34	@ 0x22
10009f08:	2302      	movs	r3, #2
10009f0a:	f7ff fc1b 	bl	10009744 <tud_control_xfer>
10009f0e:	e55f      	b.n	100099d0 <tud_task_ext+0x88>
10009f10:	4b1b      	ldr	r3, [pc, #108]	@ (10009f80 <tud_task_ext+0x638>)
10009f12:	4661      	mov	r1, ip
10009f14:	4648      	mov	r0, r9
10009f16:	4642      	mov	r2, r8
10009f18:	f8c8 3010 	str.w	r3, [r8, #16]
10009f1c:	f7fe fd90 	bl	10008a40 <tud_vendor_control_xfer_cb>
10009f20:	e6cc      	b.n	10009cbc <tud_task_ext+0x374>
10009f22:	f47f ae99 	bne.w	10009c58 <tud_task_ext+0x310>
10009f26:	4b17      	ldr	r3, [pc, #92]	@ (10009f84 <tud_task_ext+0x63c>)
10009f28:	e78e      	b.n	10009e48 <tud_task_ext+0x500>
10009f2a:	f898 3004 	ldrb.w	r3, [r8, #4]
10009f2e:	2b0f      	cmp	r3, #15
10009f30:	f63f ae92 	bhi.w	10009c58 <tud_task_ext+0x310>
10009f34:	4a0d      	ldr	r2, [pc, #52]	@ (10009f6c <tud_task_ext+0x624>)
10009f36:	4443      	add	r3, r8
10009f38:	7edb      	ldrb	r3, [r3, #27]
10009f3a:	7812      	ldrb	r2, [r2, #0]
10009f3c:	4293      	cmp	r3, r2
10009f3e:	d20b      	bcs.n	10009f58 <tud_task_ext+0x610>
10009f40:	4a0d      	ldr	r2, [pc, #52]	@ (10009f78 <tud_task_ext+0x630>)
10009f42:	eb03 03c3 	add.w	r3, r3, r3, lsl #3
10009f46:	6812      	ldr	r2, [r2, #0]
10009f48:	eb12 0283 	adds.w	r2, r2, r3, lsl #2
10009f4c:	f43f ae84 	beq.w	10009c58 <tud_task_ext+0x310>
10009f50:	6953      	ldr	r3, [r2, #20]
10009f52:	e6ad      	b.n	10009cb0 <tud_task_ext+0x368>
10009f54:	464a      	mov	r2, r9
10009f56:	e747      	b.n	10009de8 <tud_task_ext+0x4a0>
10009f58:	f47f ae7e 	bne.w	10009c58 <tud_task_ext+0x310>
10009f5c:	4b09      	ldr	r3, [pc, #36]	@ (10009f84 <tud_task_ext+0x63c>)
10009f5e:	e6a7      	b.n	10009cb0 <tud_task_ext+0x368>
10009f60:	f04f 0901 	mov.w	r9, #1
10009f64:	f04f 0880 	mov.w	r8, #128	@ 0x80
10009f68:	2200      	movs	r2, #0
10009f6a:	e73d      	b.n	10009de8 <tud_task_ext+0x4a0>
10009f6c:	20002418 	.word	0x20002418
10009f70:	200012d0 	.word	0x200012d0
10009f74:	20001264 	.word	0x20001264
10009f78:	20001104 	.word	0x20001104
10009f7c:	1000c414 	.word	0x1000c414
10009f80:	10008a41 	.word	0x10008a41
10009f84:	1000a435 	.word	0x1000a435
10009f88:	f8b8 0002 	ldrh.w	r0, [r8, #2]
10009f8c:	b980      	cbnz	r0, 10009fb0 <tud_task_ext+0x668>
10009f8e:	2a01      	cmp	r2, #1
10009f90:	f89b 0000 	ldrb.w	r0, [fp]
10009f94:	9304      	str	r3, [sp, #16]
10009f96:	d023      	beq.n	10009fe0 <tud_task_ext+0x698>
10009f98:	f7ff f860 	bl	1000905c <dcd_edpt_stall>
10009f9c:	9a03      	ldr	r2, [sp, #12]
10009f9e:	9b04      	ldr	r3, [sp, #16]
10009fa0:	4442      	add	r2, r8
10009fa2:	4413      	add	r3, r2
10009fa4:	f893 204b 	ldrb.w	r2, [r3, #75]	@ 0x4b
10009fa8:	f042 0203 	orr.w	r2, r2, #3
10009fac:	f883 204b 	strb.w	r2, [r3, #75]	@ 0x4b
10009fb0:	2c00      	cmp	r4, #0
10009fb2:	f43f ad0d 	beq.w	100099d0 <tud_task_ext+0x88>
10009fb6:	6963      	ldr	r3, [r4, #20]
10009fb8:	4a76      	ldr	r2, [pc, #472]	@ (1000a194 <tud_task_ext+0x84c>)
10009fba:	f8c8 3010 	str.w	r3, [r8, #16]
10009fbe:	2101      	movs	r1, #1
10009fc0:	4648      	mov	r0, r9
10009fc2:	4798      	blx	r3
10009fc4:	2300      	movs	r3, #0
10009fc6:	f8c8 3010 	str.w	r3, [r8, #16]
10009fca:	f898 304c 	ldrb.w	r3, [r8, #76]	@ 0x4c
10009fce:	07da      	lsls	r2, r3, #31
10009fd0:	f53f acfe 	bmi.w	100099d0 <tud_task_ext+0x88>
10009fd4:	e688      	b.n	10009ce8 <tud_task_ext+0x3a0>
10009fd6:	2800      	cmp	r0, #0
10009fd8:	f47f ae3e 	bne.w	10009c58 <tud_task_ext+0x310>
10009fdc:	4604      	mov	r4, r0
10009fde:	e77d      	b.n	10009edc <tud_task_ext+0x594>
10009fe0:	f7ff f888 	bl	100090f4 <dcd_edpt_clear_stall>
10009fe4:	9a03      	ldr	r2, [sp, #12]
10009fe6:	9b04      	ldr	r3, [sp, #16]
10009fe8:	4442      	add	r2, r8
10009fea:	4413      	add	r3, r2
10009fec:	f893 204b 	ldrb.w	r2, [r3, #75]	@ 0x4b
10009ff0:	f002 02fc 	and.w	r2, r2, #252	@ 0xfc
10009ff4:	f883 204b 	strb.w	r2, [r3, #75]	@ 0x4b
10009ff8:	e7da      	b.n	10009fb0 <tud_task_ext+0x668>
10009ffa:	f7fe fd1d 	bl	10008a38 <tud_descriptor_bos_cb>
10009ffe:	4602      	mov	r2, r0
1000a000:	2800      	cmp	r0, #0
1000a002:	f43f ae5e 	beq.w	10009cc2 <tud_task_ext+0x37a>
1000a006:	4648      	mov	r0, r9
1000a008:	8853      	ldrh	r3, [r2, #2]
1000a00a:	4962      	ldr	r1, [pc, #392]	@ (1000a194 <tud_task_ext+0x84c>)
1000a00c:	f7ff fb9a 	bl	10009744 <tud_control_xfer>
1000a010:	e654      	b.n	10009cbc <tud_task_ext+0x374>
1000a012:	1e50      	subs	r0, r2, #1
1000a014:	b2c0      	uxtb	r0, r0
1000a016:	f7fe fbb3 	bl	10008780 <tud_descriptor_configuration_cb>
1000a01a:	2800      	cmp	r0, #0
1000a01c:	d057      	beq.n	1000a0ce <tud_task_ext+0x786>
1000a01e:	7842      	ldrb	r2, [r0, #1]
1000a020:	2a02      	cmp	r2, #2
1000a022:	d154      	bne.n	1000a0ce <tud_task_ext+0x786>
1000a024:	79c2      	ldrb	r2, [r0, #7]
1000a026:	f898 1017 	ldrb.w	r1, [r8, #23]
1000a02a:	1192      	asrs	r2, r2, #6
1000a02c:	f362 0100 	bfi	r1, r2, #0, #1
1000a030:	f888 1017 	strb.w	r1, [r8, #23]
1000a034:	8842      	ldrh	r2, [r0, #2]
1000a036:	f100 0409 	add.w	r4, r0, #9
1000a03a:	1882      	adds	r2, r0, r2
1000a03c:	9204      	str	r2, [sp, #16]
1000a03e:	f8cd 9014 	str.w	r9, [sp, #20]
1000a042:	9a04      	ldr	r2, [sp, #16]
1000a044:	42a2      	cmp	r2, r4
1000a046:	d968      	bls.n	1000a11a <tud_task_ext+0x7d2>
1000a048:	7823      	ldrb	r3, [r4, #0]
1000a04a:	4423      	add	r3, r4
1000a04c:	429a      	cmp	r2, r3
1000a04e:	d364      	bcc.n	1000a11a <tud_task_ext+0x7d2>
1000a050:	7862      	ldrb	r2, [r4, #1]
1000a052:	2a0b      	cmp	r2, #11
1000a054:	d066      	beq.n	1000a124 <tud_task_ext+0x7dc>
1000a056:	2a04      	cmp	r2, #4
1000a058:	d139      	bne.n	1000a0ce <tud_task_ext+0x786>
1000a05a:	9b04      	ldr	r3, [sp, #16]
1000a05c:	4621      	mov	r1, r4
1000a05e:	1b1a      	subs	r2, r3, r4
1000a060:	2300      	movs	r3, #0
1000a062:	b292      	uxth	r2, r2
1000a064:	4614      	mov	r4, r2
1000a066:	9303      	str	r3, [sp, #12]
1000a068:	4b4b      	ldr	r3, [pc, #300]	@ (1000a198 <tud_task_ext+0x850>)
1000a06a:	9306      	str	r3, [sp, #24]
1000a06c:	9b06      	ldr	r3, [sp, #24]
1000a06e:	f89d 900c 	ldrb.w	r9, [sp, #12]
1000a072:	781a      	ldrb	r2, [r3, #0]
1000a074:	1c53      	adds	r3, r2, #1
1000a076:	b2db      	uxtb	r3, r3
1000a078:	454b      	cmp	r3, r9
1000a07a:	d928      	bls.n	1000a0ce <tud_task_ext+0x786>
1000a07c:	454a      	cmp	r2, r9
1000a07e:	d949      	bls.n	1000a114 <tud_task_ext+0x7cc>
1000a080:	2224      	movs	r2, #36	@ 0x24
1000a082:	4b46      	ldr	r3, [pc, #280]	@ (1000a19c <tud_task_ext+0x854>)
1000a084:	681b      	ldr	r3, [r3, #0]
1000a086:	fb02 3309 	mla	r3, r2, r9, r3
1000a08a:	b303      	cbz	r3, 1000a0ce <tud_task_ext+0x786>
1000a08c:	691b      	ldr	r3, [r3, #16]
1000a08e:	4622      	mov	r2, r4
1000a090:	9805      	ldr	r0, [sp, #20]
1000a092:	9107      	str	r1, [sp, #28]
1000a094:	4798      	blx	r3
1000a096:	9b03      	ldr	r3, [sp, #12]
1000a098:	2808      	cmp	r0, #8
1000a09a:	f103 0301 	add.w	r3, r3, #1
1000a09e:	9907      	ldr	r1, [sp, #28]
1000a0a0:	9303      	str	r3, [sp, #12]
1000a0a2:	d9e3      	bls.n	1000a06c <tud_task_ext+0x724>
1000a0a4:	4284      	cmp	r4, r0
1000a0a6:	d3e1      	bcc.n	1000a06c <tud_task_ext+0x724>
1000a0a8:	2310      	movs	r3, #16
1000a0aa:	4a3d      	ldr	r2, [pc, #244]	@ (1000a1a0 <tud_task_ext+0x858>)
1000a0ac:	e9cd 1000 	strd	r1, r0, [sp]
1000a0b0:	460c      	mov	r4, r1
1000a0b2:	9003      	str	r0, [sp, #12]
1000a0b4:	18d1      	adds	r1, r2, r3
1000a0b6:	4648      	mov	r0, r9
1000a0b8:	f000 fb08 	bl	1000a6cc <tu_bind_driver_to_ep_itf>
1000a0bc:	b138      	cbz	r0, 1000a0ce <tud_task_ext+0x786>
1000a0be:	9b03      	ldr	r3, [sp, #12]
1000a0c0:	441c      	add	r4, r3
1000a0c2:	9b06      	ldr	r3, [sp, #24]
1000a0c4:	781b      	ldrb	r3, [r3, #0]
1000a0c6:	3301      	adds	r3, #1
1000a0c8:	b2db      	uxtb	r3, r3
1000a0ca:	454b      	cmp	r3, r9
1000a0cc:	d8b9      	bhi.n	1000a042 <tud_task_ext+0x6fa>
1000a0ce:	f04f 23e0 	mov.w	r3, #3758153728	@ 0xe000e000
1000a0d2:	f8d3 3df0 	ldr.w	r3, [r3, #3568]	@ 0xdf0
1000a0d6:	07dc      	lsls	r4, r3, #31
1000a0d8:	d500      	bpl.n	1000a0dc <tud_task_ext+0x794>
1000a0da:	be00      	bkpt	0x0000
1000a0dc:	2200      	movs	r2, #0
1000a0de:	f04f 23e0 	mov.w	r3, #3758153728	@ 0xe000e000
1000a0e2:	f888 2018 	strb.w	r2, [r8, #24]
1000a0e6:	f8d3 3df0 	ldr.w	r3, [r3, #3568]	@ 0xdf0
1000a0ea:	07d8      	lsls	r0, r3, #31
1000a0ec:	f53f adb1 	bmi.w	10009c52 <tud_task_ext+0x30a>
1000a0f0:	e5e7      	b.n	10009cc2 <tud_task_ext+0x37a>
1000a0f2:	2100      	movs	r1, #0
1000a0f4:	4648      	mov	r0, r9
1000a0f6:	9203      	str	r2, [sp, #12]
1000a0f8:	f7fe fec4 	bl	10008e84 <dcd_sof_enable>
1000a0fc:	4648      	mov	r0, r9
1000a0fe:	f7fe ff49 	bl	10008f94 <dcd_edpt_close_all>
1000a102:	f898 4019 	ldrb.w	r4, [r8, #25]
1000a106:	4648      	mov	r0, r9
1000a108:	f7ff f9f4 	bl	100094f4 <configuration_reset>
1000a10c:	9a03      	ldr	r2, [sp, #12]
1000a10e:	f888 4019 	strb.w	r4, [r8, #25]
1000a112:	e5e2      	b.n	10009cda <tud_task_ext+0x392>
1000a114:	d1db      	bne.n	1000a0ce <tud_task_ext+0x786>
1000a116:	4b23      	ldr	r3, [pc, #140]	@ (1000a1a4 <tud_task_ext+0x85c>)
1000a118:	e7b8      	b.n	1000a08c <tud_task_ext+0x744>
1000a11a:	f8dd 9014 	ldr.w	r9, [sp, #20]
1000a11e:	f7ff fa3d 	bl	1000959c <tud_mount_cb>
1000a122:	e5e1      	b.n	10009ce8 <tud_task_ext+0x3a0>
1000a124:	461c      	mov	r4, r3
1000a126:	e78c      	b.n	1000a042 <tud_task_ext+0x6fa>
1000a128:	f7ff fa34 	bl	10009594 <tud_descriptor_device_qualifier_cb>
1000a12c:	4602      	mov	r2, r0
1000a12e:	2800      	cmp	r0, #0
1000a130:	f43f adc7 	beq.w	10009cc2 <tud_task_ext+0x37a>
1000a134:	4648      	mov	r0, r9
1000a136:	7813      	ldrb	r3, [r2, #0]
1000a138:	4916      	ldr	r1, [pc, #88]	@ (1000a194 <tud_task_ext+0x84c>)
1000a13a:	f7ff fb03 	bl	10009744 <tud_control_xfer>
1000a13e:	e5bd      	b.n	10009cbc <tud_task_ext+0x374>
1000a140:	f8b8 1004 	ldrh.w	r1, [r8, #4]
1000a144:	f7fe fb20 	bl	10008788 <tud_descriptor_string_cb>
1000a148:	4602      	mov	r2, r0
1000a14a:	2800      	cmp	r0, #0
1000a14c:	d1f2      	bne.n	1000a134 <tud_task_ext+0x7ec>
1000a14e:	e5b8      	b.n	10009cc2 <tud_task_ext+0x37a>
1000a150:	2a02      	cmp	r2, #2
1000a152:	d010      	beq.n	1000a176 <tud_task_ext+0x82e>
1000a154:	f7ff fa20 	bl	10009598 <tud_descriptor_other_speed_configuration_cb>
1000a158:	4602      	mov	r2, r0
1000a15a:	2800      	cmp	r0, #0
1000a15c:	f47f af53 	bne.w	1000a006 <tud_task_ext+0x6be>
1000a160:	e5af      	b.n	10009cc2 <tud_task_ext+0x37a>
1000a162:	f7fe fb09 	bl	10008778 <tud_descriptor_device_cb>
1000a166:	4602      	mov	r2, r0
1000a168:	b158      	cbz	r0, 1000a182 <tud_task_ext+0x83a>
1000a16a:	4648      	mov	r0, r9
1000a16c:	2312      	movs	r3, #18
1000a16e:	4909      	ldr	r1, [pc, #36]	@ (1000a194 <tud_task_ext+0x84c>)
1000a170:	f7ff fae8 	bl	10009744 <tud_control_xfer>
1000a174:	e5a2      	b.n	10009cbc <tud_task_ext+0x374>
1000a176:	f7fe fb03 	bl	10008780 <tud_descriptor_configuration_cb>
1000a17a:	4602      	mov	r2, r0
1000a17c:	2800      	cmp	r0, #0
1000a17e:	f47f af42 	bne.w	1000a006 <tud_task_ext+0x6be>
1000a182:	f04f 23e0 	mov.w	r3, #3758153728	@ 0xe000e000
1000a186:	f8d3 3df0 	ldr.w	r3, [r3, #3568]	@ 0xdf0
1000a18a:	07d9      	lsls	r1, r3, #31
1000a18c:	f53f ad61 	bmi.w	10009c52 <tud_task_ext+0x30a>
1000a190:	e597      	b.n	10009cc2 <tud_task_ext+0x37a>
1000a192:	bf00      	nop
1000a194:	200012d0 	.word	0x200012d0
1000a198:	20002418 	.word	0x20002418
1000a19c:	20001104 	.word	0x20001104
1000a1a0:	200012eb 	.word	0x200012eb
1000a1a4:	1000c414 	.word	0x1000c414

1000a1a8 <usbd_edpt_xfer_fifo>:
1000a1a8:	2000      	movs	r0, #0
1000a1aa:	4770      	bx	lr

1000a1ac <tud_cdc_rx_cb>:
1000a1ac:	4770      	bx	lr
1000a1ae:	bf00      	nop

1000a1b0 <tud_cdc_rx_wanted_cb>:
1000a1b0:	4770      	bx	lr
1000a1b2:	bf00      	nop

1000a1b4 <tud_cdc_tx_complete_cb>:
1000a1b4:	4770      	bx	lr
1000a1b6:	bf00      	nop

1000a1b8 <tud_cdc_notify_complete_cb>:
1000a1b8:	4770      	bx	lr
1000a1ba:	bf00      	nop

1000a1bc <tud_cdc_line_state_cb>:
1000a1bc:	4770      	bx	lr
1000a1be:	bf00      	nop

1000a1c0 <tud_cdc_send_break_cb>:
1000a1c0:	4770      	bx	lr
1000a1c2:	bf00      	nop

1000a1c4 <tud_cdc_n_connected>:
1000a1c4:	b108      	cbz	r0, 1000a1ca <tud_cdc_n_connected+0x6>
1000a1c6:	2000      	movs	r0, #0
1000a1c8:	4770      	bx	lr
1000a1ca:	b510      	push	{r4, lr}
1000a1cc:	f7ff f9ee 	bl	100095ac <tud_mounted>
1000a1d0:	4604      	mov	r4, r0
1000a1d2:	f7ff f9f3 	bl	100095bc <tud_suspended>
1000a1d6:	b12c      	cbz	r4, 1000a1e4 <tud_cdc_n_connected+0x20>
1000a1d8:	b920      	cbnz	r0, 1000a1e4 <tud_cdc_n_connected+0x20>
1000a1da:	4b03      	ldr	r3, [pc, #12]	@ (1000a1e8 <tud_cdc_n_connected+0x24>)
1000a1dc:	78d8      	ldrb	r0, [r3, #3]
1000a1de:	f000 0001 	and.w	r0, r0, #1
1000a1e2:	bd10      	pop	{r4, pc}
1000a1e4:	2000      	movs	r0, #0
1000a1e6:	bd10      	pop	{r4, pc}
1000a1e8:	20001188 	.word	0x20001188

1000a1ec <tud_cdc_n_available>:
1000a1ec:	b998      	cbnz	r0, 1000a216 <tud_cdc_n_available+0x2a>
1000a1ee:	490b      	ldr	r1, [pc, #44]	@ (1000a21c <tud_cdc_n_available+0x30>)
1000a1f0:	f8b1 3048 	ldrh.w	r3, [r1, #72]	@ 0x48
1000a1f4:	f8b1 204a 	ldrh.w	r2, [r1, #74]	@ 0x4a
1000a1f8:	f8b1 0044 	ldrh.w	r0, [r1, #68]	@ 0x44
1000a1fc:	b292      	uxth	r2, r2
1000a1fe:	b29b      	uxth	r3, r3
1000a200:	4293      	cmp	r3, r2
1000a202:	bfb6      	itet	lt
1000a204:	ebc2 0240 	rsblt	r2, r2, r0, lsl #1
1000a208:	1a9b      	subge	r3, r3, r2
1000a20a:	189b      	addlt	r3, r3, r2
1000a20c:	b29b      	uxth	r3, r3
1000a20e:	4298      	cmp	r0, r3
1000a210:	bf28      	it	cs
1000a212:	4618      	movcs	r0, r3
1000a214:	4770      	bx	lr
1000a216:	2000      	movs	r0, #0
1000a218:	4770      	bx	lr
1000a21a:	bf00      	nop
1000a21c:	20001188 	.word	0x20001188

1000a220 <tud_cdc_n_read>:
1000a220:	b108      	cbz	r0, 1000a226 <tud_cdc_n_read+0x6>
1000a222:	2000      	movs	r0, #0
1000a224:	4770      	bx	lr
1000a226:	4801      	ldr	r0, [pc, #4]	@ (1000a22c <tud_cdc_n_read+0xc>)
1000a228:	f000 bc36 	b.w	1000aa98 <tu_edpt_stream_read>
1000a22c:	200011bc 	.word	0x200011bc

1000a230 <tud_cdc_n_write>:
1000a230:	b108      	cbz	r0, 1000a236 <tud_cdc_n_write+0x6>
1000a232:	2000      	movs	r0, #0
1000a234:	4770      	bx	lr
1000a236:	4801      	ldr	r0, [pc, #4]	@ (1000a23c <tud_cdc_n_write+0xc>)
1000a238:	f000 bb3c 	b.w	1000a8b4 <tu_edpt_stream_write>
1000a23c:	20001194 	.word	0x20001194

1000a240 <tud_cdc_n_write_flush>:
1000a240:	b108      	cbz	r0, 1000a246 <tud_cdc_n_write_flush+0x6>
1000a242:	2000      	movs	r0, #0
1000a244:	4770      	bx	lr
1000a246:	4801      	ldr	r0, [pc, #4]	@ (1000a24c <tud_cdc_n_write_flush+0xc>)
1000a248:	f000 bad6 	b.w	1000a7f8 <tu_edpt_stream_write_xfer>
1000a24c:	20001194 	.word	0x20001194

1000a250 <tud_cdc_n_write_available>:
1000a250:	b108      	cbz	r0, 1000a256 <tud_cdc_n_write_available+0x6>
1000a252:	2000      	movs	r0, #0
1000a254:	4770      	bx	lr
1000a256:	4801      	ldr	r0, [pc, #4]	@ (1000a25c <tud_cdc_n_write_available+0xc>)
1000a258:	f000 bba4 	b.w	1000a9a4 <tu_edpt_stream_write_available>
1000a25c:	20001194 	.word	0x20001194

1000a260 <cdcd_init>:
1000a260:	b570      	push	{r4, r5, r6, lr}
1000a262:	4c15      	ldr	r4, [pc, #84]	@ (1000a2b8 <cdcd_init+0x58>)
1000a264:	b084      	sub	sp, #16
1000a266:	22dc      	movs	r2, #220	@ 0xdc
1000a268:	2100      	movs	r1, #0
1000a26a:	4620      	mov	r0, r4
1000a26c:	f001 f84c 	bl	1000b308 <__memset_veneer>
1000a270:	2640      	movs	r6, #64	@ 0x40
1000a272:	f64f 7208 	movw	r2, #65288	@ 0xff08
1000a276:	2300      	movs	r3, #0
1000a278:	f44f 31e1 	mov.w	r1, #115200	@ 0x1c200
1000a27c:	4d0f      	ldr	r5, [pc, #60]	@ (1000a2bc <cdcd_init+0x5c>)
1000a27e:	f104 0034 	add.w	r0, r4, #52	@ 0x34
1000a282:	e9cd 6501 	strd	r6, r5, [sp, #4]
1000a286:	8162      	strh	r2, [r4, #10]
1000a288:	f104 029c 	add.w	r2, r4, #156	@ 0x9c
1000a28c:	6061      	str	r1, [r4, #4]
1000a28e:	4619      	mov	r1, r3
1000a290:	9200      	str	r2, [sp, #0]
1000a292:	461a      	mov	r2, r3
1000a294:	f000 fa58 	bl	1000a748 <tu_edpt_stream_init>
1000a298:	2301      	movs	r3, #1
1000a29a:	f104 025c 	add.w	r2, r4, #92	@ 0x5c
1000a29e:	4435      	add	r5, r6
1000a2a0:	9200      	str	r2, [sp, #0]
1000a2a2:	2100      	movs	r1, #0
1000a2a4:	461a      	mov	r2, r3
1000a2a6:	9502      	str	r5, [sp, #8]
1000a2a8:	9601      	str	r6, [sp, #4]
1000a2aa:	f104 000c 	add.w	r0, r4, #12
1000a2ae:	f000 fa4b 	bl	1000a748 <tu_edpt_stream_init>
1000a2b2:	b004      	add	sp, #16
1000a2b4:	bd70      	pop	{r4, r5, r6, pc}
1000a2b6:	bf00      	nop
1000a2b8:	20001188 	.word	0x20001188
1000a2bc:	20001108 	.word	0x20001108

1000a2c0 <cdcd_deinit>:
1000a2c0:	2001      	movs	r0, #1
1000a2c2:	4770      	bx	lr

1000a2c4 <cdcd_reset>:
1000a2c4:	b538      	push	{r3, r4, r5, lr}
1000a2c6:	4c06      	ldr	r4, [pc, #24]	@ (1000a2e0 <cdcd_reset+0x1c>)
1000a2c8:	2500      	movs	r5, #0
1000a2ca:	4620      	mov	r0, r4
1000a2cc:	2101      	movs	r1, #1
1000a2ce:	f840 5b18 	str.w	r5, [r0], #24
1000a2d2:	f000 fc8d 	bl	1000abf0 <tu_fifo_set_overwritable>
1000a2d6:	f884 5036 	strb.w	r5, [r4, #54]	@ 0x36
1000a2da:	73a5      	strb	r5, [r4, #14]
1000a2dc:	bd38      	pop	{r3, r4, r5, pc}
1000a2de:	bf00      	nop
1000a2e0:	20001188 	.word	0x20001188

1000a2e4 <cdcd_open>:
1000a2e4:	e92d 4ff8 	stmdb	sp!, {r3, r4, r5, r6, r7, r8, r9, sl, fp, lr}
1000a2e8:	794b      	ldrb	r3, [r1, #5]
1000a2ea:	2b02      	cmp	r3, #2
1000a2ec:	d002      	beq.n	1000a2f4 <cdcd_open+0x10>
1000a2ee:	2000      	movs	r0, #0
1000a2f0:	e8bd 8ff8 	ldmia.w	sp!, {r3, r4, r5, r6, r7, r8, r9, sl, fp, pc}
1000a2f4:	798b      	ldrb	r3, [r1, #6]
1000a2f6:	460c      	mov	r4, r1
1000a2f8:	2b02      	cmp	r3, #2
1000a2fa:	d1f8      	bne.n	1000a2ee <cdcd_open+0xa>
1000a2fc:	f8df 9130 	ldr.w	r9, [pc, #304]	@ 1000a430 <cdcd_open+0x14c>
1000a300:	4606      	mov	r6, r0
1000a302:	f899 1036 	ldrb.w	r1, [r9, #54]	@ 0x36
1000a306:	f899 000e 	ldrb.w	r0, [r9, #14]
1000a30a:	b141      	cbz	r1, 1000a31e <cdcd_open+0x3a>
1000a30c:	b138      	cbz	r0, 1000a31e <cdcd_open+0x3a>
1000a30e:	f04f 23e0 	mov.w	r3, #3758153728	@ 0xe000e000
1000a312:	f8d3 3df0 	ldr.w	r3, [r3, #3568]	@ 0xdf0
1000a316:	07db      	lsls	r3, r3, #31
1000a318:	d5e9      	bpl.n	1000a2ee <cdcd_open+0xa>
1000a31a:	be00      	bkpt	0x0000
1000a31c:	e7e7      	b.n	1000a2ee <cdcd_open+0xa>
1000a31e:	78a1      	ldrb	r1, [r4, #2]
1000a320:	f889 6000 	strb.w	r6, [r9]
1000a324:	f889 1001 	strb.w	r1, [r9, #1]
1000a328:	7825      	ldrb	r5, [r4, #0]
1000a32a:	eb04 0a02 	add.w	sl, r4, r2
1000a32e:	4425      	add	r5, r4
1000a330:	4555      	cmp	r5, sl
1000a332:	7869      	ldrb	r1, [r5, #1]
1000a334:	d209      	bcs.n	1000a34a <cdcd_open+0x66>
1000a336:	782b      	ldrb	r3, [r5, #0]
1000a338:	442b      	add	r3, r5
1000a33a:	459a      	cmp	sl, r3
1000a33c:	d305      	bcc.n	1000a34a <cdcd_open+0x66>
1000a33e:	2924      	cmp	r1, #36	@ 0x24
1000a340:	d103      	bne.n	1000a34a <cdcd_open+0x66>
1000a342:	461d      	mov	r5, r3
1000a344:	4555      	cmp	r5, sl
1000a346:	7869      	ldrb	r1, [r5, #1]
1000a348:	d3f5      	bcc.n	1000a336 <cdcd_open+0x52>
1000a34a:	2905      	cmp	r1, #5
1000a34c:	d05c      	beq.n	1000a408 <cdcd_open+0x124>
1000a34e:	2904      	cmp	r1, #4
1000a350:	d003      	beq.n	1000a35a <cdcd_open+0x76>
1000a352:	1b28      	subs	r0, r5, r4
1000a354:	b280      	uxth	r0, r0
1000a356:	e8bd 8ff8 	ldmia.w	sp!, {r3, r4, r5, r6, r7, r8, r9, sl, fp, pc}
1000a35a:	7969      	ldrb	r1, [r5, #5]
1000a35c:	290a      	cmp	r1, #10
1000a35e:	d1f8      	bne.n	1000a352 <cdcd_open+0x6e>
1000a360:	f895 c000 	ldrb.w	ip, [r5]
1000a364:	7929      	ldrb	r1, [r5, #4]
1000a366:	44ac      	add	ip, r5
1000a368:	2900      	cmp	r1, #0
1000a36a:	d03e      	beq.n	1000a3ea <cdcd_open+0x106>
1000a36c:	4555      	cmp	r5, sl
1000a36e:	d23c      	bcs.n	1000a3ea <cdcd_open+0x106>
1000a370:	45e2      	cmp	sl, ip
1000a372:	d33a      	bcc.n	1000a3ea <cdcd_open+0x106>
1000a374:	46e3      	mov	fp, ip
1000a376:	2700      	movs	r7, #0
1000a378:	f89b 3001 	ldrb.w	r3, [fp, #1]
1000a37c:	46d8      	mov	r8, fp
1000a37e:	2b05      	cmp	r3, #5
1000a380:	d1c5      	bne.n	1000a30e <cdcd_open+0x2a>
1000a382:	f89b 3003 	ldrb.w	r3, [fp, #3]
1000a386:	f003 0303 	and.w	r3, r3, #3
1000a38a:	2b02      	cmp	r3, #2
1000a38c:	d1bf      	bne.n	1000a30e <cdcd_open+0x2a>
1000a38e:	4659      	mov	r1, fp
1000a390:	4630      	mov	r0, r6
1000a392:	f7ff fa69 	bl	10009868 <usbd_edpt_open>
1000a396:	2800      	cmp	r0, #0
1000a398:	d0b9      	beq.n	1000a30e <cdcd_open+0x2a>
1000a39a:	f89b 2002 	ldrb.w	r2, [fp, #2]
1000a39e:	f8bb 3004 	ldrh.w	r3, [fp, #4]
1000a3a2:	09d1      	lsrs	r1, r2, #7
1000a3a4:	f3c3 030a 	ubfx	r3, r3, #0, #11
1000a3a8:	d121      	bne.n	1000a3ee <cdcd_open+0x10a>
1000a3aa:	f889 2036 	strb.w	r2, [r9, #54]	@ 0x36
1000a3ae:	2200      	movs	r2, #0
1000a3b0:	f363 020f 	bfi	r2, r3, #0, #16
1000a3b4:	481b      	ldr	r0, [pc, #108]	@ (1000a424 <cdcd_open+0x140>)
1000a3b6:	f363 421f 	bfi	r2, r3, #16, #16
1000a3ba:	f889 6034 	strb.w	r6, [r9, #52]	@ 0x34
1000a3be:	f8c9 2038 	str.w	r2, [r9, #56]	@ 0x38
1000a3c2:	f000 fbf9 	bl	1000abb8 <tu_fifo_clear>
1000a3c6:	4818      	ldr	r0, [pc, #96]	@ (1000a428 <cdcd_open+0x144>)
1000a3c8:	f000 fafe 	bl	1000a9c8 <tu_edpt_stream_read_xfer>
1000a3cc:	2800      	cmp	r0, #0
1000a3ce:	d09e      	beq.n	1000a30e <cdcd_open+0x2a>
1000a3d0:	f89b 3000 	ldrb.w	r3, [fp]
1000a3d4:	3701      	adds	r7, #1
1000a3d6:	449b      	add	fp, r3
1000a3d8:	792b      	ldrb	r3, [r5, #4]
1000a3da:	b2ff      	uxtb	r7, r7
1000a3dc:	42bb      	cmp	r3, r7
1000a3de:	46dc      	mov	ip, fp
1000a3e0:	d903      	bls.n	1000a3ea <cdcd_open+0x106>
1000a3e2:	45c2      	cmp	sl, r8
1000a3e4:	d901      	bls.n	1000a3ea <cdcd_open+0x106>
1000a3e6:	45da      	cmp	sl, fp
1000a3e8:	d2c6      	bcs.n	1000a378 <cdcd_open+0x94>
1000a3ea:	4665      	mov	r5, ip
1000a3ec:	e7b1      	b.n	1000a352 <cdcd_open+0x6e>
1000a3ee:	f8a9 3010 	strh.w	r3, [r9, #16]
1000a3f2:	2340      	movs	r3, #64	@ 0x40
1000a3f4:	480d      	ldr	r0, [pc, #52]	@ (1000a42c <cdcd_open+0x148>)
1000a3f6:	f889 200e 	strb.w	r2, [r9, #14]
1000a3fa:	f889 600c 	strb.w	r6, [r9, #12]
1000a3fe:	f8a9 3012 	strh.w	r3, [r9, #18]
1000a402:	f000 fbd9 	bl	1000abb8 <tu_fifo_clear>
1000a406:	e7e3      	b.n	1000a3d0 <cdcd_open+0xec>
1000a408:	4629      	mov	r1, r5
1000a40a:	4630      	mov	r0, r6
1000a40c:	f7ff fa2c 	bl	10009868 <usbd_edpt_open>
1000a410:	2800      	cmp	r0, #0
1000a412:	f43f af7c 	beq.w	1000a30e <cdcd_open+0x2a>
1000a416:	78a9      	ldrb	r1, [r5, #2]
1000a418:	f889 1002 	strb.w	r1, [r9, #2]
1000a41c:	7829      	ldrb	r1, [r5, #0]
1000a41e:	440d      	add	r5, r1
1000a420:	7869      	ldrb	r1, [r5, #1]
1000a422:	e794      	b.n	1000a34e <cdcd_open+0x6a>
1000a424:	200011c8 	.word	0x200011c8
1000a428:	200011bc 	.word	0x200011bc
1000a42c:	200011a0 	.word	0x200011a0
1000a430:	20001188 	.word	0x20001188

1000a434 <cdcd_control_xfer_cb>:
1000a434:	7813      	ldrb	r3, [r2, #0]
1000a436:	f003 0360 	and.w	r3, r3, #96	@ 0x60
1000a43a:	2b20      	cmp	r3, #32
1000a43c:	d108      	bne.n	1000a450 <cdcd_control_xfer_cb+0x1c>
1000a43e:	b570      	push	{r4, r5, r6, lr}
1000a440:	4c22      	ldr	r4, [pc, #136]	@ (1000a4cc <cdcd_control_xfer_cb+0x98>)
1000a442:	8893      	ldrh	r3, [r2, #4]
1000a444:	f894 c001 	ldrb.w	ip, [r4, #1]
1000a448:	459c      	cmp	ip, r3
1000a44a:	d003      	beq.n	1000a454 <cdcd_control_xfer_cb+0x20>
1000a44c:	2000      	movs	r0, #0
1000a44e:	bd70      	pop	{r4, r5, r6, pc}
1000a450:	2000      	movs	r0, #0
1000a452:	4770      	bx	lr
1000a454:	7853      	ldrb	r3, [r2, #1]
1000a456:	3b20      	subs	r3, #32
1000a458:	2b03      	cmp	r3, #3
1000a45a:	d8f7      	bhi.n	1000a44c <cdcd_control_xfer_cb+0x18>
1000a45c:	e8df f003 	tbb	[pc, r3]
1000a460:	020b1f23 	.word	0x020b1f23
1000a464:	2901      	cmp	r1, #1
1000a466:	d027      	beq.n	1000a4b8 <cdcd_control_xfer_cb+0x84>
1000a468:	2903      	cmp	r1, #3
1000a46a:	d11a      	bne.n	1000a4a2 <cdcd_control_xfer_cb+0x6e>
1000a46c:	2000      	movs	r0, #0
1000a46e:	8851      	ldrh	r1, [r2, #2]
1000a470:	f7ff fea6 	bl	1000a1c0 <tud_cdc_send_break_cb>
1000a474:	e015      	b.n	1000a4a2 <cdcd_control_xfer_cb+0x6e>
1000a476:	2901      	cmp	r1, #1
1000a478:	d01e      	beq.n	1000a4b8 <cdcd_control_xfer_cb+0x84>
1000a47a:	2903      	cmp	r1, #3
1000a47c:	d111      	bne.n	1000a4a2 <cdcd_control_xfer_cb+0x6e>
1000a47e:	8855      	ldrh	r5, [r2, #2]
1000a480:	4813      	ldr	r0, [pc, #76]	@ (1000a4d0 <cdcd_control_xfer_cb+0x9c>)
1000a482:	f005 0601 	and.w	r6, r5, #1
1000a486:	f086 0101 	eor.w	r1, r6, #1
1000a48a:	70e5      	strb	r5, [r4, #3]
1000a48c:	f000 fbb0 	bl	1000abf0 <tu_fifo_set_overwritable>
1000a490:	2000      	movs	r0, #0
1000a492:	4631      	mov	r1, r6
1000a494:	f3c5 0240 	ubfx	r2, r5, #1, #1
1000a498:	f7ff fe90 	bl	1000a1bc <tud_cdc_line_state_cb>
1000a49c:	e001      	b.n	1000a4a2 <cdcd_control_xfer_cb+0x6e>
1000a49e:	2901      	cmp	r1, #1
1000a4a0:	d00e      	beq.n	1000a4c0 <cdcd_control_xfer_cb+0x8c>
1000a4a2:	2001      	movs	r0, #1
1000a4a4:	bd70      	pop	{r4, r5, r6, pc}
1000a4a6:	2901      	cmp	r1, #1
1000a4a8:	d00a      	beq.n	1000a4c0 <cdcd_control_xfer_cb+0x8c>
1000a4aa:	2903      	cmp	r1, #3
1000a4ac:	d1f9      	bne.n	1000a4a2 <cdcd_control_xfer_cb+0x6e>
1000a4ae:	2000      	movs	r0, #0
1000a4b0:	4908      	ldr	r1, [pc, #32]	@ (1000a4d4 <cdcd_control_xfer_cb+0xa0>)
1000a4b2:	f7fe fae1 	bl	10008a78 <tud_cdc_line_coding_cb>
1000a4b6:	e7f4      	b.n	1000a4a2 <cdcd_control_xfer_cb+0x6e>
1000a4b8:	4611      	mov	r1, r2
1000a4ba:	f7ff f905 	bl	100096c8 <tud_control_status>
1000a4be:	e7f0      	b.n	1000a4a2 <cdcd_control_xfer_cb+0x6e>
1000a4c0:	4611      	mov	r1, r2
1000a4c2:	2307      	movs	r3, #7
1000a4c4:	4a03      	ldr	r2, [pc, #12]	@ (1000a4d4 <cdcd_control_xfer_cb+0xa0>)
1000a4c6:	f7ff f93d 	bl	10009744 <tud_control_xfer>
1000a4ca:	e7ea      	b.n	1000a4a2 <cdcd_control_xfer_cb+0x6e>
1000a4cc:	20001188 	.word	0x20001188
1000a4d0:	200011a0 	.word	0x200011a0
1000a4d4:	2000118c 	.word	0x2000118c

1000a4d8 <cdcd_xfer_cb>:
1000a4d8:	b5f0      	push	{r4, r5, r6, r7, lr}
1000a4da:	4d43      	ldr	r5, [pc, #268]	@ (1000a5e8 <cdcd_xfer_cb+0x110>)
1000a4dc:	460c      	mov	r4, r1
1000a4de:	f895 2036 	ldrb.w	r2, [r5, #54]	@ 0x36
1000a4e2:	461e      	mov	r6, r3
1000a4e4:	428a      	cmp	r2, r1
1000a4e6:	7ba8      	ldrb	r0, [r5, #14]
1000a4e8:	f895 c002 	ldrb.w	ip, [r5, #2]
1000a4ec:	b085      	sub	sp, #20
1000a4ee:	d00e      	beq.n	1000a50e <cdcd_xfer_cb+0x36>
1000a4f0:	4281      	cmp	r1, r0
1000a4f2:	d05b      	beq.n	1000a5ac <cdcd_xfer_cb+0xd4>
1000a4f4:	4561      	cmp	r1, ip
1000a4f6:	d100      	bne.n	1000a4fa <cdcd_xfer_cb+0x22>
1000a4f8:	bb11      	cbnz	r1, 1000a540 <cdcd_xfer_cb+0x68>
1000a4fa:	f04f 23e0 	mov.w	r3, #3758153728	@ 0xe000e000
1000a4fe:	f8d3 3df0 	ldr.w	r3, [r3, #3568]	@ 0xdf0
1000a502:	07db      	lsls	r3, r3, #31
1000a504:	d500      	bpl.n	1000a508 <cdcd_xfer_cb+0x30>
1000a506:	be00      	bkpt	0x0000
1000a508:	2000      	movs	r0, #0
1000a50a:	b005      	add	sp, #20
1000a50c:	bdf0      	pop	{r4, r5, r6, r7, pc}
1000a50e:	6be9      	ldr	r1, [r5, #60]	@ 0x3c
1000a510:	b129      	cbz	r1, 1000a51e <cdcd_xfer_cb+0x46>
1000a512:	2300      	movs	r3, #0
1000a514:	b2b2      	uxth	r2, r6
1000a516:	f105 0040 	add.w	r0, r5, #64	@ 0x40
1000a51a:	f000 fbe9 	bl	1000acf0 <tu_fifo_write_n_access_mode>
1000a51e:	7aeb      	ldrb	r3, [r5, #11]
1000a520:	2bff      	cmp	r3, #255	@ 0xff
1000a522:	d11d      	bne.n	1000a560 <cdcd_xfer_cb+0x88>
1000a524:	f8b5 2048 	ldrh.w	r2, [r5, #72]	@ 0x48
1000a528:	f8b5 304a 	ldrh.w	r3, [r5, #74]	@ 0x4a
1000a52c:	b292      	uxth	r2, r2
1000a52e:	b29b      	uxth	r3, r3
1000a530:	429a      	cmp	r2, r3
1000a532:	d10b      	bne.n	1000a54c <cdcd_xfer_cb+0x74>
1000a534:	482d      	ldr	r0, [pc, #180]	@ (1000a5ec <cdcd_xfer_cb+0x114>)
1000a536:	f000 fa47 	bl	1000a9c8 <tu_edpt_stream_read_xfer>
1000a53a:	7bab      	ldrb	r3, [r5, #14]
1000a53c:	42a3      	cmp	r3, r4
1000a53e:	d035      	beq.n	1000a5ac <cdcd_xfer_cb+0xd4>
1000a540:	78ab      	ldrb	r3, [r5, #2]
1000a542:	42a3      	cmp	r3, r4
1000a544:	d03f      	beq.n	1000a5c6 <cdcd_xfer_cb+0xee>
1000a546:	2001      	movs	r0, #1
1000a548:	b005      	add	sp, #20
1000a54a:	bdf0      	pop	{r4, r5, r6, r7, pc}
1000a54c:	2000      	movs	r0, #0
1000a54e:	f7ff fe2d 	bl	1000a1ac <tud_cdc_rx_cb>
1000a552:	4826      	ldr	r0, [pc, #152]	@ (1000a5ec <cdcd_xfer_cb+0x114>)
1000a554:	f000 fa38 	bl	1000a9c8 <tu_edpt_stream_read_xfer>
1000a558:	7bab      	ldrb	r3, [r5, #14]
1000a55a:	42a3      	cmp	r3, r4
1000a55c:	d1f0      	bne.n	1000a540 <cdcd_xfer_cb+0x68>
1000a55e:	e025      	b.n	1000a5ac <cdcd_xfer_cb+0xd4>
1000a560:	4669      	mov	r1, sp
1000a562:	4823      	ldr	r0, [pc, #140]	@ (1000a5f0 <cdcd_xfer_cb+0x118>)
1000a564:	f000 fc60 	bl	1000ae28 <tu_fifo_get_read_info>
1000a568:	f8bd 3008 	ldrh.w	r3, [sp, #8]
1000a56c:	b37b      	cbz	r3, 1000a5ce <cdcd_xfer_cb+0xf6>
1000a56e:	9a03      	ldr	r2, [sp, #12]
1000a570:	3b01      	subs	r3, #1
1000a572:	441a      	add	r2, r3
1000a574:	2a00      	cmp	r2, #0
1000a576:	d0d5      	beq.n	1000a524 <cdcd_xfer_cb+0x4c>
1000a578:	2e00      	cmp	r6, #0
1000a57a:	d0d3      	beq.n	1000a524 <cdcd_xfer_cb+0x4c>
1000a57c:	f8bd e000 	ldrh.w	lr, [sp]
1000a580:	f8dd c004 	ldr.w	ip, [sp, #4]
1000a584:	f10e 3eff 	add.w	lr, lr, #4294967295	@ 0xffffffff
1000a588:	2300      	movs	r3, #0
1000a58a:	7ae9      	ldrb	r1, [r5, #11]
1000a58c:	9f03      	ldr	r7, [sp, #12]
1000a58e:	44e6      	add	lr, ip
1000a590:	e005      	b.n	1000a59e <cdcd_xfer_cb+0xc6>
1000a592:	4594      	cmp	ip, r2
1000a594:	d0c6      	beq.n	1000a524 <cdcd_xfer_cb+0x4c>
1000a596:	3a01      	subs	r2, #1
1000a598:	3301      	adds	r3, #1
1000a59a:	429e      	cmp	r6, r3
1000a59c:	d0c2      	beq.n	1000a524 <cdcd_xfer_cb+0x4c>
1000a59e:	7810      	ldrb	r0, [r2, #0]
1000a5a0:	4288      	cmp	r0, r1
1000a5a2:	d01c      	beq.n	1000a5de <cdcd_xfer_cb+0x106>
1000a5a4:	4297      	cmp	r7, r2
1000a5a6:	d1f4      	bne.n	1000a592 <cdcd_xfer_cb+0xba>
1000a5a8:	4672      	mov	r2, lr
1000a5aa:	e7f5      	b.n	1000a598 <cdcd_xfer_cb+0xc0>
1000a5ac:	2000      	movs	r0, #0
1000a5ae:	f7ff fe01 	bl	1000a1b4 <tud_cdc_tx_complete_cb>
1000a5b2:	4810      	ldr	r0, [pc, #64]	@ (1000a5f4 <cdcd_xfer_cb+0x11c>)
1000a5b4:	f000 f920 	bl	1000a7f8 <tu_edpt_stream_write_xfer>
1000a5b8:	2800      	cmp	r0, #0
1000a5ba:	d1c1      	bne.n	1000a540 <cdcd_xfer_cb+0x68>
1000a5bc:	4631      	mov	r1, r6
1000a5be:	480d      	ldr	r0, [pc, #52]	@ (1000a5f4 <cdcd_xfer_cb+0x11c>)
1000a5c0:	f000 f8e2 	bl	1000a788 <tu_edpt_stream_write_zlp_if_needed>
1000a5c4:	e7bc      	b.n	1000a540 <cdcd_xfer_cb+0x68>
1000a5c6:	2000      	movs	r0, #0
1000a5c8:	f7ff fdf6 	bl	1000a1b8 <tud_cdc_notify_complete_cb>
1000a5cc:	e7bb      	b.n	1000a546 <cdcd_xfer_cb+0x6e>
1000a5ce:	f8bd 3000 	ldrh.w	r3, [sp]
1000a5d2:	2b00      	cmp	r3, #0
1000a5d4:	d0a6      	beq.n	1000a524 <cdcd_xfer_cb+0x4c>
1000a5d6:	9a01      	ldr	r2, [sp, #4]
1000a5d8:	3b01      	subs	r3, #1
1000a5da:	441a      	add	r2, r3
1000a5dc:	e7ca      	b.n	1000a574 <cdcd_xfer_cb+0x9c>
1000a5de:	2000      	movs	r0, #0
1000a5e0:	f7ff fde6 	bl	1000a1b0 <tud_cdc_rx_wanted_cb>
1000a5e4:	e79e      	b.n	1000a524 <cdcd_xfer_cb+0x4c>
1000a5e6:	bf00      	nop
1000a5e8:	20001188 	.word	0x20001188
1000a5ec:	200011bc 	.word	0x200011bc
1000a5f0:	200011c8 	.word	0x200011c8
1000a5f4:	20001194 	.word	0x20001194

1000a5f8 <tusb_rhport_init>:
1000a5f8:	b510      	push	{r4, lr}
1000a5fa:	b082      	sub	sp, #8
1000a5fc:	b1b9      	cbz	r1, 1000a62e <tusb_rhport_init+0x36>
1000a5fe:	2801      	cmp	r0, #1
1000a600:	d80c      	bhi.n	1000a61c <tusb_rhport_init+0x24>
1000a602:	780b      	ldrb	r3, [r1, #0]
1000a604:	b153      	cbz	r3, 1000a61c <tusb_rhport_init+0x24>
1000a606:	4c13      	ldr	r4, [pc, #76]	@ (1000a654 <tusb_rhport_init+0x5c>)
1000a608:	2b01      	cmp	r3, #1
1000a60a:	5423      	strb	r3, [r4, r0]
1000a60c:	d002      	beq.n	1000a614 <tusb_rhport_init+0x1c>
1000a60e:	2001      	movs	r0, #1
1000a610:	b002      	add	sp, #8
1000a612:	bd10      	pop	{r4, pc}
1000a614:	f7fe ffda 	bl	100095cc <tud_rhport_init>
1000a618:	2800      	cmp	r0, #0
1000a61a:	d1f8      	bne.n	1000a60e <tusb_rhport_init+0x16>
1000a61c:	f04f 23e0 	mov.w	r3, #3758153728	@ 0xe000e000
1000a620:	f8d3 3df0 	ldr.w	r3, [r3, #3568]	@ 0xdf0
1000a624:	07db      	lsls	r3, r3, #31
1000a626:	d500      	bpl.n	1000a62a <tusb_rhport_init+0x32>
1000a628:	be00      	bkpt	0x0000
1000a62a:	2000      	movs	r0, #0
1000a62c:	e7f0      	b.n	1000a610 <tusb_rhport_init+0x18>
1000a62e:	2401      	movs	r4, #1
1000a630:	4608      	mov	r0, r1
1000a632:	a901      	add	r1, sp, #4
1000a634:	f8ad 4004 	strh.w	r4, [sp, #4]
1000a638:	f7fe ffc8 	bl	100095cc <tud_rhport_init>
1000a63c:	b938      	cbnz	r0, 1000a64e <tusb_rhport_init+0x56>
1000a63e:	f04f 23e0 	mov.w	r3, #3758153728	@ 0xe000e000
1000a642:	f8d3 3df0 	ldr.w	r3, [r3, #3568]	@ 0xdf0
1000a646:	07da      	lsls	r2, r3, #31
1000a648:	d5e2      	bpl.n	1000a610 <tusb_rhport_init+0x18>
1000a64a:	be00      	bkpt	0x0000
1000a64c:	e7e0      	b.n	1000a610 <tusb_rhport_init+0x18>
1000a64e:	4b01      	ldr	r3, [pc, #4]	@ (1000a654 <tusb_rhport_init+0x5c>)
1000a650:	701c      	strb	r4, [r3, #0]
1000a652:	e7dd      	b.n	1000a610 <tusb_rhport_init+0x18>
1000a654:	200012c4 	.word	0x200012c4

1000a658 <tu_edpt_claim>:
1000a658:	b570      	push	{r4, r5, r6, lr}
1000a65a:	7803      	ldrb	r3, [r0, #0]
1000a65c:	f013 0f05 	tst.w	r3, #5
1000a660:	d002      	beq.n	1000a668 <tu_edpt_claim+0x10>
1000a662:	2600      	movs	r6, #0
1000a664:	4630      	mov	r0, r6
1000a666:	bd70      	pop	{r4, r5, r6, pc}
1000a668:	460d      	mov	r5, r1
1000a66a:	4604      	mov	r4, r0
1000a66c:	f04f 31ff 	mov.w	r1, #4294967295	@ 0xffffffff
1000a670:	4628      	mov	r0, r5
1000a672:	f000 fe69 	bl	1000b348 <__mutex_enter_timeout_ms_veneer>
1000a676:	7823      	ldrb	r3, [r4, #0]
1000a678:	f003 0305 	and.w	r3, r3, #5
1000a67c:	2b00      	cmp	r3, #0
1000a67e:	bf0c      	ite	eq
1000a680:	2601      	moveq	r6, #1
1000a682:	2600      	movne	r6, #0
1000a684:	d103      	bne.n	1000a68e <tu_edpt_claim+0x36>
1000a686:	7823      	ldrb	r3, [r4, #0]
1000a688:	f043 0304 	orr.w	r3, r3, #4
1000a68c:	7023      	strb	r3, [r4, #0]
1000a68e:	4628      	mov	r0, r5
1000a690:	f000 fe42 	bl	1000b318 <__mutex_exit_veneer>
1000a694:	4630      	mov	r0, r6
1000a696:	bd70      	pop	{r4, r5, r6, pc}

1000a698 <tu_edpt_release>:
1000a698:	b570      	push	{r4, r5, r6, lr}
1000a69a:	460c      	mov	r4, r1
1000a69c:	4605      	mov	r5, r0
1000a69e:	f04f 31ff 	mov.w	r1, #4294967295	@ 0xffffffff
1000a6a2:	4620      	mov	r0, r4
1000a6a4:	f000 fe50 	bl	1000b348 <__mutex_enter_timeout_ms_veneer>
1000a6a8:	782b      	ldrb	r3, [r5, #0]
1000a6aa:	f003 0305 	and.w	r3, r3, #5
1000a6ae:	2b04      	cmp	r3, #4
1000a6b0:	bf0c      	ite	eq
1000a6b2:	2601      	moveq	r6, #1
1000a6b4:	2600      	movne	r6, #0
1000a6b6:	d103      	bne.n	1000a6c0 <tu_edpt_release+0x28>
1000a6b8:	782b      	ldrb	r3, [r5, #0]
1000a6ba:	f003 03fb 	and.w	r3, r3, #251	@ 0xfb
1000a6be:	702b      	strb	r3, [r5, #0]
1000a6c0:	4620      	mov	r0, r4
1000a6c2:	f000 fe29 	bl	1000b318 <__mutex_exit_veneer>
1000a6c6:	4630      	mov	r0, r6
1000a6c8:	bd70      	pop	{r4, r5, r6, pc}
1000a6ca:	bf00      	nop

1000a6cc <tu_bind_driver_to_ep_itf>:
1000a6cc:	b530      	push	{r4, r5, lr}
1000a6ce:	9c03      	ldr	r4, [sp, #12]
1000a6d0:	f8bd c010 	ldrh.w	ip, [sp, #16]
1000a6d4:	44a4      	add	ip, r4
1000a6d6:	4564      	cmp	r4, ip
1000a6d8:	d211      	bcs.n	1000a6fe <tu_bind_driver_to_ep_itf+0x32>
1000a6da:	7825      	ldrb	r5, [r4, #0]
1000a6dc:	eb04 0e05 	add.w	lr, r4, r5
1000a6e0:	45f4      	cmp	ip, lr
1000a6e2:	d30c      	bcc.n	1000a6fe <tu_bind_driver_to_ep_itf+0x32>
1000a6e4:	7865      	ldrb	r5, [r4, #1]
1000a6e6:	2d05      	cmp	r5, #5
1000a6e8:	d016      	beq.n	1000a718 <tu_bind_driver_to_ep_itf+0x4c>
1000a6ea:	2d04      	cmp	r5, #4
1000a6ec:	d009      	beq.n	1000a702 <tu_bind_driver_to_ep_itf+0x36>
1000a6ee:	45f4      	cmp	ip, lr
1000a6f0:	4674      	mov	r4, lr
1000a6f2:	d904      	bls.n	1000a6fe <tu_bind_driver_to_ep_itf+0x32>
1000a6f4:	f89e 5000 	ldrb.w	r5, [lr]
1000a6f8:	44ae      	add	lr, r5
1000a6fa:	45f4      	cmp	ip, lr
1000a6fc:	d2f2      	bcs.n	1000a6e4 <tu_bind_driver_to_ep_itf+0x18>
1000a6fe:	2001      	movs	r0, #1
1000a700:	bd30      	pop	{r4, r5, pc}
1000a702:	78e5      	ldrb	r5, [r4, #3]
1000a704:	2d00      	cmp	r5, #0
1000a706:	d1f2      	bne.n	1000a6ee <tu_bind_driver_to_ep_itf+0x22>
1000a708:	78a5      	ldrb	r5, [r4, #2]
1000a70a:	429d      	cmp	r5, r3
1000a70c:	d213      	bcs.n	1000a736 <tu_bind_driver_to_ep_itf+0x6a>
1000a70e:	5550      	strb	r0, [r2, r5]
1000a710:	7825      	ldrb	r5, [r4, #0]
1000a712:	eb04 0e05 	add.w	lr, r4, r5
1000a716:	e7ea      	b.n	1000a6ee <tu_bind_driver_to_ep_itf+0x22>
1000a718:	78a5      	ldrb	r5, [r4, #2]
1000a71a:	f005 0e0f 	and.w	lr, r5, #15
1000a71e:	eb01 0e4e 	add.w	lr, r1, lr, lsl #1
1000a722:	09ed      	lsrs	r5, r5, #7
1000a724:	f80e 0005 	strb.w	r0, [lr, r5]
1000a728:	7825      	ldrb	r5, [r4, #0]
1000a72a:	eb04 0e05 	add.w	lr, r4, r5
1000a72e:	45f4      	cmp	ip, lr
1000a730:	4674      	mov	r4, lr
1000a732:	d9e4      	bls.n	1000a6fe <tu_bind_driver_to_ep_itf+0x32>
1000a734:	e7de      	b.n	1000a6f4 <tu_bind_driver_to_ep_itf+0x28>
1000a736:	f04f 23e0 	mov.w	r3, #3758153728	@ 0xe000e000
1000a73a:	f8d3 3df0 	ldr.w	r3, [r3, #3568]	@ 0xdf0
1000a73e:	07db      	lsls	r3, r3, #31
1000a740:	d500      	bpl.n	1000a744 <tu_bind_driver_to_ep_itf+0x78>
1000a742:	be00      	bkpt	0x0000
1000a744:	2000      	movs	r0, #0
1000a746:	bd30      	pop	{r4, r5, pc}

1000a748 <tu_edpt_stream_init>:
1000a748:	b5f8      	push	{r3, r4, r5, r6, r7, lr}
1000a74a:	9f06      	ldr	r7, [sp, #24]
1000a74c:	f8bd 501c 	ldrh.w	r5, [sp, #28]
1000a750:	b1c7      	cbz	r7, 1000a784 <tu_edpt_stream_init+0x3c>
1000a752:	b90d      	cbnz	r5, 1000a758 <tu_edpt_stream_init+0x10>
1000a754:	4628      	mov	r0, r5
1000a756:	bdf8      	pop	{r3, r4, r5, r6, r7, pc}
1000a758:	4604      	mov	r4, r0
1000a75a:	4616      	mov	r6, r2
1000a75c:	7041      	strb	r1, [r0, #1]
1000a75e:	462a      	mov	r2, r5
1000a760:	4639      	mov	r1, r7
1000a762:	300c      	adds	r0, #12
1000a764:	f104 0520 	add.w	r5, r4, #32
1000a768:	f000 fa00 	bl	1000ab6c <tu_fifo_config>
1000a76c:	4628      	mov	r0, r5
1000a76e:	f7fa faff 	bl	10004d70 <mutex_init>
1000a772:	b10e      	cbz	r6, 1000a778 <tu_edpt_stream_init+0x30>
1000a774:	462e      	mov	r6, r5
1000a776:	2500      	movs	r5, #0
1000a778:	9b08      	ldr	r3, [sp, #32]
1000a77a:	2001      	movs	r0, #1
1000a77c:	e9c4 6506 	strd	r6, r5, [r4, #24]
1000a780:	60a3      	str	r3, [r4, #8]
1000a782:	bdf8      	pop	{r3, r4, r5, r6, r7, pc}
1000a784:	4638      	mov	r0, r7
1000a786:	bdf8      	pop	{r3, r4, r5, r6, r7, pc}

1000a788 <tu_edpt_stream_write_zlp_if_needed>:
1000a788:	8a82      	ldrh	r2, [r0, #20]
1000a78a:	8ac3      	ldrh	r3, [r0, #22]
1000a78c:	b292      	uxth	r2, r2
1000a78e:	b29b      	uxth	r3, r3
1000a790:	429a      	cmp	r2, r3
1000a792:	d001      	beq.n	1000a798 <tu_edpt_stream_write_zlp_if_needed+0x10>
1000a794:	2000      	movs	r0, #0
1000a796:	4770      	bx	lr
1000a798:	2900      	cmp	r1, #0
1000a79a:	d0fb      	beq.n	1000a794 <tu_edpt_stream_write_zlp_if_needed+0xc>
1000a79c:	b510      	push	{r4, lr}
1000a79e:	8883      	ldrh	r3, [r0, #4]
1000a7a0:	4604      	mov	r4, r0
1000a7a2:	3b01      	subs	r3, #1
1000a7a4:	420b      	tst	r3, r1
1000a7a6:	b082      	sub	sp, #8
1000a7a8:	d103      	bne.n	1000a7b2 <tu_edpt_stream_write_zlp_if_needed+0x2a>
1000a7aa:	7881      	ldrb	r1, [r0, #2]
1000a7ac:	b109      	cbz	r1, 1000a7b2 <tu_edpt_stream_write_zlp_if_needed+0x2a>
1000a7ae:	7843      	ldrb	r3, [r0, #1]
1000a7b0:	b113      	cbz	r3, 1000a7b8 <tu_edpt_stream_write_zlp_if_needed+0x30>
1000a7b2:	2000      	movs	r0, #0
1000a7b4:	b002      	add	sp, #8
1000a7b6:	bd10      	pop	{r4, pc}
1000a7b8:	7800      	ldrb	r0, [r0, #0]
1000a7ba:	f7ff f869 	bl	10009890 <usbd_edpt_claim>
1000a7be:	2800      	cmp	r0, #0
1000a7c0:	d0f7      	beq.n	1000a7b2 <tu_edpt_stream_write_zlp_if_needed+0x2a>
1000a7c2:	7863      	ldrb	r3, [r4, #1]
1000a7c4:	b94b      	cbnz	r3, 1000a7da <tu_edpt_stream_write_zlp_if_needed+0x52>
1000a7c6:	68a2      	ldr	r2, [r4, #8]
1000a7c8:	7820      	ldrb	r0, [r4, #0]
1000a7ca:	78a1      	ldrb	r1, [r4, #2]
1000a7cc:	b16a      	cbz	r2, 1000a7ea <tu_edpt_stream_write_zlp_if_needed+0x62>
1000a7ce:	461a      	mov	r2, r3
1000a7d0:	9300      	str	r3, [sp, #0]
1000a7d2:	f7ff f881 	bl	100098d8 <usbd_edpt_xfer>
1000a7d6:	2800      	cmp	r0, #0
1000a7d8:	d1ec      	bne.n	1000a7b4 <tu_edpt_stream_write_zlp_if_needed+0x2c>
1000a7da:	f04f 23e0 	mov.w	r3, #3758153728	@ 0xe000e000
1000a7de:	f8d3 3df0 	ldr.w	r3, [r3, #3568]	@ 0xdf0
1000a7e2:	07db      	lsls	r3, r3, #31
1000a7e4:	d5e5      	bpl.n	1000a7b2 <tu_edpt_stream_write_zlp_if_needed+0x2a>
1000a7e6:	be00      	bkpt	0x0000
1000a7e8:	e7e3      	b.n	1000a7b2 <tu_edpt_stream_write_zlp_if_needed+0x2a>
1000a7ea:	4613      	mov	r3, r2
1000a7ec:	9200      	str	r2, [sp, #0]
1000a7ee:	f104 020c 	add.w	r2, r4, #12
1000a7f2:	f7ff fcd9 	bl	1000a1a8 <usbd_edpt_xfer_fifo>
1000a7f6:	e7ee      	b.n	1000a7d6 <tu_edpt_stream_write_zlp_if_needed+0x4e>

1000a7f8 <tu_edpt_stream_write_xfer>:
1000a7f8:	8a83      	ldrh	r3, [r0, #20]
1000a7fa:	8ac2      	ldrh	r2, [r0, #22]
1000a7fc:	b29b      	uxth	r3, r3
1000a7fe:	b292      	uxth	r2, r2
1000a800:	8a01      	ldrh	r1, [r0, #16]
1000a802:	4293      	cmp	r3, r2
1000a804:	bfb6      	itet	lt
1000a806:	ebc2 0241 	rsblt	r2, r2, r1, lsl #1
1000a80a:	1a9b      	subge	r3, r3, r2
1000a80c:	189b      	addlt	r3, r3, r2
1000a80e:	b29b      	uxth	r3, r3
1000a810:	4299      	cmp	r1, r3
1000a812:	bf28      	it	cs
1000a814:	4619      	movcs	r1, r3
1000a816:	b530      	push	{r4, r5, lr}
1000a818:	4604      	mov	r4, r0
1000a81a:	b083      	sub	sp, #12
1000a81c:	b119      	cbz	r1, 1000a826 <tu_edpt_stream_write_xfer+0x2e>
1000a81e:	7881      	ldrb	r1, [r0, #2]
1000a820:	b109      	cbz	r1, 1000a826 <tu_edpt_stream_write_xfer+0x2e>
1000a822:	7845      	ldrb	r5, [r0, #1]
1000a824:	b115      	cbz	r5, 1000a82c <tu_edpt_stream_write_xfer+0x34>
1000a826:	2000      	movs	r0, #0
1000a828:	b003      	add	sp, #12
1000a82a:	bd30      	pop	{r4, r5, pc}
1000a82c:	7800      	ldrb	r0, [r0, #0]
1000a82e:	f7ff f82f 	bl	10009890 <usbd_edpt_claim>
1000a832:	2800      	cmp	r0, #0
1000a834:	d0f7      	beq.n	1000a826 <tu_edpt_stream_write_xfer+0x2e>
1000a836:	68a1      	ldr	r1, [r4, #8]
1000a838:	b1a1      	cbz	r1, 1000a864 <tu_edpt_stream_write_xfer+0x6c>
1000a83a:	462b      	mov	r3, r5
1000a83c:	88e2      	ldrh	r2, [r4, #6]
1000a83e:	f104 000c 	add.w	r0, r4, #12
1000a842:	f000 f9f3 	bl	1000ac2c <tu_fifo_read_n_access_mode>
1000a846:	4605      	mov	r5, r0
1000a848:	7863      	ldrb	r3, [r4, #1]
1000a84a:	b1e5      	cbz	r5, 1000a886 <tu_edpt_stream_write_xfer+0x8e>
1000a84c:	bb13      	cbnz	r3, 1000a894 <tu_edpt_stream_write_xfer+0x9c>
1000a84e:	68a2      	ldr	r2, [r4, #8]
1000a850:	7820      	ldrb	r0, [r4, #0]
1000a852:	78a1      	ldrb	r1, [r4, #2]
1000a854:	b332      	cbz	r2, 1000a8a4 <tu_edpt_stream_write_xfer+0xac>
1000a856:	9300      	str	r3, [sp, #0]
1000a858:	462b      	mov	r3, r5
1000a85a:	f7ff f83d 	bl	100098d8 <usbd_edpt_xfer>
1000a85e:	b1c8      	cbz	r0, 1000a894 <tu_edpt_stream_write_xfer+0x9c>
1000a860:	4628      	mov	r0, r5
1000a862:	e7e1      	b.n	1000a828 <tu_edpt_stream_write_xfer+0x30>
1000a864:	8aa3      	ldrh	r3, [r4, #20]
1000a866:	8ae2      	ldrh	r2, [r4, #22]
1000a868:	8a20      	ldrh	r0, [r4, #16]
1000a86a:	b29b      	uxth	r3, r3
1000a86c:	b292      	uxth	r2, r2
1000a86e:	4293      	cmp	r3, r2
1000a870:	bfb6      	itet	lt
1000a872:	ebc2 0240 	rsblt	r2, r2, r0, lsl #1
1000a876:	1a9b      	subge	r3, r3, r2
1000a878:	189b      	addlt	r3, r3, r2
1000a87a:	b29b      	uxth	r3, r3
1000a87c:	4298      	cmp	r0, r3
1000a87e:	bf28      	it	cs
1000a880:	4618      	movcs	r0, r3
1000a882:	4605      	mov	r5, r0
1000a884:	e7e0      	b.n	1000a848 <tu_edpt_stream_write_xfer+0x50>
1000a886:	2b00      	cmp	r3, #0
1000a888:	d1cd      	bne.n	1000a826 <tu_edpt_stream_write_xfer+0x2e>
1000a88a:	78a1      	ldrb	r1, [r4, #2]
1000a88c:	7820      	ldrb	r0, [r4, #0]
1000a88e:	f7ff f811 	bl	100098b4 <usbd_edpt_release>
1000a892:	e7c8      	b.n	1000a826 <tu_edpt_stream_write_xfer+0x2e>
1000a894:	f04f 23e0 	mov.w	r3, #3758153728	@ 0xe000e000
1000a898:	f8d3 3df0 	ldr.w	r3, [r3, #3568]	@ 0xdf0
1000a89c:	07db      	lsls	r3, r3, #31
1000a89e:	d5c2      	bpl.n	1000a826 <tu_edpt_stream_write_xfer+0x2e>
1000a8a0:	be00      	bkpt	0x0000
1000a8a2:	e7c0      	b.n	1000a826 <tu_edpt_stream_write_xfer+0x2e>
1000a8a4:	9200      	str	r2, [sp, #0]
1000a8a6:	462b      	mov	r3, r5
1000a8a8:	f104 020c 	add.w	r2, r4, #12
1000a8ac:	f7ff fc7c 	bl	1000a1a8 <usbd_edpt_xfer_fifo>
1000a8b0:	e7d5      	b.n	1000a85e <tu_edpt_stream_write_xfer+0x66>
1000a8b2:	bf00      	nop

1000a8b4 <tu_edpt_stream_write>:
1000a8b4:	b5f0      	push	{r4, r5, r6, r7, lr}
1000a8b6:	4605      	mov	r5, r0
1000a8b8:	b083      	sub	sp, #12
1000a8ba:	4610      	mov	r0, r2
1000a8bc:	b90a      	cbnz	r2, 1000a8c2 <tu_edpt_stream_write+0xe>
1000a8be:	b003      	add	sp, #12
1000a8c0:	bdf0      	pop	{r4, r5, r6, r7, pc}
1000a8c2:	f105 060c 	add.w	r6, r5, #12
1000a8c6:	2300      	movs	r3, #0
1000a8c8:	b292      	uxth	r2, r2
1000a8ca:	4630      	mov	r0, r6
1000a8cc:	f000 fa10 	bl	1000acf0 <tu_fifo_write_n_access_mode>
1000a8d0:	8aab      	ldrh	r3, [r5, #20]
1000a8d2:	8ae9      	ldrh	r1, [r5, #22]
1000a8d4:	b29b      	uxth	r3, r3
1000a8d6:	b289      	uxth	r1, r1
1000a8d8:	8a2a      	ldrh	r2, [r5, #16]
1000a8da:	428b      	cmp	r3, r1
1000a8dc:	bfb6      	itet	lt
1000a8de:	ebc1 0142 	rsblt	r1, r1, r2, lsl #1
1000a8e2:	1a5b      	subge	r3, r3, r1
1000a8e4:	185b      	addlt	r3, r3, r1
1000a8e6:	b29b      	uxth	r3, r3
1000a8e8:	4293      	cmp	r3, r2
1000a8ea:	bf28      	it	cs
1000a8ec:	4613      	movcs	r3, r2
1000a8ee:	88a9      	ldrh	r1, [r5, #4]
1000a8f0:	4604      	mov	r4, r0
1000a8f2:	4299      	cmp	r1, r3
1000a8f4:	d901      	bls.n	1000a8fa <tu_edpt_stream_write+0x46>
1000a8f6:	4291      	cmp	r1, r2
1000a8f8:	d912      	bls.n	1000a920 <tu_edpt_stream_write+0x6c>
1000a8fa:	8aab      	ldrh	r3, [r5, #20]
1000a8fc:	8ae9      	ldrh	r1, [r5, #22]
1000a8fe:	b29b      	uxth	r3, r3
1000a900:	b289      	uxth	r1, r1
1000a902:	428b      	cmp	r3, r1
1000a904:	bfb6      	itet	lt
1000a906:	ebc1 0142 	rsblt	r1, r1, r2, lsl #1
1000a90a:	1a5b      	subge	r3, r3, r1
1000a90c:	185b      	addlt	r3, r3, r1
1000a90e:	b29b      	uxth	r3, r3
1000a910:	429a      	cmp	r2, r3
1000a912:	bf28      	it	cs
1000a914:	461a      	movcs	r2, r3
1000a916:	b11a      	cbz	r2, 1000a920 <tu_edpt_stream_write+0x6c>
1000a918:	78a9      	ldrb	r1, [r5, #2]
1000a91a:	b109      	cbz	r1, 1000a920 <tu_edpt_stream_write+0x6c>
1000a91c:	786f      	ldrb	r7, [r5, #1]
1000a91e:	b117      	cbz	r7, 1000a926 <tu_edpt_stream_write+0x72>
1000a920:	4620      	mov	r0, r4
1000a922:	b003      	add	sp, #12
1000a924:	bdf0      	pop	{r4, r5, r6, r7, pc}
1000a926:	7828      	ldrb	r0, [r5, #0]
1000a928:	f7fe ffb2 	bl	10009890 <usbd_edpt_claim>
1000a92c:	2800      	cmp	r0, #0
1000a92e:	d0f7      	beq.n	1000a920 <tu_edpt_stream_write+0x6c>
1000a930:	68a9      	ldr	r1, [r5, #8]
1000a932:	b311      	cbz	r1, 1000a97a <tu_edpt_stream_write+0xc6>
1000a934:	463b      	mov	r3, r7
1000a936:	4630      	mov	r0, r6
1000a938:	88ea      	ldrh	r2, [r5, #6]
1000a93a:	f000 f977 	bl	1000ac2c <tu_fifo_read_n_access_mode>
1000a93e:	4603      	mov	r3, r0
1000a940:	786f      	ldrb	r7, [r5, #1]
1000a942:	b193      	cbz	r3, 1000a96a <tu_edpt_stream_write+0xb6>
1000a944:	b947      	cbnz	r7, 1000a958 <tu_edpt_stream_write+0xa4>
1000a946:	68aa      	ldr	r2, [r5, #8]
1000a948:	7828      	ldrb	r0, [r5, #0]
1000a94a:	78a9      	ldrb	r1, [r5, #2]
1000a94c:	b32a      	cbz	r2, 1000a99a <tu_edpt_stream_write+0xe6>
1000a94e:	9700      	str	r7, [sp, #0]
1000a950:	f7fe ffc2 	bl	100098d8 <usbd_edpt_xfer>
1000a954:	2800      	cmp	r0, #0
1000a956:	d1e3      	bne.n	1000a920 <tu_edpt_stream_write+0x6c>
1000a958:	f04f 23e0 	mov.w	r3, #3758153728	@ 0xe000e000
1000a95c:	f8d3 3df0 	ldr.w	r3, [r3, #3568]	@ 0xdf0
1000a960:	07db      	lsls	r3, r3, #31
1000a962:	d5dd      	bpl.n	1000a920 <tu_edpt_stream_write+0x6c>
1000a964:	be00      	bkpt	0x0000
1000a966:	4620      	mov	r0, r4
1000a968:	e7db      	b.n	1000a922 <tu_edpt_stream_write+0x6e>
1000a96a:	2f00      	cmp	r7, #0
1000a96c:	d1d8      	bne.n	1000a920 <tu_edpt_stream_write+0x6c>
1000a96e:	78a9      	ldrb	r1, [r5, #2]
1000a970:	7828      	ldrb	r0, [r5, #0]
1000a972:	f7fe ff9f 	bl	100098b4 <usbd_edpt_release>
1000a976:	4620      	mov	r0, r4
1000a978:	e7d3      	b.n	1000a922 <tu_edpt_stream_write+0x6e>
1000a97a:	8aaa      	ldrh	r2, [r5, #20]
1000a97c:	8ae9      	ldrh	r1, [r5, #22]
1000a97e:	b292      	uxth	r2, r2
1000a980:	b289      	uxth	r1, r1
1000a982:	8a2b      	ldrh	r3, [r5, #16]
1000a984:	428a      	cmp	r2, r1
1000a986:	bfb6      	itet	lt
1000a988:	ebc1 0143 	rsblt	r1, r1, r3, lsl #1
1000a98c:	1a52      	subge	r2, r2, r1
1000a98e:	1852      	addlt	r2, r2, r1
1000a990:	b292      	uxth	r2, r2
1000a992:	4293      	cmp	r3, r2
1000a994:	bf28      	it	cs
1000a996:	4613      	movcs	r3, r2
1000a998:	e7d2      	b.n	1000a940 <tu_edpt_stream_write+0x8c>
1000a99a:	9200      	str	r2, [sp, #0]
1000a99c:	4632      	mov	r2, r6
1000a99e:	f7ff fc03 	bl	1000a1a8 <usbd_edpt_xfer_fifo>
1000a9a2:	e7d7      	b.n	1000a954 <tu_edpt_stream_write+0xa0>

1000a9a4 <tu_edpt_stream_write_available>:
1000a9a4:	8a83      	ldrh	r3, [r0, #20]
1000a9a6:	8ac2      	ldrh	r2, [r0, #22]
1000a9a8:	b29b      	uxth	r3, r3
1000a9aa:	8a00      	ldrh	r0, [r0, #16]
1000a9ac:	b292      	uxth	r2, r2
1000a9ae:	4293      	cmp	r3, r2
1000a9b0:	bfb6      	itet	lt
1000a9b2:	ebc2 0240 	rsblt	r2, r2, r0, lsl #1
1000a9b6:	1a9b      	subge	r3, r3, r2
1000a9b8:	189b      	addlt	r3, r3, r2
1000a9ba:	b29b      	uxth	r3, r3
1000a9bc:	4298      	cmp	r0, r3
1000a9be:	bf86      	itte	hi
1000a9c0:	1ac0      	subhi	r0, r0, r3
1000a9c2:	b280      	uxthhi	r0, r0
1000a9c4:	2000      	movls	r0, #0
1000a9c6:	4770      	bx	lr

1000a9c8 <tu_edpt_stream_read_xfer>:
1000a9c8:	8a83      	ldrh	r3, [r0, #20]
1000a9ca:	8ac1      	ldrh	r1, [r0, #22]
1000a9cc:	8a02      	ldrh	r2, [r0, #16]
1000a9ce:	b29b      	uxth	r3, r3
1000a9d0:	b289      	uxth	r1, r1
1000a9d2:	428b      	cmp	r3, r1
1000a9d4:	bfb6      	itet	lt
1000a9d6:	ebc1 0142 	rsblt	r1, r1, r2, lsl #1
1000a9da:	1a5b      	subge	r3, r3, r1
1000a9dc:	185b      	addlt	r3, r3, r1
1000a9de:	b29b      	uxth	r3, r3
1000a9e0:	429a      	cmp	r2, r3
1000a9e2:	bf98      	it	ls
1000a9e4:	2200      	movls	r2, #0
1000a9e6:	b570      	push	{r4, r5, r6, lr}
1000a9e8:	bf88      	it	hi
1000a9ea:	1ad2      	subhi	r2, r2, r3
1000a9ec:	8883      	ldrh	r3, [r0, #4]
1000a9ee:	bf88      	it	hi
1000a9f0:	b292      	uxthhi	r2, r2
1000a9f2:	4293      	cmp	r3, r2
1000a9f4:	4604      	mov	r4, r0
1000a9f6:	b082      	sub	sp, #8
1000a9f8:	d803      	bhi.n	1000aa02 <tu_edpt_stream_read_xfer+0x3a>
1000a9fa:	7881      	ldrb	r1, [r0, #2]
1000a9fc:	b109      	cbz	r1, 1000aa02 <tu_edpt_stream_read_xfer+0x3a>
1000a9fe:	7843      	ldrb	r3, [r0, #1]
1000aa00:	b113      	cbz	r3, 1000aa08 <tu_edpt_stream_read_xfer+0x40>
1000aa02:	2000      	movs	r0, #0
1000aa04:	b002      	add	sp, #8
1000aa06:	bd70      	pop	{r4, r5, r6, pc}
1000aa08:	7800      	ldrb	r0, [r0, #0]
1000aa0a:	f7fe ff41 	bl	10009890 <usbd_edpt_claim>
1000aa0e:	2800      	cmp	r0, #0
1000aa10:	d0f7      	beq.n	1000aa02 <tu_edpt_stream_read_xfer+0x3a>
1000aa12:	8aa2      	ldrh	r2, [r4, #20]
1000aa14:	8ae1      	ldrh	r1, [r4, #22]
1000aa16:	8a23      	ldrh	r3, [r4, #16]
1000aa18:	b292      	uxth	r2, r2
1000aa1a:	b289      	uxth	r1, r1
1000aa1c:	428a      	cmp	r2, r1
1000aa1e:	bfb6      	itet	lt
1000aa20:	ebc1 0143 	rsblt	r1, r1, r3, lsl #1
1000aa24:	1a52      	subge	r2, r2, r1
1000aa26:	1852      	addlt	r2, r2, r1
1000aa28:	b292      	uxth	r2, r2
1000aa2a:	4293      	cmp	r3, r2
1000aa2c:	bf92      	itee	ls
1000aa2e:	2200      	movls	r2, #0
1000aa30:	1a9b      	subhi	r3, r3, r2
1000aa32:	b29a      	uxthhi	r2, r3
1000aa34:	88a3      	ldrh	r3, [r4, #4]
1000aa36:	7866      	ldrb	r6, [r4, #1]
1000aa38:	4293      	cmp	r3, r2
1000aa3a:	d906      	bls.n	1000aa4a <tu_edpt_stream_read_xfer+0x82>
1000aa3c:	2e00      	cmp	r6, #0
1000aa3e:	d1e0      	bne.n	1000aa02 <tu_edpt_stream_read_xfer+0x3a>
1000aa40:	78a1      	ldrb	r1, [r4, #2]
1000aa42:	7820      	ldrb	r0, [r4, #0]
1000aa44:	f7fe ff36 	bl	100098b4 <usbd_edpt_release>
1000aa48:	e7db      	b.n	1000aa02 <tu_edpt_stream_read_xfer+0x3a>
1000aa4a:	88e1      	ldrh	r1, [r4, #6]
1000aa4c:	b9a6      	cbnz	r6, 1000aa78 <tu_edpt_stream_read_xfer+0xb0>
1000aa4e:	425b      	negs	r3, r3
1000aa50:	ea02 0003 	and.w	r0, r2, r3
1000aa54:	4288      	cmp	r0, r1
1000aa56:	bf28      	it	cs
1000aa58:	4608      	movcs	r0, r1
1000aa5a:	68a2      	ldr	r2, [r4, #8]
1000aa5c:	4605      	mov	r5, r0
1000aa5e:	78a1      	ldrb	r1, [r4, #2]
1000aa60:	7820      	ldrb	r0, [r4, #0]
1000aa62:	b18a      	cbz	r2, 1000aa88 <tu_edpt_stream_read_xfer+0xc0>
1000aa64:	2d00      	cmp	r5, #0
1000aa66:	bf08      	it	eq
1000aa68:	2200      	moveq	r2, #0
1000aa6a:	462b      	mov	r3, r5
1000aa6c:	9600      	str	r6, [sp, #0]
1000aa6e:	f7fe ff33 	bl	100098d8 <usbd_edpt_xfer>
1000aa72:	b108      	cbz	r0, 1000aa78 <tu_edpt_stream_read_xfer+0xb0>
1000aa74:	4628      	mov	r0, r5
1000aa76:	e7c5      	b.n	1000aa04 <tu_edpt_stream_read_xfer+0x3c>
1000aa78:	f04f 23e0 	mov.w	r3, #3758153728	@ 0xe000e000
1000aa7c:	f8d3 3df0 	ldr.w	r3, [r3, #3568]	@ 0xdf0
1000aa80:	07db      	lsls	r3, r3, #31
1000aa82:	d5be      	bpl.n	1000aa02 <tu_edpt_stream_read_xfer+0x3a>
1000aa84:	be00      	bkpt	0x0000
1000aa86:	e7bc      	b.n	1000aa02 <tu_edpt_stream_read_xfer+0x3a>
1000aa88:	9200      	str	r2, [sp, #0]
1000aa8a:	462b      	mov	r3, r5
1000aa8c:	f104 020c 	add.w	r2, r4, #12
1000aa90:	f7ff fb8a 	bl	1000a1a8 <usbd_edpt_xfer_fifo>
1000aa94:	e7ed      	b.n	1000aa72 <tu_edpt_stream_read_xfer+0xaa>
1000aa96:	bf00      	nop

1000aa98 <tu_edpt_stream_read>:
1000aa98:	b5f0      	push	{r4, r5, r6, r7, lr}
1000aa9a:	4604      	mov	r4, r0
1000aa9c:	f100 050c 	add.w	r5, r0, #12
1000aaa0:	2300      	movs	r3, #0
1000aaa2:	b292      	uxth	r2, r2
1000aaa4:	4628      	mov	r0, r5
1000aaa6:	b083      	sub	sp, #12
1000aaa8:	f000 f8c0 	bl	1000ac2c <tu_fifo_read_n_access_mode>
1000aaac:	8aa3      	ldrh	r3, [r4, #20]
1000aaae:	8ae1      	ldrh	r1, [r4, #22]
1000aab0:	8a22      	ldrh	r2, [r4, #16]
1000aab2:	b29b      	uxth	r3, r3
1000aab4:	b289      	uxth	r1, r1
1000aab6:	428b      	cmp	r3, r1
1000aab8:	bfb6      	itet	lt
1000aaba:	ebc1 0142 	rsblt	r1, r1, r2, lsl #1
1000aabe:	1a5b      	subge	r3, r3, r1
1000aac0:	185b      	addlt	r3, r3, r1
1000aac2:	b29b      	uxth	r3, r3
1000aac4:	429a      	cmp	r2, r3
1000aac6:	bf94      	ite	ls
1000aac8:	2200      	movls	r2, #0
1000aaca:	1ad2      	subhi	r2, r2, r3
1000aacc:	88a3      	ldrh	r3, [r4, #4]
1000aace:	bf88      	it	hi
1000aad0:	b292      	uxthhi	r2, r2
1000aad2:	4293      	cmp	r3, r2
1000aad4:	4606      	mov	r6, r0
1000aad6:	d803      	bhi.n	1000aae0 <tu_edpt_stream_read+0x48>
1000aad8:	78a1      	ldrb	r1, [r4, #2]
1000aada:	b109      	cbz	r1, 1000aae0 <tu_edpt_stream_read+0x48>
1000aadc:	7863      	ldrb	r3, [r4, #1]
1000aade:	b113      	cbz	r3, 1000aae6 <tu_edpt_stream_read+0x4e>
1000aae0:	4630      	mov	r0, r6
1000aae2:	b003      	add	sp, #12
1000aae4:	bdf0      	pop	{r4, r5, r6, r7, pc}
1000aae6:	7820      	ldrb	r0, [r4, #0]
1000aae8:	f7fe fed2 	bl	10009890 <usbd_edpt_claim>
1000aaec:	2800      	cmp	r0, #0
1000aaee:	d0f7      	beq.n	1000aae0 <tu_edpt_stream_read+0x48>
1000aaf0:	8aa3      	ldrh	r3, [r4, #20]
1000aaf2:	8ae1      	ldrh	r1, [r4, #22]
1000aaf4:	8a22      	ldrh	r2, [r4, #16]
1000aaf6:	b29b      	uxth	r3, r3
1000aaf8:	b289      	uxth	r1, r1
1000aafa:	428b      	cmp	r3, r1
1000aafc:	bfb6      	itet	lt
1000aafe:	ebc1 0142 	rsblt	r1, r1, r2, lsl #1
1000ab02:	1a5b      	subge	r3, r3, r1
1000ab04:	185b      	addlt	r3, r3, r1
1000ab06:	b29b      	uxth	r3, r3
1000ab08:	429a      	cmp	r2, r3
1000ab0a:	bf94      	ite	ls
1000ab0c:	2200      	movls	r2, #0
1000ab0e:	1ad2      	subhi	r2, r2, r3
1000ab10:	88a3      	ldrh	r3, [r4, #4]
1000ab12:	bf88      	it	hi
1000ab14:	b292      	uxthhi	r2, r2
1000ab16:	4293      	cmp	r3, r2
1000ab18:	7867      	ldrb	r7, [r4, #1]
1000ab1a:	d906      	bls.n	1000ab2a <tu_edpt_stream_read+0x92>
1000ab1c:	2f00      	cmp	r7, #0
1000ab1e:	d1df      	bne.n	1000aae0 <tu_edpt_stream_read+0x48>
1000ab20:	78a1      	ldrb	r1, [r4, #2]
1000ab22:	7820      	ldrb	r0, [r4, #0]
1000ab24:	f7fe fec6 	bl	100098b4 <usbd_edpt_release>
1000ab28:	e7da      	b.n	1000aae0 <tu_edpt_stream_read+0x48>
1000ab2a:	88e1      	ldrh	r1, [r4, #6]
1000ab2c:	b987      	cbnz	r7, 1000ab50 <tu_edpt_stream_read+0xb8>
1000ab2e:	425b      	negs	r3, r3
1000ab30:	4013      	ands	r3, r2
1000ab32:	68a2      	ldr	r2, [r4, #8]
1000ab34:	428b      	cmp	r3, r1
1000ab36:	bf28      	it	cs
1000ab38:	460b      	movcs	r3, r1
1000ab3a:	7820      	ldrb	r0, [r4, #0]
1000ab3c:	78a1      	ldrb	r1, [r4, #2]
1000ab3e:	b17a      	cbz	r2, 1000ab60 <tu_edpt_stream_read+0xc8>
1000ab40:	2b00      	cmp	r3, #0
1000ab42:	bf08      	it	eq
1000ab44:	2200      	moveq	r2, #0
1000ab46:	9700      	str	r7, [sp, #0]
1000ab48:	f7fe fec6 	bl	100098d8 <usbd_edpt_xfer>
1000ab4c:	2800      	cmp	r0, #0
1000ab4e:	d1c7      	bne.n	1000aae0 <tu_edpt_stream_read+0x48>
1000ab50:	f04f 23e0 	mov.w	r3, #3758153728	@ 0xe000e000
1000ab54:	f8d3 3df0 	ldr.w	r3, [r3, #3568]	@ 0xdf0
1000ab58:	07db      	lsls	r3, r3, #31
1000ab5a:	d5c1      	bpl.n	1000aae0 <tu_edpt_stream_read+0x48>
1000ab5c:	be00      	bkpt	0x0000
1000ab5e:	e7bf      	b.n	1000aae0 <tu_edpt_stream_read+0x48>
1000ab60:	9200      	str	r2, [sp, #0]
1000ab62:	462a      	mov	r2, r5
1000ab64:	f7ff fb20 	bl	1000a1a8 <usbd_edpt_xfer_fifo>
1000ab68:	e7f0      	b.n	1000ab4c <tu_edpt_stream_read+0xb4>
1000ab6a:	bf00      	nop

1000ab6c <tu_fifo_config>:
1000ab6c:	f5b2 4f00 	cmp.w	r2, #32768	@ 0x8000
1000ab70:	d820      	bhi.n	1000abb4 <tu_fifo_config+0x48>
1000ab72:	b5f8      	push	{r3, r4, r5, r6, r7, lr}
1000ab74:	4604      	mov	r4, r0
1000ab76:	68c0      	ldr	r0, [r0, #12]
1000ab78:	4615      	mov	r5, r2
1000ab7a:	460f      	mov	r7, r1
1000ab7c:	461e      	mov	r6, r3
1000ab7e:	b118      	cbz	r0, 1000ab88 <tu_fifo_config+0x1c>
1000ab80:	f04f 31ff 	mov.w	r1, #4294967295	@ 0xffffffff
1000ab84:	f000 fbe0 	bl	1000b348 <__mutex_enter_timeout_ms_veneer>
1000ab88:	6920      	ldr	r0, [r4, #16]
1000ab8a:	b118      	cbz	r0, 1000ab94 <tu_fifo_config+0x28>
1000ab8c:	f04f 31ff 	mov.w	r1, #4294967295	@ 0xffffffff
1000ab90:	f000 fbda 	bl	1000b348 <__mutex_enter_timeout_ms_veneer>
1000ab94:	2300      	movs	r3, #0
1000ab96:	68e0      	ldr	r0, [r4, #12]
1000ab98:	8163      	strh	r3, [r4, #10]
1000ab9a:	6027      	str	r7, [r4, #0]
1000ab9c:	80a5      	strh	r5, [r4, #4]
1000ab9e:	71a6      	strb	r6, [r4, #6]
1000aba0:	8123      	strh	r3, [r4, #8]
1000aba2:	b108      	cbz	r0, 1000aba8 <tu_fifo_config+0x3c>
1000aba4:	f000 fbb8 	bl	1000b318 <__mutex_exit_veneer>
1000aba8:	6920      	ldr	r0, [r4, #16]
1000abaa:	b108      	cbz	r0, 1000abb0 <tu_fifo_config+0x44>
1000abac:	f000 fbb4 	bl	1000b318 <__mutex_exit_veneer>
1000abb0:	2001      	movs	r0, #1
1000abb2:	bdf8      	pop	{r3, r4, r5, r6, r7, pc}
1000abb4:	2000      	movs	r0, #0
1000abb6:	4770      	bx	lr

1000abb8 <tu_fifo_clear>:
1000abb8:	b510      	push	{r4, lr}
1000abba:	4604      	mov	r4, r0
1000abbc:	68c0      	ldr	r0, [r0, #12]
1000abbe:	b118      	cbz	r0, 1000abc8 <tu_fifo_clear+0x10>
1000abc0:	f04f 31ff 	mov.w	r1, #4294967295	@ 0xffffffff
1000abc4:	f000 fbc0 	bl	1000b348 <__mutex_enter_timeout_ms_veneer>
1000abc8:	6920      	ldr	r0, [r4, #16]
1000abca:	b118      	cbz	r0, 1000abd4 <tu_fifo_clear+0x1c>
1000abcc:	f04f 31ff 	mov.w	r1, #4294967295	@ 0xffffffff
1000abd0:	f000 fbba 	bl	1000b348 <__mutex_enter_timeout_ms_veneer>
1000abd4:	2300      	movs	r3, #0
1000abd6:	68e0      	ldr	r0, [r4, #12]
1000abd8:	8163      	strh	r3, [r4, #10]
1000abda:	8123      	strh	r3, [r4, #8]
1000abdc:	b108      	cbz	r0, 1000abe2 <tu_fifo_clear+0x2a>
1000abde:	f000 fb9b 	bl	1000b318 <__mutex_exit_veneer>
1000abe2:	6920      	ldr	r0, [r4, #16]
1000abe4:	b118      	cbz	r0, 1000abee <tu_fifo_clear+0x36>
1000abe6:	e8bd 4010 	ldmia.w	sp!, {r4, lr}
1000abea:	f000 bb95 	b.w	1000b318 <__mutex_exit_veneer>
1000abee:	bd10      	pop	{r4, pc}

1000abf0 <tu_fifo_set_overwritable>:
1000abf0:	b538      	push	{r3, r4, r5, lr}
1000abf2:	7983      	ldrb	r3, [r0, #6]
1000abf4:	428b      	cmp	r3, r1
1000abf6:	d018      	beq.n	1000ac2a <tu_fifo_set_overwritable+0x3a>
1000abf8:	4604      	mov	r4, r0
1000abfa:	68c0      	ldr	r0, [r0, #12]
1000abfc:	460d      	mov	r5, r1
1000abfe:	b118      	cbz	r0, 1000ac08 <tu_fifo_set_overwritable+0x18>
1000ac00:	f04f 31ff 	mov.w	r1, #4294967295	@ 0xffffffff
1000ac04:	f000 fba0 	bl	1000b348 <__mutex_enter_timeout_ms_veneer>
1000ac08:	6920      	ldr	r0, [r4, #16]
1000ac0a:	b118      	cbz	r0, 1000ac14 <tu_fifo_set_overwritable+0x24>
1000ac0c:	f04f 31ff 	mov.w	r1, #4294967295	@ 0xffffffff
1000ac10:	f000 fb9a 	bl	1000b348 <__mutex_enter_timeout_ms_veneer>
1000ac14:	68e0      	ldr	r0, [r4, #12]
1000ac16:	71a5      	strb	r5, [r4, #6]
1000ac18:	b108      	cbz	r0, 1000ac1e <tu_fifo_set_overwritable+0x2e>
1000ac1a:	f000 fb7d 	bl	1000b318 <__mutex_exit_veneer>
1000ac1e:	6920      	ldr	r0, [r4, #16]
1000ac20:	b118      	cbz	r0, 1000ac2a <tu_fifo_set_overwritable+0x3a>
1000ac22:	e8bd 4038 	ldmia.w	sp!, {r3, r4, r5, lr}
1000ac26:	f000 bb77 	b.w	1000b318 <__mutex_exit_veneer>
1000ac2a:	bd38      	pop	{r3, r4, r5, pc}

1000ac2c <tu_fifo_read_n_access_mode>:
1000ac2c:	e92d 43f8 	stmdb	sp!, {r3, r4, r5, r6, r7, r8, r9, lr}
1000ac30:	4606      	mov	r6, r0
1000ac32:	6900      	ldr	r0, [r0, #16]
1000ac34:	4688      	mov	r8, r1
1000ac36:	4691      	mov	r9, r2
1000ac38:	b118      	cbz	r0, 1000ac42 <tu_fifo_read_n_access_mode+0x16>
1000ac3a:	f04f 31ff 	mov.w	r1, #4294967295	@ 0xffffffff
1000ac3e:	f000 fb83 	bl	1000b348 <__mutex_enter_timeout_ms_veneer>
1000ac42:	8933      	ldrh	r3, [r6, #8]
1000ac44:	8974      	ldrh	r4, [r6, #10]
1000ac46:	b29b      	uxth	r3, r3
1000ac48:	b2a4      	uxth	r4, r4
1000ac4a:	88b5      	ldrh	r5, [r6, #4]
1000ac4c:	42a3      	cmp	r3, r4
1000ac4e:	bfb6      	itet	lt
1000ac50:	ebc4 0745 	rsblt	r7, r4, r5, lsl #1
1000ac54:	1b1f      	subge	r7, r3, r4
1000ac56:	18ff      	addlt	r7, r7, r3
1000ac58:	b2bf      	uxth	r7, r7
1000ac5a:	2f00      	cmp	r7, #0
1000ac5c:	d03f      	beq.n	1000acde <tu_fifo_read_n_access_mode+0xb2>
1000ac5e:	42bd      	cmp	r5, r7
1000ac60:	d335      	bcc.n	1000acce <tu_fifo_read_n_access_mode+0xa2>
1000ac62:	45b9      	cmp	r9, r7
1000ac64:	bf28      	it	cs
1000ac66:	46b9      	movcs	r9, r7
1000ac68:	42a5      	cmp	r5, r4
1000ac6a:	fa1f f789 	uxth.w	r7, r9
1000ac6e:	d803      	bhi.n	1000ac78 <tu_fifo_read_n_access_mode+0x4c>
1000ac70:	1b64      	subs	r4, r4, r5
1000ac72:	b2a4      	uxth	r4, r4
1000ac74:	42a5      	cmp	r5, r4
1000ac76:	d9fb      	bls.n	1000ac70 <tu_fifo_read_n_access_mode+0x44>
1000ac78:	eba5 0904 	sub.w	r9, r5, r4
1000ac7c:	6831      	ldr	r1, [r6, #0]
1000ac7e:	fa1f f989 	uxth.w	r9, r9
1000ac82:	454f      	cmp	r7, r9
1000ac84:	4421      	add	r1, r4
1000ac86:	d91d      	bls.n	1000acc4 <tu_fifo_read_n_access_mode+0x98>
1000ac88:	464a      	mov	r2, r9
1000ac8a:	4640      	mov	r0, r8
1000ac8c:	1b7d      	subs	r5, r7, r5
1000ac8e:	f000 fb3f 	bl	1000b310 <__memcpy_veneer>
1000ac92:	1962      	adds	r2, r4, r5
1000ac94:	6831      	ldr	r1, [r6, #0]
1000ac96:	eb08 0009 	add.w	r0, r8, r9
1000ac9a:	b292      	uxth	r2, r2
1000ac9c:	f000 fb38 	bl	1000b310 <__memcpy_veneer>
1000aca0:	8972      	ldrh	r2, [r6, #10]
1000aca2:	88b5      	ldrh	r5, [r6, #4]
1000aca4:	b292      	uxth	r2, r2
1000aca6:	19d3      	adds	r3, r2, r7
1000aca8:	b29b      	uxth	r3, r3
1000acaa:	429a      	cmp	r2, r3
1000acac:	d919      	bls.n	1000ace2 <tu_fifo_read_n_access_mode+0xb6>
1000acae:	006a      	lsls	r2, r5, #1
1000acb0:	1a9b      	subs	r3, r3, r2
1000acb2:	b29b      	uxth	r3, r3
1000acb4:	6930      	ldr	r0, [r6, #16]
1000acb6:	8173      	strh	r3, [r6, #10]
1000acb8:	b108      	cbz	r0, 1000acbe <tu_fifo_read_n_access_mode+0x92>
1000acba:	f000 fb2d 	bl	1000b318 <__mutex_exit_veneer>
1000acbe:	4638      	mov	r0, r7
1000acc0:	e8bd 83f8 	ldmia.w	sp!, {r3, r4, r5, r6, r7, r8, r9, pc}
1000acc4:	463a      	mov	r2, r7
1000acc6:	4640      	mov	r0, r8
1000acc8:	f000 fb22 	bl	1000b310 <__memcpy_veneer>
1000accc:	e7e8      	b.n	1000aca0 <tu_fifo_read_n_access_mode+0x74>
1000acce:	42ab      	cmp	r3, r5
1000acd0:	bf2c      	ite	cs
1000acd2:	1b5b      	subcs	r3, r3, r5
1000acd4:	195b      	addcc	r3, r3, r5
1000acd6:	b29c      	uxth	r4, r3
1000acd8:	462f      	mov	r7, r5
1000acda:	8174      	strh	r4, [r6, #10]
1000acdc:	e7c1      	b.n	1000ac62 <tu_fifo_read_n_access_mode+0x36>
1000acde:	8973      	ldrh	r3, [r6, #10]
1000ace0:	b29b      	uxth	r3, r3
1000ace2:	ebb3 0f45 	cmp.w	r3, r5, lsl #1
1000ace6:	ea4f 0245 	mov.w	r2, r5, lsl #1
1000acea:	dbe3      	blt.n	1000acb4 <tu_fifo_read_n_access_mode+0x88>
1000acec:	e7e0      	b.n	1000acb0 <tu_fifo_read_n_access_mode+0x84>
1000acee:	bf00      	nop

1000acf0 <tu_fifo_write_n_access_mode>:
1000acf0:	e92d 4ff8 	stmdb	sp!, {r3, r4, r5, r6, r7, r8, r9, sl, fp, lr}
1000acf4:	4615      	mov	r5, r2
1000acf6:	2a00      	cmp	r2, #0
1000acf8:	d048      	beq.n	1000ad8c <tu_fifo_write_n_access_mode+0x9c>
1000acfa:	4606      	mov	r6, r0
1000acfc:	68c0      	ldr	r0, [r0, #12]
1000acfe:	4688      	mov	r8, r1
1000ad00:	4699      	mov	r9, r3
1000ad02:	b118      	cbz	r0, 1000ad0c <tu_fifo_write_n_access_mode+0x1c>
1000ad04:	f04f 31ff 	mov.w	r1, #4294967295	@ 0xffffffff
1000ad08:	f000 fb1e 	bl	1000b348 <__mutex_enter_timeout_ms_veneer>
1000ad0c:	8937      	ldrh	r7, [r6, #8]
1000ad0e:	79b2      	ldrb	r2, [r6, #6]
1000ad10:	8974      	ldrh	r4, [r6, #10]
1000ad12:	88b1      	ldrh	r1, [r6, #4]
1000ad14:	b2bf      	uxth	r7, r7
1000ad16:	b2a4      	uxth	r4, r4
1000ad18:	2a00      	cmp	r2, #0
1000ad1a:	d13a      	bne.n	1000ad92 <tu_fifo_write_n_access_mode+0xa2>
1000ad1c:	42a7      	cmp	r7, r4
1000ad1e:	bfb6      	itet	lt
1000ad20:	ebc4 0441 	rsblt	r4, r4, r1, lsl #1
1000ad24:	1b3c      	subge	r4, r7, r4
1000ad26:	19e4      	addlt	r4, r4, r7
1000ad28:	b2a4      	uxth	r4, r4
1000ad2a:	428c      	cmp	r4, r1
1000ad2c:	d252      	bcs.n	1000add4 <tu_fifo_write_n_access_mode+0xe4>
1000ad2e:	1b0c      	subs	r4, r1, r4
1000ad30:	b2a4      	uxth	r4, r4
1000ad32:	42a5      	cmp	r5, r4
1000ad34:	bf28      	it	cs
1000ad36:	4625      	movcs	r5, r4
1000ad38:	eb07 0905 	add.w	r9, r7, r5
1000ad3c:	eba5 0a01 	sub.w	sl, r5, r1
1000ad40:	fa1f f989 	uxth.w	r9, r9
1000ad44:	fa1f fa8a 	uxth.w	sl, sl
1000ad48:	428f      	cmp	r7, r1
1000ad4a:	463c      	mov	r4, r7
1000ad4c:	d303      	bcc.n	1000ad56 <tu_fifo_write_n_access_mode+0x66>
1000ad4e:	1a64      	subs	r4, r4, r1
1000ad50:	b2a4      	uxth	r4, r4
1000ad52:	428c      	cmp	r4, r1
1000ad54:	d2fb      	bcs.n	1000ad4e <tu_fifo_write_n_access_mode+0x5e>
1000ad56:	1b09      	subs	r1, r1, r4
1000ad58:	6830      	ldr	r0, [r6, #0]
1000ad5a:	fa1f fb81 	uxth.w	fp, r1
1000ad5e:	45ab      	cmp	fp, r5
1000ad60:	4420      	add	r0, r4
1000ad62:	d346      	bcc.n	1000adf2 <tu_fifo_write_n_access_mode+0x102>
1000ad64:	4641      	mov	r1, r8
1000ad66:	462a      	mov	r2, r5
1000ad68:	f000 fad2 	bl	1000b310 <__memcpy_veneer>
1000ad6c:	88b2      	ldrh	r2, [r6, #4]
1000ad6e:	45b9      	cmp	r9, r7
1000ad70:	ea4f 0342 	mov.w	r3, r2, lsl #1
1000ad74:	d302      	bcc.n	1000ad7c <tu_fifo_write_n_access_mode+0x8c>
1000ad76:	ebb9 0f42 	cmp.w	r9, r2, lsl #1
1000ad7a:	db03      	blt.n	1000ad84 <tu_fifo_write_n_access_mode+0x94>
1000ad7c:	eba9 0303 	sub.w	r3, r9, r3
1000ad80:	fa1f f983 	uxth.w	r9, r3
1000ad84:	68f0      	ldr	r0, [r6, #12]
1000ad86:	f8a6 9008 	strh.w	r9, [r6, #8]
1000ad8a:	bb38      	cbnz	r0, 1000addc <tu_fifo_write_n_access_mode+0xec>
1000ad8c:	4628      	mov	r0, r5
1000ad8e:	e8bd 8ff8 	ldmia.w	sp!, {r3, r4, r5, r6, r7, r8, r9, sl, fp, pc}
1000ad92:	428d      	cmp	r5, r1
1000ad94:	d227      	bcs.n	1000ade6 <tu_fifo_write_n_access_mode+0xf6>
1000ad96:	42a7      	cmp	r7, r4
1000ad98:	bfb6      	itet	lt
1000ad9a:	ebc4 0341 	rsblt	r3, r4, r1, lsl #1
1000ad9e:	1b3b      	subge	r3, r7, r4
1000ada0:	19db      	addlt	r3, r3, r7
1000ada2:	b29b      	uxth	r3, r3
1000ada4:	004a      	lsls	r2, r1, #1
1000ada6:	442b      	add	r3, r5
1000ada8:	eba5 0a01 	sub.w	sl, r5, r1
1000adac:	4293      	cmp	r3, r2
1000adae:	fa1f fa8a 	uxth.w	sl, sl
1000adb2:	db0a      	blt.n	1000adca <tu_fifo_write_n_access_mode+0xda>
1000adb4:	eb04 0901 	add.w	r9, r4, r1
1000adb8:	fa1f f989 	uxth.w	r9, r9
1000adbc:	eba9 0705 	sub.w	r7, r9, r5
1000adc0:	b2bf      	uxth	r7, r7
1000adc2:	42bc      	cmp	r4, r7
1000adc4:	d924      	bls.n	1000ae10 <tu_fifo_write_n_access_mode+0x120>
1000adc6:	1aba      	subs	r2, r7, r2
1000adc8:	b297      	uxth	r7, r2
1000adca:	eb05 0907 	add.w	r9, r5, r7
1000adce:	fa1f f989 	uxth.w	r9, r9
1000add2:	e7b9      	b.n	1000ad48 <tu_fifo_write_n_access_mode+0x58>
1000add4:	2500      	movs	r5, #0
1000add6:	68f0      	ldr	r0, [r6, #12]
1000add8:	2800      	cmp	r0, #0
1000adda:	d0d7      	beq.n	1000ad8c <tu_fifo_write_n_access_mode+0x9c>
1000addc:	f000 fa9c 	bl	1000b318 <__mutex_exit_veneer>
1000ade0:	4628      	mov	r0, r5
1000ade2:	e8bd 8ff8 	ldmia.w	sp!, {r3, r4, r5, r6, r7, r8, r9, sl, fp, pc}
1000ade6:	f1b9 0f00 	cmp.w	r9, #0
1000adea:	d00e      	beq.n	1000ae0a <tu_fifo_write_n_access_mode+0x11a>
1000adec:	b999      	cbnz	r1, 1000ae16 <tu_fifo_write_n_access_mode+0x126>
1000adee:	460d      	mov	r5, r1
1000adf0:	e7f1      	b.n	1000add6 <tu_fifo_write_n_access_mode+0xe6>
1000adf2:	465a      	mov	r2, fp
1000adf4:	4641      	mov	r1, r8
1000adf6:	4454      	add	r4, sl
1000adf8:	f000 fa8a 	bl	1000b310 <__memcpy_veneer>
1000adfc:	6830      	ldr	r0, [r6, #0]
1000adfe:	eb08 010b 	add.w	r1, r8, fp
1000ae02:	b2a2      	uxth	r2, r4
1000ae04:	f000 fa84 	bl	1000b310 <__memcpy_veneer>
1000ae08:	e7b0      	b.n	1000ad6c <tu_fifo_write_n_access_mode+0x7c>
1000ae0a:	1a6d      	subs	r5, r5, r1
1000ae0c:	44a8      	add	r8, r5
1000ae0e:	e7ed      	b.n	1000adec <tu_fifo_write_n_access_mode+0xfc>
1000ae10:	42ba      	cmp	r2, r7
1000ae12:	dc99      	bgt.n	1000ad48 <tu_fifo_write_n_access_mode+0x58>
1000ae14:	e7d7      	b.n	1000adc6 <tu_fifo_write_n_access_mode+0xd6>
1000ae16:	eb04 0901 	add.w	r9, r4, r1
1000ae1a:	4627      	mov	r7, r4
1000ae1c:	460d      	mov	r5, r1
1000ae1e:	f04f 0a00 	mov.w	sl, #0
1000ae22:	fa1f f989 	uxth.w	r9, r9
1000ae26:	e78f      	b.n	1000ad48 <tu_fifo_write_n_access_mode+0x58>

1000ae28 <tu_fifo_get_read_info>:
1000ae28:	b5f8      	push	{r3, r4, r5, r6, r7, lr}
1000ae2a:	8905      	ldrh	r5, [r0, #8]
1000ae2c:	8944      	ldrh	r4, [r0, #10]
1000ae2e:	b2ad      	uxth	r5, r5
1000ae30:	b2a4      	uxth	r4, r4
1000ae32:	8883      	ldrh	r3, [r0, #4]
1000ae34:	42a5      	cmp	r5, r4
1000ae36:	bfb6      	itet	lt
1000ae38:	ebc4 0243 	rsblt	r2, r4, r3, lsl #1
1000ae3c:	1b2a      	subge	r2, r5, r4
1000ae3e:	1952      	addlt	r2, r2, r5
1000ae40:	b292      	uxth	r2, r2
1000ae42:	4293      	cmp	r3, r2
1000ae44:	4606      	mov	r6, r0
1000ae46:	460f      	mov	r7, r1
1000ae48:	d213      	bcs.n	1000ae72 <tu_fifo_get_read_info+0x4a>
1000ae4a:	6900      	ldr	r0, [r0, #16]
1000ae4c:	2800      	cmp	r0, #0
1000ae4e:	d035      	beq.n	1000aebc <tu_fifo_get_read_info+0x94>
1000ae50:	f04f 31ff 	mov.w	r1, #4294967295	@ 0xffffffff
1000ae54:	f000 fa78 	bl	1000b348 <__mutex_enter_timeout_ms_veneer>
1000ae58:	88b2      	ldrh	r2, [r6, #4]
1000ae5a:	6930      	ldr	r0, [r6, #16]
1000ae5c:	4295      	cmp	r5, r2
1000ae5e:	d236      	bcs.n	1000aece <tu_fifo_get_read_info+0xa6>
1000ae60:	18ac      	adds	r4, r5, r2
1000ae62:	b2a4      	uxth	r4, r4
1000ae64:	8174      	strh	r4, [r6, #10]
1000ae66:	2800      	cmp	r0, #0
1000ae68:	d03d      	beq.n	1000aee6 <tu_fifo_get_read_info+0xbe>
1000ae6a:	f000 fa55 	bl	1000b318 <__mutex_exit_veneer>
1000ae6e:	88b2      	ldrh	r2, [r6, #4]
1000ae70:	4613      	mov	r3, r2
1000ae72:	b1f2      	cbz	r2, 1000aeb2 <tu_fifo_get_read_info+0x8a>
1000ae74:	429d      	cmp	r5, r3
1000ae76:	d303      	bcc.n	1000ae80 <tu_fifo_get_read_info+0x58>
1000ae78:	1aed      	subs	r5, r5, r3
1000ae7a:	b2ad      	uxth	r5, r5
1000ae7c:	429d      	cmp	r5, r3
1000ae7e:	d2fb      	bcs.n	1000ae78 <tu_fifo_get_read_info+0x50>
1000ae80:	42a3      	cmp	r3, r4
1000ae82:	d803      	bhi.n	1000ae8c <tu_fifo_get_read_info+0x64>
1000ae84:	1ae4      	subs	r4, r4, r3
1000ae86:	b2a4      	uxth	r4, r4
1000ae88:	429c      	cmp	r4, r3
1000ae8a:	d2fb      	bcs.n	1000ae84 <tu_fifo_get_read_info+0x5c>
1000ae8c:	6831      	ldr	r1, [r6, #0]
1000ae8e:	42ac      	cmp	r4, r5
1000ae90:	eb01 0004 	add.w	r0, r1, r4
1000ae94:	6078      	str	r0, [r7, #4]
1000ae96:	d205      	bcs.n	1000aea4 <tu_fifo_get_read_info+0x7c>
1000ae98:	2300      	movs	r3, #0
1000ae9a:	803a      	strh	r2, [r7, #0]
1000ae9c:	813b      	strh	r3, [r7, #8]
1000ae9e:	2100      	movs	r1, #0
1000aea0:	60f9      	str	r1, [r7, #12]
1000aea2:	bdf8      	pop	{r3, r4, r5, r6, r7, pc}
1000aea4:	1ad2      	subs	r2, r2, r3
1000aea6:	1b1b      	subs	r3, r3, r4
1000aea8:	4414      	add	r4, r2
1000aeaa:	803b      	strh	r3, [r7, #0]
1000aeac:	813c      	strh	r4, [r7, #8]
1000aeae:	60f9      	str	r1, [r7, #12]
1000aeb0:	bdf8      	pop	{r3, r4, r5, r6, r7, pc}
1000aeb2:	2300      	movs	r3, #0
1000aeb4:	803b      	strh	r3, [r7, #0]
1000aeb6:	813b      	strh	r3, [r7, #8]
1000aeb8:	607b      	str	r3, [r7, #4]
1000aeba:	e7f0      	b.n	1000ae9e <tu_fifo_get_read_info+0x76>
1000aebc:	42ab      	cmp	r3, r5
1000aebe:	d80d      	bhi.n	1000aedc <tu_fifo_get_read_info+0xb4>
1000aec0:	1aed      	subs	r5, r5, r3
1000aec2:	b2ac      	uxth	r4, r5
1000aec4:	8174      	strh	r4, [r6, #10]
1000aec6:	2b00      	cmp	r3, #0
1000aec8:	d0f3      	beq.n	1000aeb2 <tu_fifo_get_read_info+0x8a>
1000aeca:	461a      	mov	r2, r3
1000aecc:	e7d5      	b.n	1000ae7a <tu_fifo_get_read_info+0x52>
1000aece:	1aac      	subs	r4, r5, r2
1000aed0:	b2a4      	uxth	r4, r4
1000aed2:	8174      	strh	r4, [r6, #10]
1000aed4:	2800      	cmp	r0, #0
1000aed6:	d1c8      	bne.n	1000ae6a <tu_fifo_get_read_info+0x42>
1000aed8:	4613      	mov	r3, r2
1000aeda:	e7ca      	b.n	1000ae72 <tu_fifo_get_read_info+0x4a>
1000aedc:	195c      	adds	r4, r3, r5
1000aede:	b2a4      	uxth	r4, r4
1000aee0:	461a      	mov	r2, r3
1000aee2:	8174      	strh	r4, [r6, #10]
1000aee4:	e7c6      	b.n	1000ae74 <tu_fifo_get_read_info+0x4c>
1000aee6:	4613      	mov	r3, r2
1000aee8:	e7ca      	b.n	1000ae80 <tu_fifo_get_read_info+0x58>
1000aeea:	bf00      	nop

1000aeec <spi_init>:
1000aeec:	e92d 4ff8 	stmdb	sp!, {r3, r4, r5, r6, r7, r8, r9, sl, fp, lr}
1000aef0:	4b37      	ldr	r3, [pc, #220]	@ (1000afd0 <spi_init+0xe4>)
1000aef2:	4607      	mov	r7, r0
1000aef4:	4298      	cmp	r0, r3
1000aef6:	bf14      	ite	ne
1000aef8:	f44f 2380 	movne.w	r3, #262144	@ 0x40000
1000aefc:	f44f 2300 	moveq.w	r3, #524288	@ 0x80000
1000af00:	460e      	mov	r6, r1
1000af02:	4d34      	ldr	r5, [pc, #208]	@ (1000afd4 <spi_init+0xe8>)
1000af04:	4c34      	ldr	r4, [pc, #208]	@ (1000afd8 <spi_init+0xec>)
1000af06:	4a35      	ldr	r2, [pc, #212]	@ (1000afdc <spi_init+0xf0>)
1000af08:	602b      	str	r3, [r5, #0]
1000af0a:	6023      	str	r3, [r4, #0]
1000af0c:	6894      	ldr	r4, [r2, #8]
1000af0e:	ea33 0404 	bics.w	r4, r3, r4
1000af12:	d1fb      	bne.n	1000af0c <spi_init+0x20>
1000af14:	2006      	movs	r0, #6
1000af16:	f7fa fcc3 	bl	100058a0 <clock_get_hz>
1000af1a:	4639      	mov	r1, r7
1000af1c:	2302      	movs	r3, #2
1000af1e:	f851 2f04 	ldr.w	r2, [r1, #4]!
1000af22:	ea4f 2e46 	mov.w	lr, r6, lsl #9
1000af26:	ea4f 5bd6 	mov.w	fp, r6, lsr #23
1000af2a:	4570      	cmp	r0, lr
1000af2c:	ea02 0803 	and.w	r8, r2, r3
1000af30:	f501 5940 	add.w	r9, r1, #12288	@ 0x3000
1000af34:	eb74 020b 	sbcs.w	r2, r4, fp
1000af38:	f8c9 3000 	str.w	r3, [r9]
1000af3c:	d311      	bcc.n	1000af62 <spi_init+0x76>
1000af3e:	ea4f 5c96 	mov.w	ip, r6, lsr #22
1000af42:	02b2      	lsls	r2, r6, #10
1000af44:	e001      	b.n	1000af4a <spi_init+0x5e>
1000af46:	4652      	mov	r2, sl
1000af48:	46ac      	mov	ip, r5
1000af4a:	3302      	adds	r3, #2
1000af4c:	f5b3 7f80 	cmp.w	r3, #256	@ 0x100
1000af50:	d007      	beq.n	1000af62 <spi_init+0x76>
1000af52:	eb1e 0a02 	adds.w	sl, lr, r2
1000af56:	eb4b 050c 	adc.w	r5, fp, ip
1000af5a:	4290      	cmp	r0, r2
1000af5c:	eb74 0c0c 	sbcs.w	ip, r4, ip
1000af60:	d2f1      	bcs.n	1000af46 <spi_init+0x5a>
1000af62:	f44f 7280 	mov.w	r2, #256	@ 0x100
1000af66:	ebc3 2403 	rsb	r4, r3, r3, lsl #8
1000af6a:	4694      	mov	ip, r2
1000af6c:	3a01      	subs	r2, #1
1000af6e:	d02d      	beq.n	1000afcc <spi_init+0xe0>
1000af70:	fbb0 f5f4 	udiv	r5, r0, r4
1000af74:	42ae      	cmp	r6, r5
1000af76:	eba4 0403 	sub.w	r4, r4, r3
1000af7a:	d2f6      	bcs.n	1000af6a <spi_init+0x7e>
1000af7c:	fb0c fc03 	mul.w	ip, ip, r3
1000af80:	0212      	lsls	r2, r2, #8
1000af82:	2402      	movs	r4, #2
1000af84:	613b      	str	r3, [r7, #16]
1000af86:	463b      	mov	r3, r7
1000af88:	2503      	movs	r5, #3
1000af8a:	683e      	ldr	r6, [r7, #0]
1000af8c:	f501 5100 	add.w	r1, r1, #8192	@ 0x2000
1000af90:	4072      	eors	r2, r6
1000af92:	fbb0 f0fc 	udiv	r0, r0, ip
1000af96:	f402 427f 	and.w	r2, r2, #65280	@ 0xff00
1000af9a:	f507 5c80 	add.w	ip, r7, #4096	@ 0x1000
1000af9e:	f8cc 2000 	str.w	r2, [ip]
1000afa2:	f8c1 8000 	str.w	r8, [r1]
1000afa6:	687e      	ldr	r6, [r7, #4]
1000afa8:	f8c9 4000 	str.w	r4, [r9]
1000afac:	f853 2b24 	ldr.w	r2, [r3], #36
1000afb0:	4026      	ands	r6, r4
1000afb2:	f082 0207 	eor.w	r2, r2, #7
1000afb6:	f002 02cf 	and.w	r2, r2, #207	@ 0xcf
1000afba:	f503 5300 	add.w	r3, r3, #8192	@ 0x2000
1000afbe:	f8cc 2000 	str.w	r2, [ip]
1000afc2:	600e      	str	r6, [r1, #0]
1000afc4:	601d      	str	r5, [r3, #0]
1000afc6:	600c      	str	r4, [r1, #0]
1000afc8:	e8bd 8ff8 	ldmia.w	sp!, {r3, r4, r5, r6, r7, r8, r9, sl, fp, pc}
1000afcc:	469c      	mov	ip, r3
1000afce:	e7d8      	b.n	1000af82 <spi_init+0x96>
1000afd0:	40088000 	.word	0x40088000
1000afd4:	40022000 	.word	0x40022000
1000afd8:	40023000 	.word	0x40023000
1000afdc:	40020000 	.word	0x40020000

1000afe0 <spi_set_baudrate>:
1000afe0:	e92d 47f0 	stmdb	sp!, {r4, r5, r6, r7, r8, r9, sl, lr}
1000afe4:	4605      	mov	r5, r0
1000afe6:	2006      	movs	r0, #6
1000afe8:	460c      	mov	r4, r1
1000afea:	f7fa fc59 	bl	100058a0 <clock_get_hz>
1000afee:	4629      	mov	r1, r5
1000aff0:	2302      	movs	r3, #2
1000aff2:	f04f 0900 	mov.w	r9, #0
1000aff6:	f851 6f04 	ldr.w	r6, [r1, #4]!
1000affa:	ea4f 2e44 	mov.w	lr, r4, lsl #9
1000affe:	f501 5240 	add.w	r2, r1, #12288	@ 0x3000
1000b002:	ea4f 5ad4 	mov.w	sl, r4, lsr #23
1000b006:	4570      	cmp	r0, lr
1000b008:	6013      	str	r3, [r2, #0]
1000b00a:	eb79 020a 	sbcs.w	r2, r9, sl
1000b00e:	ea06 0603 	and.w	r6, r6, r3
1000b012:	d311      	bcc.n	1000b038 <spi_set_baudrate+0x58>
1000b014:	ea4f 5c94 	mov.w	ip, r4, lsr #22
1000b018:	02a2      	lsls	r2, r4, #10
1000b01a:	e001      	b.n	1000b020 <spi_set_baudrate+0x40>
1000b01c:	4642      	mov	r2, r8
1000b01e:	46bc      	mov	ip, r7
1000b020:	3302      	adds	r3, #2
1000b022:	f5b3 7f80 	cmp.w	r3, #256	@ 0x100
1000b026:	d007      	beq.n	1000b038 <spi_set_baudrate+0x58>
1000b028:	eb1e 0802 	adds.w	r8, lr, r2
1000b02c:	eb4a 070c 	adc.w	r7, sl, ip
1000b030:	4290      	cmp	r0, r2
1000b032:	eb79 0c0c 	sbcs.w	ip, r9, ip
1000b036:	d2f1      	bcs.n	1000b01c <spi_set_baudrate+0x3c>
1000b038:	f44f 7280 	mov.w	r2, #256	@ 0x100
1000b03c:	ebc3 2c03 	rsb	ip, r3, r3, lsl #8
1000b040:	4617      	mov	r7, r2
1000b042:	3a01      	subs	r2, #1
1000b044:	d017      	beq.n	1000b076 <spi_set_baudrate+0x96>
1000b046:	fbb0 fefc 	udiv	lr, r0, ip
1000b04a:	45a6      	cmp	lr, r4
1000b04c:	ebac 0c03 	sub.w	ip, ip, r3
1000b050:	d9f6      	bls.n	1000b040 <spi_set_baudrate+0x60>
1000b052:	fb03 f707 	mul.w	r7, r3, r7
1000b056:	0212      	lsls	r2, r2, #8
1000b058:	612b      	str	r3, [r5, #16]
1000b05a:	682b      	ldr	r3, [r5, #0]
1000b05c:	f501 5100 	add.w	r1, r1, #8192	@ 0x2000
1000b060:	4053      	eors	r3, r2
1000b062:	f403 437f 	and.w	r3, r3, #65280	@ 0xff00
1000b066:	f505 5580 	add.w	r5, r5, #4096	@ 0x1000
1000b06a:	602b      	str	r3, [r5, #0]
1000b06c:	fbb0 f0f7 	udiv	r0, r0, r7
1000b070:	600e      	str	r6, [r1, #0]
1000b072:	e8bd 87f0 	ldmia.w	sp!, {r4, r5, r6, r7, r8, r9, sl, pc}
1000b076:	461f      	mov	r7, r3
1000b078:	e7ee      	b.n	1000b058 <spi_set_baudrate+0x78>
1000b07a:	bf00      	nop

1000b07c <i2c_read_blocking_internal.constprop.0>:
1000b07c:	b570      	push	{r4, r5, r6, lr}
1000b07e:	2500      	movs	r5, #0
1000b080:	2601      	movs	r6, #1
1000b082:	6804      	ldr	r4, [r0, #0]
1000b084:	2b00      	cmp	r3, #0
1000b086:	66e5      	str	r5, [r4, #108]	@ 0x6c
1000b088:	4684      	mov	ip, r0
1000b08a:	6061      	str	r1, [r4, #4]
1000b08c:	4628      	mov	r0, r5
1000b08e:	f89d e010 	ldrb.w	lr, [sp, #16]
1000b092:	66e6      	str	r6, [r4, #108]	@ 0x6c
1000b094:	dd16      	ble.n	1000b0c4 <i2c_read_blocking_internal.constprop.0+0x48>
1000b096:	1e5d      	subs	r5, r3, #1
1000b098:	6f61      	ldr	r1, [r4, #116]	@ 0x74
1000b09a:	2910      	cmp	r1, #16
1000b09c:	d0fc      	beq.n	1000b098 <i2c_read_blocking_internal.constprop.0+0x1c>
1000b09e:	b300      	cbz	r0, 1000b0e2 <i2c_read_blocking_internal.constprop.0+0x66>
1000b0a0:	2100      	movs	r1, #0
1000b0a2:	42a8      	cmp	r0, r5
1000b0a4:	bf04      	itt	eq
1000b0a6:	f08e 0601 	eoreq.w	r6, lr, #1
1000b0aa:	ea41 2146 	orreq.w	r1, r1, r6, lsl #9
1000b0ae:	f441 7180 	orr.w	r1, r1, #256	@ 0x100
1000b0b2:	6121      	str	r1, [r4, #16]
1000b0b4:	f8d4 1080 	ldr.w	r1, [r4, #128]	@ 0x80
1000b0b8:	6b61      	ldr	r1, [r4, #52]	@ 0x34
1000b0ba:	0649      	lsls	r1, r1, #25
1000b0bc:	d505      	bpl.n	1000b0ca <i2c_read_blocking_internal.constprop.0+0x4e>
1000b0be:	f04f 30ff 	mov.w	r0, #4294967295	@ 0xffffffff
1000b0c2:	6d63      	ldr	r3, [r4, #84]	@ 0x54
1000b0c4:	f88c e004 	strb.w	lr, [ip, #4]
1000b0c8:	bd70      	pop	{r4, r5, r6, pc}
1000b0ca:	6fa1      	ldr	r1, [r4, #120]	@ 0x78
1000b0cc:	2900      	cmp	r1, #0
1000b0ce:	d0f1      	beq.n	1000b0b4 <i2c_read_blocking_internal.constprop.0+0x38>
1000b0d0:	6921      	ldr	r1, [r4, #16]
1000b0d2:	3001      	adds	r0, #1
1000b0d4:	4283      	cmp	r3, r0
1000b0d6:	f802 1b01 	strb.w	r1, [r2], #1
1000b0da:	d0f3      	beq.n	1000b0c4 <i2c_read_blocking_internal.constprop.0+0x48>
1000b0dc:	f8dc 4000 	ldr.w	r4, [ip]
1000b0e0:	e7da      	b.n	1000b098 <i2c_read_blocking_internal.constprop.0+0x1c>
1000b0e2:	f89c 1004 	ldrb.w	r1, [ip, #4]
1000b0e6:	0289      	lsls	r1, r1, #10
1000b0e8:	e7db      	b.n	1000b0a2 <i2c_read_blocking_internal.constprop.0+0x26>
1000b0ea:	bf00      	nop

1000b0ec <i2c_write_blocking_internal.constprop.0>:
1000b0ec:	e92d 41f0 	stmdb	sp!, {r4, r5, r6, r7, r8, lr}
1000b0f0:	2400      	movs	r4, #0
1000b0f2:	2701      	movs	r7, #1
1000b0f4:	4694      	mov	ip, r2
1000b0f6:	6802      	ldr	r2, [r0, #0]
1000b0f8:	f1b3 0e00 	subs.w	lr, r3, #0
1000b0fc:	66d4      	str	r4, [r2, #108]	@ 0x6c
1000b0fe:	4605      	mov	r5, r0
1000b100:	6051      	str	r1, [r2, #4]
1000b102:	4620      	mov	r0, r4
1000b104:	f89d 6018 	ldrb.w	r6, [sp, #24]
1000b108:	66d7      	str	r7, [r2, #108]	@ 0x6c
1000b10a:	dd1d      	ble.n	1000b148 <i2c_write_blocking_internal.constprop.0+0x5c>
1000b10c:	7929      	ldrb	r1, [r5, #4]
1000b10e:	4077      	eors	r7, r6
1000b110:	0289      	lsls	r1, r1, #10
1000b112:	027f      	lsls	r7, r7, #9
1000b114:	f10e 34ff 	add.w	r4, lr, #4294967295	@ 0xffffffff
1000b118:	42a0      	cmp	r0, r4
1000b11a:	bf0c      	ite	eq
1000b11c:	46b8      	moveq	r8, r7
1000b11e:	f04f 0800 	movne.w	r8, #0
1000b122:	f81c 3b01 	ldrb.w	r3, [ip], #1
1000b126:	430b      	orrs	r3, r1
1000b128:	ea43 0308 	orr.w	r3, r3, r8
1000b12c:	6113      	str	r3, [r2, #16]
1000b12e:	6b53      	ldr	r3, [r2, #52]	@ 0x34
1000b130:	06d9      	lsls	r1, r3, #27
1000b132:	d5fc      	bpl.n	1000b12e <i2c_write_blocking_internal.constprop.0+0x42>
1000b134:	f8d2 1080 	ldr.w	r1, [r2, #128]	@ 0x80
1000b138:	b949      	cbnz	r1, 1000b14e <i2c_write_blocking_internal.constprop.0+0x62>
1000b13a:	42a0      	cmp	r0, r4
1000b13c:	d01c      	beq.n	1000b178 <i2c_write_blocking_internal.constprop.0+0x8c>
1000b13e:	3001      	adds	r0, #1
1000b140:	4586      	cmp	lr, r0
1000b142:	f04f 0100 	mov.w	r1, #0
1000b146:	d1e7      	bne.n	1000b118 <i2c_write_blocking_internal.constprop.0+0x2c>
1000b148:	712e      	strb	r6, [r5, #4]
1000b14a:	e8bd 81f0 	ldmia.w	sp!, {r4, r5, r6, r7, r8, pc}
1000b14e:	f04f 0801 	mov.w	r8, #1
1000b152:	6d53      	ldr	r3, [r2, #84]	@ 0x54
1000b154:	6b53      	ldr	r3, [r2, #52]	@ 0x34
1000b156:	059b      	lsls	r3, r3, #22
1000b158:	d5fc      	bpl.n	1000b154 <i2c_write_blocking_internal.constprop.0+0x68>
1000b15a:	6e13      	ldr	r3, [r2, #96]	@ 0x60
1000b15c:	f1b8 0f00 	cmp.w	r8, #0
1000b160:	d0ed      	beq.n	1000b13e <i2c_write_blocking_internal.constprop.0+0x52>
1000b162:	b169      	cbz	r1, 1000b180 <i2c_write_blocking_internal.constprop.0+0x94>
1000b164:	07cb      	lsls	r3, r1, #31
1000b166:	d40b      	bmi.n	1000b180 <i2c_write_blocking_internal.constprop.0+0x94>
1000b168:	f011 0f08 	tst.w	r1, #8
1000b16c:	bf08      	it	eq
1000b16e:	f04f 30ff 	moveq.w	r0, #4294967295	@ 0xffffffff
1000b172:	712e      	strb	r6, [r5, #4]
1000b174:	e8bd 81f0 	ldmia.w	sp!, {r4, r5, r6, r7, r8, pc}
1000b178:	2e00      	cmp	r6, #0
1000b17a:	d1e0      	bne.n	1000b13e <i2c_write_blocking_internal.constprop.0+0x52>
1000b17c:	46b0      	mov	r8, r6
1000b17e:	e7e9      	b.n	1000b154 <i2c_write_blocking_internal.constprop.0+0x68>
1000b180:	f04f 30ff 	mov.w	r0, #4294967295	@ 0xffffffff
1000b184:	e7e0      	b.n	1000b148 <i2c_write_blocking_internal.constprop.0+0x5c>
1000b186:	bf00      	nop

1000b188 <i2c_write_blocking>:
1000b188:	b410      	push	{r4}
1000b18a:	f89d 4004 	ldrb.w	r4, [sp, #4]
1000b18e:	9401      	str	r4, [sp, #4]
1000b190:	f85d 4b04 	ldr.w	r4, [sp], #4
1000b194:	f7ff bfaa 	b.w	1000b0ec <i2c_write_blocking_internal.constprop.0>

1000b198 <i2c_read_blocking>:
1000b198:	b410      	push	{r4}
1000b19a:	f89d 4004 	ldrb.w	r4, [sp, #4]
1000b19e:	9401      	str	r4, [sp, #4]
1000b1a0:	f85d 4b04 	ldr.w	r4, [sp], #4
1000b1a4:	f7ff bf6a 	b.w	1000b07c <i2c_read_blocking_internal.constprop.0>

1000b1a8 <strchr>:
1000b1a8:	f011 01ff 	ands.w	r1, r1, #255	@ 0xff
1000b1ac:	4603      	mov	r3, r0
1000b1ae:	f000 0203 	and.w	r2, r0, #3
1000b1b2:	d039      	beq.n	1000b228 <strchr+0x80>
1000b1b4:	bb8a      	cbnz	r2, 1000b21a <strchr+0x72>
1000b1b6:	b510      	push	{r4, lr}
1000b1b8:	eb01 2e01 	add.w	lr, r1, r1, lsl #8
1000b1bc:	6802      	ldr	r2, [r0, #0]
1000b1be:	eb0e 4e0e 	add.w	lr, lr, lr, lsl #16
1000b1c2:	f1a2 3301 	sub.w	r3, r2, #16843009	@ 0x1010101
1000b1c6:	ea8e 0402 	eor.w	r4, lr, r2
1000b1ca:	ea23 0302 	bic.w	r3, r3, r2
1000b1ce:	f1a4 3201 	sub.w	r2, r4, #16843009	@ 0x1010101
1000b1d2:	ea22 0204 	bic.w	r2, r2, r4
1000b1d6:	4313      	orrs	r3, r2
1000b1d8:	f013 3f80 	tst.w	r3, #2155905152	@ 0x80808080
1000b1dc:	d10f      	bne.n	1000b1fe <strchr+0x56>
1000b1de:	f850 4f04 	ldr.w	r4, [r0, #4]!
1000b1e2:	ea84 0c0e 	eor.w	ip, r4, lr
1000b1e6:	f1a4 3301 	sub.w	r3, r4, #16843009	@ 0x1010101
1000b1ea:	f1ac 3201 	sub.w	r2, ip, #16843009	@ 0x1010101
1000b1ee:	ea23 0304 	bic.w	r3, r3, r4
1000b1f2:	ea22 020c 	bic.w	r2, r2, ip
1000b1f6:	4313      	orrs	r3, r2
1000b1f8:	f013 3f80 	tst.w	r3, #2155905152	@ 0x80808080
1000b1fc:	d0ef      	beq.n	1000b1de <strchr+0x36>
1000b1fe:	7803      	ldrb	r3, [r0, #0]
1000b200:	b923      	cbnz	r3, 1000b20c <strchr+0x64>
1000b202:	e036      	b.n	1000b272 <strchr+0xca>
1000b204:	f810 3f01 	ldrb.w	r3, [r0, #1]!
1000b208:	2b00      	cmp	r3, #0
1000b20a:	d032      	beq.n	1000b272 <strchr+0xca>
1000b20c:	4299      	cmp	r1, r3
1000b20e:	d1f9      	bne.n	1000b204 <strchr+0x5c>
1000b210:	bd10      	pop	{r4, pc}
1000b212:	428a      	cmp	r2, r1
1000b214:	d028      	beq.n	1000b268 <strchr+0xc0>
1000b216:	079a      	lsls	r2, r3, #30
1000b218:	d029      	beq.n	1000b26e <strchr+0xc6>
1000b21a:	781a      	ldrb	r2, [r3, #0]
1000b21c:	4618      	mov	r0, r3
1000b21e:	3301      	adds	r3, #1
1000b220:	2a00      	cmp	r2, #0
1000b222:	d1f6      	bne.n	1000b212 <strchr+0x6a>
1000b224:	4610      	mov	r0, r2
1000b226:	4770      	bx	lr
1000b228:	b9ca      	cbnz	r2, 1000b25e <strchr+0xb6>
1000b22a:	6802      	ldr	r2, [r0, #0]
1000b22c:	f1a2 3301 	sub.w	r3, r2, #16843009	@ 0x1010101
1000b230:	ea23 0302 	bic.w	r3, r3, r2
1000b234:	f013 3f80 	tst.w	r3, #2155905152	@ 0x80808080
1000b238:	d108      	bne.n	1000b24c <strchr+0xa4>
1000b23a:	f850 2f04 	ldr.w	r2, [r0, #4]!
1000b23e:	f1a2 3301 	sub.w	r3, r2, #16843009	@ 0x1010101
1000b242:	ea23 0302 	bic.w	r3, r3, r2
1000b246:	f013 3f80 	tst.w	r3, #2155905152	@ 0x80808080
1000b24a:	d0f6      	beq.n	1000b23a <strchr+0x92>
1000b24c:	7803      	ldrb	r3, [r0, #0]
1000b24e:	b15b      	cbz	r3, 1000b268 <strchr+0xc0>
1000b250:	f810 3f01 	ldrb.w	r3, [r0, #1]!
1000b254:	2b00      	cmp	r3, #0
1000b256:	d1fb      	bne.n	1000b250 <strchr+0xa8>
1000b258:	4770      	bx	lr
1000b25a:	0799      	lsls	r1, r3, #30
1000b25c:	d005      	beq.n	1000b26a <strchr+0xc2>
1000b25e:	4618      	mov	r0, r3
1000b260:	f813 2b01 	ldrb.w	r2, [r3], #1
1000b264:	2a00      	cmp	r2, #0
1000b266:	d1f8      	bne.n	1000b25a <strchr+0xb2>
1000b268:	4770      	bx	lr
1000b26a:	4618      	mov	r0, r3
1000b26c:	e7dd      	b.n	1000b22a <strchr+0x82>
1000b26e:	4618      	mov	r0, r3
1000b270:	e7a1      	b.n	1000b1b6 <strchr+0xe>
1000b272:	4618      	mov	r0, r3
1000b274:	bd10      	pop	{r4, pc}
1000b276:	bf00      	nop

1000b278 <strrchr>:
1000b278:	b538      	push	{r3, r4, r5, lr}
1000b27a:	f011 04ff 	ands.w	r4, r1, #255	@ 0xff
1000b27e:	d00c      	beq.n	1000b29a <strrchr+0x22>
1000b280:	4603      	mov	r3, r0
1000b282:	2500      	movs	r5, #0
1000b284:	e001      	b.n	1000b28a <strrchr+0x12>
1000b286:	1c43      	adds	r3, r0, #1
1000b288:	4605      	mov	r5, r0
1000b28a:	4621      	mov	r1, r4
1000b28c:	4618      	mov	r0, r3
1000b28e:	f7ff ff8b 	bl	1000b1a8 <strchr>
1000b292:	2800      	cmp	r0, #0
1000b294:	d1f7      	bne.n	1000b286 <strrchr+0xe>
1000b296:	4628      	mov	r0, r5
1000b298:	bd38      	pop	{r3, r4, r5, pc}
1000b29a:	4621      	mov	r1, r4
1000b29c:	e8bd 4038 	ldmia.w	sp!, {r3, r4, r5, lr}
1000b2a0:	f7ff bf82 	b.w	1000b1a8 <strchr>

1000b2a4 <strlen>:
1000b2a4:	f020 0103 	bic.w	r1, r0, #3
1000b2a8:	f010 0003 	ands.w	r0, r0, #3
1000b2ac:	f1c0 0000 	rsb	r0, r0, #0
1000b2b0:	f851 3b04 	ldr.w	r3, [r1], #4
1000b2b4:	f100 0c04 	add.w	ip, r0, #4
1000b2b8:	ea4f 0ccc 	mov.w	ip, ip, lsl #3
1000b2bc:	f06f 0200 	mvn.w	r2, #0
1000b2c0:	bf1c      	itt	ne
1000b2c2:	fa22 f20c 	lsrne.w	r2, r2, ip
1000b2c6:	4313      	orrne	r3, r2
1000b2c8:	f04f 0c01 	mov.w	ip, #1
1000b2cc:	ea4c 2c0c 	orr.w	ip, ip, ip, lsl #8
1000b2d0:	ea4c 4c0c 	orr.w	ip, ip, ip, lsl #16
1000b2d4:	eba3 020c 	sub.w	r2, r3, ip
1000b2d8:	ea22 0203 	bic.w	r2, r2, r3
1000b2dc:	ea12 12cc 	ands.w	r2, r2, ip, lsl #7
1000b2e0:	bf04      	itt	eq
1000b2e2:	f851 3b04 	ldreq.w	r3, [r1], #4
1000b2e6:	3004      	addeq	r0, #4
1000b2e8:	d0f4      	beq.n	1000b2d4 <strlen+0x30>
1000b2ea:	f1c2 0100 	rsb	r1, r2, #0
1000b2ee:	ea02 0201 	and.w	r2, r2, r1
1000b2f2:	fab2 f282 	clz	r2, r2
1000b2f6:	f1c2 021f 	rsb	r2, r2, #31
1000b2fa:	eb00 00d2 	add.w	r0, r0, r2, lsr #3
1000b2fe:	4770      	bx	lr

1000b300 <__dcd_event_handler_veneer>:
1000b300:	f85f f000 	ldr.w	pc, [pc]	@ 1000b304 <__dcd_event_handler_veneer+0x4>
1000b304:	200002ad 	.word	0x200002ad

1000b308 <__memset_veneer>:
1000b308:	f85f f000 	ldr.w	pc, [pc]	@ 1000b30c <__memset_veneer+0x4>
1000b30c:	20000cbd 	.word	0x20000cbd

1000b310 <__memcpy_veneer>:
1000b310:	f85f f000 	ldr.w	pc, [pc]	@ 1000b314 <__memcpy_veneer+0x4>
1000b314:	20000d61 	.word	0x20000d61

1000b318 <__mutex_exit_veneer>:
1000b318:	f85f f000 	ldr.w	pc, [pc]	@ 1000b31c <__mutex_exit_veneer+0x4>
1000b31c:	20000265 	.word	0x20000265

1000b320 <__mutex_try_enter_block_until_veneer>:
1000b320:	f85f f000 	ldr.w	pc, [pc]	@ 1000b324 <__mutex_try_enter_block_until_veneer+0x4>
1000b324:	200001f5 	.word	0x200001f5

1000b328 <____aeabi_uldivmod_veneer>:
1000b328:	f85f f000 	ldr.w	pc, [pc]	@ 1000b32c <____aeabi_uldivmod_veneer+0x4>
1000b32c:	2000092d 	.word	0x2000092d

1000b330 <__memcmp_veneer>:
1000b330:	f85f f000 	ldr.w	pc, [pc]	@ 1000b334 <__memcmp_veneer+0x4>
1000b334:	20000c61 	.word	0x20000c61

1000b338 <__mutex_try_enter_veneer>:
1000b338:	f85f f000 	ldr.w	pc, [pc]	@ 1000b33c <__mutex_try_enter_veneer+0x4>
1000b33c:	20000111 	.word	0x20000111

1000b340 <__spi_write_blocking_veneer>:
1000b340:	f85f f000 	ldr.w	pc, [pc]	@ 1000b344 <__spi_write_blocking_veneer+0x4>
1000b344:	20000525 	.word	0x20000525

1000b348 <__mutex_enter_timeout_ms_veneer>:
1000b348:	f85f f000 	ldr.w	pc, [pc]	@ 1000b34c <__mutex_enter_timeout_ms_veneer+0x4>
1000b34c:	2000022d 	.word	0x2000022d

1000b350 <____aeabi_f2d_veneer>:
1000b350:	f85f f000 	ldr.w	pc, [pc]	@ 1000b354 <____aeabi_f2d_veneer+0x4>
1000b354:	2000087d 	.word	0x2000087d

1000b358 <__pre_init_runtime_init_bootrom_reset>:
1000b358:	10005b81                                .[..

1000b35c <__pre_init_runtime_init_early_resets>:
1000b35c:	10005af5                                .Z..

1000b360 <__pre_init_runtime_init_usb_power_down>:
1000b360:	10005b29                                )[..

1000b364 <__pre_init_runtime_init_clocks>:
1000b364:	10005c11                                .\..

1000b368 <__pre_init_runtime_init_post_clock_resets>:
1000b368:	10005b61                                a[..

1000b36c <__pre_init_runtime_init_boot_locks_reset>:
1000b36c:	10005a79                                yZ..

1000b370 <__pre_init_runtime_init_spin_locks_reset>:
1000b370:	10005ba9                                .[..

1000b374 <__pre_init_runtime_init_bootrom_locking_enable>:
1000b374:	10005a65                                eZ..

1000b378 <__pre_init_runtime_init_mutex>:
1000b378:	10004d25                                %M..

1000b37c <__pre_init_runtime_init_install_ram_vector_table>:
1000b37c:	10005bad                                .[..

1000b380 <__pre_init_runtime_init_default_alarm_pool>:
1000b380:	100050f9                                .P..

1000b384 <__pre_init_first_per_core_initializer>:
1000b384:	10005ac5                                .Z..

1000b388 <__pre_init_runtime_init_per_core_bootrom_reset>:
1000b388:	10005b95                                .[..

1000b38c <__pre_init_runtime_init_per_core_enable_coprocessors>:
1000b38c:	10005b45                                E[..

1000b390 <__pre_init_spinlock_set_extexclall>:
1000b390:	10004721                                !G..

1000b394 <__pre_init_runtime_init_per_core_irq_priorities>:
1000b394:	10004749                                IG..

1000b398 <__init_array_start>:
1000b398:	100087f9 	.word	0x100087f9

Disassembly of section .data:

20000110 <mutex_try_enter>:
20000110:	4603      	mov	r3, r0
20000112:	b500      	push	{lr}
20000114:	6802      	ldr	r2, [r0, #0]
20000116:	f3ef 8c10 	mrs	ip, PRIMASK
2000011a:	b672      	cpsid	i
2000011c:	e8d2 efcf 	ldaexb	lr, [r2]
20000120:	2001      	movs	r0, #1
20000122:	f1be 0f00 	cmp.w	lr, #0
20000126:	d1f9      	bne.n	2000011c <mutex_try_enter+0xc>
20000128:	e8c2 0f4e 	strexb	lr, r0, [r2]
2000012c:	f1be 0f00 	cmp.w	lr, #0
20000130:	d1f4      	bne.n	2000011c <mutex_try_enter+0xc>
20000132:	f3bf 8f5f 	dmb	sy
20000136:	f993 2004 	ldrsb.w	r2, [r3, #4]
2000013a:	2a00      	cmp	r2, #0
2000013c:	db0a      	blt.n	20000154 <mutex_try_enter+0x44>
2000013e:	b101      	cbz	r1, 20000142 <mutex_try_enter+0x32>
20000140:	600a      	str	r2, [r1, #0]
20000142:	2000      	movs	r0, #0
20000144:	2200      	movs	r2, #0
20000146:	681b      	ldr	r3, [r3, #0]
20000148:	e8c3 2f8f 	stlb	r2, [r3]
2000014c:	f38c 8810 	msr	PRIMASK, ip
20000150:	f85d fb04 	ldr.w	pc, [sp], #4
20000154:	f04f 4250 	mov.w	r2, #3489660928	@ 0xd0000000
20000158:	6812      	ldr	r2, [r2, #0]
2000015a:	2001      	movs	r0, #1
2000015c:	711a      	strb	r2, [r3, #4]
2000015e:	e7f1      	b.n	20000144 <mutex_try_enter+0x34>

20000160 <mutex_enter_block_until>:
20000160:	f04f 4150 	mov.w	r1, #3489660928	@ 0xd0000000
20000164:	e92d 43f8 	stmdb	sp!, {r3, r4, r5, r6, r7, r8, r9, lr}
20000168:	2700      	movs	r7, #0
2000016a:	4604      	mov	r4, r0
2000016c:	4616      	mov	r6, r2
2000016e:	461d      	mov	r5, r3
20000170:	f8df 907c 	ldr.w	r9, [pc, #124]	@ 200001f0 <mutex_enter_block_until+0x90>
20000174:	f8d1 8000 	ldr.w	r8, [r1]
20000178:	6821      	ldr	r1, [r4, #0]
2000017a:	f3ef 8210 	mrs	r2, PRIMASK
2000017e:	b672      	cpsid	i
20000180:	e8d1 0fcf 	ldaexb	r0, [r1]
20000184:	2301      	movs	r3, #1
20000186:	2800      	cmp	r0, #0
20000188:	d1fa      	bne.n	20000180 <mutex_enter_block_until+0x20>
2000018a:	e8c1 3f40 	strexb	r0, r3, [r1]
2000018e:	2800      	cmp	r0, #0
20000190:	d1f6      	bne.n	20000180 <mutex_enter_block_until+0x20>
20000192:	f3bf 8f5f 	dmb	sy
20000196:	f994 3004 	ldrsb.w	r3, [r4, #4]
2000019a:	2b00      	cmp	r3, #0
2000019c:	db1d      	blt.n	200001da <mutex_enter_block_until+0x7a>
2000019e:	f899 c000 	ldrb.w	ip, [r9]
200001a2:	6823      	ldr	r3, [r4, #0]
200001a4:	fa5f fc8c 	uxtb.w	ip, ip
200001a8:	e8c3 7f8f 	stlb	r7, [r3]
200001ac:	f382 8810 	msr	PRIMASK, r2
200001b0:	f899 3000 	ldrb.w	r3, [r9]
200001b4:	4563      	cmp	r3, ip
200001b6:	d008      	beq.n	200001ca <mutex_enter_block_until+0x6a>
200001b8:	4630      	mov	r0, r6
200001ba:	4629      	mov	r1, r5
200001bc:	f000 fe50 	bl	20000e60 <__best_effort_wfe_or_timeout_veneer>
200001c0:	2800      	cmp	r0, #0
200001c2:	d0d9      	beq.n	20000178 <mutex_enter_block_until+0x18>
200001c4:	2000      	movs	r0, #0
200001c6:	e8bd 83f8 	ldmia.w	sp!, {r3, r4, r5, r6, r7, r8, r9, pc}
200001ca:	bf20      	wfe
200001cc:	4630      	mov	r0, r6
200001ce:	4629      	mov	r1, r5
200001d0:	f000 fe46 	bl	20000e60 <__best_effort_wfe_or_timeout_veneer>
200001d4:	2800      	cmp	r0, #0
200001d6:	d0cf      	beq.n	20000178 <mutex_enter_block_until+0x18>
200001d8:	e7f4      	b.n	200001c4 <mutex_enter_block_until+0x64>
200001da:	2300      	movs	r3, #0
200001dc:	6821      	ldr	r1, [r4, #0]
200001de:	f884 8004 	strb.w	r8, [r4, #4]
200001e2:	e8c1 3f8f 	stlb	r3, [r1]
200001e6:	f382 8810 	msr	PRIMASK, r2
200001ea:	2001      	movs	r0, #1
200001ec:	e8bd 83f8 	ldmia.w	sp!, {r3, r4, r5, r6, r7, r8, r9, pc}
200001f0:	20002420 	.word	0x20002420

200001f4 <mutex_try_enter_block_until>:
200001f4:	b570      	push	{r4, r5, r6, lr}
200001f6:	b082      	sub	sp, #8
200001f8:	a901      	add	r1, sp, #4
200001fa:	4606      	mov	r6, r0
200001fc:	4615      	mov	r5, r2
200001fe:	461c      	mov	r4, r3
20000200:	f7ff ff86 	bl	20000110 <mutex_try_enter>
20000204:	b938      	cbnz	r0, 20000216 <mutex_try_enter_block_until+0x22>
20000206:	f04f 4350 	mov.w	r3, #3489660928	@ 0xd0000000
2000020a:	f99d 2004 	ldrsb.w	r2, [sp, #4]
2000020e:	f993 3000 	ldrsb.w	r3, [r3]
20000212:	429a      	cmp	r2, r3
20000214:	d101      	bne.n	2000021a <mutex_try_enter_block_until+0x26>
20000216:	b002      	add	sp, #8
20000218:	bd70      	pop	{r4, r5, r6, pc}
2000021a:	462a      	mov	r2, r5
2000021c:	4623      	mov	r3, r4
2000021e:	4630      	mov	r0, r6
20000220:	b002      	add	sp, #8
20000222:	e8bd 4070 	ldmia.w	sp!, {r4, r5, r6, lr}
20000226:	f7ff bf9b 	b.w	20000160 <mutex_enter_block_until>
2000022a:	bf00      	nop

2000022c <mutex_enter_timeout_ms>:
2000022c:	b570      	push	{r4, r5, r6, lr}
2000022e:	4605      	mov	r5, r0
20000230:	460c      	mov	r4, r1
20000232:	f000 fe11 	bl	20000e58 <__time_us_64_veneer>
20000236:	4602      	mov	r2, r0
20000238:	460b      	mov	r3, r1
2000023a:	f44f 707a 	mov.w	r0, #1000	@ 0x3e8
2000023e:	f04f 3eff 	mov.w	lr, #4294967295	@ 0xffffffff
20000242:	f06f 4c00 	mvn.w	ip, #2147483648	@ 0x80000000
20000246:	fbe4 2300 	umlal	r2, r3, r4, r0
2000024a:	4596      	cmp	lr, r2
2000024c:	eb7c 0103 	sbcs.w	r1, ip, r3
20000250:	bf38      	it	cc
20000252:	4672      	movcc	r2, lr
20000254:	4628      	mov	r0, r5
20000256:	e8bd 4070 	ldmia.w	sp!, {r4, r5, r6, lr}
2000025a:	bf38      	it	cc
2000025c:	4663      	movcc	r3, ip
2000025e:	f7ff bf7f 	b.w	20000160 <mutex_enter_block_until>
20000262:	bf00      	nop

20000264 <mutex_exit>:
20000264:	6803      	ldr	r3, [r0, #0]
20000266:	f3ef 8110 	mrs	r1, PRIMASK
2000026a:	b672      	cpsid	i
2000026c:	e8d3 cfcf 	ldaexb	ip, [r3]
20000270:	2201      	movs	r2, #1
20000272:	f1bc 0f00 	cmp.w	ip, #0
20000276:	d1f9      	bne.n	2000026c <mutex_exit+0x8>
20000278:	e8c3 2f4c 	strexb	ip, r2, [r3]
2000027c:	f1bc 0f00 	cmp.w	ip, #0
20000280:	d1f4      	bne.n	2000026c <mutex_exit+0x8>
20000282:	f3bf 8f5f 	dmb	sy
20000286:	f04f 0cff 	mov.w	ip, #255	@ 0xff
2000028a:	4a07      	ldr	r2, [pc, #28]	@ (200002a8 <mutex_exit+0x44>)
2000028c:	f880 c004 	strb.w	ip, [r0, #4]
20000290:	7813      	ldrb	r3, [r2, #0]
20000292:	3301      	adds	r3, #1
20000294:	b2db      	uxtb	r3, r3
20000296:	7013      	strb	r3, [r2, #0]
20000298:	2300      	movs	r3, #0
2000029a:	6802      	ldr	r2, [r0, #0]
2000029c:	e8c2 3f8f 	stlb	r3, [r2]
200002a0:	f381 8810 	msr	PRIMASK, r1
200002a4:	bf40      	sev
200002a6:	4770      	bx	lr
200002a8:	20002420 	.word	0x20002420

200002ac <dcd_event_handler>:
200002ac:	e92d 41f0 	stmdb	sp!, {r4, r5, r6, r7, r8, lr}
200002b0:	7843      	ldrb	r3, [r0, #1]
200002b2:	4604      	mov	r4, r0
200002b4:	3b02      	subs	r3, #2
200002b6:	460e      	mov	r6, r1
200002b8:	b084      	sub	sp, #16
200002ba:	2b05      	cmp	r3, #5
200002bc:	d80c      	bhi.n	200002d8 <dcd_event_handler+0x2c>
200002be:	e8df f013 	tbh	[pc, r3, lsl #1]
200002c2:	00a2      	.short	0x00a2
200002c4:	009b003e 	.word	0x009b003e
200002c8:	000600da 	.word	0x000600da
200002cc:	00a9      	.short	0x00a9
200002ce:	4a90      	ldr	r2, [pc, #576]	@ (20000510 <dcd_event_handler+0x264>)
200002d0:	7813      	ldrb	r3, [r2, #0]
200002d2:	3301      	adds	r3, #1
200002d4:	b2db      	uxtb	r3, r3
200002d6:	7013      	strb	r3, [r2, #0]
200002d8:	4b8e      	ldr	r3, [pc, #568]	@ (20000514 <dcd_event_handler+0x268>)
200002da:	681d      	ldr	r5, [r3, #0]
200002dc:	69ab      	ldr	r3, [r5, #24]
200002de:	f3ef 8210 	mrs	r2, PRIMASK
200002e2:	b672      	cpsid	i
200002e4:	e8d3 0fcf 	ldaexb	r0, [r3]
200002e8:	2101      	movs	r1, #1
200002ea:	2800      	cmp	r0, #0
200002ec:	d1fa      	bne.n	200002e4 <dcd_event_handler+0x38>
200002ee:	e8c3 1f40 	strexb	r0, r1, [r3]
200002f2:	2800      	cmp	r0, #0
200002f4:	d1f6      	bne.n	200002e4 <dcd_event_handler+0x38>
200002f6:	f3bf 8f5f 	dmb	sy
200002fa:	4628      	mov	r0, r5
200002fc:	61ea      	str	r2, [r5, #28]
200002fe:	2300      	movs	r3, #0
20000300:	4621      	mov	r1, r4
20000302:	f830 2b04 	ldrh.w	r2, [r0], #4
20000306:	f000 fdaf 	bl	20000e68 <__tu_fifo_write_n_access_mode_veneer>
2000030a:	2300      	movs	r3, #0
2000030c:	69aa      	ldr	r2, [r5, #24]
2000030e:	e8c2 3f8f 	stlb	r3, [r2]
20000312:	69eb      	ldr	r3, [r5, #28]
20000314:	f383 8810 	msr	PRIMASK, r3
20000318:	b948      	cbnz	r0, 2000032e <dcd_event_handler+0x82>
2000031a:	f04f 23e0 	mov.w	r3, #3758153728	@ 0xe000e000
2000031e:	f8d3 3df0 	ldr.w	r3, [r3, #3568]	@ 0xdf0
20000322:	07db      	lsls	r3, r3, #31
20000324:	d508      	bpl.n	20000338 <dcd_event_handler+0x8c>
20000326:	be00      	bkpt	0x0000
20000328:	b004      	add	sp, #16
2000032a:	e8bd 81f0 	ldmia.w	sp!, {r4, r5, r6, r7, r8, pc}
2000032e:	4632      	mov	r2, r6
20000330:	7861      	ldrb	r1, [r4, #1]
20000332:	7820      	ldrb	r0, [r4, #0]
20000334:	f000 fd8c 	bl	20000e50 <__tud_event_hook_cb_veneer>
20000338:	b004      	add	sp, #16
2000033a:	e8bd 81f0 	ldmia.w	sp!, {r4, r5, r6, r7, r8, pc}
2000033e:	4f76      	ldr	r7, [pc, #472]	@ (20000518 <dcd_event_handler+0x26c>)
20000340:	7839      	ldrb	r1, [r7, #0]
20000342:	29ff      	cmp	r1, #255	@ 0xff
20000344:	d018      	beq.n	20000378 <dcd_event_handler+0xcc>
20000346:	2500      	movs	r5, #0
20000348:	462a      	mov	r2, r5
2000034a:	f8df 81d4 	ldr.w	r8, [pc, #468]	@ 20000520 <dcd_event_handler+0x274>
2000034e:	4291      	cmp	r1, r2
20000350:	eb05 00c5 	add.w	r0, r5, r5, lsl #3
20000354:	d90a      	bls.n	2000036c <dcd_event_handler+0xc0>
20000356:	f8d8 3000 	ldr.w	r3, [r8]
2000035a:	eb13 0380 	adds.w	r3, r3, r0, lsl #2
2000035e:	d005      	beq.n	2000036c <dcd_event_handler+0xc0>
20000360:	6a1b      	ldr	r3, [r3, #32]
20000362:	b11b      	cbz	r3, 2000036c <dcd_event_handler+0xc0>
20000364:	6861      	ldr	r1, [r4, #4]
20000366:	7820      	ldrb	r0, [r4, #0]
20000368:	4798      	blx	r3
2000036a:	7839      	ldrb	r1, [r7, #0]
2000036c:	3501      	adds	r5, #1
2000036e:	1c4b      	adds	r3, r1, #1
20000370:	b2db      	uxtb	r3, r3
20000372:	b2ea      	uxtb	r2, r5
20000374:	4293      	cmp	r3, r2
20000376:	d8ea      	bhi.n	2000034e <dcd_event_handler+0xa2>
20000378:	4f68      	ldr	r7, [pc, #416]	@ (2000051c <dcd_event_handler+0x270>)
2000037a:	7dbb      	ldrb	r3, [r7, #22]
2000037c:	2b00      	cmp	r3, #0
2000037e:	f040 8082 	bne.w	20000486 <dcd_event_handler+0x1da>
20000382:	7ebb      	ldrb	r3, [r7, #26]
20000384:	07da      	lsls	r2, r3, #31
20000386:	d5d7      	bpl.n	20000338 <dcd_event_handler+0x8c>
20000388:	2303      	movs	r3, #3
2000038a:	2700      	movs	r7, #0
2000038c:	4a61      	ldr	r2, [pc, #388]	@ (20000514 <dcd_event_handler+0x268>)
2000038e:	7821      	ldrb	r1, [r4, #0]
20000390:	6815      	ldr	r5, [r2, #0]
20000392:	6862      	ldr	r2, [r4, #4]
20000394:	f88d 1004 	strb.w	r1, [sp, #4]
20000398:	f88d 3005 	strb.w	r3, [sp, #5]
2000039c:	69ab      	ldr	r3, [r5, #24]
2000039e:	f8cd 7006 	str.w	r7, [sp, #6]
200003a2:	f8cd 700a 	str.w	r7, [sp, #10]
200003a6:	f8ad 700e 	strh.w	r7, [sp, #14]
200003aa:	9202      	str	r2, [sp, #8]
200003ac:	f3ef 8210 	mrs	r2, PRIMASK
200003b0:	b672      	cpsid	i
200003b2:	e8d3 0fcf 	ldaexb	r0, [r3]
200003b6:	2101      	movs	r1, #1
200003b8:	2800      	cmp	r0, #0
200003ba:	d1fa      	bne.n	200003b2 <dcd_event_handler+0x106>
200003bc:	e8c3 1f40 	strexb	r0, r1, [r3]
200003c0:	2800      	cmp	r0, #0
200003c2:	d1f6      	bne.n	200003b2 <dcd_event_handler+0x106>
200003c4:	f3bf 8f5f 	dmb	sy
200003c8:	4628      	mov	r0, r5
200003ca:	463b      	mov	r3, r7
200003cc:	61ea      	str	r2, [r5, #28]
200003ce:	a901      	add	r1, sp, #4
200003d0:	f830 2b04 	ldrh.w	r2, [r0], #4
200003d4:	f000 fd48 	bl	20000e68 <__tu_fifo_write_n_access_mode_veneer>
200003d8:	69ab      	ldr	r3, [r5, #24]
200003da:	e8c3 7f8f 	stlb	r7, [r3]
200003de:	69eb      	ldr	r3, [r5, #28]
200003e0:	f383 8810 	msr	PRIMASK, r3
200003e4:	2800      	cmp	r0, #0
200003e6:	d098      	beq.n	2000031a <dcd_event_handler+0x6e>
200003e8:	4632      	mov	r2, r6
200003ea:	f89d 1005 	ldrb.w	r1, [sp, #5]
200003ee:	f89d 0004 	ldrb.w	r0, [sp, #4]
200003f2:	f000 fd2d 	bl	20000e50 <__tud_event_hook_cb_veneer>
200003f6:	e79f      	b.n	20000338 <dcd_event_handler+0x8c>
200003f8:	4b48      	ldr	r3, [pc, #288]	@ (2000051c <dcd_event_handler+0x270>)
200003fa:	7d1a      	ldrb	r2, [r3, #20]
200003fc:	2a00      	cmp	r2, #0
200003fe:	d09b      	beq.n	20000338 <dcd_event_handler+0x8c>
20000400:	2201      	movs	r2, #1
20000402:	759a      	strb	r2, [r3, #22]
20000404:	e768      	b.n	200002d8 <dcd_event_handler+0x2c>
20000406:	2200      	movs	r2, #0
20000408:	4b44      	ldr	r3, [pc, #272]	@ (2000051c <dcd_event_handler+0x270>)
2000040a:	751a      	strb	r2, [r3, #20]
2000040c:	761a      	strb	r2, [r3, #24]
2000040e:	755a      	strb	r2, [r3, #21]
20000410:	759a      	strb	r2, [r3, #22]
20000412:	e761      	b.n	200002d8 <dcd_event_handler+0x2c>
20000414:	7901      	ldrb	r1, [r0, #4]
20000416:	f011 030f 	ands.w	r3, r1, #15
2000041a:	f43f af5d 	beq.w	200002d8 <dcd_event_handler+0x2c>
2000041e:	4d3f      	ldr	r5, [pc, #252]	@ (2000051c <dcd_event_handler+0x270>)
20000420:	4a3d      	ldr	r2, [pc, #244]	@ (20000518 <dcd_event_handler+0x26c>)
20000422:	eb05 0543 	add.w	r5, r5, r3, lsl #1
20000426:	eb05 15d1 	add.w	r5, r5, r1, lsr #7
2000042a:	f895 302b 	ldrb.w	r3, [r5, #43]	@ 0x2b
2000042e:	7812      	ldrb	r2, [r2, #0]
20000430:	429a      	cmp	r2, r3
20000432:	f67f af51 	bls.w	200002d8 <dcd_event_handler+0x2c>
20000436:	4a3a      	ldr	r2, [pc, #232]	@ (20000520 <dcd_event_handler+0x274>)
20000438:	eb03 03c3 	add.w	r3, r3, r3, lsl #3
2000043c:	6812      	ldr	r2, [r2, #0]
2000043e:	eb12 0283 	adds.w	r2, r2, r3, lsl #2
20000442:	f43f af49 	beq.w	200002d8 <dcd_event_handler+0x2c>
20000446:	69d7      	ldr	r7, [r2, #28]
20000448:	2f00      	cmp	r7, #0
2000044a:	f43f af45 	beq.w	200002d8 <dcd_event_handler+0x2c>
2000044e:	f895 304b 	ldrb.w	r3, [r5, #75]	@ 0x4b
20000452:	f003 03fa 	and.w	r3, r3, #250	@ 0xfa
20000456:	f885 304b 	strb.w	r3, [r5, #75]	@ 0x4b
2000045a:	6883      	ldr	r3, [r0, #8]
2000045c:	7942      	ldrb	r2, [r0, #5]
2000045e:	7800      	ldrb	r0, [r0, #0]
20000460:	47b8      	blx	r7
20000462:	2800      	cmp	r0, #0
20000464:	f47f af68 	bne.w	20000338 <dcd_event_handler+0x8c>
20000468:	f895 304b 	ldrb.w	r3, [r5, #75]	@ 0x4b
2000046c:	f043 0305 	orr.w	r3, r3, #5
20000470:	f885 304b 	strb.w	r3, [r5, #75]	@ 0x4b
20000474:	e730      	b.n	200002d8 <dcd_event_handler+0x2c>
20000476:	4b29      	ldr	r3, [pc, #164]	@ (2000051c <dcd_event_handler+0x270>)
20000478:	7d1a      	ldrb	r2, [r3, #20]
2000047a:	2a00      	cmp	r2, #0
2000047c:	f43f af5c 	beq.w	20000338 <dcd_event_handler+0x8c>
20000480:	2200      	movs	r2, #0
20000482:	759a      	strb	r2, [r3, #22]
20000484:	e728      	b.n	200002d8 <dcd_event_handler+0x2c>
20000486:	2500      	movs	r5, #0
20000488:	2305      	movs	r3, #5
2000048a:	75bd      	strb	r5, [r7, #22]
2000048c:	f88d 3005 	strb.w	r3, [sp, #5]
20000490:	7823      	ldrb	r3, [r4, #0]
20000492:	f8ad 500e 	strh.w	r5, [sp, #14]
20000496:	f88d 3004 	strb.w	r3, [sp, #4]
2000049a:	4b1e      	ldr	r3, [pc, #120]	@ (20000514 <dcd_event_handler+0x268>)
2000049c:	f8cd 5006 	str.w	r5, [sp, #6]
200004a0:	f8d3 8000 	ldr.w	r8, [r3]
200004a4:	f8cd 500a 	str.w	r5, [sp, #10]
200004a8:	f8d8 3018 	ldr.w	r3, [r8, #24]
200004ac:	f3ef 8210 	mrs	r2, PRIMASK
200004b0:	b672      	cpsid	i
200004b2:	e8d3 0fcf 	ldaexb	r0, [r3]
200004b6:	2101      	movs	r1, #1
200004b8:	2800      	cmp	r0, #0
200004ba:	d1fa      	bne.n	200004b2 <dcd_event_handler+0x206>
200004bc:	e8c3 1f40 	strexb	r0, r1, [r3]
200004c0:	2800      	cmp	r0, #0
200004c2:	d1f6      	bne.n	200004b2 <dcd_event_handler+0x206>
200004c4:	f3bf 8f5f 	dmb	sy
200004c8:	4640      	mov	r0, r8
200004ca:	462b      	mov	r3, r5
200004cc:	f8c8 201c 	str.w	r2, [r8, #28]
200004d0:	a901      	add	r1, sp, #4
200004d2:	f830 2b04 	ldrh.w	r2, [r0], #4
200004d6:	f000 fcc7 	bl	20000e68 <__tu_fifo_write_n_access_mode_veneer>
200004da:	f8d8 3018 	ldr.w	r3, [r8, #24]
200004de:	e8c3 5f8f 	stlb	r5, [r3]
200004e2:	f8d8 301c 	ldr.w	r3, [r8, #28]
200004e6:	f383 8810 	msr	PRIMASK, r3
200004ea:	b940      	cbnz	r0, 200004fe <dcd_event_handler+0x252>
200004ec:	f04f 23e0 	mov.w	r3, #3758153728	@ 0xe000e000
200004f0:	f8d3 3df0 	ldr.w	r3, [r3, #3568]	@ 0xdf0
200004f4:	07d9      	lsls	r1, r3, #31
200004f6:	f57f af44 	bpl.w	20000382 <dcd_event_handler+0xd6>
200004fa:	be00      	bkpt	0x0000
200004fc:	e741      	b.n	20000382 <dcd_event_handler+0xd6>
200004fe:	4632      	mov	r2, r6
20000500:	f89d 1005 	ldrb.w	r1, [sp, #5]
20000504:	f89d 0004 	ldrb.w	r0, [sp, #4]
20000508:	f000 fca2 	bl	20000e50 <__tud_event_hook_cb_veneer>
2000050c:	e739      	b.n	20000382 <dcd_event_handler+0xd6>
2000050e:	bf00      	nop
20000510:	2000241a 	.word	0x2000241a
20000514:	20001340 	.word	0x20001340
20000518:	20002418 	.word	0x20002418
2000051c:	200012d0 	.word	0x200012d0
20000520:	20001104 	.word	0x20001104

20000524 <spi_write_blocking>:
20000524:	4684      	mov	ip, r0
20000526:	4610      	mov	r0, r2
20000528:	b36a      	cbz	r2, 20000586 <spi_write_blocking+0x62>
2000052a:	3901      	subs	r1, #1
2000052c:	b500      	push	{lr}
2000052e:	eb01 0e02 	add.w	lr, r1, r2
20000532:	f8dc 300c 	ldr.w	r3, [ip, #12]
20000536:	079b      	lsls	r3, r3, #30
20000538:	d5fb      	bpl.n	20000532 <spi_write_blocking+0xe>
2000053a:	f811 3f01 	ldrb.w	r3, [r1, #1]!
2000053e:	458e      	cmp	lr, r1
20000540:	f8cc 3008 	str.w	r3, [ip, #8]
20000544:	d1f5      	bne.n	20000532 <spi_write_blocking+0xe>
20000546:	f8dc 300c 	ldr.w	r3, [ip, #12]
2000054a:	0759      	lsls	r1, r3, #29
2000054c:	d505      	bpl.n	2000055a <spi_write_blocking+0x36>
2000054e:	f8dc 3008 	ldr.w	r3, [ip, #8]
20000552:	f8dc 300c 	ldr.w	r3, [ip, #12]
20000556:	0759      	lsls	r1, r3, #29
20000558:	d4f9      	bmi.n	2000054e <spi_write_blocking+0x2a>
2000055a:	f8dc 300c 	ldr.w	r3, [ip, #12]
2000055e:	06da      	lsls	r2, r3, #27
20000560:	d506      	bpl.n	20000570 <spi_write_blocking+0x4c>
20000562:	f8dc 300c 	ldr.w	r3, [ip, #12]
20000566:	06da      	lsls	r2, r3, #27
20000568:	d4f7      	bmi.n	2000055a <spi_write_blocking+0x36>
2000056a:	e001      	b.n	20000570 <spi_write_blocking+0x4c>
2000056c:	f8dc 3008 	ldr.w	r3, [ip, #8]
20000570:	f8dc 300c 	ldr.w	r3, [ip, #12]
20000574:	075b      	lsls	r3, r3, #29
20000576:	d4f9      	bmi.n	2000056c <spi_write_blocking+0x48>
20000578:	2301      	movs	r3, #1
2000057a:	f8cc 3020 	str.w	r3, [ip, #32]
2000057e:	f85d fb04 	ldr.w	pc, [sp], #4
20000582:	f8dc 3008 	ldr.w	r3, [ip, #8]
20000586:	f8dc 300c 	ldr.w	r3, [ip, #12]
2000058a:	0759      	lsls	r1, r3, #29
2000058c:	d4f9      	bmi.n	20000582 <spi_write_blocking+0x5e>
2000058e:	f8dc 300c 	ldr.w	r3, [ip, #12]
20000592:	06da      	lsls	r2, r3, #27
20000594:	d506      	bpl.n	200005a4 <spi_write_blocking+0x80>
20000596:	f8dc 300c 	ldr.w	r3, [ip, #12]
2000059a:	06da      	lsls	r2, r3, #27
2000059c:	d4f7      	bmi.n	2000058e <spi_write_blocking+0x6a>
2000059e:	e001      	b.n	200005a4 <spi_write_blocking+0x80>
200005a0:	f8dc 3008 	ldr.w	r3, [ip, #8]
200005a4:	f8dc 300c 	ldr.w	r3, [ip, #12]
200005a8:	075b      	lsls	r3, r3, #29
200005aa:	d4f9      	bmi.n	200005a0 <spi_write_blocking+0x7c>
200005ac:	2301      	movs	r3, #1
200005ae:	f8cc 3020 	str.w	r3, [ip, #32]
200005b2:	4770      	bx	lr

200005b4 <__aeabi_drsub>:
200005b4:	f081 4100 	eor.w	r1, r1, #2147483648	@ 0x80000000
200005b8:	e002      	b.n	200005c0 <__adddf3>
200005ba:	bf00      	nop

200005bc <__aeabi_dsub>:
200005bc:	f083 4300 	eor.w	r3, r3, #2147483648	@ 0x80000000

200005c0 <__adddf3>:
200005c0:	b530      	push	{r4, r5, lr}
200005c2:	ea4f 0441 	mov.w	r4, r1, lsl #1
200005c6:	ea4f 0543 	mov.w	r5, r3, lsl #1
200005ca:	ea94 0f05 	teq	r4, r5
200005ce:	bf08      	it	eq
200005d0:	ea90 0f02 	teqeq	r0, r2
200005d4:	bf1f      	itttt	ne
200005d6:	ea54 0c00 	orrsne.w	ip, r4, r0
200005da:	ea55 0c02 	orrsne.w	ip, r5, r2
200005de:	ea7f 5c64 	mvnsne.w	ip, r4, asr #21
200005e2:	ea7f 5c65 	mvnsne.w	ip, r5, asr #21
200005e6:	f000 80e2 	beq.w	200007ae <__adddf3+0x1ee>
200005ea:	ea4f 5454 	mov.w	r4, r4, lsr #21
200005ee:	ebd4 5555 	rsbs	r5, r4, r5, lsr #21
200005f2:	bfb8      	it	lt
200005f4:	426d      	neglt	r5, r5
200005f6:	dd0c      	ble.n	20000612 <__adddf3+0x52>
200005f8:	442c      	add	r4, r5
200005fa:	ea80 0202 	eor.w	r2, r0, r2
200005fe:	ea81 0303 	eor.w	r3, r1, r3
20000602:	ea82 0000 	eor.w	r0, r2, r0
20000606:	ea83 0101 	eor.w	r1, r3, r1
2000060a:	ea80 0202 	eor.w	r2, r0, r2
2000060e:	ea81 0303 	eor.w	r3, r1, r3
20000612:	2d36      	cmp	r5, #54	@ 0x36
20000614:	bf88      	it	hi
20000616:	bd30      	pophi	{r4, r5, pc}
20000618:	f011 4f00 	tst.w	r1, #2147483648	@ 0x80000000
2000061c:	ea4f 3101 	mov.w	r1, r1, lsl #12
20000620:	f44f 1c80 	mov.w	ip, #1048576	@ 0x100000
20000624:	ea4c 3111 	orr.w	r1, ip, r1, lsr #12
20000628:	d002      	beq.n	20000630 <__adddf3+0x70>
2000062a:	4240      	negs	r0, r0
2000062c:	eb61 0141 	sbc.w	r1, r1, r1, lsl #1
20000630:	f013 4f00 	tst.w	r3, #2147483648	@ 0x80000000
20000634:	ea4f 3303 	mov.w	r3, r3, lsl #12
20000638:	ea4c 3313 	orr.w	r3, ip, r3, lsr #12
2000063c:	d002      	beq.n	20000644 <__adddf3+0x84>
2000063e:	4252      	negs	r2, r2
20000640:	eb63 0343 	sbc.w	r3, r3, r3, lsl #1
20000644:	ea94 0f05 	teq	r4, r5
20000648:	f000 80a7 	beq.w	2000079a <__adddf3+0x1da>
2000064c:	f1a4 0401 	sub.w	r4, r4, #1
20000650:	f1d5 0e20 	rsbs	lr, r5, #32
20000654:	db0d      	blt.n	20000672 <__adddf3+0xb2>
20000656:	fa02 fc0e 	lsl.w	ip, r2, lr
2000065a:	fa22 f205 	lsr.w	r2, r2, r5
2000065e:	1880      	adds	r0, r0, r2
20000660:	f141 0100 	adc.w	r1, r1, #0
20000664:	fa03 f20e 	lsl.w	r2, r3, lr
20000668:	1880      	adds	r0, r0, r2
2000066a:	fa43 f305 	asr.w	r3, r3, r5
2000066e:	4159      	adcs	r1, r3
20000670:	e00e      	b.n	20000690 <__adddf3+0xd0>
20000672:	f1a5 0520 	sub.w	r5, r5, #32
20000676:	f10e 0e20 	add.w	lr, lr, #32
2000067a:	2a01      	cmp	r2, #1
2000067c:	fa03 fc0e 	lsl.w	ip, r3, lr
20000680:	bf28      	it	cs
20000682:	f04c 0c02 	orrcs.w	ip, ip, #2
20000686:	fa43 f305 	asr.w	r3, r3, r5
2000068a:	18c0      	adds	r0, r0, r3
2000068c:	eb51 71e3 	adcs.w	r1, r1, r3, asr #31
20000690:	f001 4500 	and.w	r5, r1, #2147483648	@ 0x80000000
20000694:	d507      	bpl.n	200006a6 <__adddf3+0xe6>
20000696:	f04f 0e00 	mov.w	lr, #0
2000069a:	f1dc 0c00 	rsbs	ip, ip, #0
2000069e:	eb7e 0000 	sbcs.w	r0, lr, r0
200006a2:	eb6e 0101 	sbc.w	r1, lr, r1
200006a6:	f5b1 1f80 	cmp.w	r1, #1048576	@ 0x100000
200006aa:	d31b      	bcc.n	200006e4 <__adddf3+0x124>
200006ac:	f5b1 1f00 	cmp.w	r1, #2097152	@ 0x200000
200006b0:	d30c      	bcc.n	200006cc <__adddf3+0x10c>
200006b2:	0849      	lsrs	r1, r1, #1
200006b4:	ea5f 0030 	movs.w	r0, r0, rrx
200006b8:	ea4f 0c3c 	mov.w	ip, ip, rrx
200006bc:	f104 0401 	add.w	r4, r4, #1
200006c0:	ea4f 5244 	mov.w	r2, r4, lsl #21
200006c4:	f512 0f80 	cmn.w	r2, #4194304	@ 0x400000
200006c8:	f080 809a 	bcs.w	20000800 <__adddf3+0x240>
200006cc:	f1bc 4f00 	cmp.w	ip, #2147483648	@ 0x80000000
200006d0:	bf08      	it	eq
200006d2:	ea5f 0c50 	movseq.w	ip, r0, lsr #1
200006d6:	f150 0000 	adcs.w	r0, r0, #0
200006da:	eb41 5104 	adc.w	r1, r1, r4, lsl #20
200006de:	ea41 0105 	orr.w	r1, r1, r5
200006e2:	bd30      	pop	{r4, r5, pc}
200006e4:	ea5f 0c4c 	movs.w	ip, ip, lsl #1
200006e8:	4140      	adcs	r0, r0
200006ea:	eb41 0101 	adc.w	r1, r1, r1
200006ee:	3c01      	subs	r4, #1
200006f0:	bf28      	it	cs
200006f2:	f5b1 1f80 	cmpcs.w	r1, #1048576	@ 0x100000
200006f6:	d2e9      	bcs.n	200006cc <__adddf3+0x10c>
200006f8:	f091 0f00 	teq	r1, #0
200006fc:	bf04      	itt	eq
200006fe:	4601      	moveq	r1, r0
20000700:	2000      	moveq	r0, #0
20000702:	fab1 f381 	clz	r3, r1
20000706:	bf08      	it	eq
20000708:	3320      	addeq	r3, #32
2000070a:	f1a3 030b 	sub.w	r3, r3, #11
2000070e:	f1b3 0220 	subs.w	r2, r3, #32
20000712:	da0c      	bge.n	2000072e <__adddf3+0x16e>
20000714:	320c      	adds	r2, #12
20000716:	dd08      	ble.n	2000072a <__adddf3+0x16a>
20000718:	f102 0c14 	add.w	ip, r2, #20
2000071c:	f1c2 020c 	rsb	r2, r2, #12
20000720:	fa01 f00c 	lsl.w	r0, r1, ip
20000724:	fa21 f102 	lsr.w	r1, r1, r2
20000728:	e00c      	b.n	20000744 <__adddf3+0x184>
2000072a:	f102 0214 	add.w	r2, r2, #20
2000072e:	bfd8      	it	le
20000730:	f1c2 0c20 	rsble	ip, r2, #32
20000734:	fa01 f102 	lsl.w	r1, r1, r2
20000738:	fa20 fc0c 	lsr.w	ip, r0, ip
2000073c:	bfdc      	itt	le
2000073e:	ea41 010c 	orrle.w	r1, r1, ip
20000742:	4090      	lslle	r0, r2
20000744:	1ae4      	subs	r4, r4, r3
20000746:	bfa2      	ittt	ge
20000748:	eb01 5104 	addge.w	r1, r1, r4, lsl #20
2000074c:	4329      	orrge	r1, r5
2000074e:	bd30      	popge	{r4, r5, pc}
20000750:	ea6f 0404 	mvn.w	r4, r4
20000754:	3c1f      	subs	r4, #31
20000756:	da1c      	bge.n	20000792 <__adddf3+0x1d2>
20000758:	340c      	adds	r4, #12
2000075a:	dc0e      	bgt.n	2000077a <__adddf3+0x1ba>
2000075c:	f104 0414 	add.w	r4, r4, #20
20000760:	f1c4 0220 	rsb	r2, r4, #32
20000764:	fa20 f004 	lsr.w	r0, r0, r4
20000768:	fa01 f302 	lsl.w	r3, r1, r2
2000076c:	ea40 0003 	orr.w	r0, r0, r3
20000770:	fa21 f304 	lsr.w	r3, r1, r4
20000774:	ea45 0103 	orr.w	r1, r5, r3
20000778:	bd30      	pop	{r4, r5, pc}
2000077a:	f1c4 040c 	rsb	r4, r4, #12
2000077e:	f1c4 0220 	rsb	r2, r4, #32
20000782:	fa20 f002 	lsr.w	r0, r0, r2
20000786:	fa01 f304 	lsl.w	r3, r1, r4
2000078a:	ea40 0003 	orr.w	r0, r0, r3
2000078e:	4629      	mov	r1, r5
20000790:	bd30      	pop	{r4, r5, pc}
20000792:	fa21 f004 	lsr.w	r0, r1, r4
20000796:	4629      	mov	r1, r5
20000798:	bd30      	pop	{r4, r5, pc}
2000079a:	f094 0f00 	teq	r4, #0
2000079e:	f483 1380 	eor.w	r3, r3, #1048576	@ 0x100000
200007a2:	bf06      	itte	eq
200007a4:	f481 1180 	eoreq.w	r1, r1, #1048576	@ 0x100000
200007a8:	3401      	addeq	r4, #1
200007aa:	3d01      	subne	r5, #1
200007ac:	e74e      	b.n	2000064c <__adddf3+0x8c>
200007ae:	ea7f 5c64 	mvns.w	ip, r4, asr #21
200007b2:	bf18      	it	ne
200007b4:	ea7f 5c65 	mvnsne.w	ip, r5, asr #21
200007b8:	d029      	beq.n	2000080e <__adddf3+0x24e>
200007ba:	ea94 0f05 	teq	r4, r5
200007be:	bf08      	it	eq
200007c0:	ea90 0f02 	teqeq	r0, r2
200007c4:	d005      	beq.n	200007d2 <__adddf3+0x212>
200007c6:	ea54 0c00 	orrs.w	ip, r4, r0
200007ca:	bf04      	itt	eq
200007cc:	4619      	moveq	r1, r3
200007ce:	4610      	moveq	r0, r2
200007d0:	bd30      	pop	{r4, r5, pc}
200007d2:	ea91 0f03 	teq	r1, r3
200007d6:	bf1e      	ittt	ne
200007d8:	2100      	movne	r1, #0
200007da:	2000      	movne	r0, #0
200007dc:	bd30      	popne	{r4, r5, pc}
200007de:	ea5f 5c54 	movs.w	ip, r4, lsr #21
200007e2:	d105      	bne.n	200007f0 <__adddf3+0x230>
200007e4:	0040      	lsls	r0, r0, #1
200007e6:	4149      	adcs	r1, r1
200007e8:	bf28      	it	cs
200007ea:	f041 4100 	orrcs.w	r1, r1, #2147483648	@ 0x80000000
200007ee:	bd30      	pop	{r4, r5, pc}
200007f0:	f514 0480 	adds.w	r4, r4, #4194304	@ 0x400000
200007f4:	bf3c      	itt	cc
200007f6:	f501 1180 	addcc.w	r1, r1, #1048576	@ 0x100000
200007fa:	bd30      	popcc	{r4, r5, pc}
200007fc:	f001 4500 	and.w	r5, r1, #2147483648	@ 0x80000000
20000800:	f045 41fe 	orr.w	r1, r5, #2130706432	@ 0x7f000000
20000804:	f441 0170 	orr.w	r1, r1, #15728640	@ 0xf00000
20000808:	f04f 0000 	mov.w	r0, #0
2000080c:	bd30      	pop	{r4, r5, pc}
2000080e:	ea7f 5c64 	mvns.w	ip, r4, asr #21
20000812:	bf1a      	itte	ne
20000814:	4619      	movne	r1, r3
20000816:	4610      	movne	r0, r2
20000818:	ea7f 5c65 	mvnseq.w	ip, r5, asr #21
2000081c:	bf1c      	itt	ne
2000081e:	460b      	movne	r3, r1
20000820:	4602      	movne	r2, r0
20000822:	ea50 3401 	orrs.w	r4, r0, r1, lsl #12
20000826:	bf06      	itte	eq
20000828:	ea52 3503 	orrseq.w	r5, r2, r3, lsl #12
2000082c:	ea91 0f03 	teqeq	r1, r3
20000830:	f441 2100 	orrne.w	r1, r1, #524288	@ 0x80000
20000834:	bd30      	pop	{r4, r5, pc}
20000836:	bf00      	nop

20000838 <__aeabi_ui2d>:
20000838:	f090 0f00 	teq	r0, #0
2000083c:	bf04      	itt	eq
2000083e:	2100      	moveq	r1, #0
20000840:	4770      	bxeq	lr
20000842:	b530      	push	{r4, r5, lr}
20000844:	f44f 6480 	mov.w	r4, #1024	@ 0x400
20000848:	f104 0432 	add.w	r4, r4, #50	@ 0x32
2000084c:	f04f 0500 	mov.w	r5, #0
20000850:	f04f 0100 	mov.w	r1, #0
20000854:	e750      	b.n	200006f8 <__adddf3+0x138>
20000856:	bf00      	nop

20000858 <__aeabi_i2d>:
20000858:	f090 0f00 	teq	r0, #0
2000085c:	bf04      	itt	eq
2000085e:	2100      	moveq	r1, #0
20000860:	4770      	bxeq	lr
20000862:	b530      	push	{r4, r5, lr}
20000864:	f44f 6480 	mov.w	r4, #1024	@ 0x400
20000868:	f104 0432 	add.w	r4, r4, #50	@ 0x32
2000086c:	f010 4500 	ands.w	r5, r0, #2147483648	@ 0x80000000
20000870:	bf48      	it	mi
20000872:	4240      	negmi	r0, r0
20000874:	f04f 0100 	mov.w	r1, #0
20000878:	e73e      	b.n	200006f8 <__adddf3+0x138>
2000087a:	bf00      	nop

2000087c <__aeabi_f2d>:
2000087c:	0042      	lsls	r2, r0, #1
2000087e:	ea4f 01e2 	mov.w	r1, r2, asr #3
20000882:	ea4f 0131 	mov.w	r1, r1, rrx
20000886:	ea4f 7002 	mov.w	r0, r2, lsl #28
2000088a:	bf1f      	itttt	ne
2000088c:	f012 437f 	andsne.w	r3, r2, #4278190080	@ 0xff000000
20000890:	f093 4f7f 	teqne	r3, #4278190080	@ 0xff000000
20000894:	f081 5160 	eorne.w	r1, r1, #939524096	@ 0x38000000
20000898:	4770      	bxne	lr
2000089a:	f032 427f 	bics.w	r2, r2, #4278190080	@ 0xff000000
2000089e:	bf08      	it	eq
200008a0:	4770      	bxeq	lr
200008a2:	f093 4f7f 	teq	r3, #4278190080	@ 0xff000000
200008a6:	bf04      	itt	eq
200008a8:	f441 2100 	orreq.w	r1, r1, #524288	@ 0x80000
200008ac:	4770      	bxeq	lr
200008ae:	b530      	push	{r4, r5, lr}
200008b0:	f44f 7460 	mov.w	r4, #896	@ 0x380
200008b4:	f001 4500 	and.w	r5, r1, #2147483648	@ 0x80000000
200008b8:	f021 4100 	bic.w	r1, r1, #2147483648	@ 0x80000000
200008bc:	e71c      	b.n	200006f8 <__adddf3+0x138>
200008be:	bf00      	nop

200008c0 <__aeabi_ul2d>:
200008c0:	ea50 0201 	orrs.w	r2, r0, r1
200008c4:	bf08      	it	eq
200008c6:	4770      	bxeq	lr
200008c8:	b530      	push	{r4, r5, lr}
200008ca:	f04f 0500 	mov.w	r5, #0
200008ce:	e00a      	b.n	200008e6 <__aeabi_l2d+0x16>

200008d0 <__aeabi_l2d>:
200008d0:	ea50 0201 	orrs.w	r2, r0, r1
200008d4:	bf08      	it	eq
200008d6:	4770      	bxeq	lr
200008d8:	b530      	push	{r4, r5, lr}
200008da:	f011 4500 	ands.w	r5, r1, #2147483648	@ 0x80000000
200008de:	d502      	bpl.n	200008e6 <__aeabi_l2d+0x16>
200008e0:	4240      	negs	r0, r0
200008e2:	eb61 0141 	sbc.w	r1, r1, r1, lsl #1
200008e6:	f44f 6480 	mov.w	r4, #1024	@ 0x400
200008ea:	f104 0432 	add.w	r4, r4, #50	@ 0x32
200008ee:	ea5f 5c91 	movs.w	ip, r1, lsr #22
200008f2:	f43f aed8 	beq.w	200006a6 <__adddf3+0xe6>
200008f6:	f04f 0203 	mov.w	r2, #3
200008fa:	ea5f 0cdc 	movs.w	ip, ip, lsr #3
200008fe:	bf18      	it	ne
20000900:	3203      	addne	r2, #3
20000902:	ea5f 0cdc 	movs.w	ip, ip, lsr #3
20000906:	bf18      	it	ne
20000908:	3203      	addne	r2, #3
2000090a:	eb02 02dc 	add.w	r2, r2, ip, lsr #3
2000090e:	f1c2 0320 	rsb	r3, r2, #32
20000912:	fa00 fc03 	lsl.w	ip, r0, r3
20000916:	fa20 f002 	lsr.w	r0, r0, r2
2000091a:	fa01 fe03 	lsl.w	lr, r1, r3
2000091e:	ea40 000e 	orr.w	r0, r0, lr
20000922:	fa21 f102 	lsr.w	r1, r1, r2
20000926:	4414      	add	r4, r2
20000928:	e6bd      	b.n	200006a6 <__adddf3+0xe6>
2000092a:	bf00      	nop

2000092c <__aeabi_uldivmod>:
2000092c:	b953      	cbnz	r3, 20000944 <__aeabi_uldivmod+0x18>
2000092e:	b94a      	cbnz	r2, 20000944 <__aeabi_uldivmod+0x18>
20000930:	2900      	cmp	r1, #0
20000932:	bf08      	it	eq
20000934:	2800      	cmpeq	r0, #0
20000936:	bf1c      	itt	ne
20000938:	f04f 31ff 	movne.w	r1, #4294967295	@ 0xffffffff
2000093c:	f04f 30ff 	movne.w	r0, #4294967295	@ 0xffffffff
20000940:	f000 b98c 	b.w	20000c5c <__aeabi_idiv0>
20000944:	f1ad 0c08 	sub.w	ip, sp, #8
20000948:	e96d ce04 	strd	ip, lr, [sp, #-16]!
2000094c:	f000 f806 	bl	2000095c <__udivmoddi4>
20000950:	f8dd e004 	ldr.w	lr, [sp, #4]
20000954:	e9dd 2302 	ldrd	r2, r3, [sp, #8]
20000958:	b004      	add	sp, #16
2000095a:	4770      	bx	lr

2000095c <__udivmoddi4>:
2000095c:	e92d 4ff0 	stmdb	sp!, {r4, r5, r6, r7, r8, r9, sl, fp, lr}
20000960:	9d09      	ldr	r5, [sp, #36]	@ 0x24
20000962:	460e      	mov	r6, r1
20000964:	4604      	mov	r4, r0
20000966:	460f      	mov	r7, r1
20000968:	2b00      	cmp	r3, #0
2000096a:	d147      	bne.n	200009fc <__udivmoddi4+0xa0>
2000096c:	428a      	cmp	r2, r1
2000096e:	4694      	mov	ip, r2
20000970:	fab2 f382 	clz	r3, r2
20000974:	d95a      	bls.n	20000a2c <__udivmoddi4+0xd0>
20000976:	b143      	cbz	r3, 2000098a <__udivmoddi4+0x2e>
20000978:	fa02 fc03 	lsl.w	ip, r2, r3
2000097c:	f1c3 0220 	rsb	r2, r3, #32
20000980:	409f      	lsls	r7, r3
20000982:	409c      	lsls	r4, r3
20000984:	fa20 f202 	lsr.w	r2, r0, r2
20000988:	4317      	orrs	r7, r2
2000098a:	ea4f 461c 	mov.w	r6, ip, lsr #16
2000098e:	fa1f fe8c 	uxth.w	lr, ip
20000992:	0c22      	lsrs	r2, r4, #16
20000994:	fbb7 f1f6 	udiv	r1, r7, r6
20000998:	fb06 7711 	mls	r7, r6, r1, r7
2000099c:	fb01 f00e 	mul.w	r0, r1, lr
200009a0:	ea42 4207 	orr.w	r2, r2, r7, lsl #16
200009a4:	4290      	cmp	r0, r2
200009a6:	d908      	bls.n	200009ba <__udivmoddi4+0x5e>
200009a8:	eb1c 0202 	adds.w	r2, ip, r2
200009ac:	f101 37ff 	add.w	r7, r1, #4294967295	@ 0xffffffff
200009b0:	d202      	bcs.n	200009b8 <__udivmoddi4+0x5c>
200009b2:	4290      	cmp	r0, r2
200009b4:	f200 813c 	bhi.w	20000c30 <__udivmoddi4+0x2d4>
200009b8:	4639      	mov	r1, r7
200009ba:	1a12      	subs	r2, r2, r0
200009bc:	b2a4      	uxth	r4, r4
200009be:	fbb2 f0f6 	udiv	r0, r2, r6
200009c2:	fb06 2210 	mls	r2, r6, r0, r2
200009c6:	fb00 fe0e 	mul.w	lr, r0, lr
200009ca:	ea44 4402 	orr.w	r4, r4, r2, lsl #16
200009ce:	45a6      	cmp	lr, r4
200009d0:	d908      	bls.n	200009e4 <__udivmoddi4+0x88>
200009d2:	eb1c 0404 	adds.w	r4, ip, r4
200009d6:	f100 32ff 	add.w	r2, r0, #4294967295	@ 0xffffffff
200009da:	d202      	bcs.n	200009e2 <__udivmoddi4+0x86>
200009dc:	45a6      	cmp	lr, r4
200009de:	f200 812a 	bhi.w	20000c36 <__udivmoddi4+0x2da>
200009e2:	4610      	mov	r0, r2
200009e4:	ea40 4001 	orr.w	r0, r0, r1, lsl #16
200009e8:	eba4 040e 	sub.w	r4, r4, lr
200009ec:	2100      	movs	r1, #0
200009ee:	b11d      	cbz	r5, 200009f8 <__udivmoddi4+0x9c>
200009f0:	40dc      	lsrs	r4, r3
200009f2:	2300      	movs	r3, #0
200009f4:	e9c5 4300 	strd	r4, r3, [r5]
200009f8:	e8bd 8ff0 	ldmia.w	sp!, {r4, r5, r6, r7, r8, r9, sl, fp, pc}
200009fc:	428b      	cmp	r3, r1
200009fe:	d905      	bls.n	20000a0c <__udivmoddi4+0xb0>
20000a00:	b10d      	cbz	r5, 20000a06 <__udivmoddi4+0xaa>
20000a02:	e9c5 0100 	strd	r0, r1, [r5]
20000a06:	2100      	movs	r1, #0
20000a08:	4608      	mov	r0, r1
20000a0a:	e7f5      	b.n	200009f8 <__udivmoddi4+0x9c>
20000a0c:	fab3 f183 	clz	r1, r3
20000a10:	2900      	cmp	r1, #0
20000a12:	d14f      	bne.n	20000ab4 <__udivmoddi4+0x158>
20000a14:	42b3      	cmp	r3, r6
20000a16:	f0c0 8102 	bcc.w	20000c1e <__udivmoddi4+0x2c2>
20000a1a:	4282      	cmp	r2, r0
20000a1c:	f240 80ff 	bls.w	20000c1e <__udivmoddi4+0x2c2>
20000a20:	4608      	mov	r0, r1
20000a22:	2d00      	cmp	r5, #0
20000a24:	d0e8      	beq.n	200009f8 <__udivmoddi4+0x9c>
20000a26:	e9c5 4700 	strd	r4, r7, [r5]
20000a2a:	e7e5      	b.n	200009f8 <__udivmoddi4+0x9c>
20000a2c:	2b00      	cmp	r3, #0
20000a2e:	f040 80af 	bne.w	20000b90 <__udivmoddi4+0x234>
20000a32:	1a8a      	subs	r2, r1, r2
20000a34:	ea4f 4e1c 	mov.w	lr, ip, lsr #16
20000a38:	fa1f f78c 	uxth.w	r7, ip
20000a3c:	2101      	movs	r1, #1
20000a3e:	fbb2 f6fe 	udiv	r6, r2, lr
20000a42:	fb0e 2016 	mls	r0, lr, r6, r2
20000a46:	0c22      	lsrs	r2, r4, #16
20000a48:	ea42 4200 	orr.w	r2, r2, r0, lsl #16
20000a4c:	fb07 f006 	mul.w	r0, r7, r6
20000a50:	4290      	cmp	r0, r2
20000a52:	d90f      	bls.n	20000a74 <__udivmoddi4+0x118>
20000a54:	eb1c 0202 	adds.w	r2, ip, r2
20000a58:	f106 38ff 	add.w	r8, r6, #4294967295	@ 0xffffffff
20000a5c:	bf2c      	ite	cs
20000a5e:	f04f 0901 	movcs.w	r9, #1
20000a62:	f04f 0900 	movcc.w	r9, #0
20000a66:	4290      	cmp	r0, r2
20000a68:	d903      	bls.n	20000a72 <__udivmoddi4+0x116>
20000a6a:	f1b9 0f00 	cmp.w	r9, #0
20000a6e:	f000 80dc 	beq.w	20000c2a <__udivmoddi4+0x2ce>
20000a72:	4646      	mov	r6, r8
20000a74:	1a12      	subs	r2, r2, r0
20000a76:	b2a4      	uxth	r4, r4
20000a78:	fbb2 f0fe 	udiv	r0, r2, lr
20000a7c:	fb0e 2210 	mls	r2, lr, r0, r2
20000a80:	fb00 f707 	mul.w	r7, r0, r7
20000a84:	ea44 4402 	orr.w	r4, r4, r2, lsl #16
20000a88:	42a7      	cmp	r7, r4
20000a8a:	d90f      	bls.n	20000aac <__udivmoddi4+0x150>
20000a8c:	eb1c 0404 	adds.w	r4, ip, r4
20000a90:	f100 32ff 	add.w	r2, r0, #4294967295	@ 0xffffffff
20000a94:	bf2c      	ite	cs
20000a96:	f04f 0e01 	movcs.w	lr, #1
20000a9a:	f04f 0e00 	movcc.w	lr, #0
20000a9e:	42a7      	cmp	r7, r4
20000aa0:	d903      	bls.n	20000aaa <__udivmoddi4+0x14e>
20000aa2:	f1be 0f00 	cmp.w	lr, #0
20000aa6:	f000 80c9 	beq.w	20000c3c <__udivmoddi4+0x2e0>
20000aaa:	4610      	mov	r0, r2
20000aac:	1be4      	subs	r4, r4, r7
20000aae:	ea40 4006 	orr.w	r0, r0, r6, lsl #16
20000ab2:	e79c      	b.n	200009ee <__udivmoddi4+0x92>
20000ab4:	f1c1 0420 	rsb	r4, r1, #32
20000ab8:	408b      	lsls	r3, r1
20000aba:	fa06 fc01 	lsl.w	ip, r6, r1
20000abe:	fa00 fe01 	lsl.w	lr, r0, r1
20000ac2:	fa22 f704 	lsr.w	r7, r2, r4
20000ac6:	40e6      	lsrs	r6, r4
20000ac8:	408a      	lsls	r2, r1
20000aca:	431f      	orrs	r7, r3
20000acc:	fa20 f304 	lsr.w	r3, r0, r4
20000ad0:	ea4f 4817 	mov.w	r8, r7, lsr #16
20000ad4:	ea43 030c 	orr.w	r3, r3, ip
20000ad8:	fa1f fc87 	uxth.w	ip, r7
20000adc:	ea4f 4913 	mov.w	r9, r3, lsr #16
20000ae0:	fbb6 f0f8 	udiv	r0, r6, r8
20000ae4:	fb08 6610 	mls	r6, r8, r0, r6
20000ae8:	ea49 4606 	orr.w	r6, r9, r6, lsl #16
20000aec:	fb00 f90c 	mul.w	r9, r0, ip
20000af0:	45b1      	cmp	r9, r6
20000af2:	d90e      	bls.n	20000b12 <__udivmoddi4+0x1b6>
20000af4:	19be      	adds	r6, r7, r6
20000af6:	f100 3aff 	add.w	sl, r0, #4294967295	@ 0xffffffff
20000afa:	bf2c      	ite	cs
20000afc:	f04f 0b01 	movcs.w	fp, #1
20000b00:	f04f 0b00 	movcc.w	fp, #0
20000b04:	45b1      	cmp	r9, r6
20000b06:	d903      	bls.n	20000b10 <__udivmoddi4+0x1b4>
20000b08:	f1bb 0f00 	cmp.w	fp, #0
20000b0c:	f000 80a2 	beq.w	20000c54 <__udivmoddi4+0x2f8>
20000b10:	4650      	mov	r0, sl
20000b12:	eba6 0609 	sub.w	r6, r6, r9
20000b16:	fa1f f983 	uxth.w	r9, r3
20000b1a:	fbb6 f3f8 	udiv	r3, r6, r8
20000b1e:	fb08 6613 	mls	r6, r8, r3, r6
20000b22:	fb03 fc0c 	mul.w	ip, r3, ip
20000b26:	ea49 4606 	orr.w	r6, r9, r6, lsl #16
20000b2a:	45b4      	cmp	ip, r6
20000b2c:	d90e      	bls.n	20000b4c <__udivmoddi4+0x1f0>
20000b2e:	19be      	adds	r6, r7, r6
20000b30:	f103 38ff 	add.w	r8, r3, #4294967295	@ 0xffffffff
20000b34:	bf2c      	ite	cs
20000b36:	f04f 0901 	movcs.w	r9, #1
20000b3a:	f04f 0900 	movcc.w	r9, #0
20000b3e:	45b4      	cmp	ip, r6
20000b40:	d903      	bls.n	20000b4a <__udivmoddi4+0x1ee>
20000b42:	f1b9 0f00 	cmp.w	r9, #0
20000b46:	f000 8082 	beq.w	20000c4e <__udivmoddi4+0x2f2>
20000b4a:	4643      	mov	r3, r8
20000b4c:	ea43 4000 	orr.w	r0, r3, r0, lsl #16
20000b50:	eba6 060c 	sub.w	r6, r6, ip
20000b54:	fba0 8c02 	umull	r8, ip, r0, r2
20000b58:	4566      	cmp	r6, ip
20000b5a:	4643      	mov	r3, r8
20000b5c:	46e1      	mov	r9, ip
20000b5e:	d302      	bcc.n	20000b66 <__udivmoddi4+0x20a>
20000b60:	d107      	bne.n	20000b72 <__udivmoddi4+0x216>
20000b62:	45c6      	cmp	lr, r8
20000b64:	d205      	bcs.n	20000b72 <__udivmoddi4+0x216>
20000b66:	ebb8 0302 	subs.w	r3, r8, r2
20000b6a:	eb6c 0c07 	sbc.w	ip, ip, r7
20000b6e:	3801      	subs	r0, #1
20000b70:	46e1      	mov	r9, ip
20000b72:	b15d      	cbz	r5, 20000b8c <__udivmoddi4+0x230>
20000b74:	ebbe 0203 	subs.w	r2, lr, r3
20000b78:	eb66 0609 	sbc.w	r6, r6, r9
20000b7c:	fa06 f404 	lsl.w	r4, r6, r4
20000b80:	fa22 f301 	lsr.w	r3, r2, r1
20000b84:	40ce      	lsrs	r6, r1
20000b86:	431c      	orrs	r4, r3
20000b88:	e9c5 4600 	strd	r4, r6, [r5]
20000b8c:	2100      	movs	r1, #0
20000b8e:	e733      	b.n	200009f8 <__udivmoddi4+0x9c>
20000b90:	fa02 fc03 	lsl.w	ip, r2, r3
20000b94:	f1c3 0220 	rsb	r2, r3, #32
20000b98:	4099      	lsls	r1, r3
20000b9a:	409c      	lsls	r4, r3
20000b9c:	40d6      	lsrs	r6, r2
20000b9e:	ea4f 4e1c 	mov.w	lr, ip, lsr #16
20000ba2:	fa20 f202 	lsr.w	r2, r0, r2
20000ba6:	fa1f f78c 	uxth.w	r7, ip
20000baa:	fbb6 f0fe 	udiv	r0, r6, lr
20000bae:	430a      	orrs	r2, r1
20000bb0:	fb0e 6610 	mls	r6, lr, r0, r6
20000bb4:	0c11      	lsrs	r1, r2, #16
20000bb6:	ea41 4106 	orr.w	r1, r1, r6, lsl #16
20000bba:	fb00 f607 	mul.w	r6, r0, r7
20000bbe:	428e      	cmp	r6, r1
20000bc0:	d90e      	bls.n	20000be0 <__udivmoddi4+0x284>
20000bc2:	eb1c 0101 	adds.w	r1, ip, r1
20000bc6:	f100 38ff 	add.w	r8, r0, #4294967295	@ 0xffffffff
20000bca:	bf2c      	ite	cs
20000bcc:	f04f 0901 	movcs.w	r9, #1
20000bd0:	f04f 0900 	movcc.w	r9, #0
20000bd4:	428e      	cmp	r6, r1
20000bd6:	d902      	bls.n	20000bde <__udivmoddi4+0x282>
20000bd8:	f1b9 0f00 	cmp.w	r9, #0
20000bdc:	d034      	beq.n	20000c48 <__udivmoddi4+0x2ec>
20000bde:	4640      	mov	r0, r8
20000be0:	1b89      	subs	r1, r1, r6
20000be2:	b292      	uxth	r2, r2
20000be4:	fbb1 f6fe 	udiv	r6, r1, lr
20000be8:	fb0e 1116 	mls	r1, lr, r6, r1
20000bec:	ea42 4201 	orr.w	r2, r2, r1, lsl #16
20000bf0:	fb06 f107 	mul.w	r1, r6, r7
20000bf4:	4291      	cmp	r1, r2
20000bf6:	d90e      	bls.n	20000c16 <__udivmoddi4+0x2ba>
20000bf8:	eb1c 0202 	adds.w	r2, ip, r2
20000bfc:	f106 38ff 	add.w	r8, r6, #4294967295	@ 0xffffffff
20000c00:	bf2c      	ite	cs
20000c02:	f04f 0901 	movcs.w	r9, #1
20000c06:	f04f 0900 	movcc.w	r9, #0
20000c0a:	4291      	cmp	r1, r2
20000c0c:	d902      	bls.n	20000c14 <__udivmoddi4+0x2b8>
20000c0e:	f1b9 0f00 	cmp.w	r9, #0
20000c12:	d016      	beq.n	20000c42 <__udivmoddi4+0x2e6>
20000c14:	4646      	mov	r6, r8
20000c16:	1a52      	subs	r2, r2, r1
20000c18:	ea46 4100 	orr.w	r1, r6, r0, lsl #16
20000c1c:	e70f      	b.n	20000a3e <__udivmoddi4+0xe2>
20000c1e:	1a84      	subs	r4, r0, r2
20000c20:	eb66 0203 	sbc.w	r2, r6, r3
20000c24:	2001      	movs	r0, #1
20000c26:	4617      	mov	r7, r2
20000c28:	e6fb      	b.n	20000a22 <__udivmoddi4+0xc6>
20000c2a:	3e02      	subs	r6, #2
20000c2c:	4462      	add	r2, ip
20000c2e:	e721      	b.n	20000a74 <__udivmoddi4+0x118>
20000c30:	3902      	subs	r1, #2
20000c32:	4462      	add	r2, ip
20000c34:	e6c1      	b.n	200009ba <__udivmoddi4+0x5e>
20000c36:	4464      	add	r4, ip
20000c38:	3802      	subs	r0, #2
20000c3a:	e6d3      	b.n	200009e4 <__udivmoddi4+0x88>
20000c3c:	4464      	add	r4, ip
20000c3e:	3802      	subs	r0, #2
20000c40:	e734      	b.n	20000aac <__udivmoddi4+0x150>
20000c42:	3e02      	subs	r6, #2
20000c44:	4462      	add	r2, ip
20000c46:	e7e6      	b.n	20000c16 <__udivmoddi4+0x2ba>
20000c48:	3802      	subs	r0, #2
20000c4a:	4461      	add	r1, ip
20000c4c:	e7c8      	b.n	20000be0 <__udivmoddi4+0x284>
20000c4e:	3b02      	subs	r3, #2
20000c50:	443e      	add	r6, r7
20000c52:	e77b      	b.n	20000b4c <__udivmoddi4+0x1f0>
20000c54:	3802      	subs	r0, #2
20000c56:	443e      	add	r6, r7
20000c58:	e75b      	b.n	20000b12 <__udivmoddi4+0x1b6>
20000c5a:	bf00      	nop

20000c5c <__aeabi_idiv0>:
20000c5c:	4770      	bx	lr
20000c5e:	bf00      	nop

20000c60 <memcmp>:
20000c60:	2a03      	cmp	r2, #3
20000c62:	b430      	push	{r4, r5}
20000c64:	d915      	bls.n	20000c92 <memcmp+0x32>
20000c66:	ea41 0400 	orr.w	r4, r1, r0
20000c6a:	4684      	mov	ip, r0
20000c6c:	460b      	mov	r3, r1
20000c6e:	07a4      	lsls	r4, r4, #30
20000c70:	d004      	beq.n	20000c7c <memcmp+0x1c>
20000c72:	1e54      	subs	r4, r2, #1
20000c74:	e00f      	b.n	20000c96 <memcmp+0x36>
20000c76:	3a04      	subs	r2, #4
20000c78:	2a03      	cmp	r2, #3
20000c7a:	d908      	bls.n	20000c8e <memcmp+0x2e>
20000c7c:	4619      	mov	r1, r3
20000c7e:	4660      	mov	r0, ip
20000c80:	f853 4b04 	ldr.w	r4, [r3], #4
20000c84:	f85c 5b04 	ldr.w	r5, [ip], #4
20000c88:	42a5      	cmp	r5, r4
20000c8a:	d0f4      	beq.n	20000c76 <memcmp+0x16>
20000c8c:	e7f1      	b.n	20000c72 <memcmp+0x12>
20000c8e:	4660      	mov	r0, ip
20000c90:	4619      	mov	r1, r3
20000c92:	1e54      	subs	r4, r2, #1
20000c94:	b17a      	cbz	r2, 20000cb6 <memcmp+0x56>
20000c96:	1e43      	subs	r3, r0, #1
20000c98:	3901      	subs	r1, #1
20000c9a:	1902      	adds	r2, r0, r4
20000c9c:	e001      	b.n	20000ca2 <memcmp+0x42>
20000c9e:	429a      	cmp	r2, r3
20000ca0:	d009      	beq.n	20000cb6 <memcmp+0x56>
20000ca2:	f813 0f01 	ldrb.w	r0, [r3, #1]!
20000ca6:	f811 cf01 	ldrb.w	ip, [r1, #1]!
20000caa:	4560      	cmp	r0, ip
20000cac:	d0f7      	beq.n	20000c9e <memcmp+0x3e>
20000cae:	eba0 000c 	sub.w	r0, r0, ip
20000cb2:	bc30      	pop	{r4, r5}
20000cb4:	4770      	bx	lr
20000cb6:	2000      	movs	r0, #0
20000cb8:	bc30      	pop	{r4, r5}
20000cba:	4770      	bx	lr

20000cbc <memset>:
20000cbc:	b570      	push	{r4, r5, r6, lr}
20000cbe:	0786      	lsls	r6, r0, #30
20000cc0:	d047      	beq.n	20000d52 <memset+0x96>
20000cc2:	1e54      	subs	r4, r2, #1
20000cc4:	2a00      	cmp	r2, #0
20000cc6:	d03e      	beq.n	20000d46 <memset+0x8a>
20000cc8:	b2ca      	uxtb	r2, r1
20000cca:	4603      	mov	r3, r0
20000ccc:	e001      	b.n	20000cd2 <memset+0x16>
20000cce:	3c01      	subs	r4, #1
20000cd0:	d339      	bcc.n	20000d46 <memset+0x8a>
20000cd2:	f803 2b01 	strb.w	r2, [r3], #1
20000cd6:	079d      	lsls	r5, r3, #30
20000cd8:	d1f9      	bne.n	20000cce <memset+0x12>
20000cda:	2c03      	cmp	r4, #3
20000cdc:	d92c      	bls.n	20000d38 <memset+0x7c>
20000cde:	b2cd      	uxtb	r5, r1
20000ce0:	2c0f      	cmp	r4, #15
20000ce2:	eb05 2505 	add.w	r5, r5, r5, lsl #8
20000ce6:	eb05 4505 	add.w	r5, r5, r5, lsl #16
20000cea:	d935      	bls.n	20000d58 <memset+0x9c>
20000cec:	f1a4 0c10 	sub.w	ip, r4, #16
20000cf0:	f103 0e10 	add.w	lr, r3, #16
20000cf4:	461a      	mov	r2, r3
20000cf6:	f02c 060f 	bic.w	r6, ip, #15
20000cfa:	ea4f 1c1c 	mov.w	ip, ip, lsr #4
20000cfe:	44b6      	add	lr, r6
20000d00:	e9c2 5500 	strd	r5, r5, [r2]
20000d04:	e9c2 5502 	strd	r5, r5, [r2, #8]
20000d08:	3210      	adds	r2, #16
20000d0a:	4572      	cmp	r2, lr
20000d0c:	d1f8      	bne.n	20000d00 <memset+0x44>
20000d0e:	f10c 0201 	add.w	r2, ip, #1
20000d12:	f014 0f0c 	tst.w	r4, #12
20000d16:	f004 0c0f 	and.w	ip, r4, #15
20000d1a:	eb03 1202 	add.w	r2, r3, r2, lsl #4
20000d1e:	d013      	beq.n	20000d48 <memset+0x8c>
20000d20:	f1ac 0304 	sub.w	r3, ip, #4
20000d24:	f023 0303 	bic.w	r3, r3, #3
20000d28:	3304      	adds	r3, #4
20000d2a:	4413      	add	r3, r2
20000d2c:	f842 5b04 	str.w	r5, [r2], #4
20000d30:	4293      	cmp	r3, r2
20000d32:	d1fb      	bne.n	20000d2c <memset+0x70>
20000d34:	f00c 0403 	and.w	r4, ip, #3
20000d38:	b12c      	cbz	r4, 20000d46 <memset+0x8a>
20000d3a:	b2c9      	uxtb	r1, r1
20000d3c:	441c      	add	r4, r3
20000d3e:	f803 1b01 	strb.w	r1, [r3], #1
20000d42:	42a3      	cmp	r3, r4
20000d44:	d1fb      	bne.n	20000d3e <memset+0x82>
20000d46:	bd70      	pop	{r4, r5, r6, pc}
20000d48:	4664      	mov	r4, ip
20000d4a:	4613      	mov	r3, r2
20000d4c:	2c00      	cmp	r4, #0
20000d4e:	d1f4      	bne.n	20000d3a <memset+0x7e>
20000d50:	e7f9      	b.n	20000d46 <memset+0x8a>
20000d52:	4603      	mov	r3, r0
20000d54:	4614      	mov	r4, r2
20000d56:	e7c0      	b.n	20000cda <memset+0x1e>
20000d58:	461a      	mov	r2, r3
20000d5a:	46a4      	mov	ip, r4
20000d5c:	e7e0      	b.n	20000d20 <memset+0x64>
20000d5e:	bf00      	nop

20000d60 <memcpy>:
20000d60:	4684      	mov	ip, r0
20000d62:	ea41 0300 	orr.w	r3, r1, r0
20000d66:	f013 0303 	ands.w	r3, r3, #3
20000d6a:	d149      	bne.n	20000e00 <memcpy+0xa0>
20000d6c:	3a40      	subs	r2, #64	@ 0x40
20000d6e:	d323      	bcc.n	20000db8 <memcpy+0x58>
20000d70:	680b      	ldr	r3, [r1, #0]
20000d72:	6003      	str	r3, [r0, #0]
20000d74:	684b      	ldr	r3, [r1, #4]
20000d76:	6043      	str	r3, [r0, #4]
20000d78:	688b      	ldr	r3, [r1, #8]
20000d7a:	6083      	str	r3, [r0, #8]
20000d7c:	68cb      	ldr	r3, [r1, #12]
20000d7e:	60c3      	str	r3, [r0, #12]
20000d80:	690b      	ldr	r3, [r1, #16]
20000d82:	6103      	str	r3, [r0, #16]
20000d84:	694b      	ldr	r3, [r1, #20]
20000d86:	6143      	str	r3, [r0, #20]
20000d88:	698b      	ldr	r3, [r1, #24]
20000d8a:	6183      	str	r3, [r0, #24]
20000d8c:	69cb      	ldr	r3, [r1, #28]
20000d8e:	61c3      	str	r3, [r0, #28]
20000d90:	6a0b      	ldr	r3, [r1, #32]
20000d92:	6203      	str	r3, [r0, #32]
20000d94:	6a4b      	ldr	r3, [r1, #36]	@ 0x24
20000d96:	6243      	str	r3, [r0, #36]	@ 0x24
20000d98:	6a8b      	ldr	r3, [r1, #40]	@ 0x28
20000d9a:	6283      	str	r3, [r0, #40]	@ 0x28
20000d9c:	6acb      	ldr	r3, [r1, #44]	@ 0x2c
20000d9e:	62c3      	str	r3, [r0, #44]	@ 0x2c
20000da0:	6b0b      	ldr	r3, [r1, #48]	@ 0x30
20000da2:	6303      	str	r3, [r0, #48]	@ 0x30
20000da4:	6b4b      	ldr	r3, [r1, #52]	@ 0x34
20000da6:	6343      	str	r3, [r0, #52]	@ 0x34
20000da8:	6b8b      	ldr	r3, [r1, #56]	@ 0x38
20000daa:	6383      	str	r3, [r0, #56]	@ 0x38
20000dac:	6bcb      	ldr	r3, [r1, #60]	@ 0x3c
20000dae:	63c3      	str	r3, [r0, #60]	@ 0x3c
20000db0:	3040      	adds	r0, #64	@ 0x40
20000db2:	3140      	adds	r1, #64	@ 0x40
20000db4:	3a40      	subs	r2, #64	@ 0x40
20000db6:	d2db      	bcs.n	20000d70 <memcpy+0x10>
20000db8:	3230      	adds	r2, #48	@ 0x30
20000dba:	d30b      	bcc.n	20000dd4 <memcpy+0x74>
20000dbc:	680b      	ldr	r3, [r1, #0]
20000dbe:	6003      	str	r3, [r0, #0]
20000dc0:	684b      	ldr	r3, [r1, #4]
20000dc2:	6043      	str	r3, [r0, #4]
20000dc4:	688b      	ldr	r3, [r1, #8]
20000dc6:	6083      	str	r3, [r0, #8]
20000dc8:	68cb      	ldr	r3, [r1, #12]
20000dca:	60c3      	str	r3, [r0, #12]
20000dcc:	3010      	adds	r0, #16
20000dce:	3110      	adds	r1, #16
20000dd0:	3a10      	subs	r2, #16
20000dd2:	d2f3      	bcs.n	20000dbc <memcpy+0x5c>
20000dd4:	320c      	adds	r2, #12
20000dd6:	d305      	bcc.n	20000de4 <memcpy+0x84>
20000dd8:	f851 3b04 	ldr.w	r3, [r1], #4
20000ddc:	f840 3b04 	str.w	r3, [r0], #4
20000de0:	3a04      	subs	r2, #4
20000de2:	d2f9      	bcs.n	20000dd8 <memcpy+0x78>
20000de4:	3204      	adds	r2, #4
20000de6:	d008      	beq.n	20000dfa <memcpy+0x9a>
20000de8:	07d2      	lsls	r2, r2, #31
20000dea:	bf1c      	itt	ne
20000dec:	f811 3b01 	ldrbne.w	r3, [r1], #1
20000df0:	f800 3b01 	strbne.w	r3, [r0], #1
20000df4:	d301      	bcc.n	20000dfa <memcpy+0x9a>
20000df6:	880b      	ldrh	r3, [r1, #0]
20000df8:	8003      	strh	r3, [r0, #0]
20000dfa:	4660      	mov	r0, ip
20000dfc:	4770      	bx	lr
20000dfe:	bf00      	nop
20000e00:	2a08      	cmp	r2, #8
20000e02:	d313      	bcc.n	20000e2c <memcpy+0xcc>
20000e04:	078b      	lsls	r3, r1, #30
20000e06:	d0b1      	beq.n	20000d6c <memcpy+0xc>
20000e08:	f010 0303 	ands.w	r3, r0, #3
20000e0c:	d0ae      	beq.n	20000d6c <memcpy+0xc>
20000e0e:	f1c3 0304 	rsb	r3, r3, #4
20000e12:	1ad2      	subs	r2, r2, r3
20000e14:	07db      	lsls	r3, r3, #31
20000e16:	bf1c      	itt	ne
20000e18:	f811 3b01 	ldrbne.w	r3, [r1], #1
20000e1c:	f800 3b01 	strbne.w	r3, [r0], #1
20000e20:	d3a4      	bcc.n	20000d6c <memcpy+0xc>
20000e22:	f831 3b02 	ldrh.w	r3, [r1], #2
20000e26:	f820 3b02 	strh.w	r3, [r0], #2
20000e2a:	e79f      	b.n	20000d6c <memcpy+0xc>
20000e2c:	3a04      	subs	r2, #4
20000e2e:	d3d9      	bcc.n	20000de4 <memcpy+0x84>
20000e30:	3a01      	subs	r2, #1
20000e32:	f811 3b01 	ldrb.w	r3, [r1], #1
20000e36:	f800 3b01 	strb.w	r3, [r0], #1
20000e3a:	d2f9      	bcs.n	20000e30 <memcpy+0xd0>
20000e3c:	780b      	ldrb	r3, [r1, #0]
20000e3e:	7003      	strb	r3, [r0, #0]
20000e40:	784b      	ldrb	r3, [r1, #1]
20000e42:	7043      	strb	r3, [r0, #1]
20000e44:	788b      	ldrb	r3, [r1, #2]
20000e46:	7083      	strb	r3, [r0, #2]
20000e48:	4660      	mov	r0, ip
20000e4a:	4770      	bx	lr
20000e4c:	0000      	movs	r0, r0
	...

20000e50 <__tud_event_hook_cb_veneer>:
20000e50:	f85f f000 	ldr.w	pc, [pc]	@ 20000e54 <__tud_event_hook_cb_veneer+0x4>
20000e54:	1000958d 	.word	0x1000958d

20000e58 <__time_us_64_veneer>:
20000e58:	f85f f000 	ldr.w	pc, [pc]	@ 20000e5c <__time_us_64_veneer+0x4>
20000e5c:	10005631 	.word	0x10005631

20000e60 <__best_effort_wfe_or_timeout_veneer>:
20000e60:	f85f f000 	ldr.w	pc, [pc]	@ 20000e64 <__best_effort_wfe_or_timeout_veneer+0x4>
20000e64:	10005529 	.word	0x10005529

20000e68 <__tu_fifo_write_n_access_mode_veneer>:
20000e68:	f85f f000 	ldr.w	pc, [pc]	@ 20000e6c <__tu_fifo_write_n_access_mode_veneer+0x4>
20000e6c:	1000acf1 	.word	0x1000acf1

20000e70 <last_raw_btn_state>:
20000e70:	                                         .

20000e71 <last_state_a>:
20000e71:	                                         ...

20000e74 <current_theme>:
20000e74:	ffff0000 18e307ff                        ..........

20000e7e <current_patch>:
20000e7e:	                                         .

20000e7f <striped_spin_lock_num>:
20000e7f:	                                         .

20000e80 <irq_handler_chain_slots>:
20000e80:	00000000 	.word	0x00000000
20000e84:	00010000 	.word	0x00010000
	...
20000e90:	00020000 	.word	0x00020000
	...
20000e9c:	00030000 	.word	0x00030000
	...
20000ea8:	00040000 	.word	0x00040000
	...
20000eb4:	00050000 	.word	0x00050000
	...
20000ec0:	00ff0000 	.word	0x00ff0000
20000ec4:	00000000 	.word	0x00000000

20000ec8 <irq_handler_chain_first_slot>:
20000ec8:	b501      	push	{r0, lr}
20000eca:	6848      	ldr	r0, [r1, #4]
20000ecc:	3101      	adds	r1, #1
20000ece:	468e      	mov	lr, r1
20000ed0:	4700      	bx	r0

20000ed2 <irq_handler_chain_remove_tail>:
20000ed2:	4670      	mov	r0, lr
20000ed4:	3809      	subs	r0, #9
20000ed6:	4901      	ldr	r1, [pc, #4]	@ (20000edc <irq_handler_chain_remove_tail+0xa>)
20000ed8:	4788      	blx	r1
20000eda:	bd01      	pop	{r0, pc}
20000edc:	10004c1d 	.word	0x10004c1d

20000ee0 <last_added.0>:
20000ee0:	ffffffff 7fffffff                       ........

20000ee8 <default_alarm_pool>:
	...
20000efc:	20000f70                                p.. 

20000f00 <stdio_uart>:
20000f00:	10008165 1000826d 100081b5 1000827d     e...m.......}...
20000f10:	00000000 00000100                       ........

20000f18 <stdio_usb>:
20000f18:	100084c5 10008471 100083e9 10008359     ....q.......Y...
20000f28:	00000000 00000100                       ........

20000f30 <_usbd_qdef>:
20000f30:	0000000c 20001344 000000c0 00000000     ....D.. ........
	...

20000f50 <_usbd_rhport>:
20000f50:	000000ff                                ....

20000f54 <i2c0_inst>:
20000f54:	40090000 00000000                       ...@....

20000f5c <print_mutex>:
	...
